sample_id,label,pred,confidence,E_drift,drift_type,severity,struct_drift,w_1,w_2,w_3,w_4
0,0,0,0.999995231628418,2.05517189897364e-05,normal,0.0,0.0,0.5601472854614258,0.13485881686210632,0.2577750086784363,0.047218915075063705
1,0,0,0.9999966621398926,1.3897917597205378e-05,normal,0.0,0.0,9.99999993922529e-09,0.5249578952789307,0.09632721543312073,0.3787148892879486
2,0,0,0.9999837875366211,5.8935485867550597e-05,normal,0.0,0.0,0.19891206920146942,0.3670075237751007,0.22603927552700043,0.20804113149642944
3,0,0,0.9999961853027344,1.690135286480654e-05,normal,0.0,0.0,0.2663012742996216,0.2610095739364624,0.21196620166301727,0.2607229948043823
4,0,0,0.9999911785125732,3.492909672786482e-05,normal,0.0,0.0,0.07866712659597397,0.2730303704738617,0.33033257722854614,0.3179699182510376
5,0,0,0.9999964237213135,1.5092726243892685e-05,normal,0.0,0.0,0.09449591487646103,0.16981856524944305,0.1707957684993744,0.5648897886276245
6,0,0,0.9999980926513672,8.626188900962006e-06,normal,0.0,0.0,0.16700272262096405,9.99999993922529e-09,0.4004429280757904,0.43255430459976196
7,0,0,0.999997615814209,1.114526003220817e-05,normal,0.0,0.0,0.08274177461862564,0.2654181718826294,0.5231590270996094,0.1286810338497162
8,0,0,0.999995231628418,2.0308030798332766e-05,normal,0.0,0.0,0.1932826191186905,0.6799343824386597,0.0498233363032341,0.07695959508419037
9,0,0,0.9999969005584717,1.3552036762121134e-05,normal,0.0,0.0,0.3225240111351013,0.21107199788093567,0.1882808357477188,0.27812322974205017
10,0,0,0.9999924898147583,3.030965854122769e-05,normal,0.0,0.0,0.022156888619065285,0.057363223284482956,0.14999207854270935,0.7704877853393555
11,0,0,0.9999964237213135,1.5737161447759718e-05,normal,0.0,0.0,0.13841108977794647,0.2686178386211395,0.3052220046520233,0.2877490520477295
12,0,0,0.9999970197677612,1.2723743566311896e-05,normal,0.0,0.0,0.03730703145265579,0.04615334793925285,0.5780738592147827,0.33846578001976013
13,0,0,0.9999970197677612,1.2947678442287724e-05,normal,0.0,0.0,0.16553767025470734,0.1633681356906891,0.29474401473999023,0.37635013461112976
14,0,0,0.9999960660934448,1.681984940660186e-05,normal,0.0,0.0,0.22692342102527618,0.29101839661598206,0.18500758707523346,0.2970506250858307
15,0,0,0.9999979734420776,9.198144653055351e-06,normal,0.0,0.0,0.13204190135002136,0.034800510853528976,0.5587142109870911,0.2744434177875519
16,0,0,0.999996542930603,1.5105608326848596e-05,normal,0.0,0.0,0.052351247519254684,0.18208850920200348,0.48084163665771484,0.2847185730934143
17,0,0,0.9999964237213135,1.5127420738281216e-05,normal,0.0,0.0,0.1350162774324417,0.3493669033050537,0.39543992280960083,0.12017683684825897
18,0,0,0.9999151229858398,0.0002703961217775941,normal,0.0,0.0,0.20432515442371368,0.7241217494010925,0.046658437699079514,0.02489466220140457
19,0,0,0.9999960660934448,1.7051024769898504e-05,normal,0.0,0.0,0.07067348062992096,0.34989500045776367,0.5306729674339294,0.04875859618186951
20,0,0,0.9999977350234985,9.874201168713626e-06,normal,0.0,0.0,0.30354899168014526,0.10115420073270798,0.23249927163124084,0.3627975285053253
21,0,0,0.9999974966049194,1.0956910955428611e-05,normal,0.0,0.0,0.07987160235643387,0.0682433620095253,0.5005629658699036,0.3513220548629761
22,0,0,0.9999967813491821,1.4136713616608176e-05,normal,0.0,0.0,0.042098697274923325,0.1339723765850067,0.029752513393759727,0.7941765189170837
23,0,0,0.9999973773956299,1.1234001249249559e-05,normal,0.0,0.0,0.39732593297958374,0.2905164957046509,0.13188780844211578,0.18026982247829437
24,0,0,0.9999967813491821,1.400993005518103e-05,normal,0.0,0.0,0.26788437366485596,0.16276255249977112,0.17277134954929352,0.3965817391872406
25,0,0,0.9999978542327881,9.629061423765961e-06,normal,0.0,0.0,9.99999993922529e-09,0.22612760961055756,0.5122132301330566,0.26165926456451416
26,0,0,0.9999982118606567,8.446836545772385e-06,normal,0.0,0.0,0.3815212547779083,0.13490307331085205,0.378343790769577,0.10523181408643723
27,0,0,0.9999983310699463,7.667707905056886e-06,normal,0.0,0.0,0.37106674909591675,0.1710825264453888,0.3177407383918762,0.14011000096797943
28,0,0,0.9999946355819702,2.1683155864593573e-05,normal,0.0,0.0,0.427550345659256,0.4157721996307373,0.07488615810871124,0.08179133385419846
29,0,0,0.9999966621398926,1.448308103135787e-05,normal,0.0,0.0,0.22441884875297546,0.34305012226104736,0.1515563577413559,0.2809746563434601
30,0,0,0.9998816251754761,0.0003689009172376245,normal,0.0,0.0,0.10838605463504791,0.01955569162964821,0.47392329573631287,0.39813485741615295
31,0,0,0.9999809265136719,6.836259854026139e-05,normal,0.0,0.0,0.13321922719478607,0.7089584469795227,0.1349497139453888,0.022872596979141235
32,0,0,0.9999972581863403,1.183335371024441e-05,normal,0.0,0.0,0.41164666414260864,0.16571760177612305,0.02012729085981846,0.40250834822654724
33,0,0,0.9999982118606567,8.268818419310264e-06,normal,0.0,0.0,0.13046906888484955,0.3205414414405823,0.30348530411720276,0.24550418555736542
34,0,0,0.9999951124191284,2.0911607862217352e-05,normal,0.0,0.0,0.16289092600345612,0.4198946952819824,0.15567122399806976,0.2615431249141693
35,0,0,0.9999606609344482,0.00012791196058969945,normal,0.0,0.0,0.7915740013122559,0.02914809249341488,0.017140643671154976,0.16213728487491608
36,0,0,0.9999951124191284,1.988446274481248e-05,normal,0.0,0.0,0.15595486760139465,0.29424068331718445,0.24691343307495117,0.30289098620414734
37,0,0,0.9999966621398926,1.4664093214378227e-05,normal,0.0,0.0,0.12809018790721893,0.3651636838912964,0.21567700803279877,0.2910691499710083
38,0,0,0.9999948740005493,2.0965600924682803e-05,normal,0.0,0.0,0.017071044072508812,0.11366135627031326,0.22559620440006256,0.6436713337898254
39,0,0,0.9999980926513672,8.60139789438108e-06,normal,0.0,0.0,0.13030526041984558,0.4764305353164673,0.22857573628425598,0.16468849778175354
40,0,0,0.999997615814209,1.0374706107540987e-05,normal,0.0,0.0,0.2569795250892639,0.16629008948802948,0.15432772040367126,0.4224027395248413
41,0,0,0.9999979734420776,8.60398358781822e-06,normal,0.0,0.0,9.99999993922529e-09,9.99999993922529e-09,0.509666919708252,0.49033302068710327
42,0,0,0.9999889135360718,4.118967990507372e-05,normal,0.0,0.0,0.22622519731521606,0.07373833656311035,0.3644370436668396,0.3355993926525116
43,0,0,0.9999945163726807,2.271008816023823e-05,normal,0.0,0.0,0.11334492266178131,0.23262333869934082,0.5322727560997009,0.12175892293453217
44,0,0,0.9999954700469971,1.9170311134075746e-05,normal,0.0,0.0,0.031822945922613144,0.4836249351501465,0.3112174868583679,0.17333459854125977
45,0,0,0.9999949932098389,2.079829209833406e-05,normal,0.0,0.0,0.326662540435791,0.23145824670791626,0.18323734402656555,0.2586418390274048
46,0,0,0.9999960660934448,1.7199288777192123e-05,normal,0.0,0.0,0.5518385767936707,0.17139483988285065,0.11846340447664261,0.15830320119857788
47,0,0,0.9999977350234985,1.0090197065437678e-05,normal,0.0,0.0,0.019029462710022926,0.922031819820404,0.04953110218048096,0.009407599456608295
48,0,0,0.9999929666519165,2.7447267711977474e-05,normal,0.0,0.0,0.4277138113975525,0.05190425366163254,0.5036070346832275,0.01677488349378109
49,0,0,0.9999951124191284,2.0854877220699564e-05,normal,0.0,0.0,0.0400041788816452,0.1698513776063919,0.5696441531181335,0.22050023078918457
50,0,0,0.9999974966049194,1.0511181244510226e-05,normal,0.0,0.0,0.027437681332230568,0.8042709827423096,0.13850711286067963,0.02978425659239292
51,0,0,0.9999972581863403,1.1857568097184412e-05,normal,0.0,0.0,0.08089865744113922,0.22472795844078064,0.5767916440963745,0.11758173257112503
52,0,0,0.9999974966049194,1.0987270798068494e-05,normal,0.0,0.0,0.6189349889755249,0.04445328935980797,0.30010488629341125,0.036506835371255875
53,0,0,0.999993085861206,2.862616747734137e-05,normal,0.0,0.0,0.1586628407239914,0.659380316734314,0.08535410463809967,0.09660268574953079
54,0,0,0.999997615814209,1.0173367627430707e-05,normal,0.0,0.0,0.2643933892250061,0.25111332535743713,0.20382925868034363,0.28066402673721313
55,0,0,0.9999963045120239,1.6334224710590206e-05,normal,0.0,0.0,0.13917891681194305,0.42006173729896545,0.09077224880456924,0.3499871790409088
56,0,0,0.9999687671661377,0.00011449931480456144,normal,0.0,0.0,0.3265085816383362,0.2944224178791046,0.28393569588661194,0.09513327479362488
57,0,0,0.9999977350234985,9.489549483987503e-06,normal,0.0,0.0,9.99999993922529e-09,0.8044320344924927,0.12235518544912338,0.07321271300315857
58,0,0,0.9999974966049194,1.11208055386669e-05,normal,0.0,0.0,0.23310355842113495,0.5205813050270081,0.12218105792999268,0.1241341382265091
59,0,0,0.9999964237213135,1.5472045561182313e-05,normal,0.0,0.0,0.2724388837814331,0.052321065217256546,0.5756725668907166,0.0995674654841423
60,0,0,0.9999961853027344,1.650901322136633e-05,normal,0.0,0.0,0.11071867495775223,0.28245383501052856,0.4267505705356598,0.1800769567489624
61,0,0,0.9999970197677612,1.2722807696263772e-05,normal,0.0,0.0,0.10204922407865524,0.7804183959960938,0.08713440597057343,0.03039800375699997
62,0,0,0.9999973773956299,1.1172348422405776e-05,normal,0.0,0.0,9.99999993922529e-09,0.41517913341522217,0.28284168243408203,0.3019791841506958
63,0,0,0.9999969005584717,1.3370013220992405e-05,normal,0.0,0.0,0.19183838367462158,0.24281878769397736,0.25736621022224426,0.3079766035079956
64,0,0,0.9999980926513672,8.930951480579097e-06,normal,0.0,0.0,0.08607174456119537,0.19987201690673828,0.3932744860649109,0.32078176736831665
65,0,0,0.9999971389770508,1.2152828276157379e-05,normal,0.0,0.0,0.29462942481040955,0.09766998887062073,0.4005544185638428,0.2071460634469986
66,0,0,0.9999978542327881,9.238779966835864e-06,normal,0.0,0.0,0.36784547567367554,0.12674686312675476,0.5054076910018921,9.99999993922529e-09
67,0,0,0.9999963045120239,1.5281435480574146e-05,normal,0.0,0.0,0.0048197186551988125,0.3108729124069214,0.46216028928756714,0.22214707732200623
68,0,0,0.999996542930603,1.555388735141605e-05,normal,0.0,0.0,0.14299562573432922,0.5166478157043457,0.16841833293437958,0.17193827033042908
69,0,0,0.9999980926513672,8.875316780176945e-06,normal,0.0,0.0,0.20134791731834412,0.3074667751789093,0.22076678276062012,0.27041858434677124
70,0,0,0.9999951124191284,2.0628465790650807e-05,normal,0.0,0.0,0.2398214340209961,0.07001412659883499,0.19444531202316284,0.49571913480758667
71,0,0,0.9999914169311523,3.453130921116099e-05,normal,0.0,0.0,0.09302273392677307,0.22381870448589325,0.587267279624939,0.09589128941297531
72,0,0,0.9999963045120239,1.5476622138521634e-05,normal,0.0,0.0,0.12943729758262634,0.506748378276825,0.2952173054218292,0.06859700381755829
73,0,0,0.9999948740005493,2.1646939785568975e-05,normal,0.0,0.0,0.0878869965672493,0.14775563776493073,0.16919216513633728,0.5951652526855469
74,0,0,0.9999977350234985,9.808596587390639e-06,normal,0.0,0.0,0.4520255923271179,9.99999993922529e-09,0.19946004450321198,0.3485143184661865
75,0,0,0.9999978542327881,9.63099955697544e-06,normal,0.0,0.0,0.35104942321777344,0.21753378212451935,0.18945880234241486,0.24195800721645355
76,0,0,0.9999973773956299,1.1335810995660722e-05,normal,0.0,0.0,0.10769911855459213,0.08124425262212753,0.5536956191062927,0.2573610246181488
77,0,0,0.9999980926513672,8.634502592030913e-06,normal,0.0,0.0,0.159988135099411,0.2485603392124176,0.31307122111320496,0.2783803939819336
78,0,0,0.9999978542327881,9.62523881753441e-06,normal,0.0,0.0,0.3522789478302002,0.2174292355775833,0.18943651020526886,0.24085533618927002
79,0,0,0.9999957084655762,1.853931462392211e-05,normal,0.0,0.0,0.05983705073595047,0.03713472932577133,0.023997988551855087,0.879030168056488
80,0,0,0.9999978542327881,9.4061870186124e-06,normal,0.0,0.0,0.286996066570282,0.3967089354991913,9.99999993922529e-09,0.31629499793052673
81,0,0,0.9999969005584717,1.3398739611147903e-05,normal,0.0,0.0,0.17489412426948547,0.21378140151500702,0.2245461791753769,0.3867783546447754
82,0,0,0.9999978542327881,9.639282325224485e-06,normal,0.0,0.0,9.99999993922529e-09,0.23127667605876923,0.5113305449485779,0.2573927640914917
83,0,0,0.9999954700469971,1.8811490008374676e-05,normal,0.0,0.0,0.08362287282943726,0.1996077001094818,0.4767424464225769,0.24002696573734283
84,0,0,0.999996542930603,1.4901905160513707e-05,normal,0.0,0.0,0.10401637852191925,0.0926063135266304,0.5404600501060486,0.26291728019714355
85,0,0,0.9999955892562866,1.8983433619723655e-05,normal,0.0,0.0,0.1334463357925415,0.1951068639755249,0.4558260440826416,0.2156207412481308
86,0,0,0.999997615814209,1.0509678759262897e-05,normal,0.0,0.0,0.18225155770778656,0.24404463171958923,0.45872458815574646,0.11497921496629715
87,0,0,0.999992847442627,2.8649998057517223e-05,normal,0.0,0.0,0.3158527612686157,0.21241889894008636,0.2504705786705017,0.22125771641731262
88,0,0,0.9999967813491821,1.3719109119847417e-05,normal,0.0,0.0,0.3837260603904724,0.22902055084705353,0.2153743952512741,0.17187897861003876
89,0,0,0.9999969005584717,1.3343650607566815e-05,normal,0.0,0.0,0.19404546916484833,0.24099907279014587,0.2566412389278412,0.3083142638206482
90,0,0,0.9999971389770508,1.2992315532756038e-05,normal,0.0,0.0,0.18398867547512054,0.4861527383327484,0.1714041531085968,0.15845444798469543
91,0,0,0.9999970197677612,1.3037071767030284e-05,normal,0.0,0.0,0.11299709230661392,0.16572828590869904,0.5165536999702454,0.20472091436386108
92,0,0,0.9999982118606567,8.313118996738922e-06,normal,0.0,0.0,0.1789213865995407,0.14587704837322235,0.27415087819099426,0.4010506868362427
93,0,0,0.9999978542327881,9.074413355847355e-06,normal,0.0,0.0,0.22308698296546936,0.3576589822769165,0.1077612042427063,0.31149283051490784
94,0,0,0.9999969005584717,1.3438404494081624e-05,normal,0.0,0.0,0.3713042736053467,0.1733415126800537,0.17381396889686584,0.28154024481773376
95,0,0,0.9999974966049194,1.125303879234707e-05,normal,0.0,0.0,0.133197620511055,0.2333107590675354,0.43567973375320435,0.19781193137168884
96,0,0,0.9999940395355225,2.418461735942401e-05,normal,0.0,0.0,0.1839340776205063,0.1341700702905655,0.0651838481426239,0.6167119741439819
97,0,0,0.999996542930603,1.4523096069751773e-05,normal,0.0,0.0,0.017713524401187897,0.06463956832885742,0.38790589570999146,0.5297410488128662
98,0,0,0.999997615814209,1.04689488580334e-05,normal,0.0,0.0,0.247414693236351,0.5564295649528503,0.10093970596790314,0.09521608054637909
99,0,0,0.9999985694885254,6.403161023627035e-06,normal,0.0,0.0,0.4596221148967743,0.039916619658470154,0.2767846882343292,0.2236766219139099
100,1,1,0.9999815225601196,7.056690083118156e-05,normal,0.0,0.0,0.1257103830575943,0.5834911465644836,0.23197656869888306,0.058821890503168106
101,1,1,0.9998403787612915,0.00045641144970431924,normal,0.0,0.0,0.5129095315933228,0.4647311270236969,0.004873333964496851,0.017486028373241425
102,1,1,0.9999653100967407,0.00012135016731917858,normal,0.0,0.0,0.19818070530891418,0.5112944841384888,0.22781024873256683,0.06271454691886902
103,1,1,0.9999537467956543,0.000152949447510764,normal,0.0,0.0,0.9792411923408508,0.01596684567630291,0.002551166107878089,0.0022408165968954563
104,1,1,0.9232216477394104,0.07631657272577286,normal,0.0,0.0,0.40172672271728516,0.03413095697760582,0.0031623125541955233,0.5609800219535828
105,1,1,0.9999862909317017,5.343414159142412e-05,normal,0.0,0.0,0.14190341532230377,0.8140959143638611,0.016988549381494522,0.02701210044324398
106,1,1,0.9999920129776001,3.220005601178855e-05,normal,0.0,0.0,0.7233551144599915,0.12023583054542542,0.06479430943727493,0.09161479771137238
107,1,1,0.9999642372131348,0.00013276950630825013,normal,0.0,0.0,0.18529176712036133,0.7711833715438843,0.02863549068570137,0.014889351092278957
108,1,1,0.9999905824661255,3.7011159292887896e-05,normal,0.0,0.0,0.15990221500396729,0.18604104220867157,0.5262300968170166,0.12782666087150574
109,1,1,0.999974250793457,9.327003499493003e-05,normal,0.0,0.0,0.7144502401351929,0.15297655761241913,0.011063721962273121,0.12150949239730835
110,1,1,0.9997783303260803,0.0005919705727137625,normal,0.0,0.0,0.0009427090408280492,0.9917949438095093,0.0010267351754009724,0.0062355706468224525
111,1,1,0.9999315738677979,0.0002387220156379044,normal,0.0,0.0,0.8167492151260376,0.025803348049521446,0.1080828607082367,0.04936463013291359
112,1,1,0.9992138147354126,0.001947395852766931,normal,0.0,0.0,0.9938884973526001,0.00028284924337640405,0.0027670515701174736,0.003061598399654031
113,1,1,0.993742048740387,0.010361842811107635,normal,0.0,0.0,0.6577150821685791,0.2520243227481842,0.0036142603494226933,0.08664629608392715
114,1,1,0.9999626874923706,0.00012746412539854646,normal,0.0,0.0,0.833113968372345,0.11260512471199036,0.027193477377295494,0.027087422087788582
115,1,1,0.9999932050704956,2.8777831175830215e-05,normal,0.0,0.0,0.124125175178051,0.6368869543075562,0.1455506831407547,0.09343718737363815
116,1,1,0.9999724626541138,9.943979239324108e-05,normal,0.0,0.0,0.8027690052986145,0.07956275343894958,0.019520927220582962,0.09814726561307907
117,1,1,0.9996386766433716,0.0010146037675440311,normal,0.0,0.0,0.010560738854110241,0.9336303472518921,0.04202978312969208,0.013779141940176487
118,1,1,0.9090292453765869,0.0829341858625412,normal,0.0,0.0,0.19744756817817688,0.7228013873100281,0.00011483281559776515,0.07963613420724869
119,1,1,0.9989515542984009,0.002734674606472254,normal,0.0,0.0,0.1492920070886612,0.6637125015258789,0.020578227937221527,0.16641727089881897
120,1,6,0.9493076205253601,0.06732126325368881,normal,0.0,0.0,0.027046283707022667,0.2071574330329895,0.07625503838062286,0.689541220664978
121,1,1,0.9999288320541382,0.0002241147740278393,normal,0.0,0.0,0.5816109776496887,0.05509811267256737,0.328754186630249,0.0345366932451725
122,1,1,0.9812335968017578,0.025570018216967583,normal,0.0,0.0,0.8378763198852539,0.0038771256804466248,0.1522713303565979,0.0059753055684268475
123,1,1,0.9999349117279053,0.00021383150306064636,normal,0.0,0.0,0.05151015892624855,0.8916978240013123,0.03690829500555992,0.019883714616298676
124,1,1,0.999993085861206,2.8278866011532955e-05,normal,0.0,0.0,0.2591429352760315,0.42666879296302795,0.2615080773830414,0.05268020182847977
125,1,1,0.9973211884498596,0.005123036913573742,normal,0.0,0.0,0.3059788942337036,0.18573135137557983,0.06266919523477554,0.4456205368041992
126,1,1,0.9995203018188477,0.0011977488175034523,normal,0.0,0.0,0.00014522744459100068,0.9978276491165161,6.05182685831096e-05,0.0019665956497192383
127,1,1,0.998894989490509,0.0025665047578513622,normal,0.0,0.0,0.16971424221992493,0.5101191997528076,0.2182711958885193,0.10189542174339294
128,1,1,0.9999932050704956,2.8241889594937675e-05,normal,0.0,0.0,0.3646688163280487,0.5860128402709961,0.01510208286345005,0.03421621769666672
129,1,1,0.9993674159049988,0.0015412610955536366,normal,0.0,0.0,0.4368634819984436,0.5018729567527771,0.05099751800298691,0.010266022756695747
130,1,1,0.9996114373207092,0.001002839650027454,normal,0.0,0.0,0.0003744269779417664,0.9654746651649475,0.034088701009750366,6.222373485798016e-05
131,1,1,0.9869149327278137,0.02240903489291668,normal,0.0,0.0,0.011714917607605457,0.4234328269958496,0.14775165915489197,0.41710060834884644
132,1,1,0.9798697233200073,0.028126733377575874,normal,0.0,0.0,0.03622640296816826,0.12700296938419342,0.6732681393623352,0.1635025292634964
133,1,1,0.9999867677688599,5.170901567908004e-05,normal,0.0,0.0,0.0819098949432373,0.8147038221359253,0.06352855265140533,0.03985767811536789
134,1,1,0.9999266862869263,0.0002417892828816548,normal,0.0,0.0,0.5267162919044495,0.34227651357650757,0.0665527954697609,0.06445443630218506
135,1,1,0.999975323677063,9.199576015817001e-05,normal,0.0,0.0,0.43396681547164917,0.2286330908536911,0.3028146028518677,0.03458549082279205
136,1,1,0.9999370574951172,0.00019378788419999182,normal,0.0,0.0,0.6904264688491821,0.03051833063364029,0.03527597337961197,0.24377919733524323
137,1,1,0.9999825954437256,6.299791130004451e-05,normal,0.0,0.0,0.7151308655738831,0.15243877470493317,0.10314082354307175,0.02928953617811203
138,1,1,0.9996510744094849,0.000894903379958123,normal,0.0,0.0,0.009444603696465492,0.9581864476203918,0.0038082210812717676,0.028560683131217957
139,1,1,0.9999476671218872,0.0001712790399324149,normal,0.0,0.0,0.0631023645401001,0.8314903378486633,0.002372012473642826,0.10303530097007751
140,1,1,0.9980276226997375,0.004350312519818544,normal,0.0,0.0,0.0052169011905789375,0.947663426399231,0.04700176790356636,0.00011792989971581846
141,1,1,0.9999430179595947,0.00018822339188773185,normal,0.0,0.0,0.2764292061328888,0.07309159636497498,0.5938910841941833,0.056588124483823776
142,1,1,0.9998701810836792,0.0003663139941636473,normal,0.0,0.0,0.0425509475171566,0.9030981659889221,0.003033615415915847,0.05131730064749718
143,1,1,0.9998887777328491,0.0003479198203422129,normal,0.0,0.0,0.5402064919471741,0.21570263803005219,0.1918090581893921,0.05228179693222046
144,1,1,0.9999827146530151,6.366961315507069e-05,normal,0.0,0.0,0.021028639748692513,0.9145763516426086,0.05428827926516533,0.010106625966727734
145,1,1,0.9958775043487549,0.00744201336055994,normal,0.0,0.0,0.29431214928627014,0.42661553621292114,0.031240029260516167,0.24783222377300262
146,1,1,0.9999262094497681,0.00022978881315793842,normal,0.0,0.0,0.20525653660297394,0.7033923268318176,0.08390719443559647,0.00744396960362792
147,1,1,0.9743748903274536,0.036463771015405655,normal,0.0,0.0,0.24028122425079346,0.12266602367162704,0.2575114667415619,0.3795412480831146
148,1,1,0.9999780654907227,7.603537233080715e-05,normal,0.0,0.0,0.7471873164176941,0.20497213304042816,0.04234396293759346,0.005496562458574772
149,1,1,0.9999911785125732,3.6891338822897524e-05,normal,0.0,0.0,0.1578461229801178,0.7833775281906128,0.02444649115204811,0.03432994708418846
150,2,2,0.9999982118606567,7.464547707058955e-06,normal,0.0,0.0,3.868196654366329e-05,0.9994980096817017,3.379985719220713e-05,0.0004295445396564901
151,2,2,0.9999890327453613,3.93142800021451e-05,normal,0.0,0.0,0.33814725279808044,0.39764708280563354,0.08534111082553864,0.1788645088672638
152,2,2,0.999993085861206,2.908005626522936e-05,normal,0.0,0.0,0.027268273755908012,0.04430506378412247,0.014975637197494507,0.9134510159492493
153,2,2,0.9998421669006348,0.00044367960072122514,normal,0.0,0.0,0.05419287830591202,0.9089683294296265,0.023406395688652992,0.01343233697116375
154,2,2,0.9999707937240601,9.905015758704394e-05,normal,0.0,0.0,0.003316263435408473,0.9566278457641602,0.0052193449810147285,0.03483650088310242
155,2,2,0.9999991655349731,4.074113803653745e-06,normal,0.0,0.0,0.0070694321766495705,0.9837819933891296,0.002993987174704671,0.006154537200927734
156,2,2,0.9999973773956299,1.1503349014674313e-05,normal,0.0,0.0,0.025509247556328773,0.08544520288705826,0.708945095539093,0.1801004856824875
157,2,2,0.9999964237213135,1.547461397422012e-05,normal,0.0,0.0,0.025793660432100296,0.6601974368095398,0.034419260919094086,0.27958962321281433
158,2,2,0.9999995231628418,2.2417580112232827e-06,normal,0.0,0.0,0.18052534759044647,0.803207516670227,9.99999993922529e-09,0.016267139464616776
159,2,2,0.999992847442627,2.6368814360466786e-05,normal,0.0,0.0,0.6421371698379517,0.02652731165289879,0.2671523988246918,0.06418313831090927
160,2,2,0.9999980926513672,8.720554433239158e-06,normal,0.0,0.0,0.22092562913894653,0.46226635575294495,0.10810963809490204,0.20869840681552887
161,2,2,0.9999911785125732,3.482518150121905e-05,normal,0.0,0.0,0.031798526644706726,0.852557361125946,0.046516451984643936,0.069127656519413
162,2,2,0.999997615814209,1.0547344572842121e-05,normal,0.0,0.0,0.15097670257091522,0.32722896337509155,0.10104011744260788,0.42075419425964355
163,2,2,0.9999814033508301,7.016833842499182e-05,normal,0.0,0.0,0.3507842421531677,0.6054816842079163,0.004679790232330561,0.0390542671084404
164,2,2,0.9999985694885254,6.47802426101407e-06,normal,0.0,0.0,0.047318197786808014,0.15100280940532684,0.27240878343582153,0.5292702317237854
165,2,2,0.9999954700469971,1.91419712791685e-05,normal,0.0,0.0,0.14037907123565674,0.183493971824646,0.05057959631085396,0.6255473494529724
166,2,2,0.9999992847442627,3.3171802442666376e-06,normal,0.0,0.0,0.04310419782996178,0.9072176814079285,0.0056528449058532715,0.0440252423286438
167,2,2,0.9999997615814209,1.6353175169570022e-06,normal,0.0,0.0,0.010009651072323322,0.5042110681533813,0.016218824312090874,0.4695603847503662
168,2,2,0.9999985694885254,6.8034596552024595e-06,normal,0.0,0.0,0.016746627166867256,0.9546663761138916,0.01352546364068985,0.015061464160680771
169,2,2,0.9999997615814209,1.4652694062533556e-06,normal,0.0,0.0,0.1259315013885498,0.42502444982528687,0.3302169442176819,0.11882709711790085
170,2,2,0.9999939203262329,2.343157939321827e-05,normal,0.0,0.0,0.07811000198125839,0.8910613059997559,0.01410924643278122,0.016719471663236618
171,2,2,0.9981499910354614,0.0037807608023285866,normal,0.0,0.0,0.6956942081451416,0.09720434993505478,0.06854144483804703,0.13856002688407898
172,2,2,0.9999996423721313,2.1324233330233255e-06,normal,0.0,0.0,0.058348748832941055,0.9112786054611206,0.014496332965791225,0.015876226127147675
173,2,2,0.9999977350234985,1.042114854499232e-05,normal,0.0,0.0,0.19115906953811646,0.5977375507354736,0.1293182224035263,0.08178511261940002
174,2,2,0.9999988079071045,5.436222181742778e-06,normal,0.0,0.0,0.009642641991376877,0.09833310544490814,0.8654290437698364,0.02659527026116848
175,2,2,0.9999996423721313,1.892828208838182e-06,normal,0.0,0.0,0.023369379341602325,0.46338850259780884,0.09668567031621933,0.41655653715133667
176,2,2,0.9999732971191406,9.166391100734472e-05,normal,0.0,0.0,0.029431963339447975,0.7799859642982483,0.056280042976140976,0.13430200517177582
177,2,2,0.9999923706054688,2.7820591640193015e-05,normal,0.0,0.0,0.8351835012435913,0.11531347781419754,0.0019307394977658987,0.04757228121161461
178,2,2,0.9999972581863403,1.1915970389964059e-05,normal,0.0,0.0,0.07611464709043503,0.018514661118388176,0.03106680139899254,0.8743038773536682
179,2,2,0.9999995231628418,2.242417394882068e-06,normal,0.0,0.0,0.532566487789154,0.21187275648117065,9.99999993922529e-09,0.2555607259273529
180,2,2,0.9987084865570068,0.002913774223998189,normal,0.0,0.0,0.0017858142964541912,0.9655572772026062,0.0010590307647362351,0.03159786015748978
181,2,2,0.9999855756759644,5.499176768353209e-05,normal,0.0,0.0,0.014437268488109112,0.018878012895584106,0.0824320837855339,0.884252667427063
182,2,2,0.9999996423721313,1.7297553540629451e-06,normal,0.0,0.0,0.024558115750551224,0.9437227845191956,0.012827036902308464,0.018892044201493263
183,2,2,0.9999961853027344,1.624010292289313e-05,normal,0.0,0.0,0.09035258740186691,0.0723363608121872,0.08944841474294662,0.7478626370429993
184,2,2,0.9999985694885254,6.426421805372229e-06,normal,0.0,0.0,0.06778305023908615,0.3963967263698578,0.10857689380645752,0.42724326252937317
185,2,2,0.9999966621398926,1.3962970115244389e-05,normal,0.0,0.0,0.0014599045971408486,0.9766769409179688,0.0003630099236033857,0.021500052884221077
186,2,2,0.9999994039535522,3.442346496740356e-06,normal,0.0,0.0,0.28924980759620667,0.08366134017705917,0.09169524163007736,0.5353936553001404
187,2,2,0.9999998807907104,1.3041300235272502e-06,normal,0.0,0.0,0.3715645968914032,0.3006133437156677,0.10831601917743683,0.21950602531433105
188,2,2,0.9999920129776001,3.0900209821993485e-05,normal,0.0,0.0,0.0018434394150972366,0.9331197142601013,0.04109929874539375,0.023937586694955826
189,2,2,0.9999997615814209,1.8787976614476065e-06,normal,0.0,0.0,0.22105412185192108,0.35334479808807373,0.14840123057365417,0.27719977498054504
190,2,2,0.9206365346908569,0.07631592452526093,normal,0.0,0.0,0.03049888089299202,0.5366219282150269,3.567786916391924e-05,0.43284353613853455
191,2,2,0.9999983310699463,7.090435701684328e-06,normal,0.0,0.0,0.29022032022476196,0.13280341029167175,0.11593490093946457,0.4610413610935211
192,2,2,0.9999921321868896,3.202367588528432e-05,normal,0.0,0.0,0.02807595394551754,0.3213469684123993,0.6361995935440063,0.014377476647496223
193,2,2,0.9999998807907104,1.2698917544184951e-06,normal,0.0,0.0,0.3644167184829712,0.3304153084754944,0.16445156931877136,0.14071641862392426
194,2,2,0.9999918937683105,3.087783989030868e-05,normal,0.0,0.0,0.00017355028830934316,0.9963353276252747,0.0006300517125055194,0.0028610765002667904
195,2,2,0.9999991655349731,3.825766270892927e-06,normal,0.0,0.0,0.09258423000574112,0.5158083438873291,0.057361796498298645,0.3342456519603729
196,2,2,0.9999934434890747,2.64026784861926e-05,normal,0.0,0.0,0.10752156376838684,0.5855313539505005,0.08706044405698776,0.2198866754770279
197,2,2,0.9999986886978149,6.084633696445962e-06,normal,0.0,0.0,0.033007293939590454,0.9493299126625061,0.003151597222313285,0.014511195942759514
198,2,2,0.9953898191452026,0.00810926966369152,normal,0.0,0.0,0.025398338213562965,0.2612297832965851,0.673747718334198,0.039624180644750595
199,2,2,0.9999996423721313,1.7297553540629451e-06,normal,0.0,0.0,0.024558115750551224,0.9437227845191956,0.012827036902308464,0.018892044201493263
200,2,2,0.9999927282333374,2.9091115720802918e-05,normal,0.0,0.0,0.5666377544403076,0.10634900629520416,0.23608286678791046,0.09093042463064194
201,2,2,0.9999992847442627,3.3444434848206583e-06,normal,0.0,0.0,0.19332119822502136,0.5044403076171875,0.24302302300930023,0.05921545252203941
202,2,2,0.9999995231628418,2.26837323680229e-06,normal,0.0,0.0,0.00955946370959282,0.9003185033798218,0.07539744675159454,0.014724526554346085
203,2,2,0.9999639987945557,0.00013152402243576944,normal,0.0,0.0,0.051498472690582275,0.25252631306648254,0.14806503057479858,0.5479101538658142
204,2,2,0.9999977350234985,9.664697245170828e-06,normal,0.0,0.0,0.020879579707980156,0.5576964616775513,0.014162118546664715,0.40726175904273987
205,2,2,0.9999973773956299,1.1365611499059014e-05,normal,0.0,0.0,0.10851725190877914,0.10255090147256851,0.07176496088504791,0.7171668410301208
206,2,2,0.9999978542327881,9.819474144023843e-06,normal,0.0,0.0,0.41087037324905396,0.5378772020339966,0.025917351245880127,0.025335069745779037
207,2,2,0.9999991655349731,3.8665443753416184e-06,normal,0.0,0.0,0.0317293144762516,0.8052326440811157,0.11302037537097931,0.05001765489578247
208,2,2,0.9999997615814209,1.621467390577891e-06,normal,0.0,0.0,9.99999993922529e-09,0.916334867477417,0.028167251497507095,0.05549793690443039
209,2,2,0.9999997615814209,1.6534888800379122e-06,normal,0.0,0.0,0.016916530206799507,0.5746681094169617,0.028554819524288177,0.3798605501651764
210,2,2,0.9999994039535522,3.3891876682901056e-06,normal,0.0,0.0,0.837911069393158,0.05834203585982323,0.045558977872133255,0.058187954127788544
211,2,2,0.9999957084655762,1.7748363461578265e-05,normal,0.0,0.0,0.02435045689344406,0.5299610495567322,0.2733292579650879,0.17235931754112244
212,2,2,0.9999951124191284,2.01124967134092e-05,normal,0.0,0.0,0.0067165931686758995,0.8506885170936584,0.005990165751427412,0.1366046667098999
213,2,2,0.9999995231628418,2.849658130799071e-06,normal,0.0,0.0,0.2240002304315567,0.6899824142456055,0.05511714145541191,0.030900226905941963
214,2,2,0.999998927116394,4.596954568114597e-06,normal,0.0,0.0,0.01045052520930767,0.8935472965240479,0.033593423664569855,0.06240876019001007
215,2,2,0.9999916553497314,3.335500514367595e-05,normal,0.0,0.0,0.00479220412671566,0.9438635110855103,0.007216451223939657,0.04412782937288284
216,2,2,0.9999984502792358,7.081722742441343e-06,normal,0.0,0.0,0.056848715990781784,0.8390566110610962,0.055020883679389954,0.049073725938797
217,2,2,0.9999970197677612,1.2707813766610343e-05,normal,0.0,0.0,0.0989893451333046,0.10143623501062393,0.19760656356811523,0.6019678115844727
218,2,2,0.9999781847000122,8.07417745818384e-05,normal,0.0,0.0,0.341630220413208,0.23352913558483124,0.25807997584342957,0.16676068305969238
219,2,2,0.999997615814209,1.0507504157430958e-05,normal,0.0,0.0,9.99999993922529e-09,0.4358869791030884,0.048824019730091095,0.5152890086174011
220,2,2,0.9999979734420776,8.714934665476903e-06,normal,0.0,0.0,0.19906973838806152,0.12601959705352783,0.060317691415548325,0.614592969417572
221,2,2,0.9999994039535522,2.9936340979475062e-06,normal,0.0,0.0,0.058359961956739426,0.8199101090431213,0.06035781279206276,0.061372119933366776
222,2,2,0.9999954700469971,1.8300474039278924e-05,normal,0.0,0.0,0.008321288973093033,0.9739400744438171,0.001943373354151845,0.01579529605805874
223,2,2,0.9999997615814209,1.7861409560282482e-06,normal,0.0,0.0,9.99999993922529e-09,0.6187476515769958,0.11414626240730286,0.2671060562133789
224,2,2,0.9999942779541016,2.304589725099504e-05,normal,0.0,0.0,0.3677574694156647,0.5465198755264282,0.02767074480652809,0.05805197358131409
225,2,2,0.999987006187439,4.8904639697866514e-05,normal,0.0,0.0,0.1193726435303688,0.1641605943441391,0.04766827076673508,0.668798565864563
226,2,2,0.9999997615814209,1.5752223134768428e-06,normal,0.0,0.0,0.4264618456363678,0.15090526640415192,0.17184866964817047,0.2507841885089874
227,2,2,0.9999978542327881,9.531670912110712e-06,normal,0.0,0.0,0.057663872838020325,0.6360068321228027,0.06931474804878235,0.23701448738574982
228,2,2,0.999998927116394,5.0909657147713006e-06,normal,0.0,0.0,0.0968950018286705,0.6978342533111572,0.03147801011800766,0.1737927496433258
229,2,2,0.9998487234115601,0.0004697708645835519,normal,0.0,0.0,0.00815841555595398,0.9771674871444702,0.002701736753806472,0.011972326785326004
230,2,2,0.9999983310699463,7.439030923706014e-06,normal,0.0,0.0,0.28432607650756836,0.6373314261436462,0.0046246955171227455,0.07371781766414642
231,2,2,0.9999659061431885,0.00011823547538369894,normal,0.0,0.0,0.03685915842652321,0.1708744913339615,0.0032213893719017506,0.7890449166297913
232,2,2,0.9727627635002136,0.04129622131586075,normal,0.0,0.0,0.07665934413671494,0.2801113724708557,0.0038324196357280016,0.6393969058990479
233,2,2,0.9999991655349731,3.7378531487775035e-06,normal,0.0,0.0,0.2524091899394989,0.0760791003704071,0.3887012302875519,0.28281041979789734
234,2,2,0.9999986886978149,6.026766641298309e-06,normal,0.0,0.0,0.04535100981593132,0.9517321586608887,9.99999993922529e-09,0.0029168338514864445
235,2,2,0.9999960660934448,1.6569169019930996e-05,normal,0.0,0.0,0.030630411580204964,0.5041207075119019,0.4644344449043274,0.0008144403691403568
236,2,2,0.9999997615814209,1.8899921769843786e-06,normal,0.0,0.0,0.08816438913345337,0.5157203674316406,0.1795862317085266,0.2165289670228958
237,2,2,0.9999970197677612,1.279173739021644e-05,normal,0.0,0.0,0.6701224446296692,0.24390220642089844,0.014282298274338245,0.071693055331707
238,2,2,0.9994057416915894,0.001402798923663795,normal,0.0,0.0,0.0447259359061718,0.9017518162727356,0.045508336275815964,0.008013946004211903
239,2,2,0.9999803304672241,7.083189848344773e-05,normal,0.0,0.0,0.003366416087374091,0.9859168529510498,0.005613033194094896,0.005103603936731815
240,2,2,0.9999809265136719,7.250328781083226e-05,normal,0.0,0.0,0.04907999932765961,0.9073092937469482,0.006159238982945681,0.037451405078172684
241,2,2,0.9999994039535522,3.3273649933107663e-06,normal,0.0,0.0,0.029338201507925987,0.8788084387779236,0.026049382984638214,0.06580399721860886
242,2,2,0.999998927116394,4.7858088692009915e-06,normal,0.0,0.0,0.0949428603053093,0.16639238595962524,0.06618350744247437,0.6724812388420105
243,2,2,0.9999971389770508,1.2348013115115464e-05,normal,0.0,0.0,0.014367015101015568,0.8648198843002319,0.10834915935993195,0.012463941238820553
244,2,2,0.999998927116394,4.725992312160088e-06,normal,0.0,0.0,0.043504439294338226,0.1304500252008438,0.46355608105659485,0.36248940229415894
245,2,2,0.9999972581863403,1.206158867717022e-05,normal,0.0,0.0,0.1138397827744484,0.5907862782478333,0.28203150629997253,0.01334245316684246
246,2,2,0.999988317489624,4.512288069236092e-05,normal,0.0,0.0,0.04062531515955925,0.9210721254348755,0.019340958446264267,0.018961580470204353
247,2,2,0.9999998807907104,1.3005284245082294e-06,normal,0.0,0.0,0.3722667992115021,0.3003312945365906,0.10822043567895889,0.21918146312236786
248,2,2,0.9999978542327881,9.435580068384297e-06,normal,0.0,0.0,0.09072339534759521,0.2481125295162201,0.6393740177154541,0.021790118888020515
249,2,2,0.9999978542327881,9.939570190908853e-06,normal,0.0,0.0,0.2612217366695404,0.6274409294128418,0.046748850494623184,0.06458846479654312
250,3,3,0.9999988079071045,5.665257504006149e-06,normal,0.0,0.0,0.07223957031965256,0.4862636923789978,0.2075565606355667,0.23394018411636353
251,3,3,0.34983953833580017,0.4584015905857086,normal,0.0,0.0,0.519113302230835,0.029264893382787704,0.0952414870262146,0.35638031363487244
252,3,3,0.999996542930603,1.5052349226607475e-05,normal,0.0,0.0,0.09141776710748672,0.3642755150794983,0.0396953821182251,0.5046112537384033
253,3,3,0.9999843835830688,6.152449350338429e-05,normal,0.0,0.0,0.06096476688981056,0.3211250901222229,0.5457356572151184,0.07217448204755783
254,3,3,0.9999980926513672,8.866289135767147e-06,normal,0.0,0.0,0.1046009361743927,0.20758409798145294,0.2517748773097992,0.43604007363319397
255,3,3,0.9999980926513672,8.599435204814654e-06,normal,0.0,0.0,0.08655118197202682,0.7220149040222168,0.09113860130310059,0.10029532015323639
256,3,3,0.9993627667427063,0.0018119041342288256,normal,0.0,0.0,0.2553127706050873,0.1179143562912941,0.36857154965400696,0.25820133090019226
257,3,3,0.9999924898147583,3.146113522234373e-05,normal,0.0,0.0,0.23358480632305145,0.18023909628391266,0.4656088650226593,0.1205672100186348
258,3,3,0.9996483325958252,0.0010081209475174546,normal,0.0,0.0,0.7015891671180725,0.07951229810714722,0.13375915586948395,0.08513928204774857
259,3,3,0.7170628309249878,0.1617906093597412,normal,0.0,0.0,0.54159015417099,0.11324409395456314,0.10879555344581604,0.2363702356815338
260,3,12,0.9962673783302307,0.007858808152377605,normal,0.0,0.0,0.8683808445930481,0.0810571238398552,0.012320096604526043,0.038241904228925705
261,3,3,0.9999986886978149,6.074514203646686e-06,normal,0.0,0.0,0.2622034549713135,0.1677609235048294,0.3400992751121521,0.22993634641170502
262,3,3,0.9999943971633911,2.281324123032391e-05,normal,0.0,0.0,0.9479448795318604,0.023333057761192322,0.011797921732068062,0.01692417450249195
263,3,3,0.9999788999557495,8.075645746430382e-05,normal,0.0,0.0,0.027608053758740425,0.3673396408557892,0.03413919359445572,0.5709130167961121
264,3,3,0.9999963045120239,1.5205875570245553e-05,normal,0.0,0.0,0.024569693952798843,0.09183455258607864,0.7488470077514648,0.13474875688552856
265,3,3,0.9999988079071045,5.31628074895707e-06,normal,0.0,0.0,0.21963801980018616,0.05068692937493324,0.0182614978402853,0.711413562297821
266,3,3,0.9999992847442627,3.7887734833930153e-06,normal,0.0,0.0,9.99999993922529e-09,0.30648064613342285,0.031095638871192932,0.6624237298965454
267,3,3,0.8212954998016357,0.13080808520317078,normal,0.0,0.0,0.07577282190322876,0.495401531457901,0.3488074541091919,0.08001811802387238
268,3,3,0.9999289512634277,0.00024396911612711847,normal,0.0,0.0,0.09130490571260452,0.3980472683906555,0.20249994099140167,0.30814793705940247
269,3,9,0.8041201829910278,0.17931967973709106,normal,0.0,0.0,0.10254278779029846,0.6440153121948242,0.03446037322282791,0.2189815640449524
270,4,4,0.9999988079071045,5.66904373044963e-06,normal,0.0,0.0,0.0023844779934734106,0.0024986807256937027,0.001042722724378109,0.9940741062164307
271,4,4,0.9999963045120239,1.4572918189514894e-05,normal,0.0,0.0,0.007637830916792154,0.013542250730097294,0.6582561731338501,0.32056373357772827
272,4,4,0.9999988079071045,5.2136729209451005e-06,normal,0.0,0.0,9.99999993922529e-09,0.2014213353395462,0.019865483045578003,0.7787131667137146
273,4,4,0.9989173412322998,0.002386875916272402,normal,0.0,0.0,0.02567090280354023,0.8195469975471497,0.09977173060178757,0.05501038208603859
274,4,4,0.9999996423721313,2.043581844191067e-06,normal,0.0,0.0,0.016689442098140717,0.8567326068878174,0.09493961930274963,0.031638357788324356
275,4,37,0.9837417602539062,0.02860710397362709,normal,0.0,0.0,0.07556935399770737,0.011060724034905434,0.8890442252159119,0.024325689300894737
276,4,4,0.9999957084655762,1.6514477465534583e-05,normal,0.0,0.0,0.0003321932163089514,0.20150482654571533,0.0007326669874601066,0.7974303364753723
277,4,4,0.9983987212181091,0.003245452418923378,normal,0.0,0.0,0.022825123742222786,0.48536160588264465,0.18130354583263397,0.3105097711086273
278,4,4,0.9999815225601196,6.784528522985056e-05,normal,0.0,0.0,0.0008836984052322805,2.297066748724319e-05,0.0001385000068694353,0.9989548921585083
279,4,4,0.999998927116394,5.346744273992954e-06,normal,0.0,0.0,0.011464834213256836,0.3798341453075409,0.03425293043255806,0.5744481086730957
280,4,4,0.9999995231628418,2.8527902031783015e-06,normal,0.0,0.0,0.041936978697776794,0.20317529141902924,0.10882066190242767,0.6460670828819275
281,4,4,0.9661354422569275,0.046853434294462204,normal,0.0,0.0,0.3720378577709198,0.038566093891859055,0.49517470598220825,0.0942213162779808
282,4,4,0.955181360244751,0.04993106424808502,normal,0.0,0.0,0.03029942885041237,0.05163320526480675,0.904705822467804,0.0133615517988801
283,4,4,0.9999980926513672,8.490424079354852e-06,normal,0.0,0.0,0.026351725682616234,0.7047219276428223,0.08773081749677658,0.18119552731513977
284,4,4,0.9996483325958252,0.0008785444661043584,normal,0.0,0.0,0.02196696028113365,0.10767176747322083,0.7377995848655701,0.13256172835826874
285,4,4,0.999996542930603,1.4738921890966594e-05,normal,0.0,0.0,0.006521034985780716,0.021731967106461525,0.03782394900918007,0.933923065662384
286,4,4,0.6636000871658325,0.17824845016002655,normal,0.0,0.0,0.0025117548648267984,0.6549689769744873,0.03558250516653061,0.30693674087524414
287,4,4,0.999930739402771,0.00020621302246581763,normal,0.0,0.0,0.416942834854126,0.08464638888835907,0.08549007773399353,0.4129207730293274
288,4,4,0.9999926090240479,2.858089101209771e-05,normal,0.0,0.0,0.022922325879335403,0.29778313636779785,0.039749063551425934,0.6395455598831177
289,4,4,0.9999464750289917,0.00017246563220396638,normal,0.0,0.0,0.04715702682733536,0.019830651581287384,0.3517747223377228,0.5812375545501709
290,4,4,0.9999544620513916,0.00014480800018645823,normal,0.0,0.0,0.013207671232521534,0.02447623386979103,0.03850645571947098,0.9238097071647644
291,4,4,0.9999966621398926,1.4256664144340903e-05,normal,0.0,0.0,0.0316043496131897,0.007178261876106262,0.0380292609333992,0.9231881499290466
292,4,4,0.9999946355819702,2.1968950022710487e-05,normal,0.0,0.0,0.047059789299964905,0.028740407899022102,0.03591151908040047,0.8882883191108704
293,4,4,0.999992847442627,2.7093474272987805e-05,normal,0.0,0.0,0.14515990018844604,0.7123069167137146,0.10347107797861099,0.03906211629509926
294,4,4,0.9989449381828308,0.0027818132657557726,normal,0.0,0.0,0.0051728542894124985,0.015166987664997578,0.5979968905448914,0.3816632926464081
295,4,4,0.9999939203262329,2.297101127624046e-05,normal,0.0,0.0,0.013822266831994057,0.011094704270362854,0.007717972621321678,0.9673650860786438
296,4,4,0.999998927116394,5.501448413269827e-06,normal,0.0,0.0,0.29651570320129395,0.08840826153755188,0.21597278118133545,0.39910322427749634
297,4,4,0.9999992847442627,3.5024486351176165e-06,normal,0.0,0.0,0.03480154275894165,0.20142339169979095,0.03380658105015755,0.7299684882164001
298,4,4,0.9999986886978149,5.749955562350806e-06,normal,0.0,0.0,0.02148384414613247,9.99999993922529e-09,0.011932166293263435,0.9665839672088623
299,4,4,0.9999986886978149,6.190815383888548e-06,normal,0.0,0.0,0.054134439677000046,0.017995018512010574,0.1273256242275238,0.8005449175834656
300,4,4,0.9999873638153076,4.5725537347607315e-05,normal,0.0,0.0,0.0007183515699580312,0.08639786392450333,0.06114758923649788,0.8517362475395203
301,4,4,0.9999990463256836,4.605150024872273e-06,normal,0.0,0.0,0.030847355723381042,0.011287221685051918,0.2775155305862427,0.6803498864173889
302,4,4,0.9999892711639404,4.234746302245185e-05,normal,0.0,0.0,0.0016636914806440473,0.07581552863121033,0.0021523600444197655,0.9203684329986572
303,4,4,0.9999990463256836,4.786579665960744e-06,normal,0.0,0.0,0.011740409769117832,0.5041898488998413,0.1462075412273407,0.3378622233867645
304,4,4,0.9997710585594177,0.0006343807908706367,normal,0.0,0.0,0.04234088584780693,0.0316486731171608,0.007189248688519001,0.9188212156295776
305,4,4,0.9999995231628418,2.7298572149447864e-06,normal,0.0,0.0,0.42115336656570435,0.009750195778906345,0.009790544398128986,0.5593058466911316
306,4,4,0.999667763710022,0.0008282476919703186,normal,0.0,0.0,0.0014918309170752764,0.010492406785488129,0.003469344461336732,0.9845464825630188
307,4,4,0.9348297715187073,0.06571070104837418,normal,0.0,0.0,0.000829167605843395,0.0040763248689472675,0.4937135577201843,0.5013809204101562
308,4,4,0.9999631643295288,0.0001169953538919799,normal,0.0,0.0,0.10576357692480087,0.0160321407020092,0.7952269315719604,0.0829772800207138
309,4,4,0.9999991655349731,4.3801383071695454e-06,normal,0.0,0.0,0.008703486993908882,0.08134239912033081,0.04847745597362518,0.861476719379425
310,4,4,0.9999990463256836,4.2290412238799036e-06,normal,0.0,0.0,9.99999993922529e-09,0.3608705699443817,0.2671163082122803,0.372013121843338
311,4,4,0.9999984502792358,7.21678634363343e-06,normal,0.0,0.0,0.0614953450858593,0.23384694755077362,0.1111675351858139,0.5934901833534241
312,4,4,0.9999992847442627,3.4654185583349317e-06,normal,0.0,0.0,0.01578100025653839,0.7119346857070923,0.11460541933774948,0.15767893195152283
313,4,4,0.999971866607666,9.837552352109924e-05,normal,0.0,0.0,0.0007537929341197014,0.004636629484593868,0.008405886590480804,0.9862036108970642
314,4,4,0.9999980926513672,8.798557246336713e-06,normal,0.0,0.0,0.012992557138204575,0.04203629866242409,0.06650522351264954,0.8784658908843994
315,4,4,0.9999852180480957,5.0205126171931624e-05,normal,0.0,0.0,0.5357714295387268,0.01101671066135168,0.012455057352781296,0.44075673818588257
316,4,4,0.9999713897705078,9.50865724007599e-05,normal,0.0,0.0,0.05531870573759079,0.00847872719168663,0.18597327172756195,0.7502293586730957
317,4,4,0.9989444613456726,0.0023578323889523745,normal,0.0,0.0,0.005119423847645521,0.007128907833248377,0.006247362121939659,0.9815043210983276
318,4,4,0.9999988079071045,5.2789032451983076e-06,normal,0.0,0.0,0.15647408366203308,0.7231008410453796,9.99999993922529e-09,0.12042506039142609
319,4,4,0.9999992847442627,3.2212462883762782e-06,normal,0.0,0.0,0.0002432327892165631,9.99999993922529e-09,0.1528380960226059,0.8469186425209045
320,4,4,0.9999990463256836,4.708037977252388e-06,normal,0.0,0.0,0.0006172250723466277,0.003886523889377713,0.0017250397941097617,0.9937711954116821
321,4,4,0.9999843835830688,5.913772838539444e-05,normal,0.0,0.0,0.020947672426700592,0.15934240818023682,0.00980361457914114,0.8099063038825989
322,4,4,0.9999977350234985,9.567725101078395e-06,normal,0.0,0.0,0.009102310985326767,0.39909985661506653,0.01577998697757721,0.5760177969932556
323,4,4,0.7530390620231628,0.2529868483543396,normal,0.0,0.0,0.025754492729902267,0.2840343117713928,0.20931974053382874,0.48089146614074707
324,4,4,0.9999978542327881,9.791812772164121e-06,normal,0.0,0.0,0.013523862697184086,0.009695043787360191,0.9034357070922852,0.0733453556895256
325,4,4,0.9999984502792358,7.113067567843245e-06,normal,0.0,0.0,0.03811062127351761,0.4784126579761505,0.09787941724061966,0.3855973184108734
326,4,4,0.9999926090240479,2.8411724997567944e-05,normal,0.0,0.0,0.004183690529316664,0.7207436561584473,0.2358250468969345,0.039247650653123856
327,4,4,0.9999967813491821,1.2934756341564935e-05,normal,0.0,0.0,0.00124204414896667,0.00221092626452446,0.2938559055328369,0.7026911377906799
328,4,4,0.9986646175384521,0.0030858744867146015,normal,0.0,0.0,0.9242793321609497,0.0048335520550608635,0.0034217413049191236,0.0674653872847557
329,4,4,0.9999936819076538,2.434311136312317e-05,normal,0.0,0.0,0.00024269818095490336,0.9911217093467712,0.0007512278389185667,0.00788436084985733
330,4,4,0.9931047558784485,0.011325865983963013,normal,0.0,0.0,0.08298889547586441,0.9126744866371155,0.0018979829037562013,0.0024386104196310043
331,4,4,0.9999788999557495,7.069915591273457e-05,normal,0.0,0.0,0.31656402349472046,0.033925846219062805,0.06504271179437637,0.5844674110412598
332,4,4,0.9999982118606567,7.707629265496507e-06,normal,0.0,0.0,0.04024164751172066,0.17105324566364288,0.055459409952163696,0.7332456707954407
333,4,4,0.9942037463188171,0.010035115294158459,normal,0.0,0.0,0.01718878000974655,0.8701866269111633,0.11041203886270523,0.002212601713836193
334,4,4,0.9999974966049194,1.0673939868866e-05,normal,0.0,0.0,0.004380658734589815,0.03579963743686676,0.4686726927757263,0.4911469519138336
335,4,4,0.9999210834503174,0.00022996356710791588,normal,0.0,0.0,0.7529696822166443,0.03862762451171875,0.0009405551827512681,0.2074621468782425
336,4,4,0.9999823570251465,5.9125010011484846e-05,normal,0.0,0.0,0.00164727249648422,0.005487584043294191,0.0015032181981950998,0.9913619160652161
337,4,4,0.9989137649536133,0.0023094110656529665,normal,0.0,0.0,0.007576049771159887,0.9908421039581299,0.000586859358008951,0.0009949196828529239
338,4,4,0.9999978542327881,9.452443009649869e-06,normal,0.0,0.0,0.03735508397221565,0.7082482576370239,0.02000969834625721,0.23438696563243866
339,4,4,0.9999992847442627,3.3621031434449833e-06,normal,0.0,0.0,0.3972555100917816,9.99999993922529e-09,9.99999993922529e-09,0.602744460105896
340,4,4,0.9999990463256836,4.190771505818702e-06,normal,0.0,0.0,4.1014456655830145e-05,0.0297522135078907,0.061683617532253265,0.9085231423377991
341,4,4,0.9999908208847046,3.4956079616677016e-05,normal,0.0,0.0,0.12636221945285797,0.5206354856491089,0.23117339611053467,0.12182887643575668
342,4,4,0.9999982118606567,7.756883860565722e-06,normal,0.0,0.0,0.05267462879419327,0.10048812627792358,0.35726332664489746,0.48957395553588867
343,4,4,0.9999980926513672,8.21413141238736e-06,normal,0.0,0.0,0.0033786252606660128,0.5354800820350647,0.035238247364759445,0.4259030520915985
344,4,4,0.9999992847442627,3.453122417340637e-06,normal,0.0,0.0,0.02489221654832363,0.06466089189052582,0.027227455750107765,0.8832193613052368
345,4,4,0.9999969005584717,1.3057923752057832e-05,normal,0.0,0.0,0.1280897855758667,0.07431265711784363,0.5065433979034424,0.2910541594028473
346,4,4,0.9999959468841553,1.5954801710904576e-05,normal,0.0,0.0,0.35257819294929504,0.014106037095189095,0.26043033599853516,0.37288543581962585
347,4,4,0.9999995231628418,2.9549230475822696e-06,normal,0.0,0.0,0.15315327048301697,0.29472994804382324,0.26760101318359375,0.28451576828956604
348,4,4,0.9999991655349731,3.982772796007339e-06,normal,0.0,0.0,0.0006950842798687518,0.001405730377882719,0.006355212070047855,0.9915438890457153
349,4,4,0.9999980926513672,7.449742497556144e-06,normal,0.0,0.0,0.007566860876977444,0.0006593799334950745,0.002888072980567813,0.9888857007026672
350,4,4,0.9999984502792358,7.362396900134627e-06,normal,0.0,0.0,0.005513233598321676,0.08313125371932983,0.2936546802520752,0.6177008748054504
351,4,4,0.9999947547912598,1.9627677829703316e-05,normal,0.0,0.0,0.16754953563213348,0.5414429306983948,0.016483822837471962,0.27452367544174194
352,4,4,0.999997615814209,9.537217010802124e-06,normal,0.0,0.0,0.029753664508461952,0.010930710472166538,0.07950525730848312,0.8798103928565979
353,4,4,0.9998817443847656,0.000347850495018065,normal,0.0,0.0,0.020140381529927254,0.005931554827839136,0.09461582452058792,0.8793122172355652
354,4,4,0.9999923706054688,2.9196062314440496e-05,normal,0.0,0.0,0.2363881915807724,0.2957359254360199,0.2944011986255646,0.17347468435764313
355,4,4,0.595593273639679,0.1831130087375641,normal,0.0,0.0,0.22598521411418915,0.47710007429122925,0.18718558549880981,0.1097290888428688
356,4,4,0.9999948740005493,1.993153455259744e-05,normal,0.0,0.0,0.14864200353622437,0.006322922650724649,0.2603352665901184,0.584699809551239
357,4,4,0.999996542930603,1.3628963642986491e-05,normal,0.0,0.0,0.003815920790657401,0.010484421625733376,0.00043850892689079046,0.985261082649231
358,4,4,0.9999996423721313,1.6062560916907387e-06,normal,0.0,0.0,9.99999993922529e-09,0.03501979261636734,0.08119598031044006,0.8837841749191284
359,4,4,0.9999994039535522,2.684452738321852e-06,normal,0.0,0.0,0.1735474020242691,9.99999993922529e-09,9.99999993922529e-09,0.8264525532722473
360,4,4,0.99996018409729,0.00014562239812221378,normal,0.0,0.0,0.05811170116066933,0.007691415026783943,0.06063958629965782,0.8735572695732117
361,4,4,0.9999970197677612,1.1959330549871083e-05,normal,0.0,0.0,0.003649061778560281,0.005258997902274132,0.04591718688607216,0.9451747536659241
362,4,4,0.9999933242797852,2.635273449413944e-05,normal,0.0,0.0,5.378461537475232e-06,9.33548653847538e-06,1.737109232635703e-05,0.9999678730964661
363,4,4,0.9999685287475586,0.00011610703950282186,normal,0.0,0.0,0.00831237155944109,0.03502455726265907,0.9558472037315369,0.0008159143035300076
364,4,4,0.9999982118606567,7.304862265300471e-06,normal,0.0,0.0,0.0062851510010659695,0.7682307958602905,0.0017848507268354297,0.2236991673707962
365,4,4,0.9996349811553955,0.0009745346615090966,normal,0.0,0.0,0.024176720529794693,0.2955265939235687,0.046343058347702026,0.6339536309242249
366,4,4,0.9999954700469971,1.9677680029417388e-05,normal,0.0,0.0,0.004201090428978205,0.9645636081695557,0.022266335785388947,0.008968937210738659
367,4,4,0.9999010562896729,0.0003029376093763858,normal,0.0,0.0,0.0009226218680851161,0.997967541217804,0.00012068382056895643,0.000989142688922584
368,4,4,0.9999910593032837,3.3016771340044215e-05,normal,0.0,0.0,0.00045723433140665293,0.31245842576026917,0.009655763395130634,0.6774285435676575
369,4,4,0.9999969005584717,1.3875124750484247e-05,normal,0.0,0.0,0.05606582760810852,0.02092844806611538,0.09565079212188721,0.8273549675941467
370,5,5,0.9999512434005737,0.00016966721159406006,normal,0.0,0.0,0.005016363225877285,0.9850170016288757,0.0012021599104627967,0.008764551021158695
371,5,5,0.999992847442627,2.9161741622374393e-05,normal,0.0,0.0,0.15341250598430634,0.7902382016181946,0.012716706842184067,0.04363257437944412
372,5,5,0.9999651908874512,0.00011939268733840436,normal,0.0,0.0,0.11686675995588303,0.8213496804237366,0.04325998201966286,0.018523573875427246
373,5,5,0.9999878406524658,4.864874790655449e-05,normal,0.0,0.0,0.21797244250774384,0.6746814846992493,0.029373254626989365,0.07797276973724365
374,5,5,0.9999814033508301,6.557045708177611e-05,normal,0.0,0.0,0.8653908371925354,0.11310028284788132,0.003661406459286809,0.017847495153546333
375,5,5,0.999990701675415,3.774242213694379e-05,normal,0.0,0.0,0.21709507703781128,0.6117696762084961,0.0328795500099659,0.138255774974823
376,5,5,0.999990701675415,3.7432462704600766e-05,normal,0.0,0.0,0.026595665141940117,0.908362627029419,0.04899464175105095,0.016047030687332153
377,5,5,0.9999852180480957,5.5134962167358026e-05,normal,0.0,0.0,0.3082970082759857,0.5628497004508972,0.036823567003011703,0.09202978760004044
378,5,5,0.9999918937683105,3.299201125628315e-05,normal,0.0,0.0,0.09663348644971848,0.8201069235801697,0.06423541158437729,0.019024202600121498
379,5,5,0.999974250793457,8.988440094981343e-05,normal,0.0,0.0,0.41319265961647034,0.10575763136148453,0.41089800000190735,0.0701516717672348
380,5,5,0.9999889135360718,4.464978337637149e-05,normal,0.0,0.0,0.04109995812177658,0.756797194480896,0.14889535307884216,0.05320745334029198
381,5,5,0.9999741315841675,9.271042654290795e-05,normal,0.0,0.0,0.020058762282133102,0.902934730052948,0.04762914031744003,0.029377344995737076
382,5,5,0.9999939203262329,2.5371960873599164e-05,normal,0.0,0.0,0.08738595247268677,0.8826469779014587,0.020497411489486694,0.009469631128013134
383,5,5,0.9999918937683105,3.287387880845927e-05,normal,0.0,0.0,0.032327473163604736,0.920698881149292,0.037023305892944336,0.009950431063771248
384,5,5,0.9997487664222717,0.0007096128538250923,normal,0.0,0.0,0.1535632163286209,0.22027769684791565,0.06305958330631256,0.5630995035171509
385,5,5,0.999679684638977,0.0008668765076436102,normal,0.0,0.0,0.9296702146530151,0.05550936609506607,0.0017427979037165642,0.01307764183729887
386,5,5,0.9999876022338867,4.822459231945686e-05,normal,0.0,0.0,0.041715048253536224,0.892983615398407,0.0135538624599576,0.05174752697348595
387,5,5,0.9999701976776123,0.00010306738113285974,normal,0.0,0.0,0.06915315240621567,0.9057645201683044,0.012538164854049683,0.012544108554720879
388,5,5,0.9999810457229614,7.176308281486854e-05,normal,0.0,0.0,0.11531127989292145,0.8305179476737976,0.03682848438620567,0.01734231412410736
389,5,5,0.9993463158607483,0.0019137779017910361,normal,0.0,0.0,0.2380758672952652,0.6281244158744812,0.12083441019058228,0.012965326197445393
390,5,5,0.9999873638153076,4.998109943699092e-05,normal,0.0,0.0,0.03492246940732002,0.8502095341682434,0.06943130493164062,0.04543665051460266
391,5,5,0.9965838193893433,0.006343248300254345,normal,0.0,0.0,0.9573395848274231,0.03884679079055786,0.002359921345487237,0.0014537357492372394
392,5,5,0.9999655485153198,0.00011887179425684735,normal,0.0,0.0,0.74281245470047,0.25183582305908203,0.0018142471089959145,0.003537391312420368
393,5,5,0.9999803304672241,7.193680357886478e-05,normal,0.0,0.0,0.3090563118457794,0.5280033946037292,0.07746044546365738,0.08547985553741455
394,5,5,0.9999873638153076,4.870013435720466e-05,normal,0.0,0.0,0.03767285868525505,0.9199931025505066,0.015817005187273026,0.02651705965399742
395,5,5,0.999982476234436,6.671245500911027e-05,normal,0.0,0.0,0.058212440460920334,0.9203698635101318,0.0008074532961472869,0.02061021327972412
396,5,5,0.9999923706054688,3.17691192321945e-05,normal,0.0,0.0,0.09102868288755417,0.6287198662757874,0.12993194162845612,0.15031951665878296
397,5,5,0.9997827410697937,0.0006418430712074041,normal,0.0,0.0,0.9201682806015015,0.021414948627352715,0.04256325215101242,0.015853535383939743
398,5,5,0.9999959468841553,1.765717752277851e-05,normal,0.0,0.0,0.20665104687213898,0.7540764212608337,0.012759019620716572,0.026513539254665375
399,5,5,0.9995976090431213,0.001053507556207478,normal,0.0,0.0,0.991308331489563,0.0022370372898876667,0.0023164611775428057,0.004138180520385504
400,5,5,0.9974313378334045,0.005628552287817001,normal,0.0,0.0,0.8086294531822205,0.17830097675323486,0.002967329928651452,0.010102225467562675
401,5,5,0.9999889135360718,4.363315019872971e-05,normal,0.0,0.0,0.25167301297187805,0.5523366928100586,0.02903045527637005,0.16695985198020935
402,5,5,0.9999912977218628,3.5852601286023855e-05,normal,0.0,0.0,0.06013207882642746,0.8814853429794312,0.0457136295735836,0.012668912298977375
403,5,5,0.9996943473815918,0.0008840381051413715,normal,0.0,0.0,0.9806047081947327,0.01665583811700344,0.0010349646909162402,0.0017045517452061176
404,5,5,0.999984622001648,5.8081510360352695e-05,normal,0.0,0.0,0.02344023436307907,0.8263959884643555,0.11224104464054108,0.0379226915538311
405,5,5,0.9999949932098389,2.0908379156026058e-05,normal,0.0,0.0,0.09367440640926361,0.8416494727134705,0.03521311655640602,0.029462995007634163
406,5,5,0.9999922513961792,3.214979369658977e-05,normal,0.0,0.0,0.17848210036754608,0.7501789331436157,0.019106706604361534,0.05223221331834793
407,5,5,0.9999936819076538,2.6968202291755006e-05,normal,0.0,0.0,0.015822304412722588,0.9786266684532166,0.0027406837325543165,0.0028103156946599483
408,5,5,0.999977707862854,8.346448157681152e-05,normal,0.0,0.0,0.7832188606262207,0.07591206580400467,0.1343536674976349,0.0065155066549777985
409,5,15,0.8300741314888,0.16740915179252625,normal,0.0,0.0,0.1062091663479805,0.8759236335754395,0.008556888438761234,0.009310301393270493
410,5,5,0.9994713664054871,0.0013038550969213247,normal,0.0,0.0,0.9851311445236206,0.002435884205624461,0.0005009274464100599,0.011932025663554668
411,5,5,0.9999880790710449,4.7467539843637496e-05,normal,0.0,0.0,0.18279306590557098,0.47375354170799255,0.16728313267230988,0.1761702597141266
412,5,5,0.9999911785125732,3.606798418331891e-05,normal,0.0,0.0,0.019255217164754868,0.9597405791282654,0.011749985627830029,0.009254233911633492
413,5,5,0.9999158382415771,0.00027598493034020066,normal,0.0,0.0,0.032855529338121414,0.9051302671432495,0.023806003853678703,0.03820813074707985
414,5,5,0.9999889135360718,4.263444134267047e-05,normal,0.0,0.0,0.12701231241226196,0.7554856538772583,0.028883682563900948,0.08861836045980453
415,5,5,0.9999687671661377,0.00010929347627097741,normal,0.0,0.0,0.04669848456978798,0.8976989984512329,0.01961592026054859,0.03598654270172119
416,5,5,0.9996333122253418,0.0009514644625596702,normal,0.0,0.0,0.00029505370184779167,0.9973150491714478,0.0015195049345493317,0.0008703076164238155
417,5,5,0.9999775886535645,7.984926196513698e-05,normal,0.0,0.0,0.29733315110206604,0.5671423077583313,0.08174405246973038,0.05378052219748497
418,5,5,0.9999897480010986,4.1571431211195886e-05,normal,0.0,0.0,0.16481563448905945,0.7240582704544067,0.041460663080215454,0.06966538727283478
419,5,5,0.9999896287918091,4.118914876016788e-05,normal,0.0,0.0,0.23275324702262878,0.7597751617431641,0.002074440708383918,0.005397209897637367
420,5,5,0.9999613761901855,0.00013500152272172272,normal,0.0,0.0,0.662222683429718,0.008851498365402222,0.32779309153556824,0.0011327477404847741
421,5,5,0.9999651908874512,0.00012361914559733123,normal,0.0,0.0,0.5276604890823364,0.1369556188583374,0.3222365379333496,0.013147351332008839
422,5,5,0.9999192953109741,0.0002639101876411587,normal,0.0,0.0,0.018172726035118103,0.9677959084510803,0.0073744007386267185,0.006656921934336424
423,5,5,0.9999804496765137,7.065283716656268e-05,normal,0.0,0.0,0.4892233610153198,0.49715718626976013,0.002229271922260523,0.011390193365514278
424,5,5,0.9984747767448425,0.0034964149817824364,normal,0.0,0.0,0.9461200833320618,0.03346897289156914,0.0035360874608159065,0.016874829307198524
425,5,5,0.9999239444732666,0.0002448436862323433,normal,0.0,0.0,0.01706693321466446,0.9774048328399658,0.0011687244987115264,0.004359470214694738
426,5,5,0.999984622001648,5.9767986385850236e-05,normal,0.0,0.0,0.07873353362083435,0.8925982713699341,0.018615035340189934,0.010053242556750774
427,5,5,0.9999784231185913,7.805677887517959e-05,normal,0.0,0.0,0.9149700999259949,0.0578828789293766,0.01080398354679346,0.01634299010038376
428,5,5,0.9998014569282532,0.0005429534357972443,normal,0.0,0.0,0.9869138598442078,0.004122427199035883,0.005172572564333677,0.003791063791140914
429,5,5,0.9999840259552002,6.138352182460949e-05,normal,0.0,0.0,0.1877930611371994,0.6993428468704224,0.011900302954018116,0.1009637713432312
430,5,5,0.9999934434890747,2.7008301913156174e-05,normal,0.0,0.0,0.42584526538848877,0.5117665529251099,0.024801304563879967,0.03758688271045685
431,5,5,0.9999858140945435,5.480999971041456e-05,normal,0.0,0.0,0.026693424209952354,0.9072870016098022,0.047329436987638474,0.01869017630815506
432,5,5,0.9999840259552002,5.8729812735691667e-05,normal,0.0,0.0,0.9215790033340454,0.06451545655727386,0.009645997546613216,0.004259501583874226
433,5,5,0.9999878406524658,4.7813991841394454e-05,normal,0.0,0.0,0.13417431712150574,0.7863659262657166,0.03313906490802765,0.046320654451847076
434,5,5,0.999990701675415,3.672777529573068e-05,normal,0.0,0.0,0.07022003084421158,0.8305323123931885,0.07663510739803314,0.02261260151863098
435,5,5,0.9999953508377075,2.003616828005761e-05,normal,0.0,0.0,0.11255072057247162,0.8214709162712097,0.02279403619468212,0.04318433254957199
436,5,5,0.9992761015892029,0.0017040896927937865,normal,0.0,0.0,0.023517021909356117,0.38415810465812683,0.19843946397304535,0.39388537406921387
437,5,5,0.9999394416809082,0.00018794636707752943,normal,0.0,0.0,0.2882445454597473,0.019110994413495064,0.69035804271698,0.0022864649072289467
438,5,5,0.9999921321868896,3.232535891584121e-05,normal,0.0,0.0,0.03328102082014084,0.9181576371192932,0.025393357500433922,0.023168018087744713
439,5,5,0.9999915361404419,3.404547169338912e-05,normal,0.0,0.0,0.3456459939479828,0.5960507392883301,0.0025354111567139626,0.055767882615327835
440,5,5,0.9999836683273315,6.409494380932301e-05,normal,0.0,0.0,0.06851572543382645,0.9013628363609314,0.014039888046681881,0.01608155108988285
441,5,5,0.9998968839645386,0.00031297458917833865,normal,0.0,0.0,0.9386448264122009,0.05585017055273056,0.003256057156249881,0.0022489381954073906
442,5,5,0.9999868869781494,5.194181721890345e-05,normal,0.0,0.0,0.37136176228523254,0.41207951307296753,0.19748032093048096,0.019078414887189865
443,5,5,0.9999520778656006,0.0001605229190317914,normal,0.0,0.0,0.9857410788536072,0.008993095718324184,0.0032451122533529997,0.0020207588095217943
444,5,5,0.9999487400054932,0.0001650444755796343,normal,0.0,0.0,0.9259740114212036,0.06172464042901993,0.001765520661137998,0.01053578406572342
445,5,5,0.9999693632125854,0.0001095519692171365,normal,0.0,0.0,0.09280967712402344,0.8459275960922241,0.03684237226843834,0.024420371279120445
446,5,5,0.9999877214431763,4.7778754378668964e-05,normal,0.0,0.0,0.08440428227186203,0.8845205903053284,0.006078585051000118,0.02499649114906788
447,5,5,0.9999895095825195,4.2741936340462416e-05,normal,0.0,0.0,0.06292915344238281,0.8004418611526489,0.0681919977068901,0.06843692809343338
448,5,5,0.999969482421875,0.00010250515333609655,normal,0.0,0.0,0.7875844836235046,0.2013433426618576,0.009555896744132042,0.001516264397650957
449,5,5,0.999991774559021,3.369675323483534e-05,normal,0.0,0.0,0.011047767475247383,0.9773426055908203,0.0057713864371180534,0.005838265176862478
450,5,5,0.9948935508728027,0.008940803818404675,normal,0.0,0.0,0.22966785728931427,0.7657073140144348,0.004224182106554508,0.00040070313843898475
451,5,5,0.999993085861206,2.9053337129880674e-05,normal,0.0,0.0,0.42404845356941223,0.4861629903316498,0.025243759155273438,0.06454490125179291
452,5,5,0.9999843835830688,5.7574357924750075e-05,normal,0.0,0.0,0.5575684905052185,0.3774733245372772,0.03638733923435211,0.028570881113409996
453,5,5,0.9999282360076904,0.00023917989165056497,normal,0.0,0.0,0.032184019684791565,0.9509586095809937,0.009813484735786915,0.007043946068733931
454,5,5,0.9999902248382568,4.010323027614504e-05,normal,0.0,0.0,0.11442176252603531,0.7393956184387207,0.034154415130615234,0.11202824115753174
455,5,5,0.9999916553497314,3.407476106076501e-05,normal,0.0,0.0,0.033720724284648895,0.8305712342262268,0.1037302166223526,0.031977809965610504
456,5,5,0.9999808073043823,7.508402632083744e-05,normal,0.0,0.0,0.007493371143937111,0.9720743894577026,0.011776036582887173,0.00865625124424696
457,5,5,0.9999892711639404,4.2569899960653856e-05,normal,0.0,0.0,0.23617792129516602,0.5307338237762451,0.09930719435214996,0.1337810605764389
458,5,5,0.9992546439170837,0.0019322275184094906,normal,0.0,0.0,0.8384969830513,0.05746966227889061,0.026593264192342758,0.07744002342224121
459,5,5,0.9998825788497925,0.0003510676615405828,normal,0.0,0.0,0.6526160836219788,0.20856155455112457,0.11063122004270554,0.02819109335541725
460,5,5,0.9999927282333374,2.9663728128070943e-05,normal,0.0,0.0,0.167455792427063,0.8145845532417297,0.013055073097348213,0.004904603585600853
461,5,5,0.9995438456535339,0.001312347943894565,normal,0.0,0.0,0.1752343773841858,0.7530567646026611,0.042919255793094635,0.02878963202238083
462,5,5,0.999985933303833,5.5421893193852156e-05,normal,0.0,0.0,0.11879880726337433,0.8391515612602234,0.029812483116984367,0.012237121351063251
463,5,5,0.9999548196792603,0.00015608948888257146,normal,0.0,0.0,0.08258988708257675,0.7164055109024048,0.13467276096343994,0.06633179634809494
464,5,5,0.9999829530715942,6.440048309741542e-05,normal,0.0,0.0,0.19795012474060059,0.6268765926361084,0.02259238064289093,0.15258090198040009
465,5,5,0.9999474287033081,0.00018041605653706938,normal,0.0,0.0,0.013672437518835068,0.9749640226364136,0.0029728366062045097,0.008390716277062893
466,5,5,0.9999923706054688,3.144737638649531e-05,normal,0.0,0.0,0.02017918974161148,0.9119214415550232,0.020598219707608223,0.04730117693543434
467,5,5,0.9999608993530273,0.0001305029436480254,normal,0.0,0.0,0.014826437458395958,0.9456732273101807,0.0174579881131649,0.022042391821742058
468,5,5,0.7561553716659546,0.15318822860717773,normal,0.0,0.0,0.33296287059783936,0.07959349453449249,0.4471956491470337,0.14024803042411804
469,5,5,0.998313307762146,0.003520779311656952,normal,0.0,0.0,0.001785136992111802,0.13541828095912933,0.8585770130157471,0.004219647962599993
470,6,6,0.9999778270721436,8.116856770357117e-05,normal,0.0,0.0,0.2240784615278244,0.4024994373321533,0.2988888919353485,0.07453328371047974
471,6,6,0.999954104423523,0.00016286557365674525,normal,0.0,0.0,0.010520719923079014,0.026119433343410492,0.942604124546051,0.02075578272342682
472,6,6,0.9997251629829407,0.000739232636988163,normal,0.0,0.0,0.01785244792699814,0.4785071015357971,0.4416583776473999,0.06198209151625633
473,6,6,0.9920035004615784,0.013948528096079826,normal,0.0,0.0,0.026836533099412918,0.8000302910804749,0.1555744707584381,0.017558710649609566
474,6,6,0.9999269247055054,0.00024104992917273194,normal,0.0,0.0,0.14219214022159576,0.10278238356113434,0.6162833571434021,0.1387420892715454
475,6,6,0.9226471185684204,0.09023844450712204,normal,0.0,0.0,0.09870332479476929,0.12413609772920609,0.7274180054664612,0.049742527306079865
476,6,6,0.9999306201934814,0.00022187252761796117,normal,0.0,0.0,0.32737091183662415,0.4404503107070923,0.20416882634162903,0.02800988219678402
477,6,6,0.9990527033805847,0.0022250262554734945,normal,0.0,0.0,0.10450344532728195,0.005808220244944096,0.8528661727905273,0.036822203546762466
478,6,6,0.9999778270721436,8.333448931807652e-05,normal,0.0,0.0,0.5418587923049927,0.21222127974033356,0.18687959015369415,0.05904029309749603
479,6,10,0.9608439803123474,0.04832034930586815,normal,0.0,0.0,0.0050413841381669044,0.38584184646606445,0.586564302444458,0.02255241945385933
480,6,6,0.999782383441925,0.0006130063557066023,normal,0.0,0.0,0.2284763902425766,0.7564146518707275,0.012828055769205093,0.002280845772475004
481,6,6,0.9998077750205994,0.0005647017969749868,normal,0.0,0.0,0.07295872271060944,0.626380980014801,0.26009753346443176,0.04056276008486748
482,6,6,0.9995535016059875,0.0011518762912601233,normal,0.0,0.0,0.025993620976805687,0.9683487415313721,0.003569880034774542,0.0020877444185316563
483,6,6,0.9982062578201294,0.004116058815270662,normal,0.0,0.0,0.09175270795822144,0.2322556972503662,0.6322212815284729,0.043770335614681244
484,6,6,0.9965379238128662,0.006445284467190504,normal,0.0,0.0,0.038989756256341934,0.46374207735061646,0.38672852516174316,0.11053971201181412
485,6,6,0.9999611377716064,0.00014072815247345716,normal,0.0,0.0,0.014996250160038471,0.4943380355834961,0.4453175663948059,0.045348215848207474
486,6,6,0.9999077320098877,0.00028756094980053604,normal,0.0,0.0,0.1771738976240158,0.5617150664329529,0.12440787255764008,0.13670308887958527
487,6,15,0.9995515942573547,0.0012686090776696801,normal,0.0,0.0,0.006010903976857662,0.12959517538547516,0.8572983145713806,0.0070955706760287285
488,6,6,0.9986783862113953,0.002989061875268817,normal,0.0,0.0,0.26038751006126404,0.15253740549087524,0.37589606642723083,0.21117903292179108
489,6,6,0.9490756392478943,0.057428523898124695,normal,0.0,0.0,0.05842340365052223,0.6891506910324097,0.11680121719837189,0.13562463223934174
490,7,7,0.9994811415672302,0.0013695553643628955,normal,0.0,0.0,0.37658071517944336,0.23027245700359344,0.10286274552345276,0.29028406739234924
491,7,7,0.9999809265136719,7.40709001547657e-05,normal,0.0,0.0,0.028530925512313843,0.04257360100746155,0.028202198445796967,0.9006932377815247
492,7,7,0.9999915361404419,3.536465737852268e-05,normal,0.0,0.0,0.1300583779811859,0.3951011300086975,0.034101538360118866,0.4407390356063843
493,7,7,0.9999678134918213,0.00011402199015719816,normal,0.0,0.0,0.4132809638977051,0.1811741441488266,0.048249125480651855,0.3572957515716553
494,7,7,0.9998917579650879,0.00033712986623868346,normal,0.0,0.0,0.45606616139411926,0.28616565465927124,0.1338900774717331,0.12387806922197342
495,7,7,0.99998939037323,4.230892227496952e-05,normal,0.0,0.0,0.13430903851985931,0.39736583828926086,0.1580193042755127,0.3103058338165283
496,7,7,0.9999105930328369,0.0002710155677050352,normal,0.0,0.0,0.4026168882846832,0.29437240958213806,0.2584114372730255,0.04459919407963753
497,7,7,0.9999501705169678,0.00016882816271390766,normal,0.0,0.0,0.0831206813454628,0.47096386551856995,0.31234386563301086,0.13357165455818176
498,7,7,0.9999926090240479,3.0242443244787864e-05,normal,0.0,0.0,0.16597044467926025,0.3771188259124756,0.018457608297467232,0.4384530782699585
499,7,7,0.9999170303344727,0.00027303912793286145,normal,0.0,0.0,0.0006250255391933024,0.004403929226100445,0.0022638882510364056,0.9927071332931519
500,7,7,0.9999786615371704,7.80872578616254e-05,normal,0.0,0.0,0.27592387795448303,0.2673020660877228,0.08656901121139526,0.3702050745487213
501,7,7,0.9999600648880005,0.00014046004798728973,normal,0.0,0.0,0.08788275718688965,0.32037031650543213,0.2704601585865021,0.32128676772117615
502,7,7,0.9999902248382568,3.969473982579075e-05,normal,0.0,0.0,0.017795449122786522,0.8565267324447632,0.019544918090105057,0.1061328798532486
503,7,7,0.9999853372573853,5.8025718317367136e-05,normal,0.0,0.0,0.06379293650388718,0.15708152949810028,0.1353781670331955,0.6437473297119141
504,7,7,0.9999903440475464,4.035843812744133e-05,normal,0.0,0.0,0.3971063196659088,0.29638734459877014,0.09097649902105331,0.21552979946136475
505,7,7,0.9999856948852539,5.482448250404559e-05,normal,0.0,0.0,0.10257694870233536,0.2887391746044159,0.5068111419677734,0.1018727570772171
506,7,7,0.9999911785125732,3.609025225159712e-05,normal,0.0,0.0,0.014521386474370956,0.6420696973800659,0.0018794536590576172,0.3415294289588928
507,7,7,0.9999512434005737,0.00017067856970243156,normal,0.0,0.0,0.6045466661453247,0.17580997943878174,0.12222721427679062,0.09741611033678055
508,7,7,0.9999706745147705,0.00010625703725963831,normal,0.0,0.0,0.42106106877326965,0.3451833128929138,0.12963680922985077,0.10411881655454636
509,7,7,0.9999895095825195,4.2403244151500985e-05,normal,0.0,0.0,0.15335899591445923,0.5234860777854919,0.07433643192052841,0.24881857633590698
510,7,7,0.9999772310256958,8.75333571457304e-05,normal,0.0,0.0,0.1493670791387558,0.3967893719673157,0.140401229262352,0.3134423494338989
511,7,7,0.9960836172103882,0.007367641665041447,normal,0.0,0.0,0.0060346294194459915,0.044298239052295685,0.004497334361076355,0.9451698064804077
512,7,7,0.9999228715896606,0.00025877958978526294,normal,0.0,0.0,0.41218793392181396,0.30371057987213135,0.12003134936094284,0.16407012939453125
513,7,7,0.9999911785125732,3.6279721825849265e-05,normal,0.0,0.0,0.06985189765691757,0.4436139166355133,0.33266422152519226,0.15386995673179626
514,7,7,0.9996015429496765,0.001005674945190549,normal,0.0,0.0,0.0668138638138771,0.6772561073303223,0.08942469209432602,0.1665053516626358
515,7,7,0.9999709129333496,0.0001087727869162336,normal,0.0,0.0,0.21347813308238983,0.4063436985015869,0.3390776515007019,0.04110049083828926
516,7,7,0.9999843835830688,6.016308179823682e-05,normal,0.0,0.0,0.05485377460718155,0.6121113300323486,0.20654940605163574,0.12648546695709229
517,7,7,0.9999028444290161,0.00030095165129750967,normal,0.0,0.0,0.14265483617782593,0.4883148968219757,0.13532285392284393,0.23370739817619324
518,7,7,0.9245138764381409,0.07611384242773056,normal,0.0,0.0,0.012750379741191864,0.012693081051111221,0.962026834487915,0.012529736384749413
519,7,7,0.9999556541442871,0.00014726052177138627,normal,0.0,0.0,0.8401630520820618,0.04707088693976402,0.08528522402048111,0.027480870485305786
520,7,7,0.999963641166687,0.00012304334086365998,normal,0.0,0.0,0.16357125341892242,0.1814296692609787,0.5881519317626953,0.06684722751379013
521,7,7,0.999993085861206,2.8056314476998523e-05,normal,0.0,0.0,0.13751453161239624,0.10645151138305664,0.6182215809822083,0.13781240582466125
522,7,7,0.9999717473983765,0.00010118808131664991,normal,0.0,0.0,0.10286825150251389,0.08982754498720169,0.7497766613960266,0.05752750113606453
523,7,7,0.9999786615371704,7.93081198935397e-05,normal,0.0,0.0,0.11602330207824707,0.11531566083431244,0.7289182543754578,0.03974274545907974
524,7,7,0.9999855756759644,5.417399370344356e-05,normal,0.0,0.0,0.1506490409374237,0.046747226268053055,0.34541428089141846,0.45718950033187866
525,7,7,0.9999830722808838,6.713244511047378e-05,normal,0.0,0.0,0.028142621740698814,0.7416946887969971,0.032026518136262894,0.19813616573810577
526,7,7,0.9999897480010986,4.23281999246683e-05,normal,0.0,0.0,0.029288528487086296,0.14611373841762543,0.028639784082770348,0.7959579825401306
527,7,7,0.9999872446060181,5.034659989178181e-05,normal,0.0,0.0,0.15439432859420776,0.4376225173473358,0.09091560542583466,0.31706759333610535
528,7,7,0.9999043941497803,0.00032395977177657187,normal,0.0,0.0,0.003953275736421347,0.9837965965270996,0.0050448826514184475,0.007205253001302481
529,7,7,0.9999876022338867,4.8884812713367864e-05,normal,0.0,0.0,0.08443573117256165,0.5608271956443787,0.21641390025615692,0.13832324743270874
530,7,7,0.9999887943267822,4.465353777050041e-05,normal,0.0,0.0,0.0812574177980423,0.4425254762172699,0.18058598041534424,0.29563114047050476
531,7,7,0.9999908208847046,3.708335498231463e-05,normal,0.0,0.0,0.09562895447015762,0.6907009482383728,0.017471494153141975,0.19619864225387573
532,7,7,0.9999402761459351,0.00020529283210635185,normal,0.0,0.0,0.16005799174308777,0.40195390582084656,0.1725717931985855,0.26541635394096375
533,7,7,0.9999737739562988,9.360949479741976e-05,normal,0.0,0.0,0.27622848749160767,0.2193501740694046,0.36305689811706543,0.1413644552230835
534,7,7,0.9999822378158569,6.938172737136483e-05,normal,0.0,0.0,0.5879215598106384,0.1488482803106308,0.12698115408420563,0.13624902069568634
535,7,7,0.999962329864502,0.00013471388956531882,normal,0.0,0.0,0.14195497334003448,0.10642731189727783,0.6948153972625732,0.05680236592888832
536,7,7,0.9524621963500977,0.055821944028139114,normal,0.0,0.0,0.21971404552459717,0.019092578440904617,0.20428170263767242,0.5569116473197937
537,7,7,0.9999798536300659,7.588510197820142e-05,normal,0.0,0.0,0.0798141360282898,0.22525843977928162,0.4118201434612274,0.28310728073120117
538,7,7,0.9999338388442993,0.00022988430282566696,normal,0.0,0.0,0.015754157677292824,0.2811761498451233,0.0009560345206409693,0.7021136283874512
539,7,7,0.9999738931655884,9.451225196244195e-05,normal,0.0,0.0,0.190841406583786,0.22328688204288483,0.3711719512939453,0.21469973027706146
540,7,7,0.9995903372764587,0.0011173352831974626,normal,0.0,0.0,0.01803741045296192,0.013575226068496704,0.2026485651731491,0.7657387852668762
541,7,7,0.9999864101409912,5.427766882348806e-05,normal,0.0,0.0,0.031074505299329758,0.8861038684844971,0.013335412368178368,0.06948629766702652
542,7,7,0.9999674558639526,0.00011820792860817164,normal,0.0,0.0,0.07375364005565643,0.8202497363090515,0.03593265265226364,0.07006391882896423
543,7,7,0.9999653100967407,0.00012063862232025713,normal,0.0,0.0,0.02199668623507023,0.03761524707078934,0.8155845999717712,0.12480344623327255
544,7,7,0.9996520280838013,0.0010126593988388777,normal,0.0,0.0,0.5248562693595886,0.31350257992744446,0.07412978261709213,0.08751142024993896
545,7,7,0.9999362230300903,0.00020471532479859889,normal,0.0,0.0,0.09117663651704788,0.4540269076824188,0.2373480647802353,0.2174484133720398
546,7,7,0.9999902248382568,3.9321010262938216e-05,normal,0.0,0.0,0.3941182792186737,0.47293832898139954,0.10883618891239166,0.024107186123728752
547,7,7,0.9999912977218628,3.601899152272381e-05,normal,0.0,0.0,0.4455280303955078,0.15083660185337067,0.08418282121419907,0.31945258378982544
548,7,7,0.9999743700027466,9.473803947912529e-05,normal,0.0,0.0,0.26221030950546265,0.13093715906143188,0.43951544165611267,0.16733713448047638
549,7,7,0.9998844861984253,0.00034286369918845594,normal,0.0,0.0,0.7665190696716309,0.08145197480916977,0.056184932589530945,0.09584403783082962
550,7,7,0.9999860525131226,5.4846143029863015e-05,normal,0.0,0.0,0.14757102727890015,0.33482158184051514,0.3042122423648834,0.2133951634168625
551,7,7,0.9999685287475586,0.00011063321289839223,normal,0.0,0.0,0.069731704890728,0.2537402808666229,0.33393704891204834,0.34259092807769775
552,7,7,0.9999909400939941,3.7079284084029496e-05,normal,0.0,0.0,0.1491125524044037,0.21460194885730743,0.5090332627296448,0.12725229561328888
553,7,7,0.9999693632125854,0.00010959174687741324,normal,0.0,0.0,0.13463100790977478,0.23420178890228271,0.3916357457637787,0.239531472325325
554,7,7,0.999962329864502,0.0001308513164985925,normal,0.0,0.0,0.17685379087924957,0.04344359040260315,0.6915303468704224,0.08817226439714432
555,7,7,0.9999420642852783,0.00020523475541267544,normal,0.0,0.0,0.01688220724463463,0.4580538272857666,0.03249802812933922,0.49256598949432373
556,7,7,0.9996726512908936,0.0008744770893827081,normal,0.0,0.0,0.012479173019528389,0.0050716400146484375,0.10771988332271576,0.8747292757034302
557,7,7,0.9999806880950928,7.576197094749659e-05,normal,0.0,0.0,0.10077742487192154,0.2204645872116089,0.09143758565187454,0.5873203873634338
558,7,7,0.9999896287918091,4.254395025782287e-05,normal,0.0,0.0,0.1906592696905136,0.32321518659591675,0.06169715151190758,0.42442843317985535
559,7,7,0.9999878406524658,4.8822981625562534e-05,normal,0.0,0.0,0.03272750601172447,0.12782545387744904,0.7678656578063965,0.07158142328262329
560,7,7,0.9998539686203003,0.00045862270053476095,normal,0.0,0.0,0.6748143434524536,0.030929910019040108,0.046634744852781296,0.24762099981307983
561,7,7,0.9999902248382568,3.9795722841518e-05,normal,0.0,0.0,0.26420482993125916,0.32614409923553467,0.05309382081031799,0.3565572500228882
562,7,7,0.9999682903289795,0.00010875894804485142,normal,0.0,0.0,0.17724743485450745,0.16585727035999298,0.571325957775116,0.08556929975748062
563,7,7,0.9999816417694092,7.174165511969477e-05,normal,0.0,0.0,0.07390513271093369,0.7061329483985901,0.15955621004104614,0.06040570139884949
564,7,7,0.9999864101409912,5.323502409737557e-05,normal,0.0,0.0,0.09898588061332703,0.19172558188438416,0.06905607134103775,0.640232503414154
565,7,7,0.9999896287918091,4.088504647370428e-05,normal,0.0,0.0,0.135430708527565,0.630709707736969,0.11343373358249664,0.12042585015296936
566,7,7,0.9892732501029968,0.01638280786573887,normal,0.0,0.0,0.02784731797873974,0.06421627104282379,0.8972572684288025,0.0106791527941823
567,7,7,0.9999545812606812,0.00016043173673097044,normal,0.0,0.0,0.05143069848418236,0.3849935531616211,0.057056691497564316,0.5065189599990845
568,7,7,0.99992835521698,0.00024172241683118045,normal,0.0,0.0,0.03742486983537674,0.14106641709804535,0.0037358994595706463,0.8177728056907654
569,7,7,0.999977707862854,8.472760964650661e-05,normal,0.0,0.0,0.20542079210281372,0.5199928283691406,0.0941544696688652,0.18043187260627747
570,7,7,0.9999772310256958,8.4544881246984e-05,normal,0.0,0.0,0.002763322787359357,0.9751452207565308,0.0030964198522269726,0.018995048478245735
571,7,7,0.9997922778129578,0.0006164653459563851,normal,0.0,0.0,0.017076855525374413,0.7164201736450195,0.01014098059386015,0.25636205077171326
572,7,7,0.9999136924743652,0.0002786292170640081,normal,0.0,0.0,0.20397187769412994,0.1323031634092331,0.17185281217098236,0.4918721616268158
573,7,7,0.999982476234436,6.686891720164567e-05,normal,0.0,0.0,0.10424122959375381,0.41901126503944397,0.27028143405914307,0.20646612346172333
574,7,7,0.999957799911499,0.00014519019168801606,normal,0.0,0.0,0.15219692885875702,0.17625054717063904,0.11593764275312424,0.5556148886680603
575,7,7,0.9997397065162659,0.0008089468465186656,normal,0.0,0.0,0.13546638190746307,0.3275061547756195,0.3419187664985657,0.19510877132415771
576,7,7,0.9999438524246216,0.00019348571368027478,normal,0.0,0.0,0.12785591185092926,0.38757744431495667,0.31657642126083374,0.16799023747444153
577,7,7,0.9999799728393555,7.54226857679896e-05,normal,0.0,0.0,0.20749567449092865,0.19099825620651245,0.4961681663990021,0.10533790290355682
578,7,7,0.9999352693557739,0.0002161037118639797,normal,0.0,0.0,0.2786400616168976,0.3254392445087433,0.08126369118690491,0.3146570324897766
579,7,7,0.9999909400939941,3.738739178515971e-05,normal,0.0,0.0,0.3993411362171173,0.16780072450637817,0.05274438485503197,0.38011378049850464
580,7,7,0.9999803304672241,7.407789962599054e-05,normal,0.0,0.0,0.031481362879276276,0.0683869868516922,0.38020309805870056,0.5199285745620728
581,7,7,0.999975323677063,9.418424451723695e-05,normal,0.0,0.0,0.05083784833550453,0.04462069645524025,0.011971620842814445,0.892569899559021
582,7,7,0.99997878074646,7.834300049580634e-05,normal,0.0,0.0,0.1942334920167923,0.16845133900642395,0.0516974963247776,0.5856176614761353
583,7,7,0.9999794960021973,7.851199916331097e-05,normal,0.0,0.0,0.07203635573387146,0.8416650295257568,0.05697678402066231,0.0293218195438385
584,7,7,0.9999918937683105,3.3539621654199436e-05,normal,0.0,0.0,0.13283665478229523,0.549160897731781,0.24988168478012085,0.0681208148598671
585,7,7,0.9999626874923706,0.00013250301708467305,normal,0.0,0.0,0.04371880739927292,0.6143494844436646,0.2329169511795044,0.10901474952697754
586,7,7,0.9999850988388062,5.900210089748725e-05,normal,0.0,0.0,0.1045941412448883,0.7896375060081482,0.08847060799598694,0.01729775220155716
587,7,7,0.9999343156814575,0.00021118842414580286,normal,0.0,0.0,0.12362141162157059,0.4193815588951111,0.40140852332115173,0.05558844283223152
588,7,7,0.9999603033065796,0.0001380489848088473,normal,0.0,0.0,0.3629746437072754,0.2664032280445099,0.1360088288784027,0.234613299369812
589,7,7,0.9999827146530151,6.782892887713388e-05,normal,0.0,0.0,0.17489223182201385,0.36120688915252686,0.2600306570529938,0.2038702368736267
590,8,8,0.999992847442627,2.8970272978767753e-05,normal,0.0,0.0,9.99999993922529e-09,0.3008451759815216,0.22373467683792114,0.47542014718055725
591,8,8,0.9999790191650391,6.992292765062302e-05,normal,0.0,0.0,0.3402136266231537,0.0497119203209877,0.4291050434112549,0.1809694468975067
592,8,8,0.9999943971633911,2.2707363314111717e-05,normal,0.0,0.0,0.19822250306606293,0.16512250900268555,0.556589663028717,0.0800652951002121
593,8,8,0.9998470544815063,0.00046963075874373317,normal,0.0,0.0,0.1729356348514557,0.020030777901411057,0.17653241753578186,0.6305012106895447
594,8,8,0.9999876022338867,4.469777923077345e-05,normal,0.0,0.0,0.008125916123390198,0.019857482984662056,0.8559038043022156,0.11611282080411911
595,8,8,0.6972571015357971,0.16739016771316528,normal,0.0,0.0,0.042119480669498444,0.14902091026306152,0.027251342311501503,0.7816082835197449
596,8,8,0.999864935874939,0.00042592661338858306,normal,0.0,0.0,0.16887308657169342,0.16945943236351013,0.6192834973335266,0.04238404706120491
597,8,8,0.9999760389328003,8.513766078976914e-05,normal,0.0,0.0,0.09259241074323654,0.10001819580793381,0.6009598970413208,0.20642946660518646
598,8,8,0.8917483687400818,0.09479521960020065,normal,0.0,0.0,0.02599329501390457,0.8655053377151489,0.09734483063220978,0.01115654781460762
599,8,8,0.9999711513519287,9.612646681489423e-05,normal,0.0,0.0,0.5172969698905945,0.2451144903898239,0.21060729026794434,0.026981255039572716
600,8,8,0.9999980926513672,8.896313374862075e-06,normal,0.0,0.0,0.2536703050136566,0.11310544610023499,0.09444357454776764,0.538780689239502
601,8,8,0.9999979734420776,8.856804015522357e-06,normal,0.0,0.0,0.04125548154115677,0.13499422371387482,0.8129426836967468,0.010807540267705917
602,8,8,0.9999984502792358,6.631944415858015e-06,normal,0.0,0.0,9.99999993922529e-09,0.36904194951057434,0.24590188264846802,0.38505619764328003
603,8,8,0.9999737739562988,9.190226410282776e-05,normal,0.0,0.0,0.019963078200817108,0.9316297769546509,0.04451833665370941,0.0038887762930244207
604,8,8,0.9999977350234985,1.0108405149367172e-05,normal,0.0,0.0,0.2258070856332779,0.34012582898139954,0.04407770186662674,0.3899894058704376
605,8,8,0.9999979734420776,8.742063073441386e-06,normal,0.0,0.0,0.004798701498657465,0.004760787356644869,0.9508922100067139,0.039548300206661224
606,8,8,0.9997238516807556,0.0008028256706893444,normal,0.0,0.0,0.13333743810653687,0.560655951499939,0.1674657016992569,0.13854099810123444
607,8,8,0.9997357726097107,0.0007327750790864229,normal,0.0,0.0,0.214507058262825,0.09075674414634705,0.4869616627693176,0.20777450501918793
608,8,8,0.9999973773956299,1.1636158887995407e-05,normal,0.0,0.0,0.018083300441503525,0.02191212587058544,0.8514786958694458,0.1085258200764656
609,8,8,0.9999988079071045,5.175860678718891e-06,normal,0.0,0.0,0.0695469006896019,0.09818685799837112,0.7499153017997742,0.08235090225934982
610,8,8,0.9999984502792358,7.317212293855846e-06,normal,0.0,0.0,0.26492413878440857,0.15992477536201477,0.23521657288074493,0.3399345278739929
611,8,8,0.999997615814209,9.582465281710029e-06,normal,0.0,0.0,0.3914320170879364,9.99999993922529e-09,0.553719699382782,0.0548483170568943
612,8,8,0.9999982118606567,7.745803486614022e-06,normal,0.0,0.0,0.02643238753080368,0.11624681204557419,0.699268102645874,0.1580527126789093
613,8,8,0.9999954700469971,1.8874643501476385e-05,normal,0.0,0.0,0.28926414251327515,0.16649854183197021,0.5199798941612244,0.024257393553853035
614,8,8,0.9999980926513672,8.129107300192118e-06,normal,0.0,0.0,0.023407015949487686,0.09866577386856079,0.5890572667121887,0.2888698875904083
615,8,8,0.9996930360794067,0.0008059784304350615,normal,0.0,0.0,0.8717784285545349,0.06741902977228165,0.03554490953683853,0.025257686153054237
616,8,8,0.9998718500137329,0.00037851897650398314,normal,0.0,0.0,0.01284824963659048,0.4593394100666046,0.29849839210510254,0.2293139547109604
617,8,8,0.9999979734420776,8.76174817676656e-06,normal,0.0,0.0,0.012615740299224854,0.18601809442043304,0.22813646495342255,0.5732297301292419
618,8,8,0.9999979734420776,9.351740118290763e-06,normal,0.0,0.0,0.35156184434890747,0.1345893293619156,0.22113238275051117,0.29271647334098816
619,8,8,0.9999924898147583,2.9089964300510474e-05,normal,0.0,0.0,0.03339062258601189,0.03285342827439308,0.4661189615726471,0.46763700246810913
620,8,8,0.9994370341300964,0.001337516470812261,normal,0.0,0.0,0.027422567829489708,0.6944729089736938,0.22386382520198822,0.05424072593450546
621,8,8,0.9999953508377075,1.9249004253651947e-05,normal,0.0,0.0,0.04262140765786171,0.12736624479293823,0.37687090039253235,0.453141450881958
622,8,8,0.9999990463256836,3.997211024397984e-06,normal,0.0,0.0,0.11309698224067688,0.2660534083843231,0.620849609375,9.99999993922529e-09
623,8,8,0.9999985694885254,6.647698228334775e-06,normal,0.0,0.0,0.016425948590040207,0.02644076757133007,0.32442769408226013,0.6327056288719177
624,8,8,0.999970555305481,0.00010148588626179844,normal,0.0,0.0,0.05811528488993645,0.9242279529571533,0.002353788586333394,0.0153029290959239
625,8,8,0.9999980926513672,8.343065928784199e-06,normal,0.0,0.0,0.0931050181388855,0.05322650820016861,0.8010295033454895,0.05263887345790863
626,8,8,0.9999899864196777,3.841636498691514e-05,normal,0.0,0.0,0.038007110357284546,0.2330978810787201,0.1187131479382515,0.6101819276809692
627,8,8,0.9999980926513672,8.638895451440476e-06,normal,0.0,0.0,0.026774078607559204,0.08472513407468796,0.3953629434108734,0.49313780665397644
628,8,8,0.9999969005584717,1.3705905075767078e-05,normal,0.0,0.0,0.07096540182828903,0.233546182513237,0.08040540665388107,0.6150829792022705
629,8,8,0.9999960660934448,1.6273159417323768e-05,normal,0.0,0.0,0.15982584655284882,0.11771534383296967,0.3401910662651062,0.3822678029537201
630,8,8,0.9999994039535522,3.7063020954519743e-06,normal,0.0,0.0,0.2796843349933624,0.21763138473033905,0.26188820600509644,0.2407960593700409
631,8,8,0.9999942779541016,2.389951805525925e-05,normal,0.0,0.0,0.0032938604708760977,0.03248727321624756,0.3684089481830597,0.5958099365234375
632,8,8,0.9999988079071045,5.82417715122574e-06,normal,0.0,0.0,0.5328604578971863,0.07445703446865082,0.3034582734107971,0.08922427147626877
633,8,8,0.9999961853027344,1.55511934281094e-05,normal,0.0,0.0,0.41455525159835815,0.03841063380241394,0.14942269027233124,0.39761143922805786
634,8,8,0.9998441934585571,0.00045997652341611683,normal,0.0,0.0,0.033836714923381805,0.7627601623535156,0.154495507478714,0.048907630145549774
635,8,8,0.9999973773956299,1.1576479664654471e-05,normal,0.0,0.0,0.07784344255924225,0.6993989944458008,0.21319949626922607,0.009557998739182949
636,8,8,0.9999713897705078,9.57176016527228e-05,normal,0.0,0.0,0.003700862405821681,0.0026311299297958612,0.9674637913703918,0.026204189285635948
637,8,8,0.9999967813491821,1.3493772712536156e-05,normal,0.0,0.0,0.353310763835907,0.06904653459787369,0.4275875687599182,0.1500551551580429
638,8,8,0.9999988079071045,5.613436314888531e-06,normal,0.0,0.0,0.009570108726620674,0.11713684350252151,0.7022683024406433,0.17102476954460144
639,8,8,0.9999967813491821,1.3159065019863192e-05,normal,0.0,0.0,0.6065537929534912,0.08594291657209396,0.3044486343860626,0.0030545671470463276
640,8,8,0.9999991655349731,4.378618086775532e-06,normal,0.0,0.0,0.14553633332252502,0.22315795719623566,0.29016420245170593,0.3411415219306946
641,8,8,0.9999971389770508,1.241073459823383e-05,normal,0.0,0.0,0.09201794117689133,0.13106726109981537,0.11044608056545258,0.6664687395095825
642,8,8,0.9999562501907349,0.00014078686945140362,normal,0.0,0.0,0.007039507385343313,0.3614804446697235,0.31217560172080994,0.31930455565452576
643,8,8,0.9999980926513672,8.186354534700513e-06,normal,0.0,0.0,0.19930501282215118,0.2527404725551605,0.44410449266433716,0.10385004431009293
644,8,8,0.9999985694885254,6.232002306205686e-06,normal,0.0,0.0,0.10849945992231369,0.07532095164060593,0.6318839192390442,0.18429560959339142
645,8,8,0.9999985694885254,6.824351203249535e-06,normal,0.0,0.0,0.06772249937057495,0.04747994989156723,0.49540621042251587,0.3893912434577942
646,8,8,0.9999927282333374,2.9378090403042734e-05,normal,0.0,0.0,0.10696347802877426,0.29967200756073,0.2218891829252243,0.37147533893585205
647,8,8,0.9999473094940186,0.00016748683992773294,normal,0.0,0.0,0.41309916973114014,0.5369758605957031,0.016527187079191208,0.03339781612157822
648,8,8,0.9999945163726807,2.0950054022250697e-05,normal,0.0,0.0,0.027269959449768066,0.01321321353316307,0.9457963705062866,0.01372044812887907
649,8,8,0.999996542930603,1.4453793482971378e-05,normal,0.0,0.0,0.15313445031642914,0.06594210863113403,0.7254573702812195,0.05546613782644272
650,8,8,0.999213457107544,0.0021039568819105625,normal,0.0,0.0,0.1197030320763588,0.05159405246376991,0.2950872778892517,0.5336155891418457
651,8,8,0.9999954700469971,1.9163051547366194e-05,normal,0.0,0.0,0.3662514388561249,0.05047520250082016,0.31428372859954834,0.2689896523952484
652,8,8,0.999998927116394,5.324740868672961e-06,normal,0.0,0.0,0.14700192213058472,0.13523434102535248,0.5218413472175598,0.1959223747253418
653,8,8,0.999996542930603,1.4641285815741867e-05,normal,0.0,0.0,0.2821371853351593,0.1115407645702362,0.5175480842590332,0.08877401053905487
654,8,8,0.9999983310699463,7.396693035843782e-06,normal,0.0,0.0,0.5290939211845398,0.23060718178749084,0.09543333947658539,0.14486555755138397
655,8,8,0.9999802112579346,7.224626460811123e-05,normal,0.0,0.0,0.02562563121318817,0.02255978062748909,0.4728587567806244,0.47895580530166626
656,8,8,0.9999985694885254,6.860563189547975e-06,normal,0.0,0.0,0.04022543504834175,0.11089968681335449,0.2517305612564087,0.5971443057060242
657,8,8,0.9999992847442627,3.243013452447485e-06,normal,0.0,0.0,0.16732384264469147,0.12572167813777924,0.32275280356407166,0.38420167565345764
658,8,8,0.9999938011169434,2.4311442757607438e-05,normal,0.0,0.0,0.027850501239299774,0.8866184949874878,0.041196130216121674,0.04433486983180046
659,8,8,0.9999992847442627,3.3610335776756983e-06,normal,0.0,0.0,9.99999993922529e-09,0.6249922513961792,0.22227777540683746,0.15272998809814453
660,8,8,0.9999990463256836,4.564051778288558e-06,normal,0.0,0.0,0.10419759154319763,0.26750195026397705,0.5831373333930969,0.04516301676630974
661,8,8,0.9999961853027344,1.662887734710239e-05,normal,0.0,0.0,0.06284378468990326,0.47322574257850647,0.14631421864032745,0.3176162838935852
662,8,8,0.9999984502792358,6.827415290899808e-06,normal,0.0,0.0,0.14981308579444885,0.09681753069162369,0.625434935092926,0.12793444097042084
663,8,8,0.9999991655349731,3.917431058653165e-06,normal,0.0,0.0,0.2041252702474594,0.4630905091762543,0.0697038397192955,0.263080358505249
664,8,8,0.9999957084655762,1.839572905737441e-05,normal,0.0,0.0,0.05666867271065712,0.6854819655418396,0.17336852848529816,0.08448087424039841
665,8,8,0.9999946355819702,2.2614789486397058e-05,normal,0.0,0.0,0.043958451598882675,0.1555565595626831,0.607936680316925,0.1925482302904129
666,8,8,0.9999979734420776,9.186202987621073e-06,normal,0.0,0.0,0.15030936896800995,0.12520958483219147,0.38650473952293396,0.33797627687454224
667,8,8,0.9999935626983643,2.690235123736784e-05,normal,0.0,0.0,0.017814604565501213,0.11755382269620895,0.697620689868927,0.1670108437538147
668,8,8,0.9999985694885254,6.152081368782092e-06,normal,0.0,0.0,0.00021423836005851626,0.13868391513824463,0.21428938210010529,0.6468124985694885
669,8,8,0.9999992847442627,3.912650299753295e-06,normal,0.0,0.0,0.2505633533000946,0.113949716091156,0.4312952756881714,0.2041916847229004
670,8,8,0.9999972581863403,1.1896212527062744e-05,normal,0.0,0.0,0.05241270363330841,0.07324191182851791,0.09370692074298859,0.7806384563446045
671,8,8,0.9999986886978149,6.213486358319642e-06,normal,0.0,0.0,0.30286288261413574,0.33654913306236267,0.1791251003742218,0.18146291375160217
672,8,8,0.9999977350234985,9.784556823433377e-06,normal,0.0,0.0,0.40001240372657776,0.13949257135391235,0.41966551542282104,0.04082949087023735
673,8,8,0.9999750852584839,9.371803753310814e-05,normal,0.0,0.0,0.007365612778812647,0.7630277276039124,0.11800240725278854,0.1116042509675026
674,8,8,0.9999802112579346,7.633666245965287e-05,normal,0.0,0.0,0.13507400453090668,0.050450634211301804,0.7324180603027344,0.08205728232860565
675,8,8,0.9999979734420776,9.153081009571906e-06,normal,0.0,0.0,0.0767967626452446,0.7471346855163574,0.1564982384443283,0.019570352509617805
676,8,8,0.9993888139724731,0.0016059490153566003,normal,0.0,0.0,0.05202724039554596,0.6200757622718811,0.013025648891925812,0.31487134099006653
677,8,8,0.9999984502792358,6.9012098720122594e-06,normal,0.0,0.0,0.09797538816928864,0.43076470494270325,0.3900200426578522,0.08123994618654251
678,8,8,0.9999970197677612,1.2936717212141957e-05,normal,0.0,0.0,0.08967912942171097,0.2236236035823822,0.5259466767311096,0.1607505977153778
679,8,8,0.9999985694885254,5.99183749727672e-06,normal,0.0,0.0,9.99999993922529e-09,0.024427397176623344,0.7263359427452087,0.24923667311668396
680,8,8,0.999997615814209,1.049183811119292e-05,normal,0.0,0.0,0.026172207668423653,0.027339763939380646,0.17884473502635956,0.7676432728767395
681,8,8,0.9999991655349731,3.5538564588932786e-06,normal,0.0,0.0,9.99999993922529e-09,0.01428138092160225,0.8719714283943176,0.11374717205762863
682,8,8,0.9999955892562866,1.8383403585175984e-05,normal,0.0,0.0,0.012921796180307865,0.07458057254552841,0.6713555455207825,0.24114207923412323
683,8,8,0.9999984502792358,7.705673851887695e-06,normal,0.0,0.0,0.16598717868328094,0.2638891339302063,0.3074898421764374,0.2626338303089142
684,8,8,0.9999895095825195,4.076227196492255e-05,normal,0.0,0.0,0.016699286177754402,0.215823233127594,0.7475627660751343,0.019914692267775536
685,8,8,0.9999994039535522,3.2173991257877788e-06,normal,0.0,0.0,0.10133745521306992,0.8104594945907593,0.055699605494737625,0.03250351920723915
686,8,8,0.9999969005584717,1.3407077858573757e-05,normal,0.0,0.0,0.018879476934671402,0.2577715218067169,0.7029865980148315,0.0203623678535223
687,8,8,0.9999983310699463,7.158353582781274e-06,normal,0.0,0.0,9.99999993922529e-09,0.1001274436712265,0.5407931804656982,0.35907939076423645
688,8,8,0.9999977350234985,1.0327886229788419e-05,normal,0.0,0.0,0.19146060943603516,0.19214391708374023,0.13280674815177917,0.4835888147354126
689,8,8,0.9999988079071045,5.215885721554514e-06,normal,0.0,0.0,0.01072479598224163,9.99999993922529e-09,0.12588556110858917,0.8633896708488464
690,9,9,0.9999645948410034,0.0001271848741453141,normal,0.0,0.0,0.03970474749803543,0.7987737059593201,0.07374504953622818,0.08777647465467453
691,9,9,0.9999685287475586,0.00011527454626047984,normal,0.0,0.0,0.048211853951215744,0.8045447468757629,0.10480224341154099,0.042441148310899734
692,9,9,0.9999942779541016,2.4205502995755523e-05,normal,0.0,0.0,0.05162575840950012,0.5319321155548096,0.15099897980690002,0.2654431462287903
693,9,9,0.9999874830245972,4.846779120271094e-05,normal,0.0,0.0,0.09158216416835785,0.5691578984260559,0.13221512734889984,0.20704476535320282
694,9,9,0.9999969005584717,1.3475884770741686e-05,normal,0.0,0.0,9.99999993922529e-09,0.7261975407600403,0.27380242943763733,9.99999993922529e-09
695,9,9,0.9998196959495544,0.0005265288054943085,normal,0.0,0.0,0.00916299968957901,0.1382967233657837,0.06155475601553917,0.7909855246543884
696,9,9,0.9490389823913574,0.05545257404446602,normal,0.0,0.0,0.057751353830099106,0.0060240961611270905,0.8827928900718689,0.053431689739227295
697,9,9,0.9999948740005493,2.228793891845271e-05,normal,0.0,0.0,0.21307653188705444,0.3268866240978241,0.3230840265750885,0.13695286214351654
698,9,15,0.6635389924049377,0.2744515538215637,normal,0.0,0.0,0.6686114072799683,0.053535543382167816,0.1045299768447876,0.1733231097459793
699,9,9,0.9999942779541016,2.427837171126157e-05,normal,0.0,0.0,0.5009511709213257,0.2380329966545105,0.2377990484237671,0.023216815665364265
700,9,9,0.9999926090240479,3.0074741516727954e-05,normal,0.0,0.0,0.2049655169248581,0.5830830335617065,0.10710794478654861,0.10484354943037033
701,9,9,0.999994158744812,2.4796605430310592e-05,normal,0.0,0.0,0.4100133776664734,0.08275607228279114,0.33905088901519775,0.16817964613437653
702,9,9,0.9998503923416138,0.00048105858149938285,normal,0.0,0.0,0.004569984041154385,0.9553492069244385,0.037564750760793686,0.002516089240089059
703,9,9,0.9992133378982544,0.002163930097594857,normal,0.0,0.0,0.011122030206024647,0.4747788906097412,0.42611420154571533,0.0879848375916481
704,9,9,0.9999940395355225,2.525921445339918e-05,normal,0.0,0.0,0.08139239251613617,0.279700368642807,0.11210931092500687,0.526797890663147
705,9,9,0.9999936819076538,2.677570410014596e-05,normal,0.0,0.0,0.03786448389291763,0.7485997676849365,0.15071232616901398,0.06282349675893784
706,9,9,0.9999943971633911,2.3578604668728076e-05,normal,0.0,0.0,0.0405026413500309,0.8098542094230652,0.05583370476961136,0.09380940347909927
707,9,9,0.9999572038650513,0.0001529796572867781,normal,0.0,0.0,0.05472881346940994,0.1320275217294693,0.8036767840385437,0.009566882625222206
708,9,9,0.9999946355819702,2.3221449737320654e-05,normal,0.0,0.0,0.37197422981262207,0.31438878178596497,0.16886259615421295,0.14477433264255524
709,9,9,0.9999935626983643,2.6076852009282447e-05,normal,0.0,0.0,0.02312285080552101,0.8631372451782227,0.027631469070911407,0.08610843122005463
710,10,10,0.9996967315673828,0.0007745125913061202,normal,0.0,0.0,0.010619351640343666,0.8047489523887634,0.01958794891834259,0.16504378616809845
711,10,15,0.9622880220413208,0.044198401272296906,normal,0.0,0.0,0.6738286018371582,0.29439207911491394,0.012511126697063446,0.019268183037638664
712,10,15,0.9936543703079224,0.011527429334819317,normal,0.0,0.0,0.00920833833515644,0.0014010077575221658,0.003007324179634452,0.986383318901062
713,10,6,0.9986457228660583,0.003040529554709792,normal,0.0,0.0,0.06192217394709587,0.4810717701911926,0.43008798360824585,0.026918048039078712
714,10,10,0.9767573475837708,0.03003724291920662,normal,0.0,0.0,0.02967832051217556,0.8779130578041077,0.027346894145011902,0.06506176292896271
715,10,10,0.964893639087677,0.042358458042144775,normal,0.0,0.0,0.006685073487460613,0.15956611931324005,0.2153358906507492,0.6184129118919373
716,10,10,0.9997760653495789,0.0006516726571135223,normal,0.0,0.0,0.05405309051275253,0.5755561590194702,0.1284414529800415,0.24194926023483276
717,10,10,0.9526938199996948,0.05197783559560776,normal,0.0,0.0,0.0028829225338995457,0.6920777559280396,0.2137879729270935,0.09125134348869324
718,10,10,0.9942929744720459,0.009697359055280685,normal,0.0,0.0,0.379194051027298,0.43083125352859497,0.0025549232959747314,0.18741972744464874
719,10,10,0.999828577041626,0.000502857263199985,normal,0.0,0.0,0.001176535035483539,0.9970833659172058,0.0005501368432305753,0.0011899624951183796
720,10,10,0.9398084282875061,0.06796557456254959,normal,0.0,0.0,0.33169838786125183,0.6562841534614563,0.009693659842014313,0.0023237860295921564
721,10,10,0.9630332589149475,0.0464610792696476,normal,0.0,0.0,0.007233473937958479,0.8119410872459412,0.0044314684346318245,0.1763940006494522
722,10,10,0.6700419783592224,0.17245911061763763,normal,0.0,0.0,0.05127851292490959,0.005060386843979359,0.8490665555000305,0.09459450840950012
723,10,15,0.9968673586845398,0.006655719596892595,normal,0.0,0.0,0.10796735435724258,0.7463525533676147,0.0372484028339386,0.10843167454004288
724,10,10,0.9999467134475708,0.0001792137190932408,normal,0.0,0.0,0.05347779765725136,0.7115727663040161,0.008892242796719074,0.2260572761297226
725,10,10,0.848020613193512,0.11640173196792603,normal,0.0,0.0,0.12511195242404938,0.8270556926727295,0.026316672563552856,0.0215157438069582
726,10,10,0.9587246775627136,0.0473351888358593,normal,0.0,0.0,0.2014995664358139,0.45481324195861816,0.12889835238456726,0.21478883922100067
727,10,15,0.8183429837226868,0.12955988943576813,normal,0.0,0.0,0.019907642155885696,0.04016073793172836,0.03229184076189995,0.907639741897583
728,10,10,0.9991995692253113,0.0019375873962417245,normal,0.0,0.0,0.1083667203783989,0.2092633992433548,0.46568313241004944,0.21668674051761627
729,10,10,0.9988741278648376,0.0025555763859301805,normal,0.0,0.0,0.16442839801311493,0.6461806893348694,0.09638185054063797,0.09300913661718369
730,11,11,0.9999912977218628,3.4817079722415656e-05,normal,0.0,0.0,0.5233184099197388,0.09140928089618683,0.27005600929260254,0.11521626263856888
731,11,11,0.9983437061309814,0.004371447954326868,normal,0.0,0.0,0.08140432089567184,0.04557577893137932,0.11365436017513275,0.7593655586242676
732,11,11,0.9998462200164795,0.0004737646959256381,normal,0.0,0.0,0.2882668673992157,0.3181603252887726,0.11546581238508224,0.2781069874763489
733,11,11,0.9668649435043335,0.04117247089743614,normal,0.0,0.0,0.4068182706832886,0.11002226173877716,0.465594083070755,0.017565440386533737
734,11,11,0.9999445676803589,0.00019661277474369854,normal,0.0,0.0,0.15272687375545502,0.1413063406944275,0.6500132083892822,0.05595356598496437
735,11,11,0.9968861937522888,0.005761191714555025,normal,0.0,0.0,0.0010357163846492767,0.0014090402983129025,0.002413693582639098,0.9951415657997131
736,11,11,0.999995231628418,2.0606385078281164e-05,normal,0.0,0.0,0.11015661805868149,0.3707504868507385,0.06852762401103973,0.4505653381347656
737,11,11,0.9999765157699585,8.399833313887939e-05,normal,0.0,0.0,0.23952578008174896,0.24806135892868042,0.3075520098209381,0.20486082136631012
738,11,11,0.999994158744812,2.4327799110324122e-05,normal,0.0,0.0,0.047267016023397446,0.8273795247077942,0.113182432949543,0.012171009555459023
739,11,11,0.9999847412109375,5.926806989009492e-05,normal,0.0,0.0,0.03461543843150139,0.7164322137832642,0.12874944508075714,0.12020298838615417
740,11,11,0.9691914916038513,0.05216340720653534,normal,0.0,0.0,0.15087926387786865,0.023804590106010437,0.8019106984138489,0.02340543456375599
741,11,11,0.9940912127494812,0.010631795041263103,normal,0.0,0.0,0.7682437300682068,0.1788521260023117,0.044247910380363464,0.008656222373247147
742,11,11,0.9999946355819702,2.2134181563160382e-05,normal,0.0,0.0,0.014427932910621166,0.00456117931753397,0.9783758521080017,0.0026350088883191347
743,11,11,0.9999954700469971,1.9432427507126704e-05,normal,0.0,0.0,0.08252431452274323,0.27143967151641846,0.05428784340620041,0.5917481780052185
744,11,11,0.9999817609786987,7.20320240361616e-05,normal,0.0,0.0,0.1359095275402069,0.492430716753006,0.30397164821624756,0.06768812984228134
745,11,11,0.9985498785972595,0.003790069604292512,normal,0.0,0.0,0.025109676644206047,0.16614533960819244,0.2471119463443756,0.5616330504417419
746,11,11,0.999985933303833,5.6985158153111115e-05,normal,0.0,0.0,0.04447586089372635,0.698101282119751,0.030025670304894447,0.22739723324775696
747,11,11,0.9981611371040344,0.00401186803355813,normal,0.0,0.0,0.28951430320739746,0.2929458022117615,0.21223829686641693,0.20530162751674652
748,11,11,0.9999946355819702,2.208769910794217e-05,normal,0.0,0.0,0.01354449987411499,0.004682130180299282,0.9792517423629761,0.0025216941721737385
749,11,11,0.9999912977218628,3.4728105674730614e-05,normal,0.0,0.0,0.5214903354644775,0.09048524498939514,0.27542102336883545,0.11260336637496948
750,12,12,0.9626717567443848,0.05196455121040344,normal,0.0,0.0,0.06478168815374374,0.8391344547271729,0.0485493503510952,0.047534506767988205
751,12,12,0.9950855374336243,0.008976834826171398,normal,0.0,0.0,0.005895562469959259,0.5852985978126526,0.29344749450683594,0.11535834521055222
752,12,12,0.9999854564666748,5.448286538012326e-05,normal,0.0,0.0,0.013340868055820465,0.8927619457244873,0.0736941322684288,0.02020309679210186
753,12,8,0.7710353136062622,0.15149585902690887,normal,0.0,0.0,0.08857794106006622,0.21264302730560303,0.5898653268814087,0.10891369730234146
754,12,12,0.9999099969863892,0.0002653190167620778,normal,0.0,0.0,0.9997062087059021,0.00026399767375551164,2.266908040837734e-06,2.755534660536796e-05
755,12,12,0.9999969005584717,1.3729938473261427e-05,normal,0.0,0.0,0.04850183054804802,0.23615679144859314,0.014888311736285686,0.7004530429840088
756,12,12,0.9992213249206543,0.0020046597346663475,normal,0.0,0.0,0.5597885251045227,0.2873190641403198,0.08068333566188812,0.07220913469791412
757,12,12,0.998443067073822,0.0033892907667905092,normal,0.0,0.0,0.945043683052063,0.04276202619075775,0.0001723050227155909,0.012021955102682114
758,12,12,0.9999973773956299,1.1277386875008233e-05,normal,0.0,0.0,0.23203672468662262,0.08705173432826996,0.21298833191394806,0.4679231643676758
759,12,12,0.9119517207145691,0.08144873380661011,normal,0.0,0.0,0.04945264011621475,0.5081791877746582,0.36509913206100464,0.07726902514696121
760,12,12,0.999966025352478,0.00011662132601486519,normal,0.0,0.0,0.23411239683628082,0.05936231091618538,0.05967773497104645,0.6468475461006165
761,12,12,0.9999001026153564,0.00030722530209459364,normal,0.0,0.0,0.8654562830924988,0.09056427329778671,0.017584186047315598,0.026395294815301895
762,12,12,0.9999783039093018,7.774976984364912e-05,normal,0.0,0.0,0.0018074034014716744,0.027385758236050606,0.020467793568968773,0.9503390789031982
763,12,12,0.9999982118606567,8.282799171865918e-06,normal,0.0,0.0,0.8896663188934326,0.06597963720560074,0.028313403949141502,0.016040602698922157
764,12,12,0.999893069267273,0.0003554747090674937,normal,0.0,0.0,0.023926084861159325,0.24538415670394897,0.10661125183105469,0.6240785121917725
765,12,12,0.9999197721481323,0.00024011054483707994,normal,0.0,0.0,0.21101009845733643,0.004064575303345919,0.7722271680831909,0.012698122300207615
766,12,12,0.8026390075683594,0.14313866198062897,normal,0.0,0.0,0.6983576416969299,0.16819190979003906,0.055783066898584366,0.07766735553741455
767,12,12,0.9999502897262573,0.0001656151143833995,normal,0.0,0.0,0.03964868187904358,0.23200523853302002,0.2085900604724884,0.5197560787200928
768,12,12,0.9999911785125732,3.474782715784386e-05,normal,0.0,0.0,0.7995350956916809,0.025348525494337082,0.03164883330464363,0.1434674859046936
769,12,12,0.9988753199577332,0.0025922416243702173,normal,0.0,0.0,0.9130285382270813,0.038319237530231476,0.0071379742585122585,0.04151429980993271
770,12,12,0.9985880255699158,0.0034727160818874836,normal,0.0,0.0,0.006505690515041351,0.5324524641036987,0.09410106390714645,0.36694082617759705
771,12,12,0.998096764087677,0.00395100237801671,normal,0.0,0.0,0.8971959352493286,0.024475770071148872,0.07308246195316315,0.0052457815036177635
772,12,12,0.9999786615371704,7.9352903412655e-05,normal,0.0,0.0,0.2588636875152588,0.2701907157897949,0.3026520907878876,0.1682935357093811
773,12,12,0.9972583055496216,0.005711072590202093,normal,0.0,0.0,0.016549842432141304,0.22745591402053833,0.004343503620475531,0.7516506910324097
774,12,12,0.9999945163726807,2.2108319171820767e-05,normal,0.0,0.0,0.8826702833175659,0.020779596641659737,0.07389011234045029,0.02266008034348488
775,12,12,0.9999535083770752,0.00015839496336411685,normal,0.0,0.0,0.1351238340139389,0.03586069867014885,0.7778635621070862,0.051151856780052185
776,12,12,0.9999980926513672,8.201217497116886e-06,normal,0.0,0.0,0.944473147392273,0.020516034215688705,0.021988606080412865,0.013022202998399734
777,12,12,0.999993085861206,2.770457649603486e-05,normal,0.0,0.0,0.6275246143341064,0.13354602456092834,0.04637543112039566,0.19255390763282776
778,12,12,0.9995020627975464,0.0012218565680086613,normal,0.0,0.0,0.010485013015568256,0.009295476600527763,0.8262436985969543,0.15397575497627258
779,12,12,0.9994712471961975,0.001429931609891355,normal,0.0,0.0,0.016801422461867332,0.06713445484638214,0.563245952129364,0.352818101644516
780,12,12,0.9999271631240845,0.000230543824727647,normal,0.0,0.0,0.8840514421463013,0.016221871599555016,0.03644399344921112,0.06328273564577103
781,12,12,0.999991774559021,3.1349009077530354e-05,normal,0.0,0.0,0.42423203587532043,0.4043934941291809,0.048146478831768036,0.12322799861431122
782,12,8,0.6900261044502258,0.177924245595932,normal,0.0,0.0,0.6995266079902649,0.13427004218101501,0.018575169146060944,0.14762809872627258
783,12,12,0.9966135621070862,0.0074276402592659,normal,0.0,0.0,0.493717759847641,0.32084062695503235,0.06599778681993484,0.11944381892681122
784,12,12,0.9999799728393555,7.37010341254063e-05,normal,0.0,0.0,0.9991300702095032,0.00010737757838796824,0.0006757646333426237,8.675754361320287e-05
785,12,12,0.9999449253082275,0.00016667651652824134,normal,0.0,0.0,0.0012449180940166116,0.027900321409106255,0.02640528231859207,0.9444494247436523
786,12,12,0.9999924898147583,2.9885710318922065e-05,normal,0.0,0.0,0.8283247351646423,0.038680437952280045,0.08734100311994553,0.045653801411390305
787,12,12,0.9998681545257568,0.00041164044523611665,normal,0.0,0.0,0.07220586389303207,0.2211434245109558,0.08276224881410599,0.6238884925842285
788,12,12,0.9997612833976746,0.0006260657100938261,normal,0.0,0.0,0.7723453640937805,0.17997555434703827,0.02659345045685768,0.021085619926452637
789,12,12,0.9999746084213257,8.686634100740775e-05,normal,0.0,0.0,0.9997882843017578,0.00012238997442182153,2.1719359210692346e-05,6.764473073417321e-05
790,12,12,0.999992847442627,2.861630855477415e-05,normal,0.0,0.0,0.7106926441192627,0.09637434035539627,0.02483031526207924,0.1681026965379715
791,12,12,0.9999127388000488,0.00027662524371407926,normal,0.0,0.0,0.5632235407829285,0.06729119271039963,0.23417583107948303,0.13530941307544708
792,12,12,0.9937044978141785,0.01085229218006134,normal,0.0,0.0,0.0060348003171384335,0.7826502919197083,0.011547905392944813,0.19976700842380524
793,12,12,0.9998605251312256,0.0004073162854183465,normal,0.0,0.0,0.9550391435623169,0.041755542159080505,0.0024183013010770082,0.000786986667662859
794,12,12,0.9994648098945618,0.0012678944040089846,normal,0.0,0.0,0.1318795084953308,0.6337798237800598,0.09642187505960464,0.13791880011558533
795,12,12,0.9994984865188599,0.0012771085603162646,normal,0.0,0.0,0.8229703903198242,0.062499381601810455,0.07557859271764755,0.03895162045955658
796,12,12,0.9993329644203186,0.0016638691304251552,normal,0.0,0.0,0.784976065158844,0.1476738005876541,0.019018007442355156,0.0483320951461792
797,12,12,0.9999874830245972,4.71028070023749e-05,normal,0.0,0.0,0.9379940032958984,0.0020896433852612972,0.005082993768155575,0.054833296686410904
798,12,12,0.8192484974861145,0.14692620933055878,normal,0.0,0.0,0.02178806997835636,0.018112918362021446,0.10731209069490433,0.8527869582176208
799,12,12,0.9005671143531799,0.08886352926492691,normal,0.0,0.0,0.3076571822166443,0.39443355798721313,0.16465160250663757,0.1332576423883438
800,12,12,0.9990249872207642,0.002498735673725605,normal,0.0,0.0,0.1289597898721695,0.7122126221656799,0.1210944727063179,0.037733059376478195
801,12,12,0.8163450360298157,0.1341443955898285,normal,0.0,0.0,0.1907384693622589,0.5784196257591248,0.22873876988887787,0.0021031852811574936
802,12,12,0.9999749660491943,8.669367525726557e-05,normal,0.0,0.0,0.9958848357200623,0.001639554277062416,0.00040225472184829414,0.0020733794663101435
803,12,12,0.9999916553497314,3.3426502341171727e-05,normal,0.0,0.0,0.5443657636642456,0.0054919905960559845,0.01380342710763216,0.4363388121128082
804,12,12,0.999993085861206,2.712847344810143e-05,normal,0.0,0.0,0.016070721670985222,0.01968255080282688,0.006895787548273802,0.9573509097099304
805,12,12,0.9999933242797852,2.736134047154337e-05,normal,0.0,0.0,0.433908075094223,0.04887121170759201,0.05752748250961304,0.4596933126449585
806,12,12,0.9999442100524902,0.00018586502119433135,normal,0.0,0.0,0.038349565118551254,0.5720933675765991,0.14222316443920135,0.24733392894268036
807,12,12,0.9994632601737976,0.001358812558464706,normal,0.0,0.0,0.8560728430747986,0.016159744933247566,0.02323407121002674,0.10453339666128159
808,12,14,0.8502330780029297,0.11538807302713394,normal,0.0,0.0,0.038397811353206635,0.05458742007613182,0.002373231342062354,0.9046415090560913
809,12,12,0.9585049152374268,0.04720989987254143,normal,0.0,0.0,0.13984501361846924,0.27550795674324036,0.24100756645202637,0.34363946318626404
810,12,12,0.9999895095825195,4.078307028976269e-05,normal,0.0,0.0,0.04804662987589836,0.7317808866500854,0.0378214530646801,0.18235106766223907
811,12,12,0.9999710321426392,9.886691259453073e-05,normal,0.0,0.0,0.9378517270088196,0.011098566465079784,0.003967615310102701,0.04708210006356239
812,12,12,0.9997908473014832,0.0005804433021694422,normal,0.0,0.0,0.7732831835746765,0.023766329512000084,0.13632792234420776,0.06662258505821228
813,12,12,0.999987006187439,4.8025955038610846e-05,normal,0.0,0.0,0.6397223472595215,0.19208870828151703,0.028508171439170837,0.13968083262443542
814,12,12,0.9124148488044739,0.08293505758047104,normal,0.0,0.0,0.13079215586185455,0.240268275141716,0.007383465301245451,0.6215560436248779
815,12,14,0.8680810928344727,0.10645373165607452,normal,0.0,0.0,0.07411925494670868,0.09868855029344559,0.02978307381272316,0.797409176826477
816,12,12,0.89185631275177,0.1103694960474968,normal,0.0,0.0,0.6632452607154846,0.09278170764446259,0.2282394915819168,0.015733562409877777
817,12,12,0.9998584985733032,0.000410265289247036,normal,0.0,0.0,0.7990614771842957,0.10913249105215073,0.006146005354821682,0.08566003292798996
818,12,12,0.9958836436271667,0.007345795631408691,normal,0.0,0.0,0.028985070064663887,0.6135540008544922,0.001194819575175643,0.3562661409378052
819,12,12,0.9999370574951172,0.00020520304678939283,normal,0.0,0.0,0.33986783027648926,0.006521532312035561,0.0011144352611154318,0.6524962782859802
820,12,12,0.9676192998886108,0.046409972012043,normal,0.0,0.0,0.1538039743900299,0.01552784163504839,0.0030266698449850082,0.827641487121582
821,12,12,0.9999980926513672,8.664148481329903e-06,normal,0.0,0.0,0.7154973745346069,0.12672898173332214,0.13007251918315887,0.027701163664460182
822,12,12,0.9999498128890991,0.00016468936519231647,normal,0.0,0.0,0.8755814433097839,0.07552681118249893,0.017391636967658997,0.03150012344121933
823,12,12,0.9999940395355225,2.4445111193927005e-05,normal,0.0,0.0,0.32501527667045593,0.5354669094085693,0.032883577048778534,0.10663428902626038
824,12,12,0.9998661279678345,0.0003961938200518489,normal,0.0,0.0,0.0026527622248977423,0.008411798626184464,0.025388631969690323,0.9635468125343323
825,12,12,0.9999966621398926,1.4344723240355961e-05,normal,0.0,0.0,0.438994437456131,0.3753497898578644,0.10569710284471512,0.0799587070941925
826,12,12,0.9999971389770508,1.1764114788093138e-05,normal,0.0,0.0,0.5920190811157227,0.2271004170179367,0.15553690493106842,0.02534360997378826
827,12,12,0.9999114274978638,0.0002612849639263004,normal,0.0,0.0,0.12038427591323853,0.07532939314842224,0.5294230580329895,0.27486327290534973
828,12,12,0.5979561805725098,0.2208416759967804,normal,0.0,0.0,0.4026675224304199,0.2901498079299927,0.06048935279250145,0.24669329822063446
829,12,12,0.9999932050704956,2.6803438231581822e-05,normal,0.0,0.0,0.2367929220199585,0.5714585781097412,0.08186934888362885,0.10987914353609085
830,12,12,0.9999775886535645,7.456801540683955e-05,normal,0.0,0.0,0.9894217252731323,0.00805935449898243,0.0023848218843340874,0.0001340882299700752
831,12,12,0.9999860525131226,5.115673047839664e-05,normal,0.0,0.0,0.04513286426663399,0.1712443083524704,0.19771519303321838,0.5859075784683228
832,12,12,0.9976016879081726,0.0048626805655658245,normal,0.0,0.0,0.0012400579871609807,0.023874979466199875,0.0017364592058584094,0.9731485247612
833,12,12,0.9960737228393555,0.007063342723995447,normal,0.0,0.0,0.9373276829719543,0.04589167609810829,0.007660414557904005,0.009120152331888676
834,12,12,0.9995545744895935,0.0011171326041221619,normal,0.0,0.0,0.2830066978931427,0.06764205545186996,0.5048035979270935,0.14454762637615204
835,12,12,0.9999699592590332,0.00010370405652793124,normal,0.0,0.0,0.04672083258628845,0.04755781218409538,0.15758520364761353,0.7481361031532288
836,13,13,0.9998225569725037,0.00047887826804071665,normal,0.0,0.0,0.0685233399271965,0.09007780253887177,0.26917481422424316,0.5722240209579468
837,13,13,0.9998225569725037,0.00047887826804071665,normal,0.0,0.0,0.0685233399271965,0.09007780253887177,0.26917481422424316,0.5722240209579468
838,13,13,0.9998225569725037,0.00047887826804071665,normal,0.0,0.0,0.0685233399271965,0.09007780253887177,0.26917481422424316,0.5722240209579468
839,13,13,0.9999585151672363,0.000133657013066113,normal,0.0,0.0,0.014941253699362278,0.009210709482431412,0.024003831669688225,0.9518442153930664
840,13,13,0.9999817609786987,6.25899265287444e-05,normal,0.0,0.0,0.022387821227312088,0.04636481776833534,0.4210320711135864,0.5102153420448303
841,13,13,0.999972939491272,8.904516289476305e-05,normal,0.0,0.0,0.05935834348201752,0.3036051094532013,0.31364956498146057,0.32338690757751465
842,13,13,0.9999717473983765,9.711914754007012e-05,normal,0.0,0.0,0.05582632124423981,0.11532410979270935,0.2058860957622528,0.6229634284973145
843,13,13,0.9999608993530273,0.00012490451626945287,normal,0.0,0.0,0.0622057281434536,0.013117117807269096,0.7622770071029663,0.16240012645721436
844,13,13,0.999683141708374,0.0007861803751438856,normal,0.0,0.0,0.11942613869905472,0.13847048580646515,0.3667282462120056,0.3753751218318939
845,13,13,0.999969482421875,9.971248800866306e-05,normal,0.0,0.0,0.05117596685886383,0.040088240057229996,0.3563249111175537,0.552410900592804
846,13,13,0.9997904896736145,0.0005437351064756513,normal,0.0,0.0,0.007641129195690155,0.9851575493812561,0.004548600409179926,0.0026527303270995617
847,13,13,0.9999524354934692,0.00016198254888877273,normal,0.0,0.0,0.011060084216296673,0.02767929807305336,0.1016281247138977,0.8596324920654297
848,13,13,0.9994421601295471,0.0013033775612711906,normal,0.0,0.0,0.3086968660354614,0.0022327727638185024,0.08203140646219254,0.6070389747619629
849,13,13,0.9999632835388184,0.00012406495807226747,normal,0.0,0.0,0.09301207214593887,0.14693741500377655,0.26201626658439636,0.4980342984199524
850,13,13,0.9865163564682007,0.02090093120932579,normal,0.0,0.0,0.04567132890224457,0.9287583827972412,0.0020163366571068764,0.023553941398859024
851,13,13,0.9997017979621887,0.0008410288137383759,normal,0.0,0.0,0.06871936470270157,0.7614917755126953,0.08187893778085709,0.08790992945432663
852,13,13,0.9999017715454102,0.0002795025357045233,normal,0.0,0.0,0.058534350246191025,0.8916489481925964,0.02531290426850319,0.024503793567419052
853,13,13,0.9996892213821411,0.0007824745262041688,normal,0.0,0.0,0.004899496212601662,0.005153908859938383,0.2623312175273895,0.7276154160499573
854,13,13,0.9997069239616394,0.0007880513439886272,normal,0.0,0.0,0.04801836609840393,0.0386604405939579,0.028905127197504044,0.8844160437583923
855,13,13,0.994939923286438,0.008665037341415882,normal,0.0,0.0,0.09476640075445175,0.1668248325586319,0.007205248344689608,0.731203556060791
856,14,14,0.9999701976776123,0.00010186144209001213,normal,0.0,0.0,0.5589861869812012,0.349308580160141,0.008270113728940487,0.08343508839607239
857,14,14,0.9999779462814331,8.069792238529772e-05,normal,0.0,0.0,0.3474714457988739,0.022156203165650368,0.21539469063282013,0.4149776101112366
858,14,14,0.9999821186065674,6.661271618213505e-05,normal,0.0,0.0,0.9447539448738098,0.04038973152637482,0.0020723934285342693,0.012783939950168133
859,14,14,0.9999946355819702,2.22528960875934e-05,normal,0.0,0.0,0.8217104077339172,0.005111995153129101,0.004787967074662447,0.16838958859443665
860,14,14,0.9999940395355225,2.477844464010559e-05,normal,0.0,0.0,0.7040677666664124,0.10491809993982315,0.1498611718416214,0.04115293547511101
861,14,14,0.99998939037323,4.061206345795654e-05,normal,0.0,0.0,0.9873452186584473,0.006016355939209461,0.003984407521784306,0.0026540083345025778
862,14,14,0.999895453453064,0.0003183941589668393,normal,0.0,0.0,0.968782365322113,0.022984692826867104,0.0031409396324306726,0.005092009902000427
863,14,14,0.9995563626289368,0.0011604115134105086,normal,0.0,0.0,0.9968225359916687,0.00040866577182896435,0.0021614835131913424,0.0006073390832170844
864,14,14,0.9999934434890747,2.626803507155273e-05,normal,0.0,0.0,0.9871410131454468,0.0010551990708336234,0.00017925571592058986,0.011624469421803951
865,14,14,0.9999574422836304,0.00014648943033535033,normal,0.0,0.0,0.19722653925418854,0.12104380130767822,0.25687259435653687,0.42485707998275757
866,14,14,0.9999877214431763,4.791506944457069e-05,normal,0.0,0.0,0.9765666723251343,0.0009468042990192771,0.011471586301922798,0.011014886200428009
867,14,14,0.9999353885650635,0.00022263886057771742,normal,0.0,0.0,0.8355125784873962,0.13916300237178802,0.009416216053068638,0.015908190980553627
868,14,14,0.9999881982803345,4.5750155550194904e-05,normal,0.0,0.0,0.9510703086853027,0.01112944632768631,0.006260297726839781,0.031539954245090485
869,14,14,0.999962329864502,0.00013361625315155834,normal,0.0,0.0,0.7590230703353882,0.048938073217868805,0.039464060217142105,0.15257476270198822
870,14,14,0.9999533891677856,0.00015926022024359554,normal,0.0,0.0,0.537948727607727,0.0958833247423172,0.017419707030057907,0.34874826669692993
871,14,14,0.9999459981918335,0.00018488234491087496,normal,0.0,0.0,0.638078510761261,0.23163127899169922,0.054910801351070404,0.07537934184074402
872,14,14,0.999972939491272,9.61434343480505e-05,normal,0.0,0.0,0.8857079148292542,0.011615532450377941,0.005252130329608917,0.09742443263530731
873,14,14,0.9999955892562866,1.872996836027596e-05,normal,0.0,0.0,0.7679814100265503,0.10156852006912231,0.015081501565873623,0.1153685674071312
874,14,14,0.9922951459884644,0.014138389378786087,normal,0.0,0.0,0.7620700597763062,0.14928148686885834,0.0228678397834301,0.06578060239553452
875,14,14,0.9999499320983887,0.0001742703898344189,normal,0.0,0.0,0.9975274205207825,0.0017181591829285026,4.1722167225088924e-05,0.0007126250420697033
876,14,14,0.9999938011169434,2.5268671379308216e-05,normal,0.0,0.0,0.8191673159599304,0.02195673994719982,0.04578741267323494,0.11308857053518295
877,14,14,0.9999958276748657,1.756429992383346e-05,normal,0.0,0.0,0.29084062576293945,0.08746323734521866,0.48059266805648804,0.14110349118709564
878,14,14,0.9999778270721436,8.070634794421494e-05,normal,0.0,0.0,0.9110419154167175,0.012652578763663769,0.02129399962723255,0.055011507123708725
879,14,14,0.9998787641525269,0.00037073236308060586,normal,0.0,0.0,0.10100923478603363,0.3082883656024933,0.044446177780628204,0.5462562441825867
880,14,14,0.9999827146530151,6.310853495961055e-05,normal,0.0,0.0,0.9269546866416931,0.01588793471455574,0.03812312334775925,0.019034214317798615
881,14,14,0.9999963045120239,1.6095031242002733e-05,normal,0.0,0.0,0.70277339220047,0.07863804697990417,0.16236528754234314,0.056223269551992416
882,14,14,0.9997779726982117,0.0006315739592537284,normal,0.0,0.0,0.036847133189439774,0.1164269968867302,0.5603647828102112,0.28636112809181213
883,14,14,0.999993085861206,2.7757010684581473e-05,normal,0.0,0.0,0.8517969846725464,0.10383930802345276,0.005321729462593794,0.039041947573423386
884,14,14,0.9999891519546509,4.2075243982253596e-05,normal,0.0,0.0,0.926670491695404,0.04638150334358215,0.003374784253537655,0.023573188111186028
885,14,14,0.9999924898147583,3.0347093343152665e-05,normal,0.0,0.0,0.9775828719139099,0.002580250147730112,0.009845276363193989,0.009991603903472424
886,14,14,0.9999927282333374,2.8981312425457872e-05,normal,0.0,0.0,0.6903941035270691,0.017758412286639214,0.0226802509278059,0.2691672146320343
887,14,14,0.9999810457229614,7.130662561394274e-05,normal,0.0,0.0,0.23769797384738922,0.06462737172842026,0.6760550737380981,0.021619582548737526
888,14,14,0.8711334466934204,0.10569098591804504,normal,0.0,0.0,0.0674770250916481,0.3921303451061249,0.0007482375367544591,0.5396443605422974
889,14,14,0.9999651908874512,0.00012315763160586357,normal,0.0,0.0,0.907974898815155,0.03972027823328972,0.032441891729831696,0.019862892106175423
890,14,14,0.9999781847000122,7.955593173392117e-05,normal,0.0,0.0,0.0676124170422554,0.5441603660583496,0.26547107100486755,0.12275611609220505
891,14,14,0.7826715707778931,0.21468406915664673,normal,0.0,0.0,0.2827119827270508,0.04936464875936508,0.009794879704713821,0.6581284999847412
892,14,14,0.9999954700469971,1.895447712740861e-05,normal,0.0,0.0,0.7521294951438904,0.04260033741593361,0.04530923813581467,0.15996100008487701
893,14,14,0.9999905824661255,3.7208152207313105e-05,normal,0.0,0.0,0.9999296069145203,3.403114533284679e-05,3.0619270546594635e-05,5.752510787715437e-06
894,14,14,0.9999672174453735,0.00011953005014220253,normal,0.0,0.0,0.5490981340408325,0.2836677134037018,0.029306713491678238,0.13792744278907776
895,14,14,0.9999570846557617,0.00014734611613675952,normal,0.0,0.0,0.6542453169822693,0.11520563066005707,0.047646746039390564,0.18290233612060547
896,14,14,0.9998835325241089,0.0003762444539461285,normal,0.0,0.0,0.17602579295635223,0.026075249537825584,0.5525733828544617,0.24532566964626312
897,14,14,0.9999381303787231,0.0002075297961710021,normal,0.0,0.0,0.9863532781600952,0.0023907688446342945,0.0020148535259068012,0.009241108782589436
898,14,14,0.9999897480010986,4.045417153974995e-05,normal,0.0,0.0,0.5806291103363037,0.1034439206123352,0.030016912147402763,0.2859099805355072
899,14,14,0.9999814033508301,6.924795161467046e-05,normal,0.0,0.0,0.9344406723976135,0.0033705246169120073,0.020770855247974396,0.041417960077524185
900,14,14,0.999996542930603,1.491309558332432e-05,normal,0.0,0.0,0.9722591042518616,0.017431342974305153,0.0021999552845954895,0.008109703660011292
901,14,14,0.9999668598175049,0.00011599504068726674,normal,0.0,0.0,0.8401443958282471,0.1509515345096588,0.004048421047627926,0.004855717997997999
902,14,14,0.9999814033508301,7.286652544280514e-05,normal,0.0,0.0,0.9787793755531311,0.004331456031650305,0.0011997196124866605,0.015689395368099213
903,14,14,0.999993085861206,2.7603095077211037e-05,normal,0.0,0.0,0.7980889678001404,0.07208279520273209,0.051469169557094574,0.07835906744003296
904,14,14,0.9999704360961914,0.00010867820674320683,normal,0.0,0.0,0.3246370255947113,0.1849953532218933,0.0655732974410057,0.4247942566871643
905,14,14,0.9998362064361572,0.0005016271024942398,normal,0.0,0.0,0.9939541816711426,0.004574994556605816,0.0006979304598644376,0.0007728500640951097
906,14,14,0.9999963045120239,1.5330688256653957e-05,normal,0.0,0.0,0.905049204826355,0.04963088780641556,0.028872888535261154,0.016446977853775024
907,14,14,0.999984622001648,5.747020986746065e-05,normal,0.0,0.0,0.2828526496887207,0.19594807922840118,0.2383299320936203,0.2828693091869354
908,14,14,0.999984622001648,5.738381150877103e-05,normal,0.0,0.0,0.9927356839179993,0.000661347177810967,0.0018248683772981167,0.0047780899330973625
909,14,14,0.999957799911499,0.00014237876166589558,normal,0.0,0.0,0.9452837109565735,0.019204704090952873,0.004075449891388416,0.03143613412976265
910,14,14,0.9999926090240479,2.970140121760778e-05,normal,0.0,0.0,0.7650869488716125,0.05911828204989433,0.020318791270256042,0.15547601878643036
911,14,14,0.9998390674591064,0.0004950517322868109,normal,0.0,0.0,0.5296998023986816,0.17958979308605194,0.07878395169973373,0.2119264155626297
912,14,14,0.9999712705612183,0.00010252786887576804,normal,0.0,0.0,0.44618818163871765,0.2922073006629944,0.10081662237644196,0.16078785061836243
913,14,14,0.9966058731079102,0.007206520531326532,normal,0.0,0.0,0.9134467244148254,0.055480506271123886,0.020576035603880882,0.0104967737570405
914,14,14,0.9999797344207764,7.524836109951138e-05,normal,0.0,0.0,0.5586690902709961,0.09589990228414536,0.01685274764895439,0.32857832312583923
915,14,14,0.9999644756317139,0.00012184488878119737,normal,0.0,0.0,0.06258787214756012,0.023230131715536118,0.018233537673950195,0.8959484696388245
916,14,14,0.9999960660934448,1.7251571989618242e-05,normal,0.0,0.0,0.7056657075881958,0.15697534382343292,0.07733136415481567,0.06002749875187874
917,14,14,0.9999746084213257,9.035242692334577e-05,normal,0.0,0.0,0.3203202784061432,0.08374698460102081,0.5613721013069153,0.034560658037662506
918,14,14,0.9999891519546509,4.2219049646519125e-05,normal,0.0,0.0,0.2894476056098938,0.02924010343849659,0.123517245054245,0.5577951073646545
919,14,14,0.9999908208847046,3.631905201473273e-05,normal,0.0,0.0,0.6785973310470581,0.014613000676035881,0.022789372131228447,0.28400030732154846
920,14,14,0.9999903440475464,3.7403504393296316e-05,normal,0.0,0.0,0.9840540885925293,0.007314644753932953,0.0026678305584937334,0.005963370203971863
921,14,14,0.9999961853027344,1.595210596860852e-05,normal,0.0,0.0,0.5261532068252563,0.10982783138751984,0.2591556906700134,0.10486328601837158
922,14,14,0.9999892711639404,4.1135957872029394e-05,normal,0.0,0.0,0.6390333771705627,0.16844883561134338,0.05138486996293068,0.14113299548625946
923,14,14,0.999990701675415,3.6747060221387073e-05,normal,0.0,0.0,0.8033365607261658,0.009554608725011349,0.01954580657184124,0.1675630658864975
924,14,14,0.9999760389328003,8.630831871414557e-05,normal,0.0,0.0,0.900165855884552,0.007665753364562988,0.0036610448732972145,0.08850739151239395
925,14,14,0.9999454021453857,0.0001800730242393911,normal,0.0,0.0,0.19640958309173584,0.3654693067073822,0.024409616366028786,0.4137114882469177
926,14,14,0.9992625117301941,0.0018385531147941947,normal,0.0,0.0,0.9843848943710327,0.002684143139049411,0.0057913013733923435,0.007139632944017649
927,14,14,0.9968620538711548,0.006398630794137716,normal,0.0,0.0,0.906298041343689,0.012926408089697361,0.011239556595683098,0.069535993039608
928,14,14,0.99994957447052,0.00017198680143337697,normal,0.0,0.0,0.8202284574508667,0.10156228393316269,0.028369685634970665,0.04983958601951599
929,14,14,0.9999852180480957,5.597068593488075e-05,normal,0.0,0.0,0.9257524609565735,0.04255657270550728,0.01259315200150013,0.019097844138741493
930,14,14,0.9998456239700317,0.0004962531966157258,normal,0.0,0.0,0.13035811483860016,0.25344473123550415,0.42366963624954224,0.19252748787403107
931,14,14,0.9999855756759644,5.4478241509059444e-05,normal,0.0,0.0,0.4580085277557373,0.27051588892936707,0.05986226350069046,0.21161329746246338
932,14,14,0.9995176792144775,0.0013229496544227004,normal,0.0,0.0,0.7538690567016602,0.08676286786794662,0.00685839494690299,0.15250959992408752
933,14,14,0.9999669790267944,0.00011727847595466301,normal,0.0,0.0,0.8424901962280273,0.13719229400157928,0.014127572067081928,0.006190014071762562
934,14,14,0.9999935626983643,2.610301635286305e-05,normal,0.0,0.0,0.2845131754875183,0.08420974016189575,0.11822071671485901,0.5130563378334045
935,14,14,0.9999644756317139,0.00012220334610901773,normal,0.0,0.0,0.062292296439409256,0.02323836460709572,0.018389234319329262,0.8960800766944885
936,14,14,0.9999805688858032,7.157934305723757e-05,normal,0.0,0.0,0.7367013692855835,0.04991215094923973,0.0184326134622097,0.19495390355587006
937,14,14,0.9999432563781738,0.00019449734827503562,normal,0.0,0.0,0.4276160001754761,0.36988556385040283,0.021644460037350655,0.1808539479970932
938,14,14,0.948789119720459,0.07625240087509155,normal,0.0,0.0,0.06970056146383286,0.7386326789855957,0.14498084783554077,0.046685900539159775
939,14,14,0.9990252256393433,0.00224970537237823,normal,0.0,0.0,0.15044128894805908,0.005047913640737534,0.06638075411319733,0.778130054473877
940,14,14,0.9999682903289795,0.00011249265662627295,normal,0.0,0.0,0.4963509738445282,0.14372678101062775,0.06197035685181618,0.29795193672180176
941,14,14,0.9999738931655884,9.655168105382472e-05,normal,0.0,0.0,0.6971863508224487,0.03577461466193199,0.00791768915951252,0.2591213583946228
942,15,15,0.9991902709007263,0.002096835756674409,normal,0.0,0.0,0.018165381625294685,0.040955979377031326,0.1233622282743454,0.8175164461135864
943,15,15,0.9989423155784607,0.002609476912766695,normal,0.0,0.0,0.0927225798368454,0.15734654664993286,0.1770763397216797,0.5728545188903809
944,15,15,0.9997995495796204,0.0005685072974301875,normal,0.0,0.0,0.3216215670108795,0.010047041811048985,0.02879500389099121,0.639536440372467
945,15,15,0.9938509464263916,0.01129180658608675,normal,0.0,0.0,0.3612414002418518,0.4961546063423157,0.014344258233904839,0.12825971841812134
946,15,15,0.9875625371932983,0.018442906439304352,normal,0.0,0.0,0.17074082791805267,0.03763324022293091,0.4669397473335266,0.3246862292289734
947,15,15,0.9953386783599854,0.009535402059555054,normal,0.0,0.0,0.006336902268230915,0.004929606802761555,0.9858461618423462,0.00288726226426661
948,15,15,0.9994334578514099,0.001337137189693749,normal,0.0,0.0,0.001002314267680049,0.004922723397612572,0.07736332714557648,0.9167116284370422
949,15,15,0.9997283816337585,0.0007459119078703225,normal,0.0,0.0,0.026698969304561615,0.5510516166687012,0.16414529085159302,0.2581041753292084
950,15,15,0.9989131689071655,0.002455898327752948,normal,0.0,0.0,0.1379043012857437,0.05206609517335892,0.014650539495050907,0.795379102230072
951,15,15,0.9940066337585449,0.010618411935865879,normal,0.0,0.0,0.7004380226135254,0.17369642853736877,0.026762358844280243,0.09910315275192261
952,15,15,0.998224675655365,0.0037597448099404573,normal,0.0,0.0,0.042495664209127426,0.18439777195453644,0.07715781778097153,0.6959487795829773
953,15,15,0.9984134435653687,0.0036327820271253586,normal,0.0,0.0,0.5719121694564819,0.09693258255720139,0.31207671761512756,0.01907852478325367
954,15,15,0.999160647392273,0.0019222903065383434,normal,0.0,0.0,0.03744745999574661,0.1011461615562439,0.012155579403042793,0.8492507338523865
955,15,15,0.988907516002655,0.0193654615432024,normal,0.0,0.0,0.23814792931079865,0.36124294996261597,0.3660864531993866,0.03452274203300476
956,15,15,0.9998819828033447,0.00034207929274998605,normal,0.0,0.0,0.28350844979286194,0.06504107266664505,0.12915974855422974,0.5222907662391663
957,15,15,0.9995191097259521,0.0011831041192635894,normal,0.0,0.0,0.08071877807378769,0.10733526945114136,0.47056347131729126,0.3413824737071991
958,15,15,0.9997861981391907,0.0005720076151192188,normal,0.0,0.0,0.025666991248726845,0.02787567675113678,0.054966118186712265,0.891491174697876
959,15,15,0.9983695149421692,0.004056874196976423,normal,0.0,0.0,0.8579845428466797,0.010885723866522312,0.0944964662194252,0.03663330525159836
960,15,15,0.9977155923843384,0.004678926430642605,normal,0.0,0.0,0.9408524632453918,0.02047494240105152,0.010011309757828712,0.028661295771598816
961,15,15,0.9996594190597534,0.0008985238382592797,normal,0.0,0.0,0.5686014890670776,0.20189255475997925,0.07291353493928909,0.15659238398075104
962,16,16,0.9946796298027039,0.009648182429373264,normal,0.0,0.0,0.11012469977140427,0.15186557173728943,0.6654175519943237,0.07259214669466019
963,16,16,0.9988178610801697,0.0027846023440361023,normal,0.0,0.0,0.4154396653175354,0.006123756058514118,0.5399511456489563,0.03848540037870407
964,16,16,0.9999716281890869,0.00010377678700024262,normal,0.0,0.0,0.38877588510513306,0.13283812999725342,0.1208726093173027,0.3575133681297302
965,16,16,0.9996836185455322,0.0008708424866199493,normal,0.0,0.0,0.038506876677274704,0.16840624809265137,0.7676107883453369,0.025476085022091866
966,16,16,0.999988317489624,4.6696386561961845e-05,normal,0.0,0.0,0.0434185229241848,0.37229761481285095,0.45908424258232117,0.1251995712518692
967,16,16,0.9999665021896362,0.0001237460965057835,normal,0.0,0.0,0.9504361748695374,0.02112172171473503,0.009279035963118076,0.019163034856319427
968,16,16,0.9993999004364014,0.0015737961512058973,normal,0.0,0.0,0.04876983165740967,0.5026205778121948,0.42087554931640625,0.027734074741601944
969,16,16,0.9917391538619995,0.01485543791204691,normal,0.0,0.0,0.72248774766922,0.006454187445342541,0.003008788451552391,0.26804935932159424
970,16,16,0.9977806210517883,0.005006130784749985,normal,0.0,0.0,0.08307597786188126,0.5969846844673157,0.012793694622814655,0.30714571475982666
971,16,16,0.7770125865936279,0.1498022973537445,normal,0.0,0.0,0.1353752166032791,0.25121548771858215,0.5753473043441772,0.0380619652569294
972,16,38,0.8975391387939453,0.13176187872886658,normal,0.0,0.0,0.03338555619120598,0.4661353826522827,0.4750863015651703,0.02539270743727684
973,16,16,0.9732486009597778,0.04267355427145958,normal,0.0,0.0,0.9139124155044556,0.03219330310821533,0.010025887750089169,0.04386838525533676
974,16,16,0.9999912977218628,3.5377397580305114e-05,normal,0.0,0.0,0.00901547446846962,0.7191033959388733,0.0024643188808113337,0.2694167494773865
975,16,16,0.9999912977218628,3.5377397580305114e-05,normal,0.0,0.0,0.00901547446846962,0.7191033959388733,0.0024643188808113337,0.2694167494773865
976,16,16,0.9997734427452087,0.0007060171919874847,normal,0.0,0.0,0.006623008754104376,0.9274550080299377,0.0007023215875960886,0.0652196928858757
977,16,16,0.9999098777770996,0.0002959267876576632,normal,0.0,0.0,0.0010391178075224161,0.9535135626792908,0.0010327431373298168,0.04441459849476814
978,16,36,0.7062056064605713,0.18865500390529633,normal,0.0,0.0,0.8015289306640625,0.1855657696723938,0.0033674966543912888,0.009537766687572002
979,16,16,0.9999668598175049,0.00012013936066068709,normal,0.0,0.0,0.7707545161247253,0.05144188553094864,0.12254144251346588,0.05526212975382805
980,16,16,0.9999778270721436,8.282027556560934e-05,normal,0.0,0.0,0.03355148807168007,0.6820575594902039,0.0056108757853507996,0.278780072927475
981,16,16,0.9999926090240479,3.052235842915252e-05,normal,0.0,0.0,0.014728679321706295,0.5736209750175476,0.23970596492290497,0.17194439470767975
982,16,16,0.999962329864502,0.00013486349780578166,normal,0.0,0.0,0.8991386294364929,0.026723135262727737,0.0128284627571702,0.06130974739789963
983,16,16,0.9999933242797852,2.7889926059287973e-05,normal,0.0,0.0,0.00857332069426775,0.8824562430381775,0.005144617520272732,0.10382579267024994
984,16,16,0.9998219609260559,0.0005662174662575126,normal,0.0,0.0,0.3357418179512024,0.25311651825904846,0.012421532534062862,0.3987201452255249
985,16,16,0.9999721050262451,0.0001045486205839552,normal,0.0,0.0,0.5880457162857056,0.04315544664859772,0.08153146505355835,0.28726738691329956
986,16,16,0.9999353885650635,0.00022581192024517804,normal,0.0,0.0,0.001981838373467326,0.7748432159423828,0.0009605750092305243,0.22221429646015167
987,16,16,0.9985893368721008,0.003439036663621664,normal,0.0,0.0,0.26732465624809265,0.6031639575958252,0.026847831904888153,0.1026635468006134
988,16,16,0.9999933242797852,2.7889926059287973e-05,normal,0.0,0.0,0.00857332069426775,0.8824562430381775,0.005144617520272732,0.10382579267024994
989,16,16,0.9999098777770996,0.0002959267876576632,normal,0.0,0.0,0.0010391178075224161,0.9535135626792908,0.0010327431373298168,0.04441459849476814
990,16,16,0.9995367527008057,0.0012385825393721461,normal,0.0,0.0,0.004933858290314674,0.9843915700912476,0.0022756962571293116,0.008398893289268017
991,16,16,0.9999768733978271,8.533604705007747e-05,normal,0.0,0.0,0.005339945200830698,0.6221998333930969,0.005158675834536552,0.36730149388313293
992,16,16,0.7850468754768372,0.15606340765953064,normal,0.0,0.0,0.21630427241325378,0.06915802508592606,0.32433760166168213,0.39020007848739624
993,16,16,0.999294638633728,0.0017644654726609588,normal,0.0,0.0,0.03281166031956673,0.03434033319354057,0.6719317436218262,0.2609163522720337
994,16,16,0.9999734163284302,9.705565025797114e-05,normal,0.0,0.0,0.04452785477042198,0.5053045749664307,0.013135554268956184,0.43703198432922363
995,16,16,0.9999796152114868,7.755239494144917e-05,normal,0.0,0.0,0.014139849692583084,0.15085004270076752,0.03154226392507553,0.803467869758606
996,16,16,0.9985382556915283,0.003447005758062005,normal,0.0,0.0,0.00668195728212595,0.07404710352420807,0.12172887474298477,0.7975420355796814
997,16,16,0.9998934268951416,0.0003302046097815037,normal,0.0,0.0,0.010493873618543148,0.011503142304718494,0.0596470981836319,0.9183558821678162
998,16,16,0.9999734163284302,9.705565025797114e-05,normal,0.0,0.0,0.04452785477042198,0.5053045749664307,0.013135554268956184,0.43703198432922363
999,16,16,0.9999734163284302,9.909680375130847e-05,normal,0.0,0.0,0.011471772566437721,0.9240543842315674,0.029869409278035164,0.03460438549518585
1000,16,16,0.9999905824661255,3.8054011383792385e-05,normal,0.0,0.0,0.027032330632209778,0.8912607431411743,0.06010843440890312,0.021598560735583305
1001,16,16,0.999904990196228,0.0003081147151533514,normal,0.0,0.0,0.9968910813331604,0.0016147398855537176,0.00046457626740448177,0.0010296182008460164
1002,16,16,0.999993085861206,2.911934643634595e-05,normal,0.0,0.0,0.024548780173063278,0.6469194293022156,0.283311665058136,0.04522010684013367
1003,16,16,0.9999855756759644,5.721325214835815e-05,normal,0.0,0.0,0.021083150058984756,0.8241617679595947,0.023800784721970558,0.1309543251991272
1004,16,16,0.9998869895935059,0.00034950990811921656,normal,0.0,0.0,0.036152470856904984,0.3294949531555176,0.6090185642242432,0.025334056466817856
1005,16,16,0.9997757077217102,0.0006742602563463151,normal,0.0,0.0,0.5724301934242249,0.33274590969085693,0.0003021150187123567,0.09452177584171295
1006,16,16,0.9989303946495056,0.002483765594661236,normal,0.0,0.0,0.007497887592762709,0.977457582950592,0.012555334717035294,0.002489199163392186
1007,16,16,0.9999222755432129,0.00025976201868616045,normal,0.0,0.0,0.002376226708292961,0.8208242654800415,0.039000656455755234,0.13779884576797485
1008,16,16,0.9999890327453613,4.432144487509504e-05,normal,0.0,0.0,0.06908049434423447,0.7362089157104492,0.13482610881328583,0.059884458780288696
1009,16,16,0.9999861717224121,5.342232543625869e-05,normal,0.0,0.0,0.013860167935490608,0.2369232475757599,0.024192938581109047,0.7250236868858337
1010,16,16,0.9999674558639526,0.0001128854783019051,normal,0.0,0.0,0.008079844526946545,0.09057831764221191,0.02685915119946003,0.8744826316833496
1011,16,16,0.9999712705612183,0.00010592360922601074,normal,0.0,0.0,0.1585291624069214,0.3620588779449463,0.29437515139579773,0.1850368082523346
1012,16,16,0.9999663829803467,0.00012188046093797311,normal,0.0,0.0,0.005812724120914936,0.9784271121025085,0.0015546658542007208,0.014205507934093475
1013,16,16,0.9999712705612183,0.00010592360922601074,normal,0.0,0.0,0.1585291624069214,0.3620588779449463,0.29437515139579773,0.1850368082523346
1014,16,16,0.9979220032691956,0.00431485241279006,normal,0.0,0.0,0.037811778485774994,0.021870169788599014,0.9123218655586243,0.027996163815259933
1015,16,16,0.9995504021644592,0.0012919488362967968,normal,0.0,0.0,0.015049268491566181,0.6026808619499207,0.3414992690086365,0.04077056795358658
1016,16,16,0.9999734163284302,9.909680375130847e-05,normal,0.0,0.0,0.011471772566437721,0.9240543842315674,0.029869409278035164,0.03460438549518585
1017,16,16,0.9999905824661255,3.8054011383792385e-05,normal,0.0,0.0,0.027032330632209778,0.8912607431411743,0.06010843440890312,0.021598560735583305
1018,16,16,0.9999245405197144,0.00025934178847819567,normal,0.0,0.0,0.8617081642150879,0.03449943661689758,0.00570961507037282,0.09808279573917389
1019,16,16,0.9999796152114868,7.755239494144917e-05,normal,0.0,0.0,0.014139849692583084,0.15085004270076752,0.03154226392507553,0.803467869758606
1020,16,16,0.999294638633728,0.0017644654726609588,normal,0.0,0.0,0.03281166031956673,0.03434033319354057,0.6719317436218262,0.2609163522720337
1021,16,16,0.999993085861206,2.8989496058784425e-05,normal,0.0,0.0,0.040596213191747665,0.07743680477142334,0.2573506832122803,0.624616265296936
1022,16,16,0.9999861717224121,5.342232543625869e-05,normal,0.0,0.0,0.013860167935490608,0.2369232475757599,0.024192938581109047,0.7250236868858337
1023,16,16,0.9607792496681213,0.050345148891210556,normal,0.0,0.0,0.05424785986542702,0.5257485508918762,0.219636470079422,0.20036715269088745
1024,16,16,0.9999905824661255,3.8054011383792385e-05,normal,0.0,0.0,0.027032330632209778,0.8912607431411743,0.06010843440890312,0.021598560735583305
1025,16,16,0.9978959560394287,0.004637235775589943,normal,0.0,0.0,0.7703900337219238,0.002765312558040023,0.0029430980794131756,0.22390158474445343
1026,16,16,0.9936020970344543,0.011323521845042706,normal,0.0,0.0,0.010075539350509644,0.02659558318555355,0.9334830045700073,0.029845869168639183
1027,16,16,0.9641499519348145,0.045502401888370514,normal,0.0,0.0,0.020327530801296234,0.07192043960094452,0.12270376086235046,0.7850483059883118
1028,16,16,0.9936020970344543,0.011323521845042706,normal,0.0,0.0,0.010075539350509644,0.02659558318555355,0.9334830045700073,0.029845869168639183
1029,16,16,0.9978959560394287,0.004637235775589943,normal,0.0,0.0,0.7703900337219238,0.002765312558040023,0.0029430980794131756,0.22390158474445343
1030,16,16,0.9999836683273315,6.419441342586651e-05,normal,0.0,0.0,0.9463567733764648,0.01592077873647213,0.01051435898989439,0.027208048850297928
1031,16,16,0.9999030828475952,0.00031736984965391457,normal,0.0,0.0,0.010898257605731487,0.9532855749130249,0.008611808530986309,0.027204329147934914
1032,16,16,0.9998250603675842,0.000529587734490633,normal,0.0,0.0,0.006005347240716219,0.48378852009773254,0.49705326557159424,0.01315284427255392
1033,16,36,0.4392353892326355,0.40740448236465454,normal,0.0,0.0,0.37857216596603394,0.48615434765815735,0.0342785008251667,0.10099504888057709
1034,16,16,0.991544246673584,0.0154168251901865,normal,0.0,0.0,0.5705046653747559,0.27932414412498474,0.033883046358823776,0.1162882149219513
1035,16,16,0.9999674558639526,0.0001128854783019051,normal,0.0,0.0,0.008079844526946545,0.09057831764221191,0.02685915119946003,0.8744826316833496
1036,16,16,0.999988317489624,4.63493270217441e-05,normal,0.0,0.0,0.0708935484290123,0.485613077878952,0.26274749636650085,0.18074586987495422
1037,16,16,0.9979220032691956,0.00431485241279006,normal,0.0,0.0,0.037811778485774994,0.021870169788599014,0.9123218655586243,0.027996163815259933
1038,16,16,0.999775230884552,0.0006252426537685096,normal,0.0,0.0,0.1647907942533493,0.22573678195476532,0.11660952866077423,0.4928629696369171
1039,16,16,0.9999313354492188,0.00023171697102952749,normal,0.0,0.0,0.001975634368136525,0.9476762413978577,0.009468014352023602,0.04088008403778076
1040,16,16,0.9993138313293457,0.0016498707700520754,normal,0.0,0.0,0.1011311486363411,0.5792564749717712,0.11511214822530746,0.20450033247470856
1041,16,16,0.9985893368721008,0.003439036663621664,normal,0.0,0.0,0.26732465624809265,0.6031639575958252,0.026847831904888153,0.1026635468006134
1042,16,16,0.9999703168869019,0.00010800267045851797,normal,0.0,0.0,0.04515166953206062,0.8692595362663269,0.035416606813669205,0.05017224699258804
1043,16,16,0.9999768733978271,8.650658855913207e-05,normal,0.0,0.0,0.08914485573768616,0.09413715451955795,0.45077160000801086,0.3659464120864868
1044,16,16,0.9875176548957825,0.020199459046125412,normal,0.0,0.0,0.005163836758583784,0.024637755006551743,0.963493824005127,0.006704579573124647
1045,16,16,0.9997193217277527,0.000814262602943927,normal,0.0,0.0,0.0027853676583617926,0.9877873659133911,0.003988694865256548,0.0054386332631111145
1046,16,16,0.9999933242797852,2.7889926059287973e-05,normal,0.0,0.0,0.00857332069426775,0.8824562430381775,0.005144617520272732,0.10382579267024994
1047,16,16,0.9939584732055664,0.011415157467126846,normal,0.0,0.0,0.11976231634616852,0.183883398771286,0.45247167348861694,0.2438826560974121
1048,16,16,0.9999890327453613,4.432144487509504e-05,normal,0.0,0.0,0.06908049434423447,0.7362089157104492,0.13482610881328583,0.059884458780288696
1049,16,16,0.8242679834365845,0.19214534759521484,normal,0.0,0.0,0.6399930715560913,0.231874018907547,0.01748463325202465,0.1106482595205307
1050,16,16,0.9700259566307068,0.04867731034755707,normal,0.0,0.0,0.8914210796356201,0.05513240769505501,0.01151121687144041,0.041935309767723083
1051,16,16,0.5101202130317688,0.2271203249692917,normal,0.0,0.0,0.5240447521209717,0.09458795189857483,0.08845987915992737,0.2929074466228485
1052,16,16,0.9781996607780457,0.03642662242054939,normal,0.0,0.0,0.6850917935371399,0.129631906747818,0.010803468525409698,0.1744728684425354
1053,16,16,0.9670226573944092,0.04213869944214821,normal,0.0,0.0,0.1561570018529892,0.2601279318332672,0.571790337562561,0.011924727819859982
1054,16,16,0.9994158744812012,0.0015938685974106193,normal,0.0,0.0,0.018859803676605225,0.9150763750076294,0.00458926847204566,0.061474524438381195
1055,16,16,0.9996939897537231,0.0008761717472225428,normal,0.0,0.0,0.0299422275274992,0.0032171441707760096,0.9532558917999268,0.013584814965724945
1056,16,16,0.9999830722808838,6.529185338877141e-05,normal,0.0,0.0,0.018897706642746925,0.12839584052562714,0.019616803154349327,0.8330895900726318
1057,16,23,0.9997445940971375,0.000713514571543783,normal,0.0,0.0,0.0010134225012734532,0.07279930263757706,0.00019148174033034593,0.9259958267211914
1058,16,16,0.9999716281890869,0.00010377678700024262,normal,0.0,0.0,0.38877588510513306,0.13283812999725342,0.1208726093173027,0.3575133681297302
1059,16,16,0.9999830722808838,6.529185338877141e-05,normal,0.0,0.0,0.018897706642746925,0.12839584052562714,0.019616803154349327,0.8330895900726318
1060,16,16,0.9999778270721436,8.282027556560934e-05,normal,0.0,0.0,0.03355148807168007,0.6820575594902039,0.0056108757853507996,0.278780072927475
1061,16,16,0.9996682405471802,0.0009288079454563558,normal,0.0,0.0,0.010688292793929577,0.694202721118927,0.004791524726897478,0.29031744599342346
1062,17,17,0.9992088675498962,0.0018490965012460947,normal,0.0,0.0,0.8660531044006348,0.09758517146110535,0.021945476531982422,0.014416218735277653
1063,17,17,0.9998444318771362,0.0004815092543140054,normal,0.0,0.0,0.5671704411506653,0.27910110354423523,0.12277057021856308,0.030957870185375214
1064,17,17,0.999920129776001,0.0002700129698496312,normal,0.0,0.0,0.33938467502593994,0.40608909726142883,0.11445918679237366,0.140066996216774
1065,17,17,0.9999551773071289,0.00016005060751922429,normal,0.0,0.0,0.13711737096309662,0.2620922327041626,0.16028791666030884,0.44050243496894836
1066,17,17,0.9999977350234985,1.032063300954178e-05,normal,0.0,0.0,0.8932754993438721,0.006737065967172384,0.07087428867816925,0.029113102704286575
1067,17,17,0.9999971389770508,1.1849076145153958e-05,normal,0.0,0.0,0.7365791201591492,0.044723350554704666,0.1545843929052353,0.06411314010620117
1068,17,17,0.9999656677246094,0.0001110740122385323,normal,0.0,0.0,0.16482803225517273,0.016413982957601547,0.7892029881477356,0.029554937034845352
1069,17,17,0.8877577781677246,0.14745600521564484,normal,0.0,0.0,0.018471987918019295,0.10419204086065292,0.3642804026603699,0.5130555629730225
1070,17,17,0.9999604225158691,0.00014086563896853477,normal,0.0,0.0,0.04335888847708702,0.5091779232025146,0.4029897451400757,0.044473450630903244
1071,17,17,0.9999918937683105,3.347365782246925e-05,normal,0.0,0.0,0.26861727237701416,0.603866696357727,0.09234876185655594,0.035167232155799866
1072,17,17,0.9999886751174927,4.37776543549262e-05,normal,0.0,0.0,0.22197920083999634,0.6362325549125671,0.07226744294166565,0.06952083855867386
1073,17,17,0.9999631643295288,0.0001221547572640702,normal,0.0,0.0,0.36686328053474426,0.591427206993103,0.027296781539916992,0.014412729069590569
1074,17,17,0.9997876286506653,0.0006379861733876169,normal,0.0,0.0,0.07507015019655228,0.768424391746521,0.0204690583050251,0.13603641092777252
1075,17,17,0.9999725818634033,0.00010155879863305017,normal,0.0,0.0,0.6386749148368835,0.04416489601135254,0.11927890032529831,0.1978812962770462
1076,17,17,0.9999903440475464,3.7148260162211955e-05,normal,0.0,0.0,0.544686496257782,0.2437242716550827,0.07578011602163315,0.13580915331840515
1077,17,17,0.9999966621398926,1.4061416550248396e-05,normal,0.0,0.0,0.14248999953269958,0.019863303750753403,0.8309141993522644,0.006732545793056488
1078,17,17,0.9999067783355713,0.00030056803370825946,normal,0.0,0.0,0.22556836903095245,0.5565534830093384,0.0756550133228302,0.14222320914268494
1079,17,17,0.9999805688858032,7.167305739130825e-05,normal,0.0,0.0,0.35716068744659424,0.5807734131813049,0.026328513398766518,0.03573746979236603
1080,17,17,0.9999969005584717,1.2894356586912181e-05,normal,0.0,0.0,0.8598915338516235,0.018136698752641678,0.053318288177251816,0.0686534196138382
1081,17,17,0.9999854564666748,5.667059667757712e-05,normal,0.0,0.0,0.1163489893078804,0.811333417892456,0.03660985454916954,0.03570776805281639
1082,17,17,0.9999971389770508,1.2773625712725334e-05,normal,0.0,0.0,0.6404673457145691,0.2336108386516571,0.046062108129262924,0.07985972613096237
1083,17,17,0.9999985694885254,6.660138751612976e-06,normal,0.0,0.0,0.26118457317352295,0.07314697653055191,0.03532307222485542,0.630345344543457
1084,17,17,0.9995822310447693,0.0012139220489189029,normal,0.0,0.0,0.22477680444717407,0.7140649557113647,0.022702064365148544,0.03845606744289398
1085,17,17,0.9999843835830688,5.916005466133356e-05,normal,0.0,0.0,0.07827872037887573,0.3976740539073944,0.06204313412308693,0.4620041251182556
1086,17,17,0.9999721050262451,0.00010028502583736554,normal,0.0,0.0,0.18219855427742004,0.19060254096984863,0.047586552798748016,0.5796123147010803
1087,17,17,0.9999959468841553,1.7393806047039106e-05,normal,0.0,0.0,0.11447632312774658,0.7160772681236267,0.06055303290486336,0.10889334231615067
1088,17,17,0.9999954700469971,1.8812064809026197e-05,normal,0.0,0.0,0.5225607752799988,0.08581654727458954,0.1471712589263916,0.2444514036178589
1089,17,17,0.9999958276748657,1.6853146007633768e-05,normal,0.0,0.0,0.6236275434494019,0.18899798393249512,0.05772489309310913,0.12964950501918793
1090,17,17,0.9999704360961914,0.00011326806270517409,normal,0.0,0.0,0.21922028064727783,0.4674748182296753,0.08959157019853592,0.22371333837509155
1091,17,17,0.9999862909317017,5.340809730114415e-05,normal,0.0,0.0,0.569723904132843,0.1330239176750183,0.2700739800930023,0.02717810682952404
1092,17,17,0.9999771118164062,8.36806939332746e-05,normal,0.0,0.0,0.09802161902189255,0.36077412962913513,0.07936989516019821,0.4618344008922577
1093,17,17,0.9999613761901855,0.00013999559450894594,normal,0.0,0.0,0.14519375562667847,0.6634457111358643,0.0490691252052784,0.1422913819551468
1094,17,17,0.9999790191650391,7.922756049083546e-05,normal,0.0,0.0,0.018862750381231308,0.6188687086105347,0.1379995197057724,0.22426900267601013
1095,17,17,0.9999984502792358,7.314014965231763e-06,normal,0.0,0.0,0.09939444065093994,0.07564149796962738,0.00770700303837657,0.8172569870948792
1096,17,17,0.9999860525131226,5.136486288392916e-05,normal,0.0,0.0,0.87129145860672,0.0334775373339653,0.04083753749728203,0.05439341440796852
1097,17,17,0.9992619156837463,0.0017455870984122157,normal,0.0,0.0,0.03957222402095795,0.1896039843559265,0.5663340091705322,0.2044898420572281
1098,17,17,0.999956488609314,0.0001383610360790044,normal,0.0,0.0,0.09258082509040833,0.6298325657844543,0.1666659116744995,0.11092062294483185
1099,17,17,0.9999936819076538,2.5203864424838684e-05,normal,0.0,0.0,0.5290614366531372,0.179826021194458,0.058732133358716965,0.23238036036491394
1100,17,17,0.9997114539146423,0.000888026028405875,normal,0.0,0.0,0.551822304725647,0.06386921554803848,0.09916877001523972,0.2851397395133972
1101,17,17,0.9970904588699341,0.005995910614728928,normal,0.0,0.0,0.29170092940330505,0.2587241530418396,0.15555700659751892,0.2940179109573364
1102,17,17,0.999995231628418,1.989121301448904e-05,normal,0.0,0.0,0.5563770532608032,0.07205593585968018,0.20215044915676117,0.169416606426239
1103,17,17,0.9999955892562866,1.6843532648636028e-05,normal,0.0,0.0,0.41389039158821106,0.24740880727767944,0.1904621124267578,0.1482386589050293
1104,17,17,0.9999939203262329,2.5122955776168965e-05,normal,0.0,0.0,0.6003357172012329,0.04363664239645004,0.12868352234363556,0.22734412550926208
1105,17,17,0.9999474287033081,0.00017421621305402368,normal,0.0,0.0,0.031577013432979584,0.8692046999931335,0.07705827802419662,0.022160017862915993
1106,17,17,0.9999918937683105,3.278321310062893e-05,normal,0.0,0.0,0.5267120003700256,0.28394588828086853,0.06872860342264175,0.12061351537704468
1107,17,17,0.9999918937683105,3.271663808845915e-05,normal,0.0,0.0,0.17699755728244781,0.6945475935935974,0.09232055395841599,0.036134280264377594
1108,17,17,0.9999960660934448,1.7077090888051316e-05,normal,0.0,0.0,0.11441598832607269,0.47859442234039307,0.2732245922088623,0.13376499712467194
1109,17,17,0.9999818801879883,6.269879668252543e-05,normal,0.0,0.0,0.33449074625968933,0.009779473766684532,0.030701439827680588,0.6250283718109131
1110,17,17,0.9999974966049194,1.1285370419500396e-05,normal,0.0,0.0,0.24656358361244202,0.378686785697937,0.2068287581205368,0.16792085766792297
1111,17,17,0.9999912977218628,3.5620883863884956e-05,normal,0.0,0.0,0.4403930902481079,0.35209891200065613,0.07133878767490387,0.1361691951751709
1112,17,17,0.9989718198776245,0.00234560901299119,normal,0.0,0.0,0.914277970790863,0.0035622608847916126,0.06260797381401062,0.01955176703631878
1113,17,17,0.9997574687004089,0.0007462308858521283,normal,0.0,0.0,0.1689182072877884,0.6126595139503479,0.1061796247959137,0.11224263906478882
1114,17,17,0.9997492432594299,0.0007763511384837329,normal,0.0,0.0,0.48007896542549133,0.39318692684173584,0.0792931616306305,0.04744092747569084
1115,17,17,0.9998996257781982,0.00034530734410509467,normal,0.0,0.0,0.34627771377563477,0.2743171453475952,0.2842111587524414,0.09519399702548981
1116,17,17,0.9999977350234985,9.657864211476408e-06,normal,0.0,0.0,0.4331303536891937,0.07135915011167526,0.14449286460876465,0.35101768374443054
1117,17,17,0.9999963045120239,1.5949995940900408e-05,normal,0.0,0.0,0.7446138262748718,0.12952011823654175,0.02754332683980465,0.09832271188497543
1118,17,17,0.9998130202293396,0.0005620031151920557,normal,0.0,0.0,0.06911280006170273,0.43186792731285095,0.3230118155479431,0.1760074645280838
1119,17,17,0.9999855756759644,5.6032211432466283e-05,normal,0.0,0.0,0.09392160922288895,0.8399912714958191,0.03489431366324425,0.0311928391456604
1120,17,17,0.9999419450759888,0.00018992087279912084,normal,0.0,0.0,0.08981392532587051,0.5831377506256104,0.1609112024307251,0.16613711416721344
1121,17,17,0.9999585151672363,0.000147162820212543,normal,0.0,0.0,0.5221613645553589,0.04142623394727707,0.17078952491283417,0.2656228542327881
1122,17,17,0.9999924898147583,2.9440700018312782e-05,normal,0.0,0.0,0.7608075737953186,0.1763119399547577,0.05001873895525932,0.012861689552664757
1123,17,17,0.9999655485153198,0.00012974532728549093,normal,0.0,0.0,0.9186405539512634,0.04837946593761444,0.022623974829912186,0.010355982929468155
1124,17,17,0.9997113347053528,0.0008191447705030441,normal,0.0,0.0,0.08079957962036133,0.5843209624290466,0.27000612020492554,0.06487340480089188
1125,17,17,0.9999802112579346,7.51470506656915e-05,normal,0.0,0.0,0.2764056622982025,0.20150141417980194,0.2294304519891739,0.29266253113746643
1126,17,17,0.9999392032623291,0.00020931045582983643,normal,0.0,0.0,0.01680336892604828,0.5456244945526123,0.19391025602817535,0.24366183578968048
1127,17,17,0.9999904632568359,3.65618834621273e-05,normal,0.0,0.0,0.27825337648391724,0.6741030216217041,0.023908190429210663,0.02373543567955494
1128,17,17,0.9999806880950928,6.98141593602486e-05,normal,0.0,0.0,0.06289341300725937,0.003831438720226288,0.9158662557601929,0.017408933490514755
1129,17,17,0.9999955892562866,1.760839222697541e-05,normal,0.0,0.0,0.7357918620109558,0.13384652137756348,0.06754601746797562,0.06281567364931107
1130,17,17,0.9999525547027588,0.00016675125516485423,normal,0.0,0.0,0.02399655058979988,0.05589674040675163,0.8990781307220459,0.021028554067015648
1131,17,17,0.999994158744812,2.362572013225872e-05,normal,0.0,0.0,0.8572086095809937,0.01222209818661213,0.025569265708327293,0.10499999672174454
1132,17,17,0.9999954700469971,1.901066571008414e-05,normal,0.0,0.0,0.5691287517547607,0.25484803318977356,0.11769665777683258,0.05832662060856819
1133,17,17,0.9999791383743286,7.278541306732222e-05,normal,0.0,0.0,0.4803527593612671,0.23566259443759918,0.11139380931854248,0.17259083688259125
1134,17,17,0.999992847442627,2.9226514016045257e-05,normal,0.0,0.0,0.6754136085510254,0.02332783117890358,0.2569292485713959,0.04432937875390053
1135,17,17,0.9999799728393555,7.732255471637473e-05,normal,0.0,0.0,0.12808680534362793,0.7130508422851562,0.09687727689743042,0.061985038220882416
1136,17,17,0.9999253749847412,0.0002567338233347982,normal,0.0,0.0,0.26562944054603577,0.3748883605003357,0.31959909200668335,0.03988310694694519
1137,17,17,0.9999971389770508,1.2108938790333923e-05,normal,0.0,0.0,0.5613992810249329,0.07671317458152771,0.23709826171398163,0.12478923797607422
1138,17,17,0.9999984502792358,7.16898603059235e-06,normal,0.0,0.0,0.6000653505325317,0.14426864683628082,0.10332345962524414,0.15234245359897614
1139,17,17,0.9999986886978149,6.056276561139384e-06,normal,0.0,0.0,0.3822702467441559,0.21478794515132904,0.11925448477268219,0.2836873531341553
1140,17,17,0.9999854564666748,5.470932956086472e-05,normal,0.0,0.0,0.24670778214931488,0.35132163763046265,0.3048017621040344,0.09716884791851044
1141,17,17,0.9999912977218628,3.32776689901948e-05,normal,0.0,0.0,0.5683795809745789,0.1845685988664627,0.20149117708206177,0.045560646802186966
1142,17,17,0.9999321699142456,0.00021018485131207854,normal,0.0,0.0,0.5776329636573792,0.2815774381160736,0.04474107548594475,0.096048504114151
1143,17,17,0.9999806880950928,6.98141593602486e-05,normal,0.0,0.0,0.06289341300725937,0.003831438720226288,0.9158662557601929,0.017408933490514755
1144,17,17,0.9999960660934448,1.666671050770674e-05,normal,0.0,0.0,0.32542356848716736,0.07379881292581558,0.1720086634159088,0.428769052028656
1145,17,17,0.9999932050704956,2.7460235287435353e-05,normal,0.0,0.0,0.006665168330073357,0.9558941125869751,0.017847716808319092,0.01959299109876156
1146,17,17,0.9999971389770508,1.2365933798719198e-05,normal,0.0,0.0,0.7379369139671326,0.07991981506347656,0.07280711084604263,0.10933616012334824
1147,17,17,0.9999911785125732,3.445180846028961e-05,normal,0.0,0.0,0.7953646779060364,0.015508655458688736,0.11320137977600098,0.07592527568340302
1148,17,17,0.9999990463256836,4.329213425080525e-06,normal,0.0,0.0,0.7133839130401611,0.015280485153198242,0.11072440445423126,0.16061115264892578
1149,17,17,0.999997615814209,1.0297693734173663e-05,normal,0.0,0.0,0.6236902475357056,0.05936085060238838,0.1149379163980484,0.20201095938682556
1150,17,17,0.9999935626983643,2.634077100083232e-05,normal,0.0,0.0,0.7313149571418762,0.02071516215801239,0.08605051785707474,0.16191937029361725
1151,17,17,0.9999947547912598,2.0904290067846887e-05,normal,0.0,0.0,0.08302763104438782,0.055581215769052505,0.21363137662410736,0.6477597951889038
1152,17,17,0.9985485672950745,0.0032481560483574867,normal,0.0,0.0,0.9728226065635681,0.02137487195432186,0.0010207800660282373,0.004781742580235004
1153,17,17,0.9999948740005493,2.1547157302848063e-05,normal,0.0,0.0,0.32226651906967163,0.08291755616664886,0.5835527181625366,0.011263254098594189
1154,17,17,0.9999874830245972,4.955148324370384e-05,normal,0.0,0.0,0.3961980640888214,0.4392460584640503,0.04957889765501022,0.11497695744037628
1155,17,17,0.9999549388885498,0.00016162110841833055,normal,0.0,0.0,0.20384477078914642,0.1565520018339157,0.49440503120422363,0.14519818127155304
1156,17,17,0.9999964237213135,1.4955241567804478e-05,normal,0.0,0.0,0.40390393137931824,0.4249822795391083,0.10376790910959244,0.06734593957662582
1157,17,17,0.9999829530715942,6.615704478463158e-05,normal,0.0,0.0,0.5413013100624084,0.04066441208124161,0.26226118206977844,0.15577314794063568
1158,17,17,0.9999905824661255,3.570507396943867e-05,normal,0.0,0.0,0.2671656608581543,0.6856292486190796,0.030581792816519737,0.016623301431536674
1159,17,17,0.9999856948852539,5.55346196051687e-05,normal,0.0,0.0,0.034043338149785995,0.02215484529733658,0.9314095973968506,0.012392190285027027
1160,17,17,0.9999953508377075,1.8767166693578474e-05,normal,0.0,0.0,0.7980950474739075,0.02331172116100788,0.11255898326635361,0.06603433936834335
1161,17,17,0.9999650716781616,0.00012040331785101444,normal,0.0,0.0,0.9397755861282349,0.03069913759827614,0.01574268937110901,0.013782594352960587
1162,18,18,0.9998937845230103,0.00034349062480032444,normal,0.0,0.0,0.0013329641660675406,0.8950558304786682,0.09991879016160965,0.0036924087908118963
1163,18,18,0.9999936819076538,2.564455098763574e-05,normal,0.0,0.0,0.022287815809249878,0.23112086951732635,0.45698270201683044,0.2896086275577545
1164,18,18,0.9999840259552002,6.199397466843948e-05,normal,0.0,0.0,0.06028519198298454,0.33008500933647156,0.1907152682542801,0.4189144968986511
1165,18,18,0.9997954964637756,0.0005650707753375173,normal,0.0,0.0,0.21795934438705444,0.34808939695358276,0.21864256262779236,0.21530872583389282
1166,18,18,0.9999682903289795,0.00011033233749913052,normal,0.0,0.0,0.49491626024246216,0.1584240049123764,0.046650826930999756,0.30000895261764526
1167,18,18,0.9999887943267822,4.3511990952538326e-05,normal,0.0,0.0,0.07985285669565201,0.3561081290245056,0.5024106502532959,0.061628371477127075
1168,18,18,0.9999926090240479,2.971258800243959e-05,normal,0.0,0.0,0.016198256984353065,0.4636443853378296,0.09672960638999939,0.4234277606010437
1169,18,18,0.9999957084655762,1.8653552615433e-05,normal,0.0,0.0,0.22249090671539307,0.40946751832962036,0.08907540142536163,0.27896615862846375
1170,18,18,0.9999322891235352,0.0002112658112309873,normal,0.0,0.0,0.3021324574947357,0.4477318525314331,0.1383349895477295,0.11180075258016586
1171,18,18,0.9969865679740906,0.005985517054796219,normal,0.0,0.0,0.32601115107536316,0.04387032240629196,0.6138700842857361,0.0162484310567379
1172,18,18,0.999990701675415,3.786252636928111e-05,normal,0.0,0.0,0.07348450273275375,0.23483262956142426,0.49609023332595825,0.19559261202812195
1173,18,18,0.999972939491272,9.958624286809936e-05,normal,0.0,0.0,0.04013049975037575,0.6618632078170776,0.18075954914093018,0.1172468364238739
1174,18,18,0.9999147653579712,0.0002890618343371898,normal,0.0,0.0,0.34505122900009155,0.40994155406951904,0.08994933217763901,0.1550578624010086
1175,18,18,0.9999911785125732,3.5565346479415894e-05,normal,0.0,0.0,0.08881422877311707,0.09196930378675461,0.3923459053039551,0.42687052488327026
1176,18,18,0.9999940395355225,2.5266803277190775e-05,normal,0.0,0.0,0.08400167524814606,0.7190576195716858,0.05140559747815132,0.1455351710319519
1177,18,18,0.9999434947967529,0.00018309139704797417,normal,0.0,0.0,0.1465413123369217,0.5036266446113586,0.01464911550283432,0.33518287539482117
1178,18,18,0.9997270703315735,0.0007412894046865404,normal,0.0,0.0,0.007917143404483795,0.9658291935920715,0.01199984923005104,0.014253770932555199
1179,18,18,0.9999774694442749,8.158236596500501e-05,normal,0.0,0.0,0.035843025892972946,0.6124171614646912,0.15237464010715485,0.19936519861221313
1180,18,18,0.999994158744812,2.5133429517154582e-05,normal,0.0,0.0,0.13197371363639832,0.5734681487083435,0.14043670892715454,0.15412142872810364
1181,18,18,0.9999828338623047,6.532761472044513e-05,normal,0.0,0.0,0.1136210635304451,0.22943879663944244,0.036420952528715134,0.62051922082901
1182,19,19,0.999853253364563,0.00044514224282465875,normal,0.0,0.0,0.22561967372894287,0.6454082727432251,0.060179080814123154,0.068792924284935
1183,19,19,0.9999793767929077,7.919424388092011e-05,normal,0.0,0.0,0.1376374363899231,0.6108888387680054,0.2202455997467041,0.03122813068330288
1184,19,19,0.999976634979248,8.911061013350263e-05,normal,0.0,0.0,0.9144179224967957,0.07593049108982086,0.003121569287031889,0.0065299877896904945
1185,19,19,0.9999451637268066,0.0001815143768908456,normal,0.0,0.0,0.21437203884124756,0.45765477418899536,0.032381802797317505,0.2955913841724396
1186,19,35,0.46259602904319763,0.3943220376968384,normal,0.0,0.0,0.36241665482521057,0.29556116461753845,0.04489041864871979,0.2971317768096924
1187,19,19,0.7658884525299072,0.2322363555431366,normal,0.0,0.0,0.01658163219690323,0.06548306345939636,0.5872785449028015,0.3306567966938019
1188,19,19,0.9998917579650879,0.0003253927861806005,normal,0.0,0.0,0.029618943110108376,0.8087945580482483,0.15436622500419617,0.007220313884317875
1189,19,19,0.9926683306694031,0.014611806720495224,normal,0.0,0.0,0.02280299924314022,0.3928234875202179,0.09352004528045654,0.4908534586429596
1190,19,19,0.9999972581863403,1.1847224413941149e-05,normal,0.0,0.0,0.6877439022064209,0.2609683573246002,0.04608806222677231,0.005199771840125322
1191,19,19,0.9999982118606567,7.919838026282378e-06,normal,0.0,0.0,0.23090054094791412,0.6485607624053955,0.05728103220462799,0.06325766444206238
1192,19,19,0.9999885559082031,4.244053707225248e-05,normal,0.0,0.0,0.06078793480992317,0.295939564704895,0.023570513352751732,0.6197019815444946
1193,19,19,0.9998579025268555,0.00042991028749383986,normal,0.0,0.0,0.6275860667228699,0.2593129277229309,0.07998273521661758,0.03311820328235626
1194,19,19,0.999998927116394,5.619788680633064e-06,normal,0.0,0.0,0.29960066080093384,0.5174341201782227,0.038274988532066345,0.14469027519226074
1195,19,31,0.9903503060340881,0.01822778210043907,normal,0.0,0.0,0.523908257484436,0.45180830359458923,0.004253550432622433,0.02002992108464241
1196,19,19,0.9999949932098389,2.0486202629399486e-05,normal,0.0,0.0,0.04525646194815636,0.890727698802948,0.013961996883153915,0.050053831189870834
1197,19,19,0.9999908208847046,3.647496851044707e-05,normal,0.0,0.0,0.49875408411026,0.32302460074424744,0.09718262404203415,0.08103868365287781
1198,19,19,0.9991070628166199,0.0020002026576548815,normal,0.0,0.0,0.5202869772911072,0.0047363596968352795,0.00290306331589818,0.4720735549926758
1199,19,19,0.999947190284729,0.00016357858839910477,normal,0.0,0.0,0.6868260502815247,0.09750024974346161,0.023892974480986595,0.19178074598312378
1200,19,19,0.9995279312133789,0.0011381588410586119,normal,0.0,0.0,0.07727012038230896,0.018300926312804222,0.0020048723090440035,0.9024240970611572
1201,19,19,0.9998865127563477,0.0003515985736157745,normal,0.0,0.0,0.13440188765525818,0.08943058550357819,0.1104947179555893,0.665672779083252
1202,20,20,0.9999732971191406,8.565435564378276e-05,normal,0.0,0.0,0.43710651993751526,0.10521252453327179,0.35292965173721313,0.10475136339664459
1203,20,20,0.9999819993972778,6.543930794578046e-05,normal,0.0,0.0,0.018403852358460426,0.48383647203445435,0.001968973083421588,0.49579066038131714
1204,20,20,0.9998977184295654,0.0002857669023796916,normal,0.0,0.0,0.002170223742723465,0.8437387347221375,0.14455626904964447,0.009534821845591068
1205,20,20,0.9999803304672241,6.764743739040568e-05,normal,0.0,0.0,0.03865642100572586,0.8784594535827637,0.03852782025933266,0.04435628652572632
1206,20,20,0.9996089339256287,0.0011165803298354149,normal,0.0,0.0,0.1398281753063202,0.08102121204137802,0.6139465570449829,0.16520404815673828
1207,20,20,0.9999991655349731,4.325894678913755e-06,normal,0.0,0.0,0.2683987617492676,0.40614190697669983,0.18538759648799896,0.14007174968719482
1208,20,20,0.9998878240585327,0.0003372380160726607,normal,0.0,0.0,0.005881974473595619,0.9801007509231567,0.009575214236974716,0.004442023113369942
1209,20,20,0.9999932050704956,2.6982037525158376e-05,normal,0.0,0.0,0.009957863949239254,0.1608017086982727,0.006915152072906494,0.8223252296447754
1210,20,20,0.9999567270278931,0.00013736830442212522,normal,0.0,0.0,0.0013111061416566372,0.00457406509667635,0.0006180922500789165,0.9934967756271362
1211,20,20,0.9999991655349731,3.5499931527738227e-06,normal,0.0,0.0,9.99999993922529e-09,0.1647743433713913,0.5314673781394958,0.30375829339027405
1212,20,20,0.9999980926513672,8.722154234419577e-06,normal,0.0,0.0,0.003971620928496122,0.8643956780433655,0.12544620037078857,0.006186497863382101
1213,20,20,0.9999974966049194,1.0493345143913757e-05,normal,0.0,0.0,0.19040527939796448,0.5738338828086853,0.07491940259933472,0.16084140539169312
1214,20,20,0.9999984502792358,6.8310805545479525e-06,normal,0.0,0.0,0.36386242508888245,0.5370126962661743,0.0932503491640091,0.00587458023801446
1215,20,20,0.9997164607048035,0.0007223914144560695,normal,0.0,0.0,0.06862109899520874,0.5724891424179077,0.34816205501556396,0.010727668181061745
1216,20,20,0.9999977350234985,9.606920684746001e-06,normal,0.0,0.0,0.051125697791576385,0.2666209936141968,0.2289193570613861,0.45333394408226013
1217,20,20,0.9999994039535522,3.0178755423548864e-06,normal,0.0,0.0,0.2647692561149597,0.6832765340805054,0.024077553302049637,0.02787667326629162
1218,20,20,0.999987006187439,4.663754589273594e-05,normal,0.0,0.0,0.006349062081426382,0.976837694644928,0.014761470258235931,0.002051801420748234
1219,20,20,0.9999784231185913,8.103460277197883e-05,normal,0.0,0.0,0.2246745377779007,0.44580551981925964,0.2674182057380676,0.06210171803832054
1220,20,20,0.9999951124191284,1.9374743715161458e-05,normal,0.0,0.0,0.02416488341987133,0.8995460867881775,0.010206958279013634,0.06608211994171143
1221,20,20,0.9976181387901306,0.004771925508975983,normal,0.0,0.0,0.006319527048617601,0.04237549006938934,0.004912099335342646,0.9463928937911987
1222,21,21,0.9999934434890747,2.7070223950431682e-05,normal,0.0,0.0,0.011125948280096054,0.4481126368045807,0.05696482956409454,0.4837965965270996
1223,21,21,0.9999897480010986,3.7574118323391303e-05,normal,0.0,0.0,0.026229143142700195,0.3511790931224823,0.08978508412837982,0.5328066945075989
1224,21,21,0.999897837638855,0.0002852395409718156,normal,0.0,0.0,0.08258366584777832,0.12822619080543518,0.04615060240030289,0.7430395483970642
1225,21,21,0.9999842643737793,5.4055712098488584e-05,normal,0.0,0.0,0.08898681402206421,0.07533799856901169,0.1339242309331894,0.7017509341239929
1226,21,21,0.9999921321868896,3.108452074229717e-05,normal,0.0,0.0,0.020060395821928978,0.3078525960445404,0.09644941985607147,0.5756375789642334
1227,21,21,0.9999985694885254,6.367599780787714e-06,normal,0.0,0.0,9.99999993922529e-09,0.5919123888015747,0.05956214293837547,0.3485254645347595
1228,21,21,0.9999920129776001,3.244835534133017e-05,normal,0.0,0.0,0.017534837126731873,0.3366300165653229,0.53989177942276,0.10594339668750763
1229,21,21,0.9999657869338989,0.00012029645586153492,normal,0.0,0.0,0.27144405245780945,0.19978050887584686,0.15946343541145325,0.36931195855140686
1230,21,21,0.9999912977218628,3.409739292692393e-05,normal,0.0,0.0,0.09577414393424988,0.041469331830739975,0.8250175714492798,0.037738945335149765
1231,21,21,0.9999861717224121,4.692423317465e-05,normal,0.0,0.0,0.0032086388673633337,0.6479677557945251,0.14013712108135223,0.2086864709854126
1232,21,21,0.9999696016311646,9.684261021902785e-05,normal,0.0,0.0,0.007795821409672499,0.813573956489563,0.09447421878576279,0.08415597677230835
1233,21,21,0.9998871088027954,0.00031565886456519365,normal,0.0,0.0,0.00325588695704937,0.8755805492401123,0.10649693012237549,0.014666708186268806
1234,21,21,0.9999610185623169,0.00012039043213007972,normal,0.0,0.0,0.010015411302447319,0.6488986015319824,0.304887056350708,0.036198876798152924
1235,21,21,0.9999954700469971,1.8631655620993115e-05,normal,0.0,0.0,0.0077490839175879955,0.041543424129486084,0.453006386756897,0.4977010488510132
1236,21,21,0.9999655485153198,0.0001077711713151075,normal,0.0,0.0,0.004288405645638704,0.1535789519548416,0.8248768448829651,0.017255788668990135
1237,21,21,0.9999938011169434,2.532951475586742e-05,normal,0.0,0.0,0.0020352390129119158,0.012016133405268192,0.7959579825401306,0.18999068439006805
1238,21,21,0.999981164932251,6.375890370691195e-05,normal,0.0,0.0,0.015061828307807446,0.5545406937599182,0.3797084093093872,0.050689030438661575
1239,21,21,0.9998574256896973,0.00038578175008296967,normal,0.0,0.0,0.004663750063627958,0.8053125143051147,0.18549606204032898,0.00452768849208951
1240,21,21,0.9913405776023865,0.017773408442735672,normal,0.0,0.0,0.006722075864672661,0.05212440714240074,0.9387499094009399,0.0024035642854869366
1241,21,21,0.9999955892562866,1.8584261852083728e-05,normal,0.0,0.0,0.08332598954439163,0.21291495859622955,0.10482797771692276,0.598931074142456
1242,21,21,0.999936580657959,0.00021926646877545863,normal,0.0,0.0,0.13689680397510529,0.6617674827575684,0.04066668823361397,0.1606689840555191
1243,21,21,0.9999121427536011,0.0002763014053925872,normal,0.0,0.0,0.0005532270297408104,0.0022720075212419033,0.8606836199760437,0.13649114966392517
1244,21,21,0.9999788999557495,7.192826160462573e-05,normal,0.0,0.0,0.006256007589399815,0.9192997217178345,0.059960078448057175,0.014484141021966934
1245,21,21,0.9999446868896484,0.0001684715534793213,normal,0.0,0.0,0.0009913401445373893,0.7354574799537659,0.20422331988811493,0.05932790786027908
1246,21,21,0.9999812841415405,6.226400000741705e-05,normal,0.0,0.0,0.03828529268503189,0.8167611360549927,0.0995190218091011,0.04543452709913254
1247,21,21,0.999991774559021,2.9893621103838086e-05,normal,0.0,0.0,0.019557764753699303,0.1097908765077591,0.19825804233551025,0.6723933219909668
1248,21,21,0.9999889135360718,4.0911887481343e-05,normal,0.0,0.0,0.003070865059271455,0.34744709730148315,0.5716675519943237,0.077814482152462
1249,21,21,0.9999873638153076,4.303958121454343e-05,normal,0.0,0.0,0.0006489148363471031,0.6421247720718384,0.06599551439285278,0.29123085737228394
1250,21,21,0.999966025352478,0.0001067815101123415,normal,0.0,0.0,0.006575018633157015,0.8553788661956787,0.0925847515463829,0.04546136036515236
1251,21,21,0.9999639987945557,0.00011230567906750366,normal,0.0,0.0,0.038573008030653,0.8063055276870728,0.09832519292831421,0.05679625645279884
1252,21,21,0.9998630285263062,0.0003882658784277737,normal,0.0,0.0,0.0019057802855968475,0.10055557638406754,0.015554140321910381,0.881984531879425
1253,21,21,0.9999961853027344,1.530628651380539e-05,normal,0.0,0.0,0.0427858866751194,0.8221577405929565,0.034934982657432556,0.1001213788986206
1254,21,21,0.9999963045120239,1.4995816854934674e-05,normal,0.0,0.0,0.036311086267232895,0.5262755155563354,0.3211435079574585,0.11626997590065002
1255,21,21,0.9999963045120239,1.4887456927681342e-05,normal,0.0,0.0,0.05772193893790245,0.8217260837554932,0.02684939280152321,0.09370258450508118
1256,21,21,0.9999878406524658,4.3652318709064275e-05,normal,0.0,0.0,0.0026222788728773594,0.07933944463729858,0.011753760278224945,0.906284511089325
1257,21,21,0.999666690826416,0.0009790663607418537,normal,0.0,0.0,0.02043943852186203,0.12033703178167343,0.09039133787155151,0.7688322067260742
1258,21,21,0.999997615814209,1.0640250366122928e-05,normal,0.0,0.0,0.02489144168794155,0.5141757130622864,0.03918568417429924,0.4217471182346344
1259,21,21,0.9999864101409912,5.292324931360781e-05,normal,0.0,0.0,0.01640559732913971,0.5236132740974426,0.22460992634296417,0.2353712022304535
1260,21,21,0.9999966621398926,1.4158847079670522e-05,normal,0.0,0.0,0.008497364819049835,0.26733240485191345,0.097134530544281,0.6270357370376587
1261,21,21,0.9999977350234985,1.0049388038169127e-05,normal,0.0,0.0,0.053162477910518646,0.22828221321105957,0.1674879789352417,0.5510672926902771
1262,21,21,0.9999967813491821,1.4165081665851176e-05,normal,0.0,0.0,0.05621616169810295,0.1433541178703308,0.46637117862701416,0.3340585231781006
1263,21,21,0.9998878240585327,0.0003154164005536586,normal,0.0,0.0,0.1494332253932953,0.05348838120698929,0.5975220799446106,0.19955632090568542
1264,21,21,0.9999840259552002,5.6279073760379106e-05,normal,0.0,0.0,0.003440616186708212,0.9347131252288818,0.04638367146253586,0.015462644398212433
1265,21,21,0.9999779462814331,7.588707376271486e-05,normal,0.0,0.0,0.00530136376619339,0.21107304096221924,0.022578708827495575,0.761046826839447
1266,21,21,0.9999972581863403,1.2004527889075689e-05,normal,0.0,0.0,0.1654057502746582,0.5441306829452515,0.25310641527175903,0.03735709562897682
1267,21,21,0.9999954700469971,1.9085655367234722e-05,normal,0.0,0.0,0.0028072919230908155,0.09289821982383728,0.3472032845020294,0.557091236114502
1268,21,21,0.9996565580368042,0.0008422194514423609,normal,0.0,0.0,0.021164869889616966,0.6231540441513062,0.3330501914024353,0.022630928084254265
1269,21,21,0.9999752044677734,8.117419929476455e-05,normal,0.0,0.0,0.029245911166071892,0.04714104160666466,0.026211516931653023,0.8974015116691589
1270,21,21,0.9999250173568726,0.00024638287140987813,normal,0.0,0.0,0.012198648415505886,0.02271800860762596,0.016013195738196373,0.949070155620575
1271,21,21,0.9999779462814331,7.244871085276827e-05,normal,0.0,0.0,0.014476792886853218,0.13115878403186798,0.11726851016283035,0.7370959520339966
1272,21,21,0.9999898672103882,3.757114609470591e-05,normal,0.0,0.0,0.013991346582770348,0.2673013210296631,0.1884634643793106,0.5302438139915466
1273,21,21,0.9999914169311523,3.0974326364230365e-05,normal,0.0,0.0,0.004238434601575136,0.9798494577407837,0.0014157902915030718,0.014496308751404285
1274,21,21,0.9999939203262329,2.2701020498061553e-05,normal,0.0,0.0,0.08566645532846451,0.5294712781906128,0.3190075755119324,0.06585469841957092
1275,21,21,0.9999934434890747,2.430324093438685e-05,normal,0.0,0.0,0.0029002001974731684,0.9484919309616089,0.012296300381422043,0.036311570554971695
1276,21,21,0.9999946355819702,2.0428353309398517e-05,normal,0.0,0.0,0.008438018150627613,0.06938757747411728,0.13398198783397675,0.7881923913955688
1277,21,21,0.9999843835830688,5.826819688081741e-05,normal,0.0,0.0,0.014939564280211926,0.8041146397590637,0.09689654409885406,0.084049291908741
1278,21,21,0.9999915361404419,3.1664687412558123e-05,normal,0.0,0.0,0.01234577689319849,0.31722018122673035,0.11037759482860565,0.5600565075874329
1279,21,21,0.9999810457229614,6.777239468647167e-05,normal,0.0,0.0,0.028802616521716118,0.3594200313091278,0.09575051814317703,0.5160268545150757
1280,21,21,0.9999948740005493,2.1027981347288005e-05,normal,0.0,0.0,0.012223775498569012,0.8440592288970947,0.03601667284965515,0.10770029574632645
1281,21,21,0.9999573230743408,0.0001334835687885061,normal,0.0,0.0,0.044210873544216156,0.3120371401309967,0.2532704770565033,0.39048153162002563
1282,21,21,0.9999855756759644,4.9872734962264076e-05,normal,0.0,0.0,0.13177762925624847,0.28921493887901306,0.28905773162841797,0.2899496555328369
1283,21,21,0.9999980926513672,8.58958355820505e-06,normal,0.0,0.0,0.023092538118362427,0.3353268802165985,0.027412261813879013,0.6141682863235474
1284,21,21,0.9999979734420776,8.83214124769438e-06,normal,0.0,0.0,0.018631229177117348,0.1253782957792282,0.6225335001945496,0.23345689475536346
1285,21,21,0.9999825954437256,6.623350782319903e-05,normal,0.0,0.0,0.005959287751466036,0.4463045597076416,0.07962881773710251,0.4681072533130646
1286,21,21,0.9999817609786987,6.88202417222783e-05,normal,0.0,0.0,0.028239186853170395,0.56935715675354,0.2850848138332367,0.11731880903244019
1287,21,21,0.9999949932098389,2.0643707102863118e-05,normal,0.0,0.0,0.02968829683959484,0.08516397327184677,0.08922696113586426,0.7959207892417908
1288,21,21,0.999946117401123,0.00016470742411911488,normal,0.0,0.0,0.0013539110077545047,0.8513243198394775,0.10736754536628723,0.03995427489280701
1289,21,21,0.9996548891067505,0.0008715494768694043,normal,0.0,0.0,0.02844826504588127,0.4202592968940735,0.4391075670719147,0.11218486726284027
1290,21,21,0.9999659061431885,0.00011065637227147818,normal,0.0,0.0,0.001668690936639905,0.5984326004981995,0.3151358366012573,0.08476290106773376
1291,21,21,0.9999701976776123,9.476240666117519e-05,normal,0.0,0.0,0.01274084858596325,0.21265460550785065,0.016320686787366867,0.7582838535308838
1292,21,21,0.9999533891677856,0.0001548923464724794,normal,0.0,0.0,0.008516091853380203,0.00866798684000969,0.7253098487854004,0.2575061023235321
1293,21,21,0.9999982118606567,8.554897249268834e-06,normal,0.0,0.0,0.07428624480962753,0.5720399022102356,0.13386906683444977,0.21980485320091248
1294,21,21,0.9999549388885498,0.00014761867350898683,normal,0.0,0.0,0.0011342999059706926,0.03875158727169037,0.88423091173172,0.07588323205709457
1295,21,21,0.9999924898147583,2.9371110940701328e-05,normal,0.0,0.0,0.009250115603208542,0.4964312016963959,0.11877075582742691,0.37554797530174255
1296,21,21,0.9999675750732422,0.00010814466077135876,normal,0.0,0.0,0.03544509783387184,0.05029027909040451,0.05086488276720047,0.8633996844291687
1297,21,21,0.9999872446060181,4.427502426551655e-05,normal,0.0,0.0,0.01050357986241579,0.7482614517211914,0.05094222351908684,0.19029274582862854
1298,21,21,0.9999796152114868,7.315702532650903e-05,normal,0.0,0.0,0.035575736314058304,0.21887269616127014,0.5692175626754761,0.17633390426635742
1299,21,34,0.9866337776184082,0.028020307421684265,normal,0.0,0.0,0.2424934208393097,0.06545205414295197,0.24974165856838226,0.44231289625167847
1300,21,21,0.9999278783798218,0.00023560864792671055,normal,0.0,0.0,0.04352306202054024,0.10881146788597107,0.2802877426147461,0.5673777461051941
1301,21,21,0.999874472618103,0.0003742049157153815,normal,0.0,0.0,0.06305429339408875,0.08526584506034851,0.10490331798791885,0.7467765212059021
1302,21,21,0.9999614953994751,0.00013629936438519508,normal,0.0,0.0,0.0009184757363982499,0.010216029360890388,0.00499801617115736,0.9838675260543823
1303,21,21,0.8531510233879089,0.15556491911411285,normal,0.0,0.0,0.0038663267623633146,0.028193702921271324,0.0019875196740031242,0.9659523963928223
1304,21,21,0.9999731779098511,9.558388410368934e-05,normal,0.0,0.0,0.010540001094341278,0.03861704096198082,0.9287095665931702,0.022133447229862213
1305,21,21,0.9998908042907715,0.0003191737341694534,normal,0.0,0.0,0.0036522215232253075,0.7708008885383606,0.019054247066378593,0.20649272203445435
1306,21,21,0.9999856948852539,4.9718575610313565e-05,normal,0.0,0.0,0.01768941804766655,0.7031270265579224,0.05944977328181267,0.21973372995853424
1307,21,21,0.9996992349624634,0.0007633441127836704,normal,0.0,0.0,0.000281554035609588,0.34934496879577637,0.6248248219490051,0.025548599660396576
1308,21,21,0.9999834299087524,6.338817911455408e-05,normal,0.0,0.0,0.016776040196418762,0.33797138929367065,0.26533573865890503,0.379916787147522
1309,21,21,0.9999891519546509,4.1341467294842005e-05,normal,0.0,0.0,0.02591313049197197,0.5007809996604919,0.012346701696515083,0.46095916628837585
1310,21,21,0.9999914169311523,3.0947270715842023e-05,normal,0.0,0.0,0.005959378555417061,0.018636416643857956,0.14608260989189148,0.829321563243866
1311,21,21,0.9964474439620972,0.007594733964651823,normal,0.0,0.0,0.025009997189044952,0.20986640453338623,0.39283132553100586,0.37229228019714355
1312,21,21,0.9839735627174377,0.022786421701312065,normal,0.0,0.0,0.006482842843979597,0.718723714351654,0.015426108613610268,0.2593673765659332
1313,21,21,0.9999909400939941,3.689590084832162e-05,normal,0.0,0.0,0.16791872680187225,0.3478546142578125,0.1269303858280182,0.35729628801345825
1314,21,21,0.9998612403869629,0.000379860692191869,normal,0.0,0.0,0.05012080818414688,0.03249235451221466,0.04328756779432297,0.8740993142127991
1315,21,21,0.9999682903289795,0.0001015922607621178,normal,0.0,0.0,0.04773406684398651,0.272179514169693,0.2050447314977646,0.4750416874885559
1316,21,21,0.9999362230300903,0.00018726056441664696,normal,0.0,0.0,0.008525890298187733,0.817645251750946,0.051697373390197754,0.12213139981031418
1317,21,21,0.9999957084655762,1.7687918443698436e-05,normal,0.0,0.0,0.0067084780894219875,0.04920017346739769,0.3455214500427246,0.5985698699951172
1318,21,21,0.9998602867126465,0.0004105062398593873,normal,0.0,0.0,0.003113439306616783,0.010427193716168404,0.977077066898346,0.00938227865844965
1319,21,21,0.9999984502792358,6.85963732394157e-06,normal,0.0,0.0,0.010463899001479149,0.8559069037437439,0.02682439610362053,0.10680481046438217
1320,21,21,0.9999949932098389,1.939541834872216e-05,normal,0.0,0.0,0.07879278808832169,0.24951209127902985,0.5787025094032288,0.09299254417419434
1321,21,21,0.996856689453125,0.006351459305733442,normal,0.0,0.0,0.0008191883098334074,0.0009822985157370567,0.0002952653157990426,0.9979032874107361
1322,22,22,0.9951120018959045,0.010743153281509876,normal,0.0,0.0,0.0032649149652570486,0.9884690642356873,0.0034836074337363243,0.0047823963686823845
1323,22,22,0.9999850988388062,5.787353074993007e-05,normal,0.0,0.0,0.028706863522529602,0.21443504095077515,0.13547998666763306,0.6213781237602234
1324,22,22,0.9999996423721313,1.815949644878856e-06,normal,0.0,0.0,0.06453020125627518,0.8703504800796509,9.99999993922529e-09,0.06511940807104111
1325,22,22,0.9999983310699463,7.269451543834293e-06,normal,0.0,0.0,0.6793950796127319,0.019232507795095444,0.011294525116682053,0.29007789492607117
1326,22,22,0.9999462366104126,0.0001874869631137699,normal,0.0,0.0,0.8322957754135132,0.0396866574883461,0.03511292487382889,0.09290462732315063
1327,22,22,0.9999992847442627,3.959969035349786e-06,normal,0.0,0.0,0.3471701443195343,0.25240465998649597,0.22759202122688293,0.17283309996128082
1328,22,22,0.9994851350784302,0.0012920766603201628,normal,0.0,0.0,0.4233787953853607,0.04744414985179901,0.4935995042324066,0.035577643662691116
1329,22,22,0.9999964237213135,1.457940015825443e-05,normal,0.0,0.0,0.21451714634895325,0.7049511075019836,0.00512878829613328,0.07540296018123627
1330,22,22,0.999993085861206,2.659355232026428e-05,normal,0.0,0.0,0.5899057388305664,0.15554238855838776,0.14270539581775665,0.1118464320898056
1331,22,22,0.9999990463256836,4.697782060247846e-06,normal,0.0,0.0,0.06745206564664841,0.8302494883537292,0.058610133826732635,0.04368830844759941
1332,22,22,0.9999977350234985,1.0472466783539858e-05,normal,0.0,0.0,0.4861634075641632,0.2641843557357788,0.1632997840642929,0.08635247498750687
1333,22,22,0.9999819993972778,6.505801138700917e-05,normal,0.0,0.0,0.39507535099983215,0.10146327316761017,0.1582479476928711,0.3452134132385254
1334,22,22,0.9999996423721313,2.0733073142764624e-06,normal,0.0,0.0,0.08268424868583679,0.6113696098327637,0.03223699703812599,0.27370914816856384
1335,22,22,0.9999991655349731,4.16877855968778e-06,normal,0.0,0.0,0.24568651616573334,0.6054372787475586,0.0833435133099556,0.06553269922733307
1336,22,22,0.9999992847442627,3.777617394007393e-06,normal,0.0,0.0,0.48071831464767456,0.27950379252433777,0.010724807158112526,0.2290530800819397
1337,22,22,0.9999158382415771,0.00025629153242334723,normal,0.0,0.0,0.4340302050113678,0.0739498883485794,0.06381569057703018,0.428204208612442
1338,22,22,0.9999934434890747,2.6250994778820314e-05,normal,0.0,0.0,0.35491177439689636,0.34447595477104187,0.10246623307466507,0.1981460154056549
1339,22,22,0.9999908208847046,3.451855809544213e-05,normal,0.0,0.0,0.1832120567560196,0.7338442206382751,0.022957459092140198,0.059986259788274765
1340,22,22,0.9999964237213135,1.5366946172434837e-05,normal,0.0,0.0,0.592808723449707,0.11786894500255585,0.2552652657032013,0.03405705466866493
1341,22,22,0.9999988079071045,5.795853212475777e-06,normal,0.0,0.0,0.02841886505484581,0.9338690042495728,0.037712108343839645,9.99999993922529e-09
1342,22,22,0.9999980926513672,8.229587365349289e-06,normal,0.0,0.0,0.023881448432803154,0.9704867005348206,0.0022311934735625982,0.0034006095957010984
1343,22,22,0.99954754114151,0.0012682987144216895,normal,0.0,0.0,0.21705088019371033,0.40754613280296326,0.0338313952088356,0.34157153964042664
1344,22,34,0.6400161981582642,0.20409339666366577,normal,0.0,0.0,0.0531887449324131,0.07519172877073288,0.412584513425827,0.45903509855270386
1345,22,22,0.9999828338623047,6.347205635393038e-05,normal,0.0,0.0,0.9139544367790222,0.04964034631848335,0.011934312991797924,0.024470889940857887
1346,22,22,0.9999971389770508,1.3060078345006332e-05,normal,0.0,0.0,0.3380679786205292,0.49050992727279663,0.0616489052772522,0.10977314412593842
1347,22,22,0.9999798536300659,7.348469807766378e-05,normal,0.0,0.0,0.05280693992972374,0.17608876526355743,0.07795451581478119,0.6931498050689697
1348,22,22,0.9999985694885254,6.630919415329117e-06,normal,0.0,0.0,0.04290848597884178,0.6340508460998535,0.21460241079330444,0.10843830555677414
1349,22,22,0.9999973773956299,1.1144424206577241e-05,normal,0.0,0.0,0.5676494240760803,0.19650261104106903,0.04199371114373207,0.19385428726673126
1350,22,22,0.9990473389625549,0.002434318419545889,normal,0.0,0.0,0.0049381982535123825,0.9787418246269226,0.004855193663388491,0.011464787647128105
1351,22,22,0.9999974966049194,1.1152371371281333e-05,normal,0.0,0.0,0.10775543749332428,0.062059223651885986,0.08545829355716705,0.7447270154953003
1352,22,22,0.9999821186065674,6.772899359930307e-05,normal,0.0,0.0,0.06011664494872093,0.703438937664032,0.004051893018186092,0.23239244520664215
1353,22,22,0.999665379524231,0.0008610855438746512,normal,0.0,0.0,0.35140353441238403,0.07510347664356232,0.06628765165805817,0.5072053670883179
1354,22,22,0.9999988079071045,5.856580628460506e-06,normal,0.0,0.0,0.01719675026834011,0.9752486348152161,0.0024312930181622505,0.005123333539813757
1355,22,22,0.9999752044677734,9.311528992839158e-05,normal,0.0,0.0,0.03508291766047478,0.05722005292773247,0.8991529941558838,0.00854404829442501
1356,22,22,0.9996101260185242,0.0011161380680277944,normal,0.0,0.0,0.7634843587875366,0.12231339514255524,0.05172552540898323,0.06247672811150551
1357,22,22,0.999994158744812,2.3798329493729398e-05,normal,0.0,0.0,0.05879947543144226,0.0631541907787323,0.004226598422974348,0.8738198280334473
1358,22,22,0.9999991655349731,4.194277607894037e-06,normal,0.0,0.0,0.2890033721923828,0.21109412610530853,0.03539120778441429,0.4645112156867981
1359,22,22,0.9999977350234985,1.0188304258917924e-05,normal,0.0,0.0,0.023574020713567734,0.22741016745567322,0.006830089725553989,0.7421857118606567
1360,22,22,0.9999990463256836,4.455062025954248e-06,normal,0.0,0.0,0.6193845868110657,0.17101071774959564,0.08062230050563812,0.12898239493370056
1361,22,22,0.9999986886978149,5.8878758864011616e-06,normal,0.0,0.0,0.3976612687110901,0.31125205755233765,0.14496414363384247,0.14612245559692383
1362,22,23,0.5656053423881531,0.30096888542175293,normal,0.0,0.0,0.19622531533241272,0.4389956593513489,0.2927030920982361,0.07207591086626053
1363,22,22,0.9852197170257568,0.022567419335246086,normal,0.0,0.0,0.784892737865448,0.132788747549057,0.07300057262182236,0.009317870251834393
1364,22,22,0.9999990463256836,4.258919489075197e-06,normal,0.0,0.0,0.052378445863723755,0.7759745717048645,9.99999993922529e-09,0.1716470569372177
1365,22,22,0.9999823570251465,6.919896986801177e-05,normal,0.0,0.0,0.14900322258472443,0.4878390431404114,0.06054455414414406,0.30261313915252686
1366,22,22,0.9999996423721313,1.8622524748934666e-06,normal,0.0,0.0,0.06897646933794022,0.5205569267272949,0.042815592139959335,0.3676510155200958
1367,22,22,0.9999841451644897,5.955662709311582e-05,normal,0.0,0.0,0.34519973397254944,0.00960125494748354,0.01791609451174736,0.627282977104187
1368,22,22,0.9999982118606567,8.18946136860177e-06,normal,0.0,0.0,0.13647890090942383,0.07253456115722656,0.05392516776919365,0.7370613217353821
1369,22,22,0.9999971389770508,1.2370715012366418e-05,normal,0.0,0.0,0.6435886025428772,0.21899430453777313,0.01801164261996746,0.11940548568964005
1370,22,22,0.9999923706054688,2.8630796805373393e-05,normal,0.0,0.0,0.05140214040875435,0.8444585204124451,0.006421673111617565,0.09771761298179626
1371,22,22,0.9999986886978149,6.170339474920183e-06,normal,0.0,0.0,0.14034242928028107,0.20774215459823608,0.05110014230012894,0.6008152365684509
1372,22,22,0.9999442100524902,0.00019146101840306073,normal,0.0,0.0,0.08503784239292145,0.05838875100016594,0.01052482146769762,0.8460485339164734
1373,22,22,0.999988317489624,4.142564284848049e-05,normal,0.0,0.0,0.4425927698612213,0.2090136557817459,0.08785026520490646,0.26054325699806213
1374,22,22,0.9999860525131226,5.0225004088133574e-05,normal,0.0,0.0,0.1772390604019165,0.11840570718050003,0.10929909348487854,0.5950561165809631
1375,22,22,0.9999022483825684,0.0003092274419032037,normal,0.0,0.0,0.1574718952178955,0.33301523327827454,0.0982276126742363,0.41128531098365784
1376,22,22,0.9999983310699463,7.562987320852699e-06,normal,0.0,0.0,0.07562550157308578,0.8646554350852966,0.014676300808787346,0.0450427420437336
1377,22,22,0.7871504426002502,0.15664535760879517,normal,0.0,0.0,0.6836908459663391,0.022483404725790024,0.008677532896399498,0.2851482033729553
1378,22,22,0.999984860420227,5.973253064439632e-05,normal,0.0,0.0,0.002763400785624981,0.9700810313224792,0.025146648287773132,0.0020089060999453068
1379,22,22,0.9999969005584717,1.3360786397242919e-05,normal,0.0,0.0,0.3379569947719574,0.4447086751461029,0.019580204039812088,0.19775409996509552
1380,22,22,0.9999961853027344,1.5573659766232595e-05,normal,0.0,0.0,0.45038479566574097,0.25134047865867615,0.19745516777038574,0.10081953555345535
1381,22,22,0.9999943971633911,2.1473111701197922e-05,normal,0.0,0.0,0.891411542892456,0.03484559431672096,0.015427974984049797,0.05831494554877281
1382,22,22,0.9999802112579346,7.40246323402971e-05,normal,0.0,0.0,0.1171235740184784,0.07851222902536392,0.027505943551659584,0.7768582701683044
1383,22,22,0.99997878074646,7.814325363142416e-05,normal,0.0,0.0,0.0007433152641169727,0.001052901498042047,0.000765971199143678,0.9974378347396851
1384,22,22,0.999998927116394,4.7110656851145905e-06,normal,0.0,0.0,0.12584438920021057,0.3131476044654846,9.99999993922529e-09,0.5610080361366272
1385,22,22,0.999998927116394,5.292848072713241e-06,normal,0.0,0.0,0.2583692669868469,0.2057829201221466,0.21113409101963043,0.32471370697021484
1386,22,22,0.9999986886978149,6.221371677384013e-06,normal,0.0,0.0,0.24780361354351044,0.3269346058368683,0.03816348686814308,0.3870983421802521
1387,22,22,0.9997019171714783,0.0008887252770364285,normal,0.0,0.0,0.14041557908058167,0.7092893719673157,0.022658374160528183,0.1276366412639618
1388,22,22,0.9999982118606567,8.0300396803068e-06,normal,0.0,0.0,0.7160143256187439,0.09840851277112961,0.08790338784456253,0.0976736918091774
1389,22,22,0.9998900890350342,0.00034386958577670157,normal,0.0,0.0,0.2945343852043152,0.0988827794790268,0.010942014865577221,0.5956408381462097
1390,22,22,0.99989914894104,0.00030259735649451613,normal,0.0,0.0,0.9254873394966125,0.04024141654372215,0.016653159633278847,0.017618026584386826
1391,22,22,0.9999879598617554,4.489066850510426e-05,normal,0.0,0.0,0.02069683186709881,0.03147502243518829,0.029868319630622864,0.9179597496986389
1392,22,22,0.999992847442627,2.6496660211705603e-05,normal,0.0,0.0,0.1687667965888977,0.7892210483551025,0.0006557973683811724,0.04135630279779434
1393,22,22,0.9995336532592773,0.0011220256565138698,normal,0.0,0.0,0.2814269959926605,0.6279871463775635,0.009902342222630978,0.08068349957466125
1394,22,22,0.999998927116394,4.973426257492974e-06,normal,0.0,0.0,0.3013230860233307,0.46081334352493286,0.14079487323760986,0.09706874191761017
1395,22,22,0.9999939203262329,2.5262197596020997e-05,normal,0.0,0.0,0.08503927290439606,0.44309738278388977,0.3643818795681,0.1074814721941948
1396,22,22,0.999990701675415,3.670722071547061e-05,normal,0.0,0.0,0.45202702283859253,0.3020417094230652,0.0687115490436554,0.17721976339817047
1397,22,22,0.9999979734420776,9.471653356740717e-06,normal,0.0,0.0,0.027414096519351006,0.047787345945835114,0.025783274322748184,0.8990153074264526
1398,22,22,0.9999990463256836,4.674996034736978e-06,normal,0.0,0.0,0.3504677712917328,0.10137996822595596,0.07244271785020828,0.47570955753326416
1399,22,22,0.9999988079071045,5.7713332353159785e-06,normal,0.0,0.0,0.26828983426094055,0.6619877219200134,0.025386886671185493,0.04433555155992508
1400,22,22,0.999996542930603,1.4411892152565997e-05,normal,0.0,0.0,0.04519406333565712,0.7539598941802979,0.01398189552128315,0.1868642121553421
1401,22,22,0.9977124929428101,0.004554355517029762,normal,0.0,0.0,0.818504810333252,0.04335526376962662,0.10686783492565155,0.03127210959792137
1402,22,22,0.9999984502792358,7.216118774522329e-06,normal,0.0,0.0,0.02913046069443226,0.9139321446418762,0.024938838556408882,0.031998518854379654
1403,22,22,0.9999988079071045,5.858397798874648e-06,normal,0.0,0.0,0.8474727869033813,0.11246300488710403,0.026857124641537666,0.013207079842686653
1404,22,22,0.9999921321868896,3.108324381173588e-05,normal,0.0,0.0,0.030395669862627983,0.9440101981163025,0.006549902725964785,0.01904415152966976
1405,22,22,0.9999967813491821,1.3375944945437368e-05,normal,0.0,0.0,0.5243266820907593,0.22236435115337372,0.0712355375289917,0.18207336962223053
1406,22,22,0.9999957084655762,1.8399885448161513e-05,normal,0.0,0.0,0.22824804484844208,0.40242984890937805,0.008745682425796986,0.36057642102241516
1407,22,22,0.9999901056289673,3.989011747762561e-05,normal,0.0,0.0,0.12730392813682556,0.36130496859550476,0.05272231623530388,0.45866885781288147
1408,22,22,0.9999983310699463,7.473457117157523e-06,normal,0.0,0.0,0.17453578114509583,0.5794907212257385,0.11473686993122101,0.13123662769794464
1409,22,22,0.9999939203262329,2.303422115801368e-05,normal,0.0,0.0,0.06932298839092255,0.016763975843787193,0.05412854626774788,0.8597844243049622
1410,22,22,0.9999890327453613,4.3407992052379996e-05,normal,0.0,0.0,0.175749734044075,0.30916211009025574,0.1079089418053627,0.4071792662143707
1411,22,22,0.9999972581863403,1.1968006219831295e-05,normal,0.0,0.0,0.18404367566108704,0.28199559450149536,0.21829967200756073,0.3156610429286957
1412,22,22,0.9999920129776001,3.173721779603511e-05,normal,0.0,0.0,0.004982346668839455,0.9828934669494629,0.002534729428589344,0.009589443914592266
1413,22,22,0.999997615814209,1.0510934771446045e-05,normal,0.0,0.0,0.07837998867034912,0.7497263550758362,0.06115976721048355,0.11073385924100876
1414,22,22,0.9998377561569214,0.0004596028302330524,normal,0.0,0.0,0.09949421882629395,0.5663148164749146,0.05507975444197655,0.27911117672920227
1415,22,22,0.9999955892562866,1.834653266996611e-05,normal,0.0,0.0,0.05988358333706856,0.3447595238685608,0.2330581098794937,0.3622988164424896
1416,22,22,0.9999980926513672,8.173909009201452e-06,normal,0.0,0.0,0.12769919633865356,0.7913705706596375,0.0075122276321053505,0.07341799885034561
1417,22,22,0.9999865293502808,4.924964741803706e-05,normal,0.0,0.0,0.11376989632844925,0.783437192440033,0.026907505467534065,0.0758853405714035
1418,22,22,0.999967098236084,0.00011894916679011658,normal,0.0,0.0,0.03969799727201462,0.10933125764131546,0.776644766330719,0.07432599365711212
1419,22,22,0.999996542930603,1.4499184544547461e-05,normal,0.0,0.0,0.028933105990290642,0.7888371348381042,0.06948693841695786,0.11274279654026031
1420,22,22,0.999993085861206,2.8090666091884486e-05,normal,0.0,0.0,0.09203355759382248,0.07977772504091263,0.009179575368762016,0.8190090656280518
1421,22,22,0.9999994039535522,3.2892180570343044e-06,normal,0.0,0.0,0.6558020114898682,0.24987024068832397,0.03198603168129921,0.06234167516231537
1422,23,23,0.999683141708374,0.0008088417816907167,normal,0.0,0.0,0.01208006776869297,0.8498953580856323,0.009836104698479176,0.12818849086761475
1423,23,23,0.9999535083770752,0.00016413994308095425,normal,0.0,0.0,0.1973765343427658,0.37005940079689026,0.3540143072605133,0.07854975014925003
1424,23,23,0.525067150592804,0.19795410335063934,normal,0.0,0.0,0.3162882924079895,0.6576250791549683,0.009319222532212734,0.01676730066537857
1425,23,23,0.9999815225601196,7.018339965725318e-05,normal,0.0,0.0,0.9770447015762329,0.009086362086236477,0.0026107553858309984,0.011258270591497421
1426,23,23,0.9990400671958923,0.00233985367231071,normal,0.0,0.0,0.10751701146364212,0.5325158834457397,0.07469180226325989,0.28527534008026123
1427,23,23,0.9834532141685486,0.024199429899454117,normal,0.0,0.0,0.002756744157522917,0.006589947734028101,0.8264898061752319,0.1641635000705719
1428,23,23,0.9134499430656433,0.08023418486118317,normal,0.0,0.0,0.07496318966150284,0.1111847460269928,0.04837559536099434,0.7654764652252197
1429,23,23,0.9998667240142822,0.00041289947694167495,normal,0.0,0.0,0.5767386555671692,0.009652511216700077,0.10049708187580109,0.3131117522716522
1430,23,23,0.9999053478240967,0.0002853853511624038,normal,0.0,0.0,0.8399503827095032,0.02557981200516224,0.013656903989613056,0.12081288546323776
1431,23,23,0.9996899366378784,0.0008900023531168699,normal,0.0,0.0,0.31572601199150085,0.3302333354949951,0.16493047773838043,0.18911010026931763
1432,23,23,0.999940037727356,0.00019709340995177627,normal,0.0,0.0,0.08361750841140747,0.08554387092590332,0.03171234950423241,0.7991262674331665
1433,23,23,0.9825035929679871,0.027071088552474976,normal,0.0,0.0,0.36241358518600464,0.3800831735134125,0.0883718803524971,0.1691313236951828
1434,23,23,0.9999701976776123,0.00010041015775641426,normal,0.0,0.0,0.03122139535844326,0.16872254014015198,0.7961379289627075,0.003918120637536049
1435,23,23,0.9999375343322754,0.00020438899809960276,normal,0.0,0.0,0.37558120489120483,0.44952279329299927,0.0018342400435358286,0.17306175827980042
1436,23,23,0.9996115565299988,0.0011606609914451838,normal,0.0,0.0,0.46708405017852783,0.4458937644958496,0.042374592274427414,0.044647540897130966
1437,23,33,0.6483230590820312,0.17623157799243927,normal,0.0,0.0,0.1607016623020172,0.24033476412296295,0.07745497673749924,0.5215086340904236
1438,23,23,0.5416801571846008,0.193650484085083,normal,0.0,0.0,0.3455275297164917,0.2220471203327179,0.006800033617764711,0.4256252646446228
1439,23,23,0.9996269941329956,0.001058735535480082,normal,0.0,0.0,0.984783947467804,0.003015721682459116,0.009459040127694607,0.0027412790805101395
1440,23,23,0.999944806098938,0.00017902407853398472,normal,0.0,0.0,0.2723270654678345,0.5619103312492371,0.020683255046606064,0.14507931470870972
1441,23,23,0.999930739402771,0.0002192463871324435,normal,0.0,0.0,0.13003771007061005,0.7026533484458923,0.11519556492567062,0.0521133691072464
1442,23,23,0.43566960096359253,0.418902724981308,normal,0.0,0.0,0.18847893178462982,0.30438652634620667,0.14475210011005402,0.3623824417591095
1443,23,23,0.9985640645027161,0.0034930184483528137,normal,0.0,0.0,0.40650510787963867,0.41110241413116455,0.05975605919957161,0.12263644486665726
1444,23,23,0.9991781115531921,0.0020624061580747366,normal,0.0,0.0,0.5131246447563171,0.05412958934903145,0.1580476611852646,0.2746981382369995
1445,23,23,0.9979230761528015,0.0043576848693192005,normal,0.0,0.0,0.3912201225757599,0.5488491058349609,0.031318727880716324,0.028612012043595314
1446,23,23,0.9976135492324829,0.00470678461715579,normal,0.0,0.0,0.0033088293857872486,0.7541097402572632,0.11376755684614182,0.12881381809711456
1447,23,23,0.9999313354492188,0.00021857891988474876,normal,0.0,0.0,0.9464504718780518,0.048546191304922104,0.00012422345753293484,0.00487907137721777
1448,23,23,0.9999902248382568,4.047592301503755e-05,normal,0.0,0.0,0.9857791662216187,0.0012162188068032265,0.004582987166941166,0.008421649225056171
1449,23,23,0.9992745518684387,0.0018561126198619604,normal,0.0,0.0,0.7628742456436157,0.0021048057824373245,0.0021626907400786877,0.23285821080207825
1450,23,23,0.9984896183013916,0.0031340138521045446,normal,0.0,0.0,0.02513602189719677,0.5058003664016724,0.2905321419239044,0.1785314828157425
1451,23,23,0.9999029636383057,0.0003010749351233244,normal,0.0,0.0,0.24308687448501587,0.02455412596464157,0.11124575883150101,0.6211133003234863
1452,23,36,0.9999812841415405,6.717742508044466e-05,normal,0.0,0.0,0.000902789062820375,0.0430133193731308,0.0006906471680849791,0.9553932547569275
1453,23,23,0.9999350309371948,0.00020551541820168495,normal,0.0,0.0,0.9755629897117615,0.02319600246846676,0.00021262290829326957,0.00102848035749048
1454,23,36,0.9593871831893921,0.04987727105617523,normal,0.0,0.0,0.12352321296930313,0.05796977877616882,0.7357594966888428,0.08274749666452408
1455,23,23,0.8772174119949341,0.1242147907614708,normal,0.0,0.0,0.9186288118362427,0.03238881751894951,0.036655623465776443,0.012326691299676895
1456,23,23,0.9999898672103882,3.8931917515583336e-05,normal,0.0,0.0,0.3038196563720703,0.021524474024772644,0.1355905532836914,0.5390653610229492
1457,23,23,0.9997381567955017,0.0007381372852250934,normal,0.0,0.0,0.21984758973121643,0.4386672079563141,0.3173709809780121,0.024114184081554413
1458,23,23,0.9988749623298645,0.002551264828070998,normal,0.0,0.0,0.646155834197998,0.21947568655014038,0.06223500892519951,0.07213352620601654
1459,23,23,0.9909277558326721,0.014418763108551502,normal,0.0,0.0,0.013034608215093613,0.4247254729270935,0.5540608167648315,0.008179091848433018
1460,23,23,0.9998805522918701,0.00036231917329132557,normal,0.0,0.0,0.9479759335517883,0.012594137340784073,0.005982629954814911,0.033447377383708954
1461,23,23,0.9999619722366333,0.00012320645328145474,normal,0.0,0.0,0.26054850220680237,0.029441889375448227,0.6957256197929382,0.014284037984907627
1462,23,23,0.9999043941497803,0.00031153022428043187,normal,0.0,0.0,0.29231786727905273,0.5847305059432983,0.021055929362773895,0.10189566016197205
1463,23,23,0.8202329277992249,0.12945762276649475,normal,0.0,0.0,0.6562637686729431,0.20689542591571808,0.05296541005373001,0.08387536555528641
1464,23,23,0.9998292922973633,0.0004889865522272885,normal,0.0,0.0,0.14661824703216553,0.0413854718208313,0.023692840710282326,0.7883034348487854
1465,23,23,0.9998806715011597,0.0003510411479510367,normal,0.0,0.0,0.7548321485519409,0.2126430869102478,0.018702836707234383,0.01382193062454462
1466,23,23,0.9999889135360718,4.3749525502789766e-05,normal,0.0,0.0,0.48397335410118103,0.29887884855270386,0.07892771065235138,0.13822008669376373
1467,23,23,0.9889623522758484,0.018596019595861435,normal,0.0,0.0,0.006463890429586172,0.02366797626018524,0.07341647893190384,0.8964516520500183
1468,23,23,0.9965671300888062,0.006376440636813641,normal,0.0,0.0,0.8221856355667114,0.008482641540467739,0.16477888822555542,0.004552766680717468
1469,23,23,0.9999806880950928,7.119111251085997e-05,normal,0.0,0.0,0.9051645398139954,0.023427773267030716,0.023569902405142784,0.0478377565741539
1470,23,23,0.999411940574646,0.001434345613233745,normal,0.0,0.0,0.09776245057582855,0.049758583307266235,0.8261494636535645,0.026329485699534416
1471,23,33,0.5272403955459595,0.1888459473848343,normal,0.0,0.0,0.0030873448122292757,0.4859030246734619,0.00428134435787797,0.5067282915115356
1472,23,23,0.9999208450317383,0.0002402899699518457,normal,0.0,0.0,0.09669093787670135,0.49715039134025574,0.0149674192070961,0.3911912739276886
1473,23,23,0.9995784163475037,0.0011199506698176265,normal,0.0,0.0,0.9992945194244385,0.0003477908903732896,0.00023780381889082491,0.00011989250924671069
1474,23,23,0.999968409538269,0.00010633397323545069,normal,0.0,0.0,0.871730387210846,0.003655624808743596,0.08241944015026093,0.04219462350010872
1475,23,23,0.9992871880531311,0.001855871407315135,normal,0.0,0.0,0.6987797021865845,0.0901743620634079,0.0037816432304680347,0.20726434886455536
1476,23,23,0.9999819993972778,6.69032015139237e-05,normal,0.0,0.0,0.5299364924430847,0.31853005290031433,0.04188515245914459,0.10964833945035934
1477,23,23,0.9999032020568848,0.00032147899037227035,normal,0.0,0.0,0.10178886353969574,0.06846438348293304,0.4082713723182678,0.42147544026374817
1478,23,23,0.9998840093612671,0.00036241175257600844,normal,0.0,0.0,0.5177240371704102,0.058066148310899734,0.04337508603930473,0.38083475828170776
1479,23,23,0.9999572038650513,0.00014519250544253737,normal,0.0,0.0,0.8537090420722961,0.019000928848981857,0.01929021254181862,0.10799982398748398
1480,23,23,0.5714359879493713,0.1933651864528656,normal,0.0,0.0,0.06667766720056534,0.6932350993156433,0.15884219110012054,0.08124510943889618
1481,23,23,0.999951958656311,0.00015915825497359037,normal,0.0,0.0,0.6569520831108093,0.1575499176979065,0.15835006535053253,0.02714790403842926
1482,23,23,0.9999624490737915,0.0001262620644411072,normal,0.0,0.0,0.8385040760040283,0.04273014888167381,0.07866522669792175,0.040100518614053726
1483,23,23,0.9999040365219116,0.0003093015984632075,normal,0.0,0.0,0.09602786600589752,0.23639953136444092,0.3726663887500763,0.29490622878074646
1484,23,23,0.9985082745552063,0.0033824704587459564,normal,0.0,0.0,0.8853337168693542,0.03652237355709076,0.0628889724612236,0.015255014412105083
1485,23,23,0.9997743964195251,0.0006146528758108616,normal,0.0,0.0,0.040400873869657516,0.062155336141586304,0.4100877046585083,0.4873560667037964
1486,23,23,0.9998631477355957,0.00041473089368082583,normal,0.0,0.0,0.5106553435325623,0.2723270654678345,0.08380431681871414,0.13321328163146973
1487,23,23,0.998637855052948,0.002936803735792637,normal,0.0,0.0,0.15680493414402008,0.3149111568927765,0.04780519753694534,0.4804787039756775
1488,23,23,0.99986732006073,0.0004101094091311097,normal,0.0,0.0,0.7745724320411682,0.05467335507273674,0.11467258632183075,0.05608160421252251
1489,23,23,0.9999022483825684,0.0002844968985300511,normal,0.0,0.0,0.07935380190610886,0.28745344281196594,0.005010010674595833,0.6281827688217163
1490,23,23,0.99930739402771,0.0018329099984839559,normal,0.0,0.0,0.025757092982530594,0.6865290403366089,0.23627912998199463,0.0514347180724144
1491,23,23,0.9999271631240845,0.00023277313448488712,normal,0.0,0.0,0.7936262488365173,0.08569866418838501,0.01675545424222946,0.1039196103811264
1492,23,23,0.9993616938591003,0.0014821246732026339,normal,0.0,0.0,0.30371126532554626,0.6475605964660645,0.045900724828243256,0.002827436663210392
1493,23,23,0.5763479471206665,0.20140375196933746,normal,0.0,0.0,0.07144887745380402,0.5256814360618591,0.3120058476924896,0.09086388349533081
1494,23,23,0.9981480836868286,0.00406290777027607,normal,0.0,0.0,0.021914441138505936,0.09366624802350998,0.00239836354739964,0.8820209503173828
1495,23,23,0.49577921628952026,0.43794238567352295,normal,0.0,0.0,0.2699659764766693,0.5601575970649719,0.10990333557128906,0.059973105788230896
1496,23,23,0.9999090433120728,0.0003005087492056191,normal,0.0,0.0,0.0554262213408947,0.9236267805099487,0.014180831611156464,0.0067662438377738
1497,23,23,0.9997678399085999,0.000655127689242363,normal,0.0,0.0,0.5842716097831726,0.3243218958377838,0.051673807203769684,0.039732713252305984
1498,23,23,0.9971222281455994,0.0058584860526025295,normal,0.0,0.0,0.6480985879898071,0.011710524559020996,0.31130602955818176,0.028884930536150932
1499,23,33,0.7245514988899231,0.16027329862117767,normal,0.0,0.0,0.356743723154068,0.3312501311302185,0.10055109113454819,0.2114550918340683
1500,23,23,0.9999536275863647,0.00014898092194925994,normal,0.0,0.0,0.1221340224146843,0.027699289843440056,0.08105908334255219,0.7691076397895813
1501,23,23,0.9999245405197144,0.0002468526945449412,normal,0.0,0.0,0.41661468148231506,0.3767172396183014,0.19271062314510345,0.013957394286990166
1502,23,23,0.9999582767486572,0.00014138563710730523,normal,0.0,0.0,0.48285362124443054,0.009203164838254452,0.008709706366062164,0.4992334842681885
1503,23,33,0.9745088219642639,0.037302784621715546,normal,0.0,0.0,0.023918772116303444,0.2655256688594818,0.6854844093322754,0.025071101263165474
1504,23,33,0.9817662835121155,0.02494216524064541,normal,0.0,0.0,0.4413246214389801,0.016674334183335304,0.5350144505500793,0.006986609660089016
1505,23,23,0.9999815225601196,7.018339965725318e-05,normal,0.0,0.0,0.9770447015762329,0.009086362086236477,0.0026107553858309984,0.011258270591497421
1506,23,36,0.8536633253097534,0.12662097811698914,normal,0.0,0.0,0.16034862399101257,0.028803644701838493,0.380347341299057,0.43050047755241394
1507,23,23,0.9999743700027466,9.513597615296021e-05,normal,0.0,0.0,0.5300163626670837,0.23544304072856903,0.09363875538110733,0.14090178906917572
1508,24,24,0.999982476234436,6.927468348294497e-05,normal,0.0,0.0,0.24478720128536224,0.11296529322862625,0.1743687391281128,0.4678787887096405
1509,24,24,0.9937244057655334,0.011457337066531181,normal,0.0,0.0,0.2274806648492813,0.7339984178543091,0.03471585735678673,0.003805066691711545
1510,24,24,0.9997445940971375,0.0007206015288829803,normal,0.0,0.0,0.15682551264762878,0.032630786299705505,0.38385358452796936,0.42669010162353516
1511,24,24,0.9994774460792542,0.0014276958536356688,normal,0.0,0.0,0.20385603606700897,0.04838921129703522,0.7380536794662476,0.009701046161353588
1512,24,24,0.9725579619407654,0.04256235435605049,normal,0.0,0.0,0.1046251505613327,0.13229285180568695,0.5843757390975952,0.1787063032388687
1513,24,24,0.9999275207519531,0.00023431924637407064,normal,0.0,0.0,0.022574789822101593,0.003252931870520115,0.002459928160533309,0.9717123508453369
1514,24,24,0.9999912977218628,3.5426881368039176e-05,normal,0.0,0.0,0.12741291522979736,0.3727761507034302,0.17376376688480377,0.32604721188545227
1515,24,24,0.9999890327453613,4.345259003457613e-05,normal,0.0,0.0,0.11503215879201889,0.6492022275924683,0.13800889253616333,0.09775673598051071
1516,24,24,0.9999819993972778,7.036047463770956e-05,normal,0.0,0.0,0.2991807460784912,0.16410160064697266,0.11496185511350632,0.42175576090812683
1517,24,24,0.9999470710754395,0.00017153797671198845,normal,0.0,0.0,0.5772247910499573,0.04355480149388313,0.10698600113391876,0.2722344398498535
1518,24,24,0.9999908208847046,3.753855708055198e-05,normal,0.0,0.0,0.043845921754837036,0.937080979347229,0.007722510956227779,0.011350596323609352
1519,24,24,0.9999867677688599,5.288284592097625e-05,normal,0.0,0.0,0.30978238582611084,0.05774620175361633,0.18627353012561798,0.44619789719581604
1520,24,24,0.9997552037239075,0.0007696808315813541,normal,0.0,0.0,0.05651518329977989,0.12086976319551468,0.27463921904563904,0.5479757785797119
1521,24,24,0.9999897480010986,4.0741546399658546e-05,normal,0.0,0.0,0.051636889576911926,0.296028733253479,0.4345495104789734,0.2177848219871521
1522,24,24,0.9998999834060669,0.0003390594501979649,normal,0.0,0.0,0.41022443771362305,0.03247036412358284,0.0670548677444458,0.4902503192424774
1523,24,24,0.935590386390686,0.07436671108007431,normal,0.0,0.0,0.24701625108718872,0.21744459867477417,0.25561437010765076,0.27992475032806396
1524,24,24,0.9999032020568848,0.0003260981466155499,normal,0.0,0.0,0.05207144841551781,0.871788501739502,0.055140990763902664,0.020999040454626083
1525,24,24,0.9999886751174927,4.5885564759373665e-05,normal,0.0,0.0,0.4827151298522949,0.09505008161067963,0.14371904730796814,0.27851566672325134
1526,24,24,0.9999116659164429,0.00029709975933656096,normal,0.0,0.0,0.09475133568048477,0.040170032531023026,0.060203954577445984,0.8048747181892395
1527,24,24,0.9989604949951172,0.002836603671312332,normal,0.0,0.0,0.010869204066693783,0.9098050594329834,0.0275184977799654,0.05180715024471283
1528,25,25,0.9999885559082031,4.6065808419371024e-05,normal,0.0,0.0,0.020149530842900276,0.1558765023946762,0.2525613009929657,0.5714126229286194
1529,25,25,0.9999971389770508,1.2423820408002939e-05,normal,0.0,0.0,0.08002113550901413,0.6678579449653625,0.19996534287929535,0.052155621349811554
1530,25,25,0.9999908208847046,3.4714696084847674e-05,normal,0.0,0.0,0.07084335386753082,0.19873812794685364,0.5390265583992004,0.1913919448852539
1531,25,25,0.9887979626655579,0.01703783869743347,normal,0.0,0.0,0.000848317111376673,0.8023087978363037,0.0007619603420607746,0.19608086347579956
1532,25,33,0.9509642720222473,0.054958783090114594,normal,0.0,0.0,0.006237469147890806,0.04415813460946083,0.8526206612586975,0.09698376804590225
1533,25,25,0.8746061325073242,0.13032731413841248,normal,0.0,0.0,0.03553755581378937,0.06556617468595505,0.8163709044456482,0.0825253576040268
1534,25,25,0.9999972581863403,1.2136764780734666e-05,normal,0.0,0.0,0.0069833542220294476,0.9144843816757202,0.05495963990688324,0.023572713136672974
1535,25,25,0.9998038411140442,0.0006101582548581064,normal,0.0,0.0,0.004422654863446951,0.3126768171787262,0.016234006732702255,0.6666665077209473
1536,25,25,0.9999685287475586,0.00011446890857769176,normal,0.0,0.0,0.03231201320886612,0.8075805306434631,0.07438371330499649,0.08572374284267426
1537,25,25,0.9999997615814209,1.481911567680072e-06,normal,0.0,0.0,9.99999993922529e-09,0.3907548785209656,9.99999993922529e-09,0.6092451214790344
1538,25,25,0.999996542930603,1.5526999050052837e-05,normal,0.0,0.0,0.011202252469956875,0.060515910387039185,0.21116062998771667,0.7171211242675781
1539,25,25,0.9999861717224121,5.154289829079062e-05,normal,0.0,0.0,0.13838763535022736,0.22439689934253693,0.17689913511276245,0.46031638979911804
1540,25,25,0.9999935626983643,2.7172274712938815e-05,normal,0.0,0.0,0.009019864723086357,0.02177444100379944,0.8815665245056152,0.08763919025659561
1541,25,25,0.9998072981834412,0.0005836974014528096,normal,0.0,0.0,0.03991849720478058,0.9181705117225647,0.011881530284881592,0.030029499903321266
1542,25,25,0.9999898672103882,3.94648450310342e-05,normal,0.0,0.0,0.0003623091906774789,0.9979026317596436,0.0007742087473161519,0.0009608413092792034
1543,25,25,0.9999954700469971,1.9274431906524114e-05,normal,0.0,0.0,0.11675865948200226,0.6080365180969238,0.11059945076704025,0.16460542380809784
1544,25,25,0.9999841451644897,6.003419912303798e-05,normal,0.0,0.0,0.011821314692497253,0.03849603980779648,0.011874237097799778,0.9378084540367126
1545,25,25,0.9976840019226074,0.005154851824045181,normal,0.0,0.0,0.053640104830265045,0.5616932511329651,0.3532904088497162,0.03137623518705368
1546,25,25,0.9999912977218628,3.156994716846384e-05,normal,0.0,0.0,0.011308868415653706,0.26222100853919983,0.6455928683280945,0.08087733387947083
1547,25,25,0.9999995231628418,3.2170428312383592e-06,normal,0.0,0.0,0.06952701508998871,0.7116660475730896,0.1472044438123703,0.0716024711728096
1548,25,25,0.999859094619751,0.0003957811859436333,normal,0.0,0.0,0.007112506311386824,0.11271220445632935,0.05478993058204651,0.825385332107544
1549,25,25,0.9999991655349731,4.135760718781967e-06,normal,0.0,0.0,0.3667212724685669,0.05579506978392601,0.2449674904346466,0.3325161933898926
1550,25,25,0.9990794658660889,0.0022563007660210133,normal,0.0,0.0,0.01016183290630579,0.14869117736816406,0.0019201424438506365,0.8392269015312195
1551,25,25,0.9999901056289673,3.8666014006594196e-05,normal,0.0,0.0,0.02486317791044712,0.16489553451538086,0.805570662021637,0.004670579452067614
1552,25,25,0.9999512434005737,0.000168659258633852,normal,0.0,0.0,0.9099879264831543,0.004722777288407087,0.08401802182197571,0.0012713109608739614
1553,25,25,0.9998776912689209,0.00035451955045573413,normal,0.0,0.0,0.08664760738611221,0.6030911207199097,0.13106943666934967,0.17919181287288666
1554,25,25,0.9999903440475464,3.7991743738530204e-05,normal,0.0,0.0,0.010409943759441376,0.3313063383102417,0.6022886037826538,0.055995091795921326
1555,25,25,0.9999523162841797,0.00016288297774735838,normal,0.0,0.0,0.10297516733407974,0.6194747686386108,0.04802216961979866,0.22952787578105927
1556,25,25,0.9999985694885254,6.455876700783847e-06,normal,0.0,0.0,0.03914870694279671,0.02317941002547741,0.8496723771095276,0.08799949288368225
1557,25,25,0.9999678134918213,0.000116550232633017,normal,0.0,0.0,0.0002939068363048136,0.005908412858843803,0.9932167530059814,0.0005809611757285893
1558,25,25,0.9999984502792358,7.391718554572435e-06,normal,0.0,0.0,0.08430028706789017,0.11050751805305481,0.6221963763237,0.18299581110477448
1559,25,25,0.9999898672103882,4.0032835386227816e-05,normal,0.0,0.0,0.027872001752257347,0.11072708666324615,0.3843773901462555,0.47702351212501526
1560,25,25,0.9998610019683838,0.00042505539022386074,normal,0.0,0.0,0.060554277151823044,0.9143650531768799,0.00580986775457859,0.0192707572132349
1561,25,25,0.8399423360824585,0.13513383269309998,normal,0.0,0.0,0.42931053042411804,0.2163926213979721,0.00736975809559226,0.34692710638046265
1562,25,25,0.9999978542327881,9.525042514724191e-06,normal,0.0,0.0,0.34597447514533997,0.3192227780818939,0.21203778684139252,0.12276497483253479
1563,25,25,0.9999951124191284,1.997300387301948e-05,normal,0.0,0.0,0.006894834339618683,0.9687645435333252,0.02118655852973461,0.003154084552079439
1564,25,25,0.9999891519546509,4.397600787342526e-05,normal,0.0,0.0,4.2171428503934294e-05,0.9997562766075134,2.3219290596898645e-05,0.00017832698358688504
1565,25,25,0.9980455636978149,0.004021563101559877,normal,0.0,0.0,0.0657866895198822,0.24966298043727875,0.2827625274658203,0.40178778767585754
1566,25,25,0.9999997615814209,1.8336934317630948e-06,normal,0.0,0.0,0.060921233147382736,0.7487525343894958,0.15171749889850616,0.03860878571867943
1567,25,25,0.9999271631240845,0.0002393499598838389,normal,0.0,0.0,0.022435592487454414,0.11427157372236252,0.8334255814552307,0.02986725978553295
1568,25,31,0.9895311594009399,0.01715012453496456,normal,0.0,0.0,0.12770196795463562,0.19992566108703613,0.025381501764059067,0.6469908952713013
1569,25,25,0.9999991655349731,3.787917194131296e-06,normal,0.0,0.0,0.03615027293562889,0.24389570951461792,0.7143073081970215,0.005646662786602974
1570,25,25,0.9999945163726807,2.2517262550536543e-05,normal,0.0,0.0,0.0010869234101846814,0.892423689365387,0.0003852970839943737,0.10610401630401611
1571,25,25,0.999993085861206,2.8488606403698213e-05,normal,0.0,0.0,0.0007934895111247897,0.031015656888484955,0.9000020027160645,0.06818877160549164
1572,25,25,0.9996994733810425,0.0009164691437035799,normal,0.0,0.0,0.04404648393392563,0.3833252191543579,0.5106657147407532,0.06196260824799538
1573,25,25,0.9999997615814209,1.8607855736263446e-06,normal,0.0,0.0,0.01677187718451023,0.18651601672172546,0.3126958906650543,0.4840162396430969
1574,25,25,0.9999783039093018,8.335390157299116e-05,normal,0.0,0.0,0.013916836120188236,0.4405572712421417,0.46825307607650757,0.07727280259132385
1575,25,25,0.9999927282333374,2.9565337172243744e-05,normal,0.0,0.0,0.007481016684323549,0.1007339134812355,0.3945867419242859,0.49719831347465515
1576,25,25,0.9999996423721313,2.470690787959029e-06,normal,0.0,0.0,0.07704445719718933,0.38348281383514404,0.22408929467201233,0.3153834044933319
1577,25,25,0.9999970197677612,1.321749368798919e-05,normal,0.0,0.0,0.004197339527308941,0.4850311279296875,0.4975292980670929,0.013242202810943127
1578,25,25,0.9999899864196777,3.930663297069259e-05,normal,0.0,0.0,0.20757552981376648,0.3740239143371582,0.3494711220264435,0.06892948597669601
1579,25,25,0.9998044371604919,0.0005742972134612501,normal,0.0,0.0,0.0896349772810936,0.0025065152440220118,0.9032183885574341,0.004640188068151474
1580,25,25,0.9999755620956421,8.548151527065784e-05,normal,0.0,0.0,0.00662565091624856,0.29195666313171387,0.4638819098472595,0.23753568530082703
1581,25,25,0.999876856803894,0.00035380024928599596,normal,0.0,0.0,0.023408053442835808,0.02052830532193184,0.8925196528434753,0.06354399770498276
1582,25,25,0.9529712796211243,0.05274404585361481,normal,0.0,0.0,0.0010200670221820474,0.6501157879829407,0.22524218261241913,0.12362192571163177
1583,25,21,0.564728319644928,0.21406927704811096,normal,0.0,0.0,0.157765194773674,0.015060937032103539,0.6604662537574768,0.16670767962932587
1584,25,25,0.9997876286506653,0.0005569763015955687,normal,0.0,0.0,0.08897988498210907,0.5255480408668518,0.37557533383369446,0.009896744042634964
1585,25,25,0.9996563196182251,0.0009353962377645075,normal,0.0,0.0,4.8886962758842856e-05,0.9995450377464294,4.076027835253626e-05,0.00036532492958940566
1586,25,25,0.9999806880950928,7.27004007785581e-05,normal,0.0,0.0,0.020347680896520615,0.012619256041944027,0.7568108439445496,0.2102222889661789
1587,25,25,0.9999983310699463,7.649404324183706e-06,normal,0.0,0.0,0.002576371654868126,0.9168338179588318,0.03018737956881523,0.05040241777896881
1588,25,25,0.9999961853027344,1.63499698828673e-05,normal,0.0,0.0,0.16050226986408234,0.573267936706543,0.25722649693489075,0.009003343060612679
1589,25,25,0.9999983310699463,7.735514373052865e-06,normal,0.0,0.0,0.09018872678279877,0.6380345821380615,0.191141739487648,0.08063504099845886
1590,25,25,0.9986183643341064,0.0030053930822759867,normal,0.0,0.0,8.83713728399016e-05,0.0018696985207498074,0.9966854453086853,0.0013564769178628922
1591,25,25,0.9988892674446106,0.0027529264334589243,normal,0.0,0.0,0.2052089422941208,0.0747765451669693,0.5037291646003723,0.2162853330373764
1592,25,25,0.7146543264389038,0.2172139436006546,normal,0.0,0.0,0.006069670896977186,0.684786319732666,0.1041347086429596,0.205009326338768
1593,25,25,0.9952360987663269,0.009232339449226856,normal,0.0,0.0,0.13531339168548584,0.13326717913150787,0.019255634397268295,0.7121637463569641
1594,25,29,0.9101213216781616,0.1164507120847702,normal,0.0,0.0,0.061406638473272324,0.8855887055397034,0.04944644868373871,0.003558287164196372
1595,25,25,0.9999428987503052,0.00019603098917286843,normal,0.0,0.0,0.0066503677517175674,0.9109891057014465,0.07859168946743011,0.003768924158066511
1596,25,25,0.9999997615814209,1.6659975017319084e-06,normal,0.0,0.0,0.0450359471142292,0.19402122497558594,0.3435538411140442,0.41738900542259216
1597,25,25,0.9971089959144592,0.006038944702595472,normal,0.0,0.0,0.9662999510765076,0.007455374579876661,0.01979178935289383,0.006452883128076792
1598,25,25,0.9999103546142578,0.0002708222600631416,normal,0.0,0.0,0.26308414340019226,0.08815273642539978,0.6286180019378662,0.020145103335380554
1599,25,25,0.9962823987007141,0.006886826362460852,normal,0.0,0.0,0.06844618916511536,0.3572309613227844,0.36673998832702637,0.20758283138275146
1600,25,25,0.9885073900222778,0.02114439755678177,normal,0.0,0.0,0.383124440908432,0.10114822536706924,0.07226668298244476,0.4434606730937958
1601,25,25,0.9999986886978149,5.911929747526301e-06,normal,0.0,0.0,0.37895968556404114,0.1752946525812149,0.23893684148788452,0.20680882036685944
1602,25,25,0.9999274015426636,0.00023664791660849005,normal,0.0,0.0,9.38784287427552e-05,0.991529643535614,0.0004218599060550332,0.007954650558531284
1603,25,25,0.9998379945755005,0.0004873586294706911,normal,0.0,0.0,0.004967377055436373,0.9943007230758667,3.635774555732496e-05,0.000695527414791286
1604,25,25,0.9997017979621887,0.0008421824313700199,normal,0.0,0.0,0.1661185920238495,0.19069361686706543,0.5836865901947021,0.05950115621089935
1605,25,25,0.9990696310997009,0.0023246300406754017,normal,0.0,0.0,0.001604609889909625,0.0020652387756854296,0.9932113885879517,0.003118740161880851
1606,25,25,0.999971866607666,0.00010261888382956386,normal,0.0,0.0,0.12717993557453156,0.3731299638748169,0.48184695839881897,0.01784319058060646
1607,25,25,0.999962329864502,0.0001328024809481576,normal,0.0,0.0,0.005465699825435877,0.23644320666790009,0.6941287517547607,0.06396227329969406
1608,25,25,0.9999997615814209,1.8708063862504787e-06,normal,0.0,0.0,0.018077991902828217,0.18495000898838043,0.30964210629463196,0.4873299300670624
1609,25,25,0.9985301494598389,0.0036708617117255926,normal,0.0,0.0,0.037994708865880966,0.02002451755106449,0.10574764758348465,0.8362331390380859
1610,25,25,0.9999961853027344,1.6194841009564698e-05,normal,0.0,0.0,0.004074967931956053,0.06160123273730278,0.17570090293884277,0.7586228847503662
1611,25,25,0.8414946794509888,0.14991553127765656,normal,0.0,0.0,0.05231243744492531,0.7748112082481384,0.10131692886352539,0.07155941426753998
1612,25,25,0.9999305009841919,0.00022623955737799406,normal,0.0,0.0,0.04403432086110115,0.5553812980651855,0.34066280722618103,0.05992158502340317
1613,25,25,0.999996542930603,1.494772732257843e-05,normal,0.0,0.0,0.021694252267479897,0.07461085915565491,0.8677997589111328,0.03589514642953873
1614,25,25,0.9999619722366333,0.00012167785462224856,normal,0.0,0.0,0.001073058694601059,0.0015982777113094926,0.9956122636795044,0.0017163947923108935
1615,25,25,0.999923825263977,0.00025059140170924366,normal,0.0,0.0,0.2392353117465973,0.062134500592947006,0.30010902881622314,0.39852115511894226
1616,25,25,0.9999911785125732,3.5980858228867874e-05,normal,0.0,0.0,0.018723193556070328,0.041680898517370224,0.7782428860664368,0.1613529771566391
1617,25,25,0.9999616146087646,0.00013286179455462843,normal,0.0,0.0,0.004120827652513981,0.017696676775813103,0.9753891825675964,0.0027933334931731224
1618,25,25,0.9505820274353027,0.05657370388507843,normal,0.0,0.0,0.09043852984905243,0.8835563659667969,0.01861783303320408,0.0073873200453817844
1619,25,25,0.9999560117721558,0.0001547226420370862,normal,0.0,0.0,0.00020128524920437485,0.0014673335244879127,0.9981479644775391,0.00018340603855904192
1620,25,25,0.9999946355819702,2.169062827306334e-05,normal,0.0,0.0,0.013567386195063591,0.2847740650177002,0.03631896898150444,0.6653395295143127
1621,25,25,0.9999942779541016,2.423648038529791e-05,normal,0.0,0.0,0.14058393239974976,0.6393230557441711,0.12147356569766998,0.09861940145492554
1622,25,25,0.9974479675292969,0.005831317510455847,normal,0.0,0.0,0.034373439848423004,0.0051435437053442,0.8107104301452637,0.14977256953716278
1623,25,25,0.9999947547912598,2.275287260999903e-05,normal,0.0,0.0,0.0026592216454446316,0.011847143992781639,0.0248518418520689,0.9606418013572693
1624,25,25,0.9999955892562866,1.8029488273896277e-05,normal,0.0,0.0,0.007933002896606922,0.7245247960090637,0.029834723100066185,0.2377074956893921
1625,25,25,0.9999637603759766,0.00012021369184367359,normal,0.0,0.0,0.03316330164670944,0.002802362898364663,0.004871992859989405,0.9591623544692993
1626,25,25,0.9999676942825317,0.00011287348752375692,normal,0.0,0.0,0.33050259947776794,0.539253830909729,0.07319974154233932,0.057043854147195816
1627,25,25,0.9999959468841553,1.6293821317958646e-05,normal,0.0,0.0,0.017530949786305428,0.2628386318683624,0.6890710592269897,0.03055928833782673
1628,26,26,0.9999769926071167,8.564818563172594e-05,normal,0.0,0.0,0.3748209774494171,0.18966886401176453,0.304904580116272,0.13060560822486877
1629,26,26,0.9977113008499146,0.004614749923348427,normal,0.0,0.0,0.40993013978004456,0.34568458795547485,0.09130585938692093,0.15307942032814026
1630,26,26,0.9989991784095764,0.002203576732426882,normal,0.0,0.0,0.7836495637893677,0.07619867473840714,0.08490799367427826,0.05524374917149544
1631,26,26,0.9999711513519287,0.00010159541125176474,normal,0.0,0.0,0.042522627860307693,0.05743277445435524,0.877247154712677,0.0227973572909832
1632,26,26,0.9999191761016846,0.0002687290543690324,normal,0.0,0.0,0.6220533847808838,0.2618514895439148,0.10587268322706223,0.010222431272268295
1633,26,26,0.9717950820922852,0.035680875182151794,normal,0.0,0.0,0.05801831930875778,0.0047119418159127235,0.8034899234771729,0.13377979397773743
1634,26,26,0.9994208812713623,0.0013769344659522176,normal,0.0,0.0,0.278443843126297,0.22537702322006226,0.027233082801103592,0.46894603967666626
1635,26,26,0.9999594688415527,0.00013867623056285083,normal,0.0,0.0,0.4489978849887848,0.14165854454040527,0.27633947134017944,0.1330040693283081
1636,26,26,0.9999288320541382,0.00023928469454403967,normal,0.0,0.0,0.056894753128290176,0.008654410019516945,0.8511174321174622,0.08333340287208557
1637,26,26,0.9998579025268555,0.00041803251951932907,normal,0.0,0.0,0.9987232685089111,0.0009604123188182712,0.0001535907795187086,0.00016276362293865532
1638,26,26,0.9986306428909302,0.002872503362596035,normal,0.0,0.0,0.9207961559295654,0.009899471886456013,0.009009038098156452,0.060295358300209045
1639,26,26,0.9999569654464722,0.00015324966807384044,normal,0.0,0.0,0.3525090217590332,0.14906367659568787,0.06573037058115005,0.4326968491077423
1640,26,26,0.9999699592590332,0.00011274498683633283,normal,0.0,0.0,0.7742499709129333,0.07767531275749207,0.04913046583533287,0.098944291472435
1641,26,26,0.9998725652694702,0.00038142126868478954,normal,0.0,0.0,0.17678260803222656,0.030853888019919395,0.0715157613158226,0.7208477258682251
1642,26,26,0.9999411106109619,0.00018920494767371565,normal,0.0,0.0,0.32527562975883484,0.5622373223304749,0.02411532774567604,0.08837173134088516
1643,26,26,0.9971494078636169,0.005664445925503969,normal,0.0,0.0,0.030415358021855354,0.014807915315032005,0.937192976474762,0.017583724111318588
1644,26,26,0.9999505281448364,0.0001717474078759551,normal,0.0,0.0,0.2670285999774933,0.0852188691496849,0.5467360019683838,0.10101651400327682
1645,26,26,0.9997395873069763,0.0006780991097912192,normal,0.0,0.0,0.07291043549776077,0.04600314795970917,0.46114382147789,0.41994261741638184
1646,26,26,0.9999191761016846,0.00025482341879978776,normal,0.0,0.0,0.09570562839508057,0.10256914794445038,0.04996252432465553,0.7517626881599426
1647,26,26,0.999710738658905,0.0008039302774704993,normal,0.0,0.0,0.35296082496643066,0.4137413203716278,0.11604349315166473,0.11725441366434097
1648,26,26,0.9743960499763489,0.034259893000125885,normal,0.0,0.0,0.9177482724189758,0.019562168046832085,0.03463888540863991,0.028050627559423447
1649,26,26,0.9999922513961792,3.207864938303828e-05,normal,0.0,0.0,0.7727248668670654,0.0945650115609169,0.021789712831377983,0.11092042922973633
1650,26,26,0.9998934268951416,0.000340655300533399,normal,0.0,0.0,0.9942164421081543,0.0010151667520403862,0.0004516314947977662,0.004316719714552164
1651,26,26,0.9999489784240723,0.00017119564290624112,normal,0.0,0.0,0.13382655382156372,0.07332976162433624,0.04549398273229599,0.7473496794700623
1652,26,26,0.9999936819076538,2.6653076929505914e-05,normal,0.0,0.0,0.1428261697292328,0.5594021081924438,0.11665654182434082,0.18111522495746613
1653,26,26,0.9999604225158691,0.00013243415742181242,normal,0.0,0.0,0.5485904812812805,0.12707336246967316,0.06601064652204514,0.2583254873752594
1654,26,26,0.9995737671852112,0.0010761668672785163,normal,0.0,0.0,0.1550758183002472,0.5356702208518982,0.19707679748535156,0.11217710375785828
1655,26,26,0.9940781593322754,0.010240906849503517,normal,0.0,0.0,0.5746598243713379,0.3188268840312958,0.00822511687874794,0.09828825294971466
1656,26,26,0.9999449253082275,0.00018130632815882564,normal,0.0,0.0,0.6493893265724182,0.3082926571369171,0.004002614878118038,0.038315411657094955
1657,26,26,0.9994352459907532,0.0014681346947327256,normal,0.0,0.0,0.03901469707489014,0.11500489711761475,0.39867866039276123,0.4473017454147339
1658,26,26,0.9999797344207764,7.814213313395157e-05,normal,0.0,0.0,0.23909734189510345,0.2871553301811218,0.35445016622543335,0.11929717659950256
1659,26,26,0.9999524354934692,0.00016377732390537858,normal,0.0,0.0,0.20396146178245544,0.06903845071792603,0.2550472021102905,0.471952885389328
1660,26,26,0.9999908208847046,3.7387231714092195e-05,normal,0.0,0.0,0.12224173545837402,0.31589460372924805,0.5374093651771545,0.024454277008771896
1661,26,26,0.9999645948410034,0.0001262172736460343,normal,0.0,0.0,0.05605403706431389,0.8798243403434753,0.03769749030470848,0.026424137875437737
1662,26,26,0.999765932559967,0.0007232631905935705,normal,0.0,0.0,0.6604374647140503,0.20117411017417908,0.07053788006305695,0.06785057485103607
1663,26,26,0.9999896287918091,4.2888106690952554e-05,normal,0.0,0.0,0.22117434442043304,0.5779968500137329,0.126164048910141,0.07466482371091843
1664,26,26,0.9999818801879883,6.739307718817145e-05,normal,0.0,0.0,0.7559624910354614,0.057489074766635895,0.09470053762197495,0.09184785187244415
1665,26,26,0.9999819993972778,6.721651152474806e-05,normal,0.0,0.0,0.24194680154323578,0.053426872938871384,0.7035514116287231,0.0010749251814559102
1666,26,26,0.9999417066574097,0.00018553031259216368,normal,0.0,0.0,0.09044336527585983,0.06336411833763123,0.5420517921447754,0.30414071679115295
1667,26,26,0.9997852444648743,0.0006019118009135127,normal,0.0,0.0,0.48678404092788696,0.4468430280685425,0.02123953402042389,0.04513341933488846
1668,26,26,0.9998764991760254,0.0003713783517014235,normal,0.0,0.0,0.10775355994701385,0.21998976171016693,0.5119683146476746,0.16028842329978943
1669,26,26,0.9997536540031433,0.0006533184787258506,normal,0.0,0.0,0.029551541432738304,0.31057435274124146,0.3980775475502014,0.26179659366607666
1670,26,26,0.9995908141136169,0.0011097494279965758,normal,0.0,0.0,0.219014972448349,0.043210841715335846,0.714844286441803,0.022929934784770012
1671,26,26,0.9999358654022217,0.00021212037245277315,normal,0.0,0.0,0.05351274088025093,0.13284258544445038,0.07789304107427597,0.7357516884803772
1672,26,26,0.9999228715896606,0.00023499994131270796,normal,0.0,0.0,0.6354831457138062,0.3152361512184143,0.009503081440925598,0.039777591824531555
1673,26,26,0.9890438318252563,0.01684579625725746,normal,0.0,0.0,0.8769760727882385,0.08999629318714142,0.026254262775182724,0.006773345172405243
1674,26,26,0.9993883371353149,0.0014452212490141392,normal,0.0,0.0,0.9961771368980408,0.0003700706292875111,0.00037495940341614187,0.0030778346117585897
1675,26,26,0.9999253749847412,0.00023988491739146411,normal,0.0,0.0,0.928344190120697,0.033722974359989166,0.027359088882803917,0.01057372521609068
1676,26,26,0.9998767375946045,0.00035904484684579074,normal,0.0,0.0,0.23875059187412262,0.08116400241851807,0.5071357488632202,0.1729496419429779
1677,26,26,0.9998846054077148,0.0003485735214781016,normal,0.0,0.0,0.71168452501297,0.032997824251651764,0.012965618632733822,0.24235203862190247
1678,26,37,0.7336544394493103,0.1709543764591217,normal,0.0,0.0,0.11345379054546356,0.03268050774931908,0.769550085067749,0.08431562781333923
1679,26,26,0.9997805953025818,0.0005908017046749592,normal,0.0,0.0,0.9066824316978455,0.003901025978848338,0.003571032779291272,0.08584551513195038
1680,26,26,0.9989657402038574,0.0023714632261544466,normal,0.0,0.0,0.6012396812438965,0.27408233284950256,0.04692251980304718,0.07775542885065079
1681,26,26,0.9999411106109619,0.0002007244765991345,normal,0.0,0.0,0.8919826745986938,0.05428426340222359,0.027976375073194504,0.025756733492016792
1682,26,26,0.9997795224189758,0.0006526562501676381,normal,0.0,0.0,0.10907190293073654,0.4680120646953583,0.07053641229867935,0.35237962007522583
1683,26,26,0.9987192153930664,0.003009200096130371,normal,0.0,0.0,0.15032535791397095,0.314360111951828,0.2980822026729584,0.23723237216472626
1684,26,26,0.9999673366546631,0.00011705171345965937,normal,0.0,0.0,0.20604485273361206,0.6415437459945679,0.09109476208686829,0.06131664291024208
1685,26,26,0.9996412992477417,0.0009401871939189732,normal,0.0,0.0,0.013215006329119205,0.24833960831165314,0.16292311251163483,0.575522243976593
1686,26,26,0.9994446635246277,0.0013456720625981688,normal,0.0,0.0,0.07011378556489944,0.3471852242946625,0.5467123985290527,0.03598852828145027
1687,26,26,0.9396411776542664,0.06359359622001648,normal,0.0,0.0,0.09029723703861237,0.3926449716091156,0.06879403442144394,0.4482637941837311
1688,26,26,0.9999065399169922,0.0003013065434060991,normal,0.0,0.0,0.517780601978302,0.10082193464040756,0.3524928689002991,0.02890467643737793
1689,26,26,0.999546468257904,0.0012084506452083588,normal,0.0,0.0,0.6419525146484375,0.06841365993022919,0.23971468210220337,0.04991913214325905
1690,26,26,0.9982275366783142,0.0036915058735758066,normal,0.0,0.0,0.025775307789444923,0.09312591701745987,0.04873472824692726,0.8323641419410706
1691,26,26,0.9998764991760254,0.00035948658478446305,normal,0.0,0.0,0.23961161077022552,0.0808064267039299,0.5046879649162292,0.17489399015903473
1692,26,26,0.9999538660049438,0.00014852140157017857,normal,0.0,0.0,0.07610734552145004,0.044560227543115616,0.7206481099128723,0.15868425369262695
1693,26,26,0.9998406171798706,0.00046928180381655693,normal,0.0,0.0,0.41595983505249023,0.08362677693367004,0.3812273442745209,0.11918601393699646
1694,26,26,0.9999682903289795,0.00011312358401482925,normal,0.0,0.0,0.4703301787376404,0.046056028455495834,0.17737977206707,0.3062340021133423
1695,26,26,0.9989991784095764,0.002203576732426882,normal,0.0,0.0,0.7836495637893677,0.07619867473840714,0.08490799367427826,0.05524374917149544
1696,26,26,0.9999642372131348,0.00012165471707703546,normal,0.0,0.0,0.3539332151412964,0.26880475878715515,0.1698836088180542,0.20737841725349426
1697,26,26,0.9996091723442078,0.0010248256148770452,normal,0.0,0.0,0.8770906925201416,0.026066245511174202,0.06586649268865585,0.030976545065641403
1698,26,26,0.9997338652610779,0.0007277880795300007,normal,0.0,0.0,0.6481170058250427,0.11619061976671219,0.09752801805734634,0.13816435635089874
1699,26,26,0.9999133348464966,0.00028221949469298124,normal,0.0,0.0,0.8660343289375305,0.05445001274347305,0.021654531359672546,0.05786110833287239
1700,26,26,0.9999822378158569,6.967528315726668e-05,normal,0.0,0.0,0.37709835171699524,0.1980038285255432,0.27521583437919617,0.14968203008174896
1701,26,26,0.9999873638153076,5.021858305553906e-05,normal,0.0,0.0,0.03818241506814957,0.6475521326065063,0.06251693516969681,0.25174853205680847
1702,26,26,0.9999099969863892,0.00028228823794052005,normal,0.0,0.0,0.09792525321245193,0.3944355249404907,0.37983182072639465,0.1278073787689209
1703,26,26,0.9999855756759644,5.749877527705394e-05,normal,0.0,0.0,0.8076604008674622,0.04194287583231926,0.07326122373342514,0.07713546603918076
1704,26,26,0.9963675737380981,0.00669271033257246,normal,0.0,0.0,0.29426252841949463,0.06790295243263245,0.6196039319038391,0.01823061890900135
1705,26,26,0.9978289008140564,0.004638806916773319,normal,0.0,0.0,0.6848552227020264,0.14100202918052673,0.02647656947374344,0.14766615629196167
1706,26,26,0.9995290040969849,0.0012235336471349,normal,0.0,0.0,0.025687547400593758,0.14367961883544922,0.12724792957305908,0.7033849358558655
1707,26,26,0.9999384880065918,0.00020181149011477828,normal,0.0,0.0,0.17606528103351593,0.6762619018554688,0.1315850466489792,0.016087843105196953
1708,26,26,0.9999778270721436,8.295237785205245e-05,normal,0.0,0.0,0.8249541521072388,0.04189606383442879,0.10412268340587616,0.029027137905359268
1709,26,37,0.9827556014060974,0.031077418476343155,normal,0.0,0.0,0.5008061528205872,0.47558555006980896,0.01499483548104763,0.008613393642008305
1710,26,26,0.9999692440032959,0.00010788278450490907,normal,0.0,0.0,0.4106864631175995,0.06152196601033211,0.31500527262687683,0.21278627216815948
1711,26,26,0.5843383073806763,0.19741588830947876,normal,0.0,0.0,0.3917381763458252,0.5025855302810669,0.005413351114839315,0.10026292502880096
1712,26,26,0.9997348189353943,0.0007085520774126053,normal,0.0,0.0,0.5280734300613403,0.01581687107682228,0.3957136273384094,0.060396142303943634
1713,26,26,0.9998817443847656,0.00035486381966620684,normal,0.0,0.0,0.2722085118293762,0.5937116742134094,0.09905917197465897,0.03502063825726509
1714,26,26,0.9993150234222412,0.001648536417633295,normal,0.0,0.0,0.2148120105266571,0.10474254935979843,0.2926352322101593,0.38781026005744934
1715,26,26,0.9999520778656006,0.00017086704610846937,normal,0.0,0.0,0.662351131439209,0.028375471010804176,0.06085021048784256,0.24842317402362823
1716,26,26,0.9991983771324158,0.0018713354365900159,normal,0.0,0.0,0.8401473164558411,0.11622531712055206,0.007489410694688559,0.036137957125902176
1717,26,26,0.9996198415756226,0.0010301526635885239,normal,0.0,0.0,0.6842854619026184,0.19069638848304749,0.04743954911828041,0.07757862657308578
1718,26,26,0.9999895095825195,4.2411298636579886e-05,normal,0.0,0.0,0.1960597038269043,0.2719583213329315,0.37894687056541443,0.15303508937358856
1719,26,26,0.9999850988388062,6.0205366025911644e-05,normal,0.0,0.0,0.5364623665809631,0.20089413225650787,0.13428808748722076,0.12835544347763062
1720,26,26,0.9999687671661377,0.00011280424223514274,normal,0.0,0.0,0.3315708637237549,0.24432088434696198,0.2630734443664551,0.16103479266166687
1721,26,26,0.9989991784095764,0.002203576732426882,normal,0.0,0.0,0.7836495637893677,0.07619867473840714,0.08490799367427826,0.05524374917149544
1722,26,26,0.9998120665550232,0.00057635159464553,normal,0.0,0.0,0.7299360036849976,0.025452006608247757,0.19338184595108032,0.051230140030384064
1723,26,26,0.999984860420227,5.999782297294587e-05,normal,0.0,0.0,0.4197884202003479,0.2416601926088333,0.034300047904253006,0.3042512834072113
1724,26,26,0.9999525547027588,0.0001579129311721772,normal,0.0,0.0,0.01241159625351429,0.17571982741355896,0.031990788877010345,0.779877781867981
1725,26,26,0.9999892711639404,4.1763971239561215e-05,normal,0.0,0.0,0.3204062283039093,0.2187814563512802,0.24016833305358887,0.22064398229122162
1726,26,26,0.9999752044677734,9.276639320887625e-05,normal,0.0,0.0,0.7920127511024475,0.08729151636362076,0.0722711831331253,0.04842456057667732
1727,26,26,0.9997270703315735,0.0007527507259510458,normal,0.0,0.0,0.27695611119270325,0.6670387983322144,0.043607063591480255,0.012398023158311844
1728,27,27,0.9941275119781494,0.010838608257472515,normal,0.0,0.0,0.009710237383842468,0.23014600574970245,0.13440635800361633,0.6257373690605164
1729,27,27,0.9978734254837036,0.005198723636567593,normal,0.0,0.0,0.2343178391456604,0.10241425782442093,0.48671552538871765,0.17655237019062042
1730,27,19,0.7678340673446655,0.15400969982147217,normal,0.0,0.0,0.13458645343780518,0.7108650207519531,0.07305936515331268,0.08148911595344543
1731,27,27,0.9992135763168335,0.001888998202048242,normal,0.0,0.0,0.013861359097063541,0.23715947568416595,0.35123300552368164,0.39774611592292786
1732,27,27,0.9993100166320801,0.0017154072411358356,normal,0.0,0.0,0.0010180083336308599,0.2395985871553421,0.013501537963747978,0.7458819150924683
1733,27,27,0.999110758304596,0.0020793811418116093,normal,0.0,0.0,0.23071756958961487,0.2152865082025528,0.33084410429000854,0.2231517732143402
1734,27,27,0.5226759314537048,0.42503657937049866,normal,0.0,0.0,0.06568120419979095,0.3260982036590576,0.4349397122859955,0.17328095436096191
1735,27,27,0.9999032020568848,0.0003302105760667473,normal,0.0,0.0,0.017669077962636948,0.02743678167462349,0.7799596786499023,0.17493444681167603
1736,27,33,0.9677252173423767,0.04773404821753502,normal,0.0,0.0,0.0009759447420947254,0.880856454372406,0.09212175011634827,0.02604586072266102
1737,27,27,0.9998480081558228,0.00042547116754576564,normal,0.0,0.0,0.684032142162323,0.15774618089199066,0.04506320506334305,0.1131584569811821
1738,27,27,0.8921794295310974,0.11330346763134003,normal,0.0,0.0,0.2957957684993744,0.45846569538116455,0.041439130902290344,0.2042994648218155
1739,27,25,0.9402388334274292,0.08224785327911377,normal,0.0,0.0,0.8922918438911438,0.0539172887802124,0.023673297837376595,0.030117569491267204
1740,27,27,0.9997751116752625,0.0006719715311191976,normal,0.0,0.0,0.0007359413430094719,0.004577030427753925,0.004832053557038307,0.9898549914360046
1741,27,27,0.9996212720870972,0.0010948693379759789,normal,0.0,0.0,0.20333793759346008,0.09123264253139496,0.06583952158689499,0.6395898461341858
1742,27,27,0.9957278966903687,0.008720092475414276,normal,0.0,0.0,0.05765606462955475,0.17353734374046326,0.6272391676902771,0.1415674388408661
1743,27,27,0.9983653426170349,0.0035714423283934593,normal,0.0,0.0,0.14012500643730164,0.369546115398407,0.04827055707573891,0.44205835461616516
1744,27,27,0.9999481439590454,0.00018607988022267818,normal,0.0,0.0,0.0032126910518854856,0.026885394006967545,0.014682113192975521,0.9552198052406311
1745,27,27,0.6506282687187195,0.18338227272033691,normal,0.0,0.0,0.5660873651504517,0.13494493067264557,0.29479268193244934,0.004174999892711639
1746,27,27,0.527508020401001,0.22333654761314392,normal,0.0,0.0,0.8284940123558044,0.025616435334086418,0.12429873645305634,0.021590840071439743
1747,27,27,0.9999593496322632,0.00013918650802224874,normal,0.0,0.0,0.00806453637778759,0.14300398528575897,0.0056994943879544735,0.8432320356369019
1748,28,28,0.9929961562156677,0.012029171921312809,normal,0.0,0.0,0.041910745203495026,0.8863924145698547,0.059313442558050156,0.012383379973471165
1749,28,36,0.9392088651657104,0.06522553414106369,normal,0.0,0.0,0.47068214416503906,0.31491363048553467,0.1577291637659073,0.056675076484680176
1750,28,28,0.9996035695075989,0.0011569879716262221,normal,0.0,0.0,0.06260371208190918,0.7360821962356567,0.06875688582658768,0.13255728781223297
1751,28,28,0.9877497553825378,0.018085233867168427,normal,0.0,0.0,0.3107650876045227,0.2908272445201874,0.38957712054252625,0.008830591104924679
1752,28,28,0.9599140286445618,0.04688752070069313,normal,0.0,0.0,0.4310392439365387,0.44078120589256287,0.049490347504615784,0.07868916541337967
1753,28,28,0.9481384754180908,0.05610131099820137,normal,0.0,0.0,0.3178209662437439,0.04301619529724121,0.0007481696084141731,0.6384146809577942
1754,28,28,0.9583775997161865,0.04779412969946861,normal,0.0,0.0,0.0019123299280181527,0.2504715919494629,0.00717024365440011,0.7404458522796631
1755,28,28,0.990051805973053,0.015425384975969791,normal,0.0,0.0,0.22121359407901764,0.0008470218162983656,0.04201701283454895,0.7359223961830139
1756,28,28,0.9999632835388184,0.00012452231021597981,normal,0.0,0.0,0.01711137779057026,0.012784590013325214,0.04366571456193924,0.9264383316040039
1757,28,28,0.9989323019981384,0.002324433298781514,normal,0.0,0.0,0.013502275571227074,0.13926437497138977,0.035178009420633316,0.8120554089546204
1758,28,28,0.9999910593032837,3.467734859441407e-05,normal,0.0,0.0,0.021832475438714027,0.4388722777366638,0.055296219885349274,0.48399895429611206
1759,28,28,0.9999877214431763,4.6627748815808445e-05,normal,0.0,0.0,0.06054872274398804,0.14131008088588715,0.15128780901432037,0.6468533873558044
1760,28,28,0.9998757839202881,0.0003777677775360644,normal,0.0,0.0,0.36486175656318665,0.3739020526409149,0.02133357524871826,0.23990261554718018
1761,28,28,0.9977317452430725,0.004422166850417852,normal,0.0,0.0,0.0060770874843001366,0.012003517709672451,0.40530258417129517,0.5766168236732483
1762,28,21,0.5604942440986633,0.18999867141246796,normal,0.0,0.0,0.2320418357849121,0.07711362093687057,0.0031506516970694065,0.6876938939094543
1763,28,28,0.9707739353179932,0.03650355711579323,normal,0.0,0.0,0.1288786232471466,0.11194197833538055,0.036662645637989044,0.7225167751312256
1764,28,28,0.9696249961853027,0.03721960261464119,normal,0.0,0.0,0.20599360764026642,0.023027857765555382,0.7102243900299072,0.060754138976335526
1765,28,28,0.999983549118042,6.012476660544053e-05,normal,0.0,0.0,0.06477203965187073,0.041229669004678726,0.010091859847307205,0.8839064240455627
1766,28,28,0.9999371767044067,0.00019164937839377671,normal,0.0,0.0,0.03899519890546799,0.12946370244026184,0.06075641140341759,0.7707846760749817
1767,28,28,0.9179962873458862,0.07820375263690948,normal,0.0,0.0,0.10329722613096237,0.28253379464149475,0.10857182741165161,0.5055971145629883
1768,28,28,0.9999651908874512,0.00011976969835814089,normal,0.0,0.0,0.20188263058662415,0.24972495436668396,0.20740586519241333,0.34098654985427856
1769,28,28,0.9999827146530151,6.265039701247588e-05,normal,0.0,0.0,0.022553421556949615,0.6304770112037659,0.047876499593257904,0.299093097448349
1770,28,28,0.9942010045051575,0.00994857307523489,normal,0.0,0.0,0.41613394021987915,0.17413802444934845,0.20289599895477295,0.20683203637599945
1771,28,21,0.8273746967315674,0.1267685443162918,normal,0.0,0.0,0.874332070350647,0.02423582598567009,0.009390709921717644,0.09204143285751343
1772,28,21,0.7717399597167969,0.1474912166595459,normal,0.0,0.0,0.6430510878562927,0.22922781109809875,0.03602959215641022,0.09169144928455353
1773,28,28,0.9999487400054932,0.0001670829369686544,normal,0.0,0.0,0.14092423021793365,0.19084259867668152,0.1289789378643036,0.5392542481422424
1774,28,28,0.9993528723716736,0.0015441897558048368,normal,0.0,0.0,0.14051777124404907,0.280066579580307,0.07113052904605865,0.5082851648330688
1775,28,28,0.9999681711196899,0.00011093675857409835,normal,0.0,0.0,0.21390986442565918,0.2347848117351532,0.3885321021080017,0.16277317702770233
1776,28,34,0.9916049242019653,0.017584288492798805,normal,0.0,0.0,0.03619542345404625,0.032792702317237854,0.0496053546667099,0.8814065456390381
1777,28,28,0.9959560036659241,0.007280376739799976,normal,0.0,0.0,0.15760371088981628,0.18759272992610931,0.1070149689912796,0.5477885603904724
1778,28,28,0.9997925162315369,0.0005884935380890965,normal,0.0,0.0,0.24790214002132416,0.6440789103507996,0.019781840965151787,0.08823707699775696
1779,28,28,0.9995998740196228,0.0010945657268166542,normal,0.0,0.0,0.14135879278182983,0.752522885799408,0.0485236681997776,0.05759464204311371
1780,28,28,0.9917640089988708,0.013159383088350296,normal,0.0,0.0,0.724524199962616,0.02885514870285988,0.0693170502781868,0.17730358242988586
1781,28,28,0.9999475479125977,0.00017353172006551176,normal,0.0,0.0,0.15106061100959778,0.07846470922231674,0.17817948758602142,0.5922951102256775
1782,28,28,0.9999808073043823,6.9472000177484e-05,normal,0.0,0.0,0.15175560116767883,0.1940058320760727,0.08031615614891052,0.5739223957061768
1783,28,28,0.9999527931213379,0.00015822387649677694,normal,0.0,0.0,0.1273772418498993,0.4335978627204895,0.2422347366809845,0.19679012894630432
1784,28,28,0.9999536275863647,0.0001473341981181875,normal,0.0,0.0,0.10983344167470932,0.6993513703346252,0.03752865269780159,0.15328653156757355
1785,28,28,0.9381086826324463,0.06417760252952576,normal,0.0,0.0,0.0015000185230746865,0.028286676853895187,0.07270441204309464,0.8975088000297546
1786,28,28,0.9994569420814514,0.001383970258757472,normal,0.0,0.0,0.029696723446249962,0.2389635443687439,0.040295958518981934,0.6910437941551208
1787,28,28,0.9998509883880615,0.0004422429483383894,normal,0.0,0.0,0.02130766585469246,0.9669691920280457,0.003935304004698992,0.0077878194861114025
1788,28,28,0.9992701411247253,0.0017836872721090913,normal,0.0,0.0,0.09201503545045853,0.29572027921676636,0.13392290472984314,0.47834181785583496
1789,28,21,0.7750359773635864,0.17258183658123016,normal,0.0,0.0,0.14848865568637848,0.5347716808319092,0.1613529622554779,0.15538670122623444
1790,28,30,0.6011329889297485,0.2670117914676666,normal,0.0,0.0,0.4327860176563263,0.29283782839775085,0.06277278065681458,0.21160341799259186
1791,28,28,0.9997192025184631,0.0008499430259689689,normal,0.0,0.0,0.03873404487967491,0.009231681935489178,0.009104209952056408,0.9429301023483276
1792,28,28,0.9999516010284424,0.0001526348787592724,normal,0.0,0.0,0.23309995234012604,0.1755639612674713,0.20807018876075745,0.3832658529281616
1793,28,28,0.9999910593032837,3.610016938182525e-05,normal,0.0,0.0,0.06667438894510269,0.36845746636390686,0.07481345534324646,0.4900546669960022
1794,28,28,0.9950830936431885,0.008593724109232426,normal,0.0,0.0,0.49310219287872314,0.2417932003736496,0.1077374815940857,0.15736709535121918
1795,28,28,0.999805748462677,0.0005340442876331508,normal,0.0,0.0,0.9981428384780884,0.0010795515263453126,0.0007246104069054127,5.2992294513387606e-05
1796,28,28,0.9999686479568481,0.00011123240983579308,normal,0.0,0.0,0.005362196359783411,0.32617485523223877,0.006110386457294226,0.6623525023460388
1797,28,28,0.8181220889091492,0.17724460363388062,normal,0.0,0.0,0.4028688073158264,0.19299542903900146,0.0332736074924469,0.3708621561527252
1798,28,28,0.9999452829360962,0.00018040341092273593,normal,0.0,0.0,0.04532492905855179,0.5874016880989075,0.23781397938728333,0.1294594258069992
1799,28,28,0.940763533115387,0.06141380965709686,normal,0.0,0.0,0.08986753225326538,0.21417628228664398,0.6883592009544373,0.0075969691388309
1800,28,28,0.7440124750137329,0.15566664934158325,normal,0.0,0.0,0.7492343187332153,0.24149112403392792,0.0014983166474848986,0.007776176556944847
1801,28,28,0.9646012187004089,0.04181730002164841,normal,0.0,0.0,0.10371647030115128,0.042467501014471054,0.5122650861740112,0.34155094623565674
1802,28,28,0.9733819961547852,0.03340759128332138,normal,0.0,0.0,0.02455216273665428,0.02153555117547512,0.8600279688835144,0.09388428181409836
1803,28,28,0.9898118376731873,0.015660587698221207,normal,0.0,0.0,0.006797786336392164,0.025401271879673004,0.5529586672782898,0.41484224796295166
1804,28,28,0.9996343851089478,0.0010985939297825098,normal,0.0,0.0,0.019677134230732918,0.7209302186965942,0.03436298295855522,0.22502963244915009
1805,28,28,0.9998283386230469,0.000530512013938278,normal,0.0,0.0,0.017603285610675812,0.02123614400625229,0.8656914234161377,0.0954691469669342
1806,28,28,0.9999881982803345,4.700869612861425e-05,normal,0.0,0.0,0.26495060324668884,0.5083860158920288,0.18505260348320007,0.041610777378082275
1807,28,28,0.9999842643737793,5.7102231949102134e-05,normal,0.0,0.0,0.05541028082370758,0.08394435793161392,0.0722569078207016,0.7883884906768799
1808,28,28,0.9998985528945923,0.00030072423396632075,normal,0.0,0.0,0.35104790329933167,0.2615319788455963,0.25033193826675415,0.13708823919296265
1809,28,28,0.9483998417854309,0.05591509863734245,normal,0.0,0.0,0.3576739430427551,0.47959282994270325,0.035770002752542496,0.12696319818496704
1810,28,28,0.9977745413780212,0.004887434653937817,normal,0.0,0.0,0.0013988298596814275,0.9785242676734924,0.008415035903453827,0.0116618936881423
1811,28,28,0.9917953610420227,0.01354830153286457,normal,0.0,0.0,0.07307440042495728,0.8864837884902954,0.024514632299542427,0.015927139669656754
1812,28,28,0.9950815439224243,0.010328550823032856,normal,0.0,0.0,0.014898708090186119,0.0031509201508015394,0.015422843396663666,0.9665275812149048
1813,28,28,0.9999865293502808,5.237574805505574e-05,normal,0.0,0.0,0.020220808684825897,0.21721366047859192,0.40654459595680237,0.3560209274291992
1814,28,28,0.9996985197067261,0.0008481767727062106,normal,0.0,0.0,0.058935049921274185,0.09159374237060547,0.01286859717220068,0.8366025686264038
1815,28,28,0.9996089339256287,0.0011523085413500667,normal,0.0,0.0,0.6581304669380188,0.3259231150150299,0.0060315667651593685,0.009914848022162914
1816,28,28,0.9999886751174927,4.5444972784025595e-05,normal,0.0,0.0,0.01769581064581871,0.5444888472557068,0.3893641531467438,0.04845113679766655
1817,28,28,0.9999808073043823,6.913421384524554e-05,normal,0.0,0.0,0.11433515697717667,0.3132534623146057,0.46451810002326965,0.10789331793785095
1818,28,28,0.9999867677688599,5.012576366425492e-05,normal,0.0,0.0,0.04986387863755226,0.4417269229888916,0.3436312973499298,0.1647779792547226
1819,28,28,0.9999792575836182,7.708514749538153e-05,normal,0.0,0.0,0.02952658198773861,0.45849132537841797,0.42946991324424744,0.08251223713159561
1820,28,28,0.9997945427894592,0.0005900421529076993,normal,0.0,0.0,0.8336814045906067,0.1464284211397171,0.009671780280768871,0.010218324139714241
1821,28,34,0.7432129979133606,0.15910747647285461,normal,0.0,0.0,0.000860213884152472,0.0793236494064331,0.4245898127555847,0.49522635340690613
1822,28,28,0.9836996793746948,0.024488721042871475,normal,0.0,0.0,0.005809255875647068,0.9791992902755737,0.0005474144709296525,0.014444023370742798
1823,28,28,0.9781678318977356,0.02898520603775978,normal,0.0,0.0,0.02269260212779045,0.6059943437576294,0.03288990631699562,0.33842313289642334
1824,28,28,0.9998134970664978,0.0005206050118431449,normal,0.0,0.0,0.3464570939540863,0.13015617430210114,0.028841974213719368,0.49454477429389954
1825,28,28,0.9999699592590332,0.00010996872879331931,normal,0.0,0.0,0.02627173438668251,0.9144555330276489,0.024823790416121483,0.03444894030690193
1826,28,28,0.9997060894966125,0.0008010633173398674,normal,0.0,0.0,0.018843241035938263,0.5651319026947021,0.13905052840709686,0.27697429060935974
1827,28,28,0.999991774559021,3.3752676245057955e-05,normal,0.0,0.0,0.17154185473918915,0.527159571647644,0.10242471843957901,0.198873832821846
1828,28,28,0.9999033212661743,0.00032876848126761615,normal,0.0,0.0,0.04931454733014107,0.7550199627876282,0.08110490441322327,0.1145605817437172
1829,28,37,0.9467753767967224,0.07074195891618729,normal,0.0,0.0,0.029775479808449745,0.8992593288421631,0.04544222727417946,0.02552303485572338
1830,28,28,0.9154586791992188,0.07969667762517929,normal,0.0,0.0,0.32932576537132263,0.14706142246723175,0.17049920558929443,0.35311365127563477
1831,28,28,0.8086020946502686,0.1343904286623001,normal,0.0,0.0,0.007935398258268833,0.28354114294052124,0.11600129306316376,0.592522144317627
1832,28,28,0.9999651908874512,0.00012350754695944488,normal,0.0,0.0,0.0802401602268219,0.20685546100139618,0.4724287986755371,0.24047553539276123
1833,28,28,0.999708354473114,0.0007738897693343461,normal,0.0,0.0,0.07460321485996246,0.811748743057251,0.06415250897407532,0.04949561133980751
1834,28,28,0.9918783903121948,0.013001927174627781,normal,0.0,0.0,0.7571607232093811,0.03695869818329811,0.060889337211847305,0.14499127864837646
1835,28,28,0.963047206401825,0.04365895316004753,normal,0.0,0.0,0.0021426540333777666,0.26516470313072205,0.002200779737904668,0.7304918766021729
1836,28,28,0.9999010562896729,0.0002954667725134641,normal,0.0,0.0,0.24728648364543915,0.5488207936286926,0.021142344921827316,0.1827503889799118
1837,28,28,0.9997125267982483,0.0007678852998651564,normal,0.0,0.0,0.02850833348929882,0.10884401947259903,0.20872873067855835,0.653918981552124
1838,28,28,0.9477759003639221,0.056414615362882614,normal,0.0,0.0,0.2610914409160614,0.061641354113817215,0.0018875651294365525,0.6753796339035034
1839,28,28,0.999870777130127,0.000418638635892421,normal,0.0,0.0,0.011279494501650333,0.01742575690150261,0.1163521334528923,0.8549426794052124
1840,28,28,0.9705545902252197,0.043211206793785095,normal,0.0,0.0,0.532013475894928,0.13517925143241882,0.2728630006313324,0.05994431674480438
1841,28,28,0.9997451901435852,0.00074186478741467,normal,0.0,0.0,0.0022786755580455065,0.9876369833946228,0.006726933177560568,0.003357403911650181
1842,28,28,0.9998887777328491,0.0003469348594080657,normal,0.0,0.0,0.007557348348200321,0.9721554517745972,0.0035590145271271467,0.01672818325459957
1843,28,28,0.9994776844978333,0.0012775124050676823,normal,0.0,0.0,0.015787743031978607,0.5455513596534729,0.014674145728349686,0.4239867329597473
1844,28,28,0.5360103845596313,0.1900670975446701,normal,0.0,0.0,0.28342679142951965,0.003355068154633045,0.03343456983566284,0.6797836422920227
1845,28,28,0.999239444732666,0.0018487735651433468,normal,0.0,0.0,0.07800410687923431,0.32748058438301086,0.10295529663562775,0.4915599822998047
1846,28,28,0.9998061060905457,0.0005487992311827838,normal,0.0,0.0,0.2841464877128601,0.12489292025566101,0.01484190858900547,0.5761186480522156
1847,28,28,0.9507148861885071,0.05379749462008476,normal,0.0,0.0,0.8451341986656189,0.02315058745443821,0.1212746649980545,0.010440546087920666
1848,29,29,0.9999911785125732,3.451884549576789e-05,normal,0.0,0.0,0.06330804526805878,0.846912682056427,0.01231368351727724,0.07746554166078568
1849,29,29,0.9996154308319092,0.0010320083238184452,normal,0.0,0.0,0.013834374956786633,0.9367455244064331,0.04302641749382019,0.006393668707460165
1850,29,29,0.9985445737838745,0.0034031549002975225,normal,0.0,0.0,0.900274932384491,0.003577089635655284,0.03976399824023247,0.05638398230075836
1851,29,29,0.999854326248169,0.00044755410635843873,normal,0.0,0.0,0.029282893985509872,0.8130533695220947,0.04323507845401764,0.11442870646715164
1852,29,29,0.9990707039833069,0.0024189718533307314,normal,0.0,0.0,0.06325218081474304,0.8902530670166016,0.03609640151262283,0.010398360900580883
1853,29,36,0.8398552536964417,0.18340899050235748,normal,0.0,0.0,0.10076145827770233,0.1461695432662964,0.3452621400356293,0.4078068733215332
1854,29,29,0.9998834133148193,0.00033258681651204824,normal,0.0,0.0,0.17314475774765015,0.14099057018756866,0.04067756608128548,0.6451870799064636
1855,29,29,0.9999860525131226,5.381227674661204e-05,normal,0.0,0.0,0.9991222023963928,0.0006564330542460084,9.229235001839697e-05,0.000129123407532461
1856,29,29,0.9998522996902466,0.00045084283920004964,normal,0.0,0.0,0.20847003161907196,0.5244700312614441,0.2042812705039978,0.06277864426374435
1857,29,29,0.999137282371521,0.001998536055907607,normal,0.0,0.0,0.30190205574035645,0.5959900617599487,0.03581051900982857,0.06629740446805954
1858,29,29,0.9998891353607178,0.00031567260157316923,normal,0.0,0.0,0.4199657142162323,0.1003613993525505,0.13885602355003357,0.34081682562828064
1859,29,29,0.9994970560073853,0.001252977061085403,normal,0.0,0.0,0.9943290948867798,0.0003602792858146131,0.0020915810018777847,0.003219011938199401
1860,29,29,0.9999796152114868,7.151983299991116e-05,normal,0.0,0.0,0.09058891981840134,0.8883278369903564,0.014982445165514946,0.006100828293710947
1861,29,29,0.9985200762748718,0.0030754394829273224,normal,0.0,0.0,0.7534640431404114,0.22474317252635956,0.00034721457632258534,0.021445604041218758
1862,29,29,0.999996542930603,1.3742755982093513e-05,normal,0.0,0.0,0.34545186161994934,0.16638754308223724,0.13331933319568634,0.3548412322998047
1863,29,29,0.9998613595962524,0.00040627457201480865,normal,0.0,0.0,0.9238399863243103,0.07137184590101242,0.004407698754221201,0.00038046439294703305
1864,29,30,0.5952669382095337,0.3576538860797882,normal,0.0,0.0,0.05734269693493843,0.5870749950408936,0.030944358557462692,0.32463788986206055
1865,29,29,0.9998570680618286,0.000434263696661219,normal,0.0,0.0,0.030843982473015785,0.6583426594734192,0.2431601881980896,0.06765319406986237
1866,29,29,0.9931601285934448,0.012449927628040314,normal,0.0,0.0,0.563565731048584,0.25790074467658997,0.12455663084983826,0.05397683382034302
1867,29,29,0.7471635341644287,0.17828087508678436,normal,0.0,0.0,0.1330607831478119,0.023624032735824585,0.3541128635406494,0.4892023503780365
1868,30,23,0.9792099595069885,0.03332133591175079,normal,0.0,0.0,0.07323698699474335,0.007468740921467543,0.48793184757232666,0.43136242032051086
1869,30,30,0.9992536902427673,0.002144488040357828,normal,0.0,0.0,0.37150809168815613,0.024919534102082253,0.026720590889453888,0.5768517851829529
1870,30,30,0.999342143535614,0.0019387119682505727,normal,0.0,0.0,0.49588775634765625,0.0011158535489812493,0.09013473987579346,0.412861704826355
1871,30,30,0.9999957084655762,1.8251099390909076e-05,normal,0.0,0.0,0.5582411289215088,0.03943515196442604,0.0971810445189476,0.3051426410675049
1872,30,30,0.9999985694885254,6.742887762811733e-06,normal,0.0,0.0,0.2186671942472458,0.10512074828147888,0.5632524490356445,0.1129595935344696
1873,30,30,0.9996426105499268,0.0009795286459848285,normal,0.0,0.0,0.01349134836345911,0.019268179312348366,0.043923404067754745,0.9233170747756958
1874,30,30,0.9999995231628418,2.4054545519902604e-06,normal,0.0,0.0,0.046863358467817307,0.10019306093454361,0.16768430173397064,0.6852592825889587
1875,30,30,0.9999878406524658,4.7737361455801874e-05,normal,0.0,0.0,0.5383380651473999,0.09939511120319366,0.22858098149299622,0.1336858868598938
1876,30,30,0.9999936819076538,2.5895191356539726e-05,normal,0.0,0.0,0.009807465597987175,0.20656034350395203,0.07053357362747192,0.7130986452102661
1877,30,30,0.9915645122528076,0.014644918963313103,normal,0.0,0.0,0.031829833984375,0.0013947252882644534,0.02394549734890461,0.9428299069404602
1878,30,30,0.9999990463256836,4.462545348360436e-06,normal,0.0,0.0,0.39895471930503845,0.10768602043390274,0.17069511115550995,0.3226641118526459
1879,30,30,0.9999940395355225,2.5499322873656638e-05,normal,0.0,0.0,0.09689883887767792,0.8653401136398315,0.011502465233206749,0.026258623227477074
1880,30,30,0.9999966621398926,1.4696479411213659e-05,normal,0.0,0.0,0.042919937521219254,0.06530122458934784,0.04738490283489227,0.8443939089775085
1881,30,30,0.9999972581863403,1.1976327186857816e-05,normal,0.0,0.0,0.021182214841246605,0.8221235275268555,0.10021085292100906,0.05648336932063103
1882,30,30,0.9999977350234985,9.886700354400091e-06,normal,0.0,0.0,0.18082502484321594,0.38552895188331604,0.06901642680168152,0.3646295368671417
1883,30,30,0.9999983310699463,7.49877199268667e-06,normal,0.0,0.0,0.03824722021818161,0.0838143527507782,0.05609114095568657,0.8218472599983215
1884,30,30,0.999990701675415,3.516282595228404e-05,normal,0.0,0.0,0.40094101428985596,0.10243523120880127,0.44621986150741577,0.05040388181805611
1885,30,30,0.9999960660934448,1.7035481505445205e-05,normal,0.0,0.0,0.022983355447649956,0.28488588333129883,0.3093697726726532,0.3827609717845917
1886,30,30,0.9999936819076538,2.6521613108343445e-05,normal,0.0,0.0,0.44202595949172974,0.09333813935518265,0.4408778250217438,0.02375808358192444
1887,30,30,0.9999990463256836,4.365605946077267e-06,normal,0.0,0.0,0.02421669289469719,0.0464889332652092,0.041058897972106934,0.8882354497909546
1888,30,30,0.9999988079071045,6.075708824937465e-06,normal,0.0,0.0,0.18671244382858276,0.26901593804359436,0.478080689907074,0.06619089096784592
1889,30,30,0.9999986886978149,5.579583103099139e-06,normal,0.0,0.0,0.0033994526602327824,0.11373384296894073,9.99999993922529e-09,0.8828667402267456
1890,30,30,0.9999872446060181,5.1107301260344684e-05,normal,0.0,0.0,0.003790058195590973,0.7904419898986816,0.006695326883345842,0.1990726739168167
1891,30,30,0.9999985694885254,6.760465112165548e-06,normal,0.0,0.0,0.32268425822257996,0.15865983068943024,0.13074038922786713,0.38791555166244507
1892,30,30,0.9999970197677612,1.2907338714285288e-05,normal,0.0,0.0,0.15685001015663147,0.3075997531414032,0.29606980085372925,0.2394803911447525
1893,30,30,0.9999942779541016,2.255403160233982e-05,normal,0.0,0.0,0.04007544368505478,0.005625579506158829,0.6990177035331726,0.2552812397480011
1894,30,30,0.999995231628418,1.9610497474786825e-05,normal,0.0,0.0,0.08050792664289474,0.001114071230404079,0.03264036402106285,0.8857377171516418
1895,30,30,0.9999921321868896,3.2914183975663036e-05,normal,0.0,0.0,0.3790564239025116,0.5245310068130493,0.026635291054844856,0.06977732479572296
1896,30,30,0.9996377229690552,0.0009816400706768036,normal,0.0,0.0,0.1043311282992363,0.5273884534835815,0.2562124729156494,0.11206798255443573
1897,30,30,0.9999984502792358,6.924767149030231e-06,normal,0.0,0.0,0.0890066921710968,9.99999993922529e-09,0.08351103961467743,0.827482283115387
1898,30,30,0.9999991655349731,4.258366061549168e-06,normal,0.0,0.0,0.20098324120044708,0.09306750446557999,0.06360939890146255,0.6423398852348328
1899,30,30,0.9999953508377075,1.9611261450336315e-05,normal,0.0,0.0,0.037402037531137466,0.02695811726152897,0.21177226305007935,0.723867654800415
1900,30,30,0.9999995231628418,2.485600361978868e-06,normal,0.0,0.0,0.6080150008201599,0.09359713643789291,0.21971961855888367,0.0786682739853859
1901,30,30,0.9999967813491821,1.4213405847840477e-05,normal,0.0,0.0,0.2790162265300751,0.3503757417201996,0.2921457886695862,0.07846230268478394
1902,30,30,0.9999912977218628,3.4717621019808576e-05,normal,0.0,0.0,0.37925437092781067,0.47891664505004883,0.07321523874998093,0.06861370801925659
1903,30,30,0.9999860525131226,5.400512236519717e-05,normal,0.0,0.0,0.15189433097839355,0.2454201877117157,0.012826256453990936,0.5898591876029968
1904,30,30,0.999218225479126,0.002118014730513096,normal,0.0,0.0,0.35903647541999817,0.4718588590621948,0.06049177050590515,0.10861288756132126
1905,30,30,0.9999974966049194,1.1227744835196063e-05,normal,0.0,0.0,0.23226585984230042,0.21312326192855835,0.28544893860816956,0.2691618800163269
1906,30,30,0.9999984502792358,6.9428251663339324e-06,normal,0.0,0.0,0.33132266998291016,0.14373838901519775,9.99999993922529e-09,0.5249389410018921
1907,30,30,0.9999973773956299,1.1980142517131753e-05,normal,0.0,0.0,0.5726819634437561,0.1898670792579651,0.07902834564447403,0.15842261910438538
1908,30,30,0.9999964237213135,1.5124417586775962e-05,normal,0.0,0.0,0.03005344234406948,0.017395144328475,0.016482282429933548,0.936069130897522
1909,30,30,0.9999959468841553,1.8000175259658135e-05,normal,0.0,0.0,0.10620126128196716,0.3113238215446472,0.13753612339496613,0.4449388086795807
1910,30,30,0.9999995231628418,2.1936332359473454e-06,normal,0.0,0.0,0.18475006520748138,0.337918221950531,9.99999993922529e-09,0.4773316979408264
1911,30,30,0.9999971389770508,1.2910813893540762e-05,normal,0.0,0.0,0.21701884269714355,0.4621131420135498,0.1808638721704483,0.14000417292118073
1912,30,30,0.999996542930603,1.4552143511536997e-05,normal,0.0,0.0,0.01385925430804491,0.004361695609986782,0.04873902350664139,0.9330400228500366
1913,30,30,0.999994158744812,2.411821515124757e-05,normal,0.0,0.0,0.06329993903636932,0.25868913531303406,0.3633756935596466,0.3146352767944336
1914,30,30,0.9999822378158569,6.994017167016864e-05,normal,0.0,0.0,0.29093170166015625,0.028734400868415833,0.13620246946811676,0.5441314578056335
1915,30,30,0.9999856948852539,5.657989822793752e-05,normal,0.0,0.0,0.10268581658601761,0.052367471158504486,0.02279023826122284,0.8221564292907715
1916,30,30,0.9999990463256836,3.928481874027057e-06,normal,0.0,0.0,0.0030796201899647713,0.007813499309122562,0.020324597135186195,0.9687822461128235
1917,30,30,0.9999992847442627,3.1475533432967495e-06,normal,0.0,0.0,0.05290629342198372,0.0024955763947218657,9.99999993922529e-09,0.9445981383323669
1918,30,30,0.9999985694885254,6.379095793818124e-06,normal,0.0,0.0,0.15371085703372955,0.06743746995925903,0.4704948365688324,0.3083568215370178
1919,30,30,0.6165556907653809,0.18177716434001923,normal,0.0,0.0,0.4987300634384155,0.47131720185279846,0.0017149809282273054,0.02823774330317974
1920,30,30,0.9999984502792358,7.634856046934146e-06,normal,0.0,0.0,0.6274396181106567,0.21505890786647797,0.05719670280814171,0.10030482709407806
1921,30,30,0.9999904632568359,3.841271245619282e-05,normal,0.0,0.0,0.7086880803108215,0.12728101015090942,0.016959814354777336,0.14707109332084656
1922,30,30,0.9999957084655762,1.826404877647292e-05,normal,0.0,0.0,0.04295087978243828,0.08062202483415604,0.8480945229530334,0.028332609683275223
1923,30,30,0.999515175819397,0.001216052332893014,normal,0.0,0.0,0.00021107993961777538,0.0005813907482661307,0.9982466101646423,0.0009609370026737452
1924,30,30,0.9999957084655762,1.851305569289252e-05,normal,0.0,0.0,0.26558610796928406,0.10601469874382019,0.21028444170951843,0.4181148111820221
1925,30,30,0.999998927116394,4.9718155423761345e-06,normal,0.0,0.0,0.33568236231803894,0.08047594875097275,0.2888641059398651,0.2949775457382202
1926,30,30,0.9999983310699463,7.68862992117647e-06,normal,0.0,0.0,0.18522311747074127,0.27583935856819153,0.09683969616889954,0.44209784269332886
1927,30,30,0.9999984502792358,6.759956704627257e-06,normal,0.0,0.0,0.008552302606403828,0.9651848673820496,0.0009223834495060146,0.025340376421809196
1928,30,30,0.999997615814209,1.0387013389845379e-05,normal,0.0,0.0,0.21808888018131256,0.2145315557718277,0.4087350368499756,0.15864451229572296
1929,30,30,0.9999924898147583,3.1325842428486794e-05,normal,0.0,0.0,0.19401772320270538,0.1388394683599472,0.6088781952857971,0.058264631778001785
1930,30,30,0.9999963045120239,1.5574900317005813e-05,normal,0.0,0.0,0.10468538105487823,0.009469007141888142,0.10777336359024048,0.7780722379684448
1931,30,30,0.999998927116394,5.005662842449965e-06,normal,0.0,0.0,0.2254648357629776,0.06401428580284119,0.19203594326972961,0.5184849500656128
1932,30,30,0.9999978542327881,9.65629078564234e-06,normal,0.0,0.0,0.06318580359220505,0.04859621450304985,0.034814536571502686,0.8534035086631775
1933,30,30,0.9999967813491821,1.3952725566923618e-05,normal,0.0,0.0,0.7369309067726135,0.07084865123033524,0.15763065218925476,0.034589800983667374
1934,30,30,0.9999980926513672,7.791122698108666e-06,normal,0.0,0.0,0.2567957043647766,0.0037999392952769995,0.18718405067920685,0.5522202253341675
1935,30,30,0.999994158744812,2.4252349248854443e-05,normal,0.0,0.0,0.4858725666999817,0.057574160397052765,0.04583119973540306,0.4107220768928528
1936,30,30,0.99998939037323,4.2473893699934706e-05,normal,0.0,0.0,0.25461485981941223,0.3307494819164276,0.06670747697353363,0.34792816638946533
1937,30,30,0.9999969005584717,1.369958135910565e-05,normal,0.0,0.0,0.4866841733455658,0.08685293048620224,0.3472050130367279,0.07925787568092346
1938,30,30,0.999972939491272,9.761142428033054e-05,normal,0.0,0.0,0.0032852510921657085,0.8478603363037109,0.0037971041165292263,0.14505727589130402
1939,30,30,0.9999988079071045,5.728297765017487e-06,normal,0.0,0.0,0.0518861748278141,0.04385688528418541,0.05843043327331543,0.8458264470100403
1940,30,30,0.9999984502792358,7.201472726592328e-06,normal,0.0,0.0,0.020008228719234467,0.24735890328884125,0.5095577239990234,0.22307515144348145
1941,30,30,0.9999386072158813,0.00019812442769762129,normal,0.0,0.0,0.22286354005336761,0.07601660490036011,0.14021752774715424,0.5609023571014404
1942,30,30,0.9998992681503296,0.000312217598548159,normal,0.0,0.0,0.025113658979535103,0.11336113512516022,0.0985824316740036,0.7629427313804626
1943,30,30,0.999995231628418,2.0787578250747174e-05,normal,0.0,0.0,0.08915842324495316,0.10383688658475876,0.5043559670448303,0.30264872312545776
1944,30,30,0.9999961853027344,1.6986705304589123e-05,normal,0.0,0.0,0.16905443370342255,0.04658014699816704,0.729647159576416,0.054718323051929474
1945,30,30,0.999998927116394,5.178208084544167e-06,normal,0.0,0.0,0.012596333399415016,0.22226890921592712,0.18618464469909668,0.578950047492981
1946,30,30,0.9999984502792358,6.733526333846385e-06,normal,0.0,0.0,0.4100393056869507,0.0725020170211792,0.19716162979602814,0.3202970623970032
1947,30,30,0.9999979734420776,8.94109507498797e-06,normal,0.0,0.0,0.01367554347962141,0.9814353585243225,0.0005147529300302267,0.0043743266724050045
1948,30,30,0.9999992847442627,4.049923063575989e-06,normal,0.0,0.0,0.10111390799283981,0.14720980823040009,0.5977233052253723,0.153952956199646
1949,30,30,0.9999984502792358,6.856603704363806e-06,normal,0.0,0.0,0.4676109850406647,0.009642724879086018,0.04713325947523117,0.475612998008728
1950,30,30,0.9999940395355225,2.5107285182457417e-05,normal,0.0,0.0,0.15204499661922455,0.31394773721694946,0.16486217081546783,0.36914506554603577
1951,30,30,0.9999958276748657,1.8193335563410074e-05,normal,0.0,0.0,0.3094765245914459,0.621406078338623,0.009130744263529778,0.05998670682311058
1952,30,30,0.9999983310699463,7.258190180436941e-06,normal,0.0,0.0,0.14102990925312042,0.1102263554930687,0.017726510763168335,0.7310172319412231
1953,30,30,0.9999974966049194,1.1011547940142918e-05,normal,0.0,0.0,0.46220535039901733,0.1310063898563385,0.0671536922454834,0.33963456749916077
1954,30,30,0.9999974966049194,1.0965391993522644e-05,normal,0.0,0.0,0.08592911809682846,0.1046610176563263,0.05651462823152542,0.7528952360153198
1955,30,30,0.9999791383743286,7.722054579062387e-05,normal,0.0,0.0,0.27258801460266113,0.24244017899036407,0.18798093497753143,0.29699090123176575
1956,30,30,0.9999902248382568,3.854016904369928e-05,normal,0.0,0.0,0.002305988222360611,0.9968596696853638,0.0003429293865337968,0.00049141317140311
1957,30,30,0.9999966621398926,1.4457533325185068e-05,normal,0.0,0.0,0.10897749662399292,0.44541803002357483,0.32766005396842957,0.11794445663690567
1958,30,30,0.9999992847442627,3.851759629469598e-06,normal,0.0,0.0,0.31143733859062195,0.06614840030670166,0.02470257133245468,0.5977116823196411
1959,30,30,0.9999958276748657,1.7110938642872497e-05,normal,0.0,0.0,0.5345519781112671,0.3896344304084778,9.99999993922529e-09,0.07581362873315811
1960,30,30,0.9999977350234985,9.824013432080392e-06,normal,0.0,0.0,0.31066933274269104,0.668440043926239,0.01943688839673996,0.0014536397065967321
1961,30,30,0.99998939037323,3.9657064917264506e-05,normal,0.0,0.0,0.028795422986149788,0.853963315486908,0.04771098867058754,0.06953030824661255
1962,30,30,0.9999949932098389,2.169434810639359e-05,normal,0.0,0.0,0.2963751554489136,0.1710716038942337,0.3547760248184204,0.17777717113494873
1963,30,30,0.9999970197677612,1.2917857930005994e-05,normal,0.0,0.0,0.42911452054977417,0.23275767266750336,0.07084392011165619,0.2672838568687439
1964,30,30,0.9999958276748657,1.7243957699975e-05,normal,0.0,0.0,0.06372316926717758,0.5054317712783813,0.23547685146331787,0.19536824524402618
1965,30,30,0.9999978542327881,9.190138371195644e-06,normal,0.0,0.0,0.01918818987905979,0.8679867386817932,0.0054596299305558205,0.10736549645662308
1966,30,30,0.9999898672103882,3.913867112714797e-05,normal,0.0,0.0,0.08175220340490341,0.1877104640007019,0.6465110778808594,0.08402630686759949
1967,30,30,0.9999990463256836,4.868026280746562e-06,normal,0.0,0.0,0.08854525536298752,0.09046386927366257,0.03577343747019768,0.7852174043655396
1968,31,31,0.9997150301933289,0.000804114097263664,normal,0.0,0.0,0.25491344928741455,0.1924949288368225,0.09505875408649445,0.4575328528881073
1969,31,31,0.6639832258224487,0.23364125192165375,normal,0.0,0.0,0.8053556084632874,0.0067594218999147415,0.06756140291690826,0.12032366544008255
1970,31,31,0.9999973773956299,1.2345993127382826e-05,normal,0.0,0.0,0.02362382598221302,0.8276125192642212,0.030631359666585922,0.11813237518072128
1971,31,31,0.9998595714569092,0.00041981731192208827,normal,0.0,0.0,0.10048898309469223,0.626238226890564,0.24337781965732574,0.02989492379128933
1972,31,31,0.9900802969932556,0.020844265818595886,normal,0.0,0.0,0.0025260718539357185,0.9962203502655029,0.00014615734107792377,0.0011074315989390016
1973,31,31,0.9999916553497314,3.38681202265434e-05,normal,0.0,0.0,0.003913039341568947,0.009747548028826714,0.013298566453158855,0.9730408191680908
1974,31,35,0.4728548228740692,0.5028056502342224,normal,0.0,0.0,0.17332418262958527,0.5376260876655579,0.19184339046478271,0.09720638394355774
1975,31,31,0.9999799728393555,7.903420919319615e-05,normal,0.0,0.0,0.9608030915260315,0.010870788246393204,0.018687361851334572,0.009638803079724312
1976,31,31,0.999990701675415,3.71839378203731e-05,normal,0.0,0.0,0.029978496953845024,0.2469732165336609,0.3149062991142273,0.4081420302391052
1977,31,31,0.9999953508377075,1.9944212908740155e-05,normal,0.0,0.0,0.06775491684675217,0.8666902184486389,0.040839631110429764,0.02471521869301796
1978,31,31,0.9998600482940674,0.0004604235873557627,normal,0.0,0.0,0.7306808233261108,0.13408613204956055,0.11329269409179688,0.021940305829048157
1979,31,31,0.9984038472175598,0.003816627198830247,normal,0.0,0.0,0.06502535939216614,0.7781187295913696,0.13861475884914398,0.01824115216732025
1980,31,31,0.9957714676856995,0.009975304827094078,normal,0.0,0.0,0.8775435090065002,0.010392331518232822,0.0042584859766066074,0.10780572891235352
1981,31,31,0.9999340772628784,0.00022732355864718556,normal,0.0,0.0,0.054066482931375504,0.08939885348081589,0.25865909457206726,0.5978754758834839
1982,31,31,0.9998778104782104,0.00038932758616283536,normal,0.0,0.0,0.1737387776374817,0.0901072770357132,0.7165955305099487,0.019558420404791832
1983,31,31,0.999953031539917,0.00016164487169589847,normal,0.0,0.0,0.14192338287830353,0.5303381085395813,0.2792045772075653,0.048533957451581955
1984,31,31,0.9999783039093018,8.361209620488808e-05,normal,0.0,0.0,0.004633486736565828,0.5288308262825012,0.3831133246421814,0.08342231065034866
1985,31,31,0.9995074272155762,0.0013615385396406054,normal,0.0,0.0,0.0343298614025116,0.10010866075754166,0.45089441537857056,0.4146670699119568
1986,31,30,0.9903745651245117,0.018245987594127655,normal,0.0,0.0,0.04391954466700554,0.150572270154953,0.07007528841495514,0.7354329228401184
1987,31,31,0.9999886751174927,4.491117942961864e-05,normal,0.0,0.0,0.025007979944348335,0.0033363669645041227,0.0015865780878812075,0.970069169998169
1988,32,32,0.9977447986602783,0.005226470995694399,normal,0.0,0.0,0.08015403151512146,0.17571616172790527,0.6278047561645508,0.11632504314184189
1989,32,32,0.999982476234436,6.64542822050862e-05,normal,0.0,0.0,0.012168711051344872,0.9697622656822205,0.006575828418135643,0.011493134312331676
1990,32,37,0.9444469213485718,0.06541567295789719,normal,0.0,0.0,0.00772580411285162,0.9642067551612854,0.012899239547550678,0.01516823098063469
1991,32,32,0.9999936819076538,2.6641135264071636e-05,normal,0.0,0.0,0.040982164442539215,0.8400628566741943,0.05672577768564224,0.062229230999946594
1992,32,32,0.9997256398200989,0.0007680344278924167,normal,0.0,0.0,0.0016981464577838778,0.9934881925582886,0.004568229429423809,0.0002454459317959845
1993,32,32,0.9982957243919373,0.003990226425230503,normal,0.0,0.0,0.13796913623809814,0.7112869024276733,0.10418570041656494,0.04655826836824417
1994,32,32,0.9999593496322632,0.00014717195881530643,normal,0.0,0.0,0.0008216301212087274,0.9964357018470764,0.0009654464083723724,0.0017772442661225796
1995,32,32,0.9811371564865112,0.03144795820116997,normal,0.0,0.0,0.18770307302474976,0.5914227366447449,0.1182791069149971,0.10259509086608887
1996,32,32,0.9980363249778748,0.004864243324846029,normal,0.0,0.0,0.13311107456684113,0.8224828839302063,0.03728140518069267,0.0071245478466153145
1997,32,32,0.9999828338623047,6.262431270442903e-05,normal,0.0,0.0,0.0036655885633081198,0.9538036584854126,0.008190047927200794,0.034340761601924896
1998,32,32,0.9999783039093018,7.837212615413591e-05,normal,0.0,0.0,0.0013830624520778656,0.997467041015625,0.000708809238858521,0.0004411204135976732
1999,32,32,0.997708797454834,0.004580733831971884,normal,0.0,0.0,0.2676120698451996,0.2693253457546234,0.2530269920825958,0.21003563702106476
2000,32,32,0.9038840532302856,0.09059850126504898,normal,0.0,0.0,0.015564464963972569,0.8701825737953186,0.10146057605743408,0.012792462483048439
2001,32,33,0.7076543569564819,0.16527080535888672,normal,0.0,0.0,0.005153755657374859,0.22280655801296234,0.018848808482289314,0.7531908750534058
2002,32,32,0.9391615390777588,0.0662660226225853,normal,0.0,0.0,0.018656009808182716,0.5205984711647034,0.2706270217895508,0.1901184469461441
2003,32,32,0.9999890327453613,4.201814590487629e-05,normal,0.0,0.0,0.21119868755340576,0.7118946313858032,0.027882970869541168,0.04902374744415283
2004,32,32,0.9999562501907349,0.00014920270768925548,normal,0.0,0.0,0.006289679557085037,0.14677822589874268,0.009750118479132652,0.8371819257736206
2005,32,32,0.9976261258125305,0.00468460563570261,normal,0.0,0.0,0.004682465456426144,0.9941280484199524,8.489997708238661e-05,0.0011045611463487148
2006,32,32,0.999806821346283,0.0005349695566110313,normal,0.0,0.0,0.11912092566490173,0.8400874137878418,0.0020422025118023157,0.03874943405389786
2007,32,32,0.9999585151672363,0.00014963287685532123,normal,0.0,0.0,0.22269940376281738,0.7332594394683838,0.012292379513382912,0.03174878656864166
2008,33,33,0.9998534917831421,0.0004226480086799711,normal,0.0,0.0,0.0030217962339520454,0.006644243840128183,0.008021236397325993,0.9823127388954163
2009,33,33,0.9999572038650513,0.00014349522825796157,normal,0.0,0.0,0.07754213362932205,0.45337823033332825,0.3786870241165161,0.0903925746679306
2010,33,33,0.9999922513961792,2.904159737227019e-05,normal,0.0,0.0,0.010857130400836468,0.6151348948478699,0.14062054455280304,0.23338742554187775
2011,33,33,0.9999890327453613,4.086931221536361e-05,normal,0.0,0.0,0.04201142117381096,0.05100308358669281,0.721618115901947,0.18536736071109772
2012,33,33,0.9999573230743408,0.000139428666443564,normal,0.0,0.0,0.053419504314661026,0.578832745552063,0.28044837713241577,0.08729933947324753
2013,33,33,0.9574341177940369,0.05570057034492493,normal,0.0,0.0,0.30825382471084595,0.12273982167243958,0.4247063994407654,0.14430001378059387
2014,33,33,0.9999964237213135,1.457366033719154e-05,normal,0.0,0.0,0.0616275891661644,0.2144014686346054,0.4588589370250702,0.2651119828224182
2015,33,33,0.9994001388549805,0.0015190714038908482,normal,0.0,0.0,0.6971758008003235,0.08527451753616333,0.17746026813983917,0.040089402347803116
2016,33,33,0.9999067783355713,0.0002785601536743343,normal,0.0,0.0,0.04957438260316849,0.05435469374060631,0.031714633107185364,0.864356279373169
2017,33,33,0.9999890327453613,4.007799725513905e-05,normal,0.0,0.0,0.08998878300189972,0.29820170998573303,0.17155835032463074,0.4402511715888977
2018,33,33,0.9999899864196777,3.5691962693817914e-05,normal,0.0,0.0,0.029261890798807144,0.6127346754074097,0.12021059542894363,0.23779284954071045
2019,33,33,0.9999966621398926,1.4210520021151751e-05,normal,0.0,0.0,0.02523449808359146,0.03161202371120453,0.19082781672477722,0.7523256540298462
2020,33,33,0.999955415725708,0.00015123475168365985,normal,0.0,0.0,0.1656678467988968,0.04575177654623985,0.7143747806549072,0.07420563697814941
2021,33,33,0.9999836683273315,6.275618216022849e-05,normal,0.0,0.0,0.04871389642357826,0.020035473629832268,0.6584605574607849,0.2727901041507721
2022,33,33,0.9994058609008789,0.0016168694710358977,normal,0.0,0.0,0.03666790947318077,0.602175772190094,0.05513669550418854,0.3060196042060852
2023,33,33,0.9999948740005493,2.0491670511546545e-05,normal,0.0,0.0,0.02512248605489731,0.30889102816581726,0.33742108941078186,0.328565388917923
2024,33,33,0.9300170540809631,0.08995261788368225,normal,0.0,0.0,0.012234347872436047,0.03469054400920868,0.5888269543647766,0.36424821615219116
2025,33,33,0.9993575215339661,0.001690946752205491,normal,0.0,0.0,0.026178056374192238,0.3165743947029114,0.1755622923374176,0.48168525099754333
2026,33,36,0.8418674468994141,0.1274418830871582,normal,0.0,0.0,0.03260648623108864,0.23911798000335693,0.15309593081474304,0.5751795172691345
2027,33,33,0.9956343770027161,0.008064789697527885,normal,0.0,0.0,0.2316349744796753,0.15716539323329926,0.3112790286540985,0.29992055892944336
2028,33,33,0.9999843835830688,5.405549018178135e-05,normal,0.0,0.0,0.04180022329092026,0.2507392168045044,0.13837413489818573,0.569086492061615
2029,33,33,0.9968235492706299,0.006020189728587866,normal,0.0,0.0,0.07855652272701263,0.059424806386232376,0.42076218128204346,0.44125649333000183
2030,33,33,0.9999362230300903,0.00020018222858197987,normal,0.0,0.0,0.04802689328789711,0.00895313173532486,0.09023096412420273,0.8527889847755432
2031,33,33,0.999982476234436,5.9862606576643884e-05,normal,0.0,0.0,0.022175967693328857,0.04106995463371277,0.10369524359703064,0.8330588340759277
2032,33,33,0.9999972581863403,1.1512797755131032e-05,normal,0.0,0.0,0.04451298713684082,0.37070217728614807,0.11294832080602646,0.47183653712272644
2033,33,33,0.9839209318161011,0.027730140835046768,normal,0.0,0.0,0.0031538670882582664,0.006733488757163286,0.00865924172103405,0.9814534187316895
2034,33,33,0.9648848176002502,0.04910963028669357,normal,0.0,0.0,0.11414302885532379,0.3053421080112457,0.3196577727794647,0.26085713505744934
2035,33,33,0.9677401781082153,0.04112304747104645,normal,0.0,0.0,0.22915884852409363,0.04594505578279495,0.15512223541736603,0.5697739124298096
2036,33,33,0.9999960660934448,1.656641143199522e-05,normal,0.0,0.0,0.020614398643374443,0.5102010369300842,0.3955758512020111,0.07360873371362686
2037,33,33,0.9999349117279053,0.00020106429292354733,normal,0.0,0.0,0.022036712616682053,0.1926698386669159,0.06226250156760216,0.7230309844017029
2038,33,33,0.9999656677246094,0.00011871329479617998,normal,0.0,0.0,0.002223123097792268,0.038975220173597336,0.06036863848567009,0.8984330296516418
2039,33,33,0.9999606609344482,0.00012918493303004652,normal,0.0,0.0,0.06920459121465683,0.06590298563241959,0.2124304175376892,0.6524620056152344
2040,33,33,0.9999539852142334,0.00014957512030377984,normal,0.0,0.0,0.01406849268823862,0.10393238067626953,0.013182003051042557,0.868817150592804
2041,33,33,0.9999544620513916,0.00014009300502948463,normal,0.0,0.0,0.011205252259969711,0.4475768506526947,0.32936885952949524,0.21184904873371124
2042,33,33,0.9997487664222717,0.0006561165791936219,normal,0.0,0.0,0.0209653340280056,0.7482367753982544,0.19492614269256592,0.03587169572710991
2043,33,33,0.9999897480010986,3.8139773096190766e-05,normal,0.0,0.0,0.040151119232177734,0.5922682285308838,0.08560504764318466,0.281975656747818
2044,33,33,0.8042119741439819,0.15950831770896912,normal,0.0,0.0,0.15918567776679993,0.5423241257667542,0.25613343715667725,0.042356763035058975
2045,33,33,0.9999531507492065,0.00016107082774396986,normal,0.0,0.0,0.011784869246184826,0.7134964466094971,0.1516575962305069,0.12306108325719833
2046,33,33,0.9999799728393555,6.966023647692055e-05,normal,0.0,0.0,0.004205360077321529,0.7119511961936951,0.10832509398460388,0.17551839351654053
2047,33,33,0.999983549118042,6.118964665802196e-05,normal,0.0,0.0,0.18642593920230865,0.17192715406417847,0.16799336671829224,0.47365355491638184
2048,33,33,0.9999867677688599,4.7023135266499594e-05,normal,0.0,0.0,0.06283318251371384,0.4152776300907135,0.13496799767017365,0.38692110776901245
2049,33,33,0.9999959468841553,1.6766633052611724e-05,normal,0.0,0.0,0.0099590253084898,0.48311901092529297,0.3426204323768616,0.1643015742301941
2050,33,33,0.9963042736053467,0.00769765442237258,normal,0.0,0.0,0.2597546875476837,0.1501358151435852,0.15448446571826935,0.4356250464916229
2051,33,33,0.9998598098754883,0.00041452611912973225,normal,0.0,0.0,0.23890207707881927,0.5329008102416992,0.026801330968737602,0.20139583945274353
2052,33,33,0.9998425245285034,0.00044747296487912536,normal,0.0,0.0,0.036517683416604996,0.9224198460578918,0.023353498429059982,0.01770898513495922
2053,33,33,0.9994186162948608,0.0015511157689616084,normal,0.0,0.0,0.06304266303777695,0.19669994711875916,0.701629638671875,0.038627736270427704
2054,33,33,0.9999370574951172,0.00019913351570721716,normal,0.0,0.0,0.08370453119277954,0.17688749730587006,0.5227903127670288,0.2166176438331604
2055,33,33,0.9992875456809998,0.001739547704346478,normal,0.0,0.0,0.23145410418510437,0.11192587018013,0.3044257164001465,0.35219427943229675
2056,33,33,0.9999319314956665,0.00020777971076313406,normal,0.0,0.0,0.0564894862473011,0.3089751601219177,0.35187554359436035,0.2826598286628723
2057,33,33,0.999970555305481,9.501221938990057e-05,normal,0.0,0.0,0.41158053278923035,0.0958956629037857,0.23363271355628967,0.25889113545417786
2058,33,33,0.9998095631599426,0.0005140120629221201,normal,0.0,0.0,0.03209252655506134,0.45598748326301575,0.1685640513896942,0.3433559536933899
2059,33,33,0.9997768998146057,0.0006029124488122761,normal,0.0,0.0,0.13718420267105103,0.3076207637786865,0.36655256152153015,0.1886424720287323
2060,33,33,0.9979370832443237,0.004262189846485853,normal,0.0,0.0,0.03848158195614815,0.10366177558898926,0.307147741317749,0.5507088899612427
2061,33,33,0.9999815225601196,6.392139766830951e-05,normal,0.0,0.0,0.195898175239563,0.5974665880203247,0.09283334016799927,0.11380188912153244
2062,33,33,0.9999964237213135,1.4241297321859747e-05,normal,0.0,0.0,0.06523580849170685,0.03193794563412666,0.4146271049976349,0.4881991147994995
2063,33,33,0.9999905824661255,3.654056490631774e-05,normal,0.0,0.0,0.02136770635843277,0.42440053820610046,0.15726058185100555,0.3969711363315582
2064,33,33,0.9996001124382019,0.0011367773404344916,normal,0.0,0.0,0.03271034359931946,0.06400293111801147,0.6918331980705261,0.21145357191562653
2065,33,23,0.9490109086036682,0.057234715670347214,normal,0.0,0.0,0.024290846660733223,0.03252112865447998,0.9119697213172913,0.03121832385659218
2066,33,33,0.9683263301849365,0.04055735841393471,normal,0.0,0.0,0.23785875737667084,0.053627900779247284,0.1532631814479828,0.5552501678466797
2067,33,33,0.9999535083770752,0.00014884784468449652,normal,0.0,0.0,0.004330044146627188,0.0034367989283055067,0.0015059023862704635,0.9907271862030029
2068,33,33,0.9999929666519165,2.750561725406442e-05,normal,0.0,0.0,0.01594998687505722,0.35661619901657104,0.5017611384391785,0.12567271292209625
2069,33,33,0.9999634027481079,0.0001187627567560412,normal,0.0,0.0,0.013640598393976688,0.02971283346414566,0.6086317300796509,0.348014771938324
2070,33,33,0.9999270439147949,0.00022469049145001918,normal,0.0,0.0,0.07334139198064804,0.11263763904571533,0.7648395895957947,0.049181338399648666
2071,33,33,0.9999268054962158,0.0002147711638826877,normal,0.0,0.0,0.06717665493488312,0.8991912007331848,0.011149952188134193,0.02248220704495907
2072,33,33,0.9998252987861633,0.0004807364603038877,normal,0.0,0.0,0.1681821048259735,0.18304342031478882,0.2345348298549652,0.41423964500427246
2073,33,33,0.9999459981918335,0.0001757542631821707,normal,0.0,0.0,0.024187348783016205,0.7011810541152954,0.1931646466255188,0.08146702498197556
2074,33,33,0.9999840259552002,5.601063821814023e-05,normal,0.0,0.0,0.07849322259426117,0.40565046668052673,0.16460847854614258,0.3512478172779083
2075,33,33,0.9937340617179871,0.010681073181331158,normal,0.0,0.0,0.18703776597976685,0.2849327623844147,0.29400762915611267,0.2340218722820282
2076,33,33,0.9996015429496765,0.0010215156944468617,normal,0.0,0.0,0.01048445887863636,0.08241286873817444,0.5528466701507568,0.3542559742927551
2077,33,33,0.997180700302124,0.006150096654891968,normal,0.0,0.0,0.048066724091768265,0.7302281260490417,0.188382089138031,0.033323049545288086
2078,33,33,0.9998558759689331,0.00042697376920841634,normal,0.0,0.0,0.22391515970230103,0.2187037467956543,0.4390508532524109,0.11833023279905319
2079,33,33,0.9999953508377075,1.9087136024609208e-05,normal,0.0,0.0,0.01435032021254301,0.09856083989143372,0.2507842779159546,0.6363045573234558
2080,33,33,0.9999938011169434,2.4538663637940772e-05,normal,0.0,0.0,0.006738326977938414,0.062333978712558746,0.004488850012421608,0.9264388084411621
2081,33,33,0.9999650716781616,0.00011321175406919792,normal,0.0,0.0,0.014948813244700432,0.5903312563896179,0.10676000267267227,0.2879599332809448
2082,33,33,0.9971569776535034,0.005761245731264353,normal,0.0,0.0,0.07456569373607635,0.032668586820364,0.4886561930179596,0.40410953760147095
2083,33,33,0.9999902248382568,3.690088487928733e-05,normal,0.0,0.0,0.012814891524612904,0.12750454246997833,0.12031212449073792,0.7393684387207031
2084,33,33,0.9989498257637024,0.002323204418644309,normal,0.0,0.0,0.03637736663222313,0.4236867427825928,0.5226144790649414,0.017321407794952393
2085,33,33,0.9997765421867371,0.000624522683210671,normal,0.0,0.0,0.2790149748325348,0.2695940136909485,0.3051239550113678,0.1462671160697937
2086,33,33,0.9998722076416016,0.0003626224061008543,normal,0.0,0.0,0.002400796627625823,0.00035210774512961507,0.02655208855867386,0.9706949591636658
2087,33,33,0.9999829530715942,6.08165719313547e-05,normal,0.0,0.0,0.0007493968587368727,0.06909617781639099,0.3194690942764282,0.6106853485107422
2088,33,33,0.9999926090240479,2.8456866857595742e-05,normal,0.0,0.0,0.0015380318509414792,0.19949740171432495,0.0014665510971099138,0.7974980473518372
2089,33,33,0.9957569241523743,0.008636821992695332,normal,0.0,0.0,0.23747700452804565,0.13686802983283997,0.12507179379463196,0.5005831718444824
2090,33,33,0.9999890327453613,4.164287383900955e-05,normal,0.0,0.0,0.05085895583033562,0.1311367005109787,0.4059789180755615,0.4120253622531891
2091,33,33,0.9998094439506531,0.0005729367258027196,normal,0.0,0.0,0.3260882496833801,0.3859735131263733,0.17791913449764252,0.11001911014318466
2092,33,33,0.9999322891235352,0.00020071360631845891,normal,0.0,0.0,0.018988212570548058,0.14043191075325012,0.01311436016112566,0.8274655342102051
2093,33,33,0.9998970031738281,0.00030125511693768203,normal,0.0,0.0,0.05277369171380997,0.6730864644050598,0.18014438450336456,0.09399549663066864
2094,33,33,0.999910831451416,0.0002634066913742572,normal,0.0,0.0,0.0733807310461998,0.755073070526123,0.1267956793308258,0.044750507920980453
2095,33,33,0.9999688863754272,0.00010406095680082217,normal,0.0,0.0,0.01241675391793251,0.210062637925148,0.7083805203437805,0.06914007663726807
2096,33,33,0.9999370574951172,0.00020330636471044272,normal,0.0,0.0,0.1006816029548645,0.2572479248046875,0.22604306042194366,0.4160274267196655
2097,33,33,0.9999885559082031,4.126032581552863e-05,normal,0.0,0.0,0.009603415615856647,0.42251718044281006,0.16145631670951843,0.40642306208610535
2098,33,33,0.988089382648468,0.017811574041843414,normal,0.0,0.0,0.11277593672275543,0.00767647847533226,0.5421246290206909,0.3374229371547699
2099,33,33,0.9824586510658264,0.027348076924681664,normal,0.0,0.0,0.10980597883462906,0.1630818396806717,0.5828582048416138,0.14425401389598846
2100,33,33,0.9786298871040344,0.03276968002319336,normal,0.0,0.0,0.204701766371727,0.1509556621313095,0.2438058853149414,0.4005366861820221
2101,33,33,0.9999761581420898,8.765742677496746e-05,normal,0.0,0.0,0.022643037140369415,0.47974076867103577,0.23251265287399292,0.2651035785675049
2102,33,33,0.9998103976249695,0.0005471522454172373,normal,0.0,0.0,0.17640085518360138,0.3423968553543091,0.19460071623325348,0.28660157322883606
2103,33,33,0.999902606010437,0.0003138838801532984,normal,0.0,0.0,0.017498154193162918,0.20611505210399628,0.007687753532081842,0.768699049949646
2104,33,33,0.9998897314071655,0.0003185564128216356,normal,0.0,0.0,0.005658699199557304,0.12887509167194366,0.13845226168632507,0.7270139455795288
2105,33,33,0.9978162050247192,0.004279417917132378,normal,0.0,0.0,0.015509926714003086,0.9599027037620544,0.020307933911681175,0.004279456567019224
2106,33,33,0.9937654733657837,0.010398073121905327,normal,0.0,0.0,0.04647817835211754,0.7927528619766235,0.15223048627376556,0.008538495749235153
2107,33,33,0.9990620017051697,0.0021951033268123865,normal,0.0,0.0,0.068881556391716,0.2366381138563156,0.0412188321352005,0.6532615423202515
2108,34,34,0.9999982118606567,8.124931810016278e-06,normal,0.0,0.0,0.023975906893610954,0.07977545261383057,0.8530073165893555,0.04324132949113846
2109,34,34,0.9999969005584717,1.325758876191685e-05,normal,0.0,0.0,0.0006775203510187566,0.0027947169728577137,0.0017443744000047445,0.9947834014892578
2110,34,34,0.9999908208847046,3.495532655506395e-05,normal,0.0,0.0,0.004595022648572922,0.9780909419059753,0.004594824276864529,0.012719199992716312
2111,34,34,0.9999866485595703,5.196430720388889e-05,normal,0.0,0.0,0.09621882438659668,0.3440153896808624,0.04416392743587494,0.5156018733978271
2112,34,34,0.9999918937683105,3.199286948074587e-05,normal,0.0,0.0,0.03565147519111633,0.955548107624054,0.003515377175062895,0.005285053513944149
2113,34,34,0.99989914894104,0.00033534166868776083,normal,0.0,0.0,0.0024004820734262466,0.9955364465713501,0.0005474652862176299,0.0015156525187194347
2114,34,33,0.9885757565498352,0.01875687763094902,normal,0.0,0.0,0.42137810587882996,0.36955493688583374,0.009508231654763222,0.19955876469612122
2115,34,36,0.8432478904724121,0.14404432475566864,normal,0.0,0.0,0.6486827731132507,0.0606980137526989,0.09864690899848938,0.1919722706079483
2116,34,34,0.9996699094772339,0.0009228168055415154,normal,0.0,0.0,0.8347604870796204,0.003393643070012331,0.01435080822557211,0.1474950909614563
2117,34,34,0.9863526821136475,0.021237555891275406,normal,0.0,0.0,0.033835750073194504,0.0011332985013723373,0.01089281402528286,0.9541381597518921
2118,34,34,0.9999868869781494,5.12735678057652e-05,normal,0.0,0.0,0.023333869874477386,0.5868995189666748,0.019868988543748856,0.3698975741863251
2119,34,34,0.948867917060852,0.056710876524448395,normal,0.0,0.0,0.0273978840559721,0.015404528938233852,0.16702590882778168,0.79017174243927
2120,34,34,0.9999436140060425,0.0001849661930464208,normal,0.0,0.0,0.006635560654103756,0.010409648530185223,0.0437258705496788,0.939228892326355
2121,34,34,0.9999712705612183,9.918209980241954e-05,normal,0.0,0.0,0.05880488455295563,0.004271187353879213,0.9276114702224731,0.009312453679740429
2122,34,34,0.9999986886978149,6.0540969570865855e-06,normal,0.0,0.0,0.046203289180994034,0.6630676984786987,0.2737555503845215,0.016973379999399185
2123,34,34,0.999988317489624,4.530253863777034e-05,normal,0.0,0.0,0.0004738545685540885,0.020425209775567055,0.0014663259498775005,0.977634608745575
2124,34,34,0.9999854564666748,5.70848751522135e-05,normal,0.0,0.0,0.35803329944610596,0.006968980189412832,0.012097508646547794,0.622900128364563
2125,34,34,0.9999992847442627,3.2459647627547383e-06,normal,0.0,0.0,0.005607075057923794,0.028579026460647583,0.17962874472141266,0.7861852049827576
2126,34,34,0.9999970197677612,1.348572095594136e-05,normal,0.0,0.0,0.004653101321309805,0.032089605927467346,0.005332241766154766,0.957925021648407
2127,34,34,0.9999799728393555,7.429502147715539e-05,normal,0.0,0.0,0.1864815056324005,0.6088298559188843,0.06877788156270981,0.13591070473194122
2128,35,35,0.9999783039093018,8.287443779408932e-05,normal,0.0,0.0,0.028390394523739815,0.07943212240934372,0.17000353336334229,0.7221739888191223
2129,35,35,0.9998984336853027,0.0003273269103374332,normal,0.0,0.0,0.18042926490306854,0.22877328097820282,0.08715859800577164,0.5036388635635376
2130,35,35,0.9970663189888,0.006322728004306555,normal,0.0,0.0,0.3678216338157654,0.03891679272055626,0.49206751585006714,0.10119400918483734
2131,35,35,0.9999961853027344,1.631140366953332e-05,normal,0.0,0.0,0.07264930009841919,0.7001276612281799,0.10419260710477829,0.12303042411804199
2132,35,35,0.9999991655349731,4.227510999044171e-06,normal,0.0,0.0,0.10424994677305222,0.48547253012657166,0.27535319328308105,0.13492435216903687
2133,35,35,0.9999959468841553,1.6829588275868446e-05,normal,0.0,0.0,0.7658602595329285,0.023011351004242897,0.1985733062028885,0.012555091641843319
2134,35,35,0.9999805688858032,6.983551429584622e-05,normal,0.0,0.0,0.04026072099804878,0.014218444935977459,0.9320473670959473,0.013473504222929478
2135,35,35,0.999998927116394,5.567811967921443e-06,normal,0.0,0.0,0.0327427014708519,0.5003049969673157,0.3444967269897461,0.1224556490778923
2136,35,35,0.9999970197677612,1.327491281699622e-05,normal,0.0,0.0,0.2662450671195984,0.20548319816589355,0.35836732387542725,0.1699044108390808
2137,35,35,0.999794065952301,0.0006186425453051925,normal,0.0,0.0,0.002970293164253235,0.9716888070106506,0.020009469240903854,0.0053314282558858395
2138,35,35,0.9999754428863525,8.429889567196369e-05,normal,0.0,0.0,0.5336259007453918,0.05008619278669357,0.0939924344420433,0.32229548692703247
2139,35,35,0.9997748732566833,0.00065393972909078,normal,0.0,0.0,0.01737215556204319,0.8773335814476013,0.012571115046739578,0.09272317588329315
2140,35,35,0.9999983310699463,7.637424459971953e-06,normal,0.0,0.0,0.08021225035190582,0.806061863899231,0.03008146584033966,0.08364441245794296
2141,35,35,0.9999719858169556,0.00010390017268946394,normal,0.0,0.0,0.09455166757106781,0.16027455031871796,0.6970532536506653,0.048120588064193726
2142,35,35,0.9999992847442627,3.5017808386328397e-06,normal,0.0,0.0,0.22780592739582062,0.22496160864830017,0.15251831710338593,0.3947141766548157
2143,35,35,0.9999972581863403,1.2541681826405693e-05,normal,0.0,0.0,0.06445731222629547,0.37241414189338684,0.35423699021339417,0.20889148116111755
2144,35,35,0.9999991655349731,4.227653334964998e-06,normal,0.0,0.0,0.10674384981393814,0.49025389552116394,0.2721744179725647,0.130827859044075
2145,35,35,0.999996542930603,1.5160049770202022e-05,normal,0.0,0.0,0.004474801942706108,0.005702097434550524,0.012091366574168205,0.9777317643165588
2146,35,35,0.9999979734420776,9.300322744820733e-06,normal,0.0,0.0,0.10625660419464111,0.6302629709243774,0.12414880096912384,0.13933159410953522
2147,35,35,0.9999960660934448,1.708774834696669e-05,normal,0.0,0.0,0.11421901732683182,0.2663973271846771,0.15076762437820435,0.4686160385608673
2148,35,35,0.9999966621398926,1.4799341442994773e-05,normal,0.0,0.0,0.11970721185207367,0.4063820242881775,0.13840579986572266,0.33550500869750977
2149,35,35,0.9999992847442627,2.9939230898889946e-06,normal,0.0,0.0,9.99999993922529e-09,0.9459015130996704,0.054098475724458694,9.99999993922529e-09
2150,35,35,0.9999995231628418,2.1957964690955123e-06,normal,0.0,0.0,9.99999993922529e-09,0.6164724826812744,0.3023452162742615,0.0811823159456253
2151,35,35,0.9999992847442627,3.6673882277682424e-06,normal,0.0,0.0,0.007689504884183407,0.7599033713340759,0.1874978095293045,0.04490923509001732
2152,35,35,0.9999990463256836,4.52493213742855e-06,normal,0.0,0.0,0.03882098197937012,0.09329259395599365,0.6628734469413757,0.2050129622220993
2153,35,35,0.9999990463256836,4.835317668039352e-06,normal,0.0,0.0,0.09683103859424591,0.6688417196273804,0.15208785235881805,0.08223940432071686
2154,35,35,0.9999432563781738,0.00018607180390972644,normal,0.0,0.0,0.003995828330516815,0.9805734157562256,0.004298317711800337,0.011132431216537952
2155,35,35,0.9999983310699463,7.5695329542213585e-06,normal,0.0,0.0,0.08043264597654343,0.8011314272880554,0.03124888427555561,0.0871870294213295
2156,35,35,0.9726674556732178,0.035482682287693024,normal,0.0,0.0,0.02685401402413845,0.47678592801094055,0.08251289278268814,0.4138471782207489
2157,35,35,0.9999994039535522,3.3269968753302237e-06,normal,0.0,0.0,0.06587841361761093,0.3210024833679199,0.6006703972816467,0.01244876068085432
2158,35,35,0.9999923706054688,3.152378121740185e-05,normal,0.0,0.0,0.018233928829431534,0.9642523527145386,0.015435172244906425,0.0020786344539374113
2159,35,35,0.9999988079071045,5.394807431002846e-06,normal,0.0,0.0,0.4837629497051239,0.20528779923915863,0.2961432635784149,0.014805962331593037
2160,35,35,0.9999994039535522,2.9649015687027713e-06,normal,0.0,0.0,0.019377069547772408,0.5943008065223694,0.18390388786792755,0.2024182379245758
2161,35,35,0.9999994039535522,2.9991761039127596e-06,normal,0.0,0.0,0.025166310369968414,0.431178480386734,0.47411030530929565,0.06954490393400192
2162,35,35,0.9999986886978149,6.0152970036142506e-06,normal,0.0,0.0,0.014381124638020992,0.6696184873580933,0.2558908760547638,0.06010947376489639
2163,35,35,0.9999982118606567,8.560944479540922e-06,normal,0.0,0.0,0.328620046377182,0.14056096971035004,0.40115249156951904,0.1296664923429489
2164,35,35,0.9999984502792358,6.962421139178332e-06,normal,0.0,0.0,0.4645062983036041,0.13543541729450226,0.35635679960250854,0.043701428920030594
2165,35,35,0.9999967813491821,1.3388562365435064e-05,normal,0.0,0.0,0.12098218500614166,0.14459189772605896,0.6248657703399658,0.10956012457609177
2166,35,35,0.9999884366989136,4.6048495278228074e-05,normal,0.0,0.0,0.15762688219547272,0.11224819719791412,0.6995527148246765,0.03057217225432396
2167,35,35,0.9999964237213135,1.468320897402009e-05,normal,0.0,0.0,0.025482309982180595,0.17464429140090942,0.4151271879673004,0.384746253490448
2168,35,35,0.9999982118606567,8.367998816538602e-06,normal,0.0,0.0,0.05636884272098541,0.7266969084739685,0.08282731473445892,0.13410690426826477
2169,35,35,0.9999946355819702,2.1906416804995388e-05,normal,0.0,0.0,0.41558438539505005,0.15376140177249908,0.1915179342031479,0.2391362190246582
2170,35,35,0.9999990463256836,4.551085567072732e-06,normal,0.0,0.0,0.004639685153961182,0.6607574224472046,0.3337991237640381,0.0008037882507778704
2171,35,35,0.9999994039535522,3.01152135762095e-06,normal,0.0,0.0,0.09002462029457092,0.5239845514297485,0.3199591338634491,0.06603166460990906
2172,35,35,0.9999934434890747,2.7831385523313656e-05,normal,0.0,0.0,0.488614946603775,0.28051847219467163,0.13884875178337097,0.09201779216527939
2173,35,35,0.9999979734420776,9.211442375089973e-06,normal,0.0,0.0,0.08939262479543686,0.4810202121734619,0.27337926626205444,0.15620797872543335
2174,35,35,0.9999969005584717,1.3381725693761837e-05,normal,0.0,0.0,0.020991750061511993,0.15409208834171295,0.27580025792121887,0.5491158366203308
2175,35,35,0.9999722242355347,9.873607632471249e-05,normal,0.0,0.0,0.006510220468044281,0.039474982768297195,0.9466229677200317,0.007391760591417551
2176,35,35,0.9998363256454468,0.000495443120598793,normal,0.0,0.0,0.07661670446395874,0.35372206568717957,0.49795201420783997,0.07170920073986053
2177,35,35,0.9999978542327881,9.968166523321997e-06,normal,0.0,0.0,0.3193836212158203,0.18679116666316986,0.40381449460983276,0.09001068025827408
2178,35,35,0.999992847442627,2.8304788429522887e-05,normal,0.0,0.0,0.004124126862734556,0.019631152972579002,0.9752140045166016,0.0010306955082342029
2179,35,35,0.9999994039535522,3.048604412470013e-06,normal,0.0,0.0,0.15277686715126038,0.5373324155807495,0.2680816352367401,0.041809115558862686
2180,35,35,0.9999990463256836,4.6680283958266955e-06,normal,0.0,0.0,0.09894557297229767,0.4375505745410919,0.1791282743215561,0.2843755781650543
2181,35,35,0.9999984502792358,7.115827429515775e-06,normal,0.0,0.0,0.203053817152977,0.45335203409194946,0.21380873024463654,0.1297854632139206
2182,35,35,0.999995231628418,1.9897792299161665e-05,normal,0.0,0.0,0.04872674494981766,0.7671685814857483,0.13465586304664612,0.049448754638433456
2183,35,35,0.9999983310699463,7.700209607719444e-06,normal,0.0,0.0,0.3109225928783417,0.3294912576675415,0.2359970211982727,0.12358922511339188
2184,35,35,0.9999984502792358,7.235055363707943e-06,normal,0.0,0.0,0.061790816485881805,0.5607755184173584,0.31853002309799194,0.05890365689992905
2185,35,35,0.9999980926513672,9.09594655240653e-06,normal,0.0,0.0,0.10543444752693176,0.6726629137992859,0.07773726433515549,0.1441653072834015
2186,35,35,0.9999871253967285,4.656105738831684e-05,normal,0.0,0.0,0.11369951069355011,0.3654504716396332,0.336544930934906,0.1843051165342331
2187,35,35,0.9999995231628418,2.3803145268175285e-06,normal,0.0,0.0,9.99999993922529e-09,0.8390986323356628,0.06351756304502487,0.09738378971815109
2188,35,35,0.9904639720916748,0.015897423028945923,normal,0.0,0.0,0.5617690086364746,0.14757584035396576,0.05194307491183281,0.23871204257011414
2189,35,35,0.999998927116394,5.004546437703539e-06,normal,0.0,0.0,0.08092020452022552,0.35711076855659485,0.40116000175476074,0.1608090102672577
2190,35,35,0.9999971389770508,1.2597116437973455e-05,normal,0.0,0.0,0.10616135597229004,0.5525583028793335,0.165097177028656,0.17618320882320404
2191,35,35,0.9999958276748657,1.7175938410218805e-05,normal,0.0,0.0,0.5449867248535156,0.3536324203014374,0.015900466591119766,0.08548039197921753
2192,35,35,0.9999991655349731,3.846320396405645e-06,normal,0.0,0.0,0.037668824195861816,0.1852264404296875,0.6007299423217773,0.1763748824596405
2193,35,35,0.9999980926513672,9.15709460969083e-06,normal,0.0,0.0,0.11682592332363129,0.6554084420204163,0.07505243271589279,0.15271317958831787
2194,35,35,0.9999990463256836,4.532077127805678e-06,normal,0.0,0.0,0.12403061985969543,0.4799412488937378,0.2402002364397049,0.15582792460918427
2195,35,35,0.9999943971633911,2.4005699742701836e-05,normal,0.0,0.0,0.23141132295131683,0.17470814287662506,0.4651200473308563,0.1287604719400406
2196,35,35,0.9999969005584717,1.312919266638346e-05,normal,0.0,0.0,0.6114935278892517,0.22105035185813904,0.09678009152412415,0.07067602872848511
2197,35,35,0.9999984502792358,6.607893737964332e-06,normal,0.0,0.0,0.013236883096396923,0.8300432562828064,9.99999993922529e-09,0.1567198634147644
2198,35,35,0.9999991655349731,4.227653334964998e-06,normal,0.0,0.0,0.10674384981393814,0.49025389552116394,0.2721744179725647,0.130827859044075
2199,35,35,0.9999966621398926,1.4522103811032139e-05,normal,0.0,0.0,0.4185539484024048,0.27036064863204956,0.1658116579055786,0.14527378976345062
2200,35,35,0.9999866485595703,5.0190763431601226e-05,normal,0.0,0.0,0.15846548974514008,0.7527440190315247,0.05977821722626686,0.02901230938732624
2201,35,35,0.9999951124191284,2.0958943423465826e-05,normal,0.0,0.0,0.30217334628105164,0.2160869985818863,0.17694512009620667,0.3047944903373718
2202,35,35,0.9999988079071045,5.801635325042298e-06,normal,0.0,0.0,0.08555665612220764,0.19249755144119263,0.6661049127578735,0.055840931832790375
2203,35,35,0.9999951124191284,2.1088138964842074e-05,normal,0.0,0.0,0.15278774499893188,0.3398110270500183,0.1817885786294937,0.3256126642227173
2204,35,35,0.9999986886978149,6.21263870925759e-06,normal,0.0,0.0,0.04001615196466446,0.22000686824321747,0.7066913843154907,0.033285610377788544
2205,35,35,0.9999994039535522,3.248101620556554e-06,normal,0.0,0.0,0.09464141726493835,0.4697837829589844,0.3782592713832855,0.05731556564569473
2206,35,35,0.9999997615814209,1.7193366375067853e-06,normal,0.0,0.0,0.27908140420913696,0.41212040185928345,0.10750238597393036,0.20129577815532684
2207,35,35,0.999985933303833,5.600475560640916e-05,normal,0.0,0.0,0.11968749016523361,0.7179158329963684,0.1200464591383934,0.04235018417239189
2208,35,35,0.9999775886535645,8.455474744550884e-05,normal,0.0,0.0,0.12221620976924896,0.532001793384552,0.23458711802959442,0.11119493097066879
2209,35,35,0.9999990463256836,4.655862994695781e-06,normal,0.0,0.0,0.187529519200325,0.6192842721939087,0.09999457746744156,0.09319156408309937
2210,35,35,0.9999992847442627,3.1615707030141493e-06,normal,0.0,0.0,0.8078088760375977,0.0815819501876831,0.11060915142297745,9.99999993922529e-09
2211,35,35,0.9999945163726807,2.273932841490023e-05,normal,0.0,0.0,0.6506329774856567,0.21261264383792877,0.12865664064884186,0.008097758516669273
2212,35,35,0.9999969005584717,1.3054237570031546e-05,normal,0.0,0.0,0.6106164455413818,0.22040137648582458,0.10014825314283371,0.06883394718170166
2213,35,35,0.9999502897262573,0.00016347580822184682,normal,0.0,0.0,0.0553949698805809,0.1006622314453125,0.17007288336753845,0.6738699078559875
2214,35,35,0.9999986886978149,5.885063274035929e-06,normal,0.0,0.0,9.99999993922529e-09,0.5278061032295227,0.4278268814086914,0.044366903603076935
2215,35,35,0.9999967813491821,1.4252634173317347e-05,normal,0.0,0.0,0.17685119807720184,0.10283473134040833,0.36377236247062683,0.3565417230129242
2216,35,35,0.9999966621398926,1.482888274040306e-05,normal,0.0,0.0,0.1956075131893158,0.28102800250053406,0.36423251032829285,0.15913203358650208
2217,35,35,0.9998610019683838,0.0004107914282940328,normal,0.0,0.0,0.10173651576042175,0.2154160588979721,0.2954348027706146,0.3874126076698303
2218,35,35,0.9999994039535522,2.63547394752095e-06,normal,0.0,0.0,0.06756429374217987,0.3092119097709656,0.6232237815856934,9.99999993922529e-09
2219,35,35,0.9999990463256836,4.4437583710532635e-06,normal,0.0,0.0,0.5329998731613159,0.4004236161708832,0.06657648086547852,9.99999993922529e-09
2220,35,35,0.9999961853027344,1.647793578740675e-05,normal,0.0,0.0,0.29254665970802307,0.24423182010650635,0.20203660428524017,0.2611849009990692
2221,35,35,0.9999979734420776,9.309285815106705e-06,normal,0.0,0.0,0.09875617176294327,0.6718399524688721,0.10494954138994217,0.12445433437824249
2222,35,35,0.999991774559021,3.217931225663051e-05,normal,0.0,0.0,0.18344144523143768,0.7019192576408386,0.10552869737148285,0.009110670536756516
2223,35,35,0.9999995231628418,2.587661811048747e-06,normal,0.0,0.0,0.04904201626777649,0.378501832485199,0.43443065881729126,0.13802550733089447
2224,35,35,0.9999995231628418,2.6572020033199806e-06,normal,0.0,0.0,0.11473212391138077,0.34148746728897095,0.45973750948905945,0.08404293656349182
2225,35,35,0.9999995231628418,2.5155541152344085e-06,normal,0.0,0.0,0.06507391482591629,0.15380722284317017,0.6529548764228821,0.12816397845745087
2226,35,35,0.9999992847442627,2.983991407745634e-06,normal,0.0,0.0,9.99999993922529e-09,0.8119757771492004,0.1287352293729782,0.05928901955485344
2227,35,35,0.9999992847442627,3.7212425922916736e-06,normal,0.0,0.0,0.013183549046516418,0.7331503033638,0.14271095395088196,0.110955148935318
2228,36,36,0.9999986886978149,5.799617611046415e-06,normal,0.0,0.0,0.01360906008630991,0.4371672570705414,0.16405104100704193,0.38517269492149353
2229,36,21,0.6519742012023926,0.2546304166316986,normal,0.0,0.0,0.06614592671394348,0.5073767304420471,0.2122458666563034,0.2142314910888672
2230,36,36,0.9999910593032837,3.2619635021546856e-05,normal,0.0,0.0,0.021184146404266357,0.011984927579760551,0.24180829524993896,0.7250226736068726
2231,36,36,0.9087624549865723,0.12129088491201401,normal,0.0,0.0,0.04540626332163811,0.11472786962985992,0.07544559985399246,0.7644202709197998
2232,36,36,0.9999948740005493,2.1096171622048132e-05,normal,0.0,0.0,0.014426643960177898,0.20627634227275848,0.29531270265579224,0.4839843213558197
2233,36,36,0.999998927116394,5.072575277154101e-06,normal,0.0,0.0,0.15441635251045227,0.15661653876304626,0.06226445734500885,0.6267026662826538
2234,36,36,0.9951882362365723,0.009579594247043133,normal,0.0,0.0,0.2674751579761505,0.06035615876317024,0.45846039056777954,0.21370829641819
2235,36,36,0.987260103225708,0.018828069791197777,normal,0.0,0.0,0.012008474208414555,0.0031515213195234537,0.6047115921974182,0.3801284730434418
2236,36,36,0.9999489784240723,0.00016529005370102823,normal,0.0,0.0,0.012619812972843647,0.41269171237945557,0.16584812104701996,0.4088402986526489
2237,36,36,0.9897221922874451,0.016872238367795944,normal,0.0,0.0,0.2565698027610779,0.7011578679084778,0.03350517153739929,0.00876716710627079
2238,36,36,0.9999822378158569,6.356936501106247e-05,normal,0.0,0.0,0.03880997747182846,0.06377467513084412,0.029843883588910103,0.8675714135169983
2239,36,36,0.999754011631012,0.000673838600050658,normal,0.0,0.0,0.022646695375442505,0.8473507165908813,0.006056318990886211,0.12394628673791885
2240,36,36,0.9958290457725525,0.008503701537847519,normal,0.0,0.0,0.2966633439064026,0.13383075594902039,0.3093610107898712,0.2601449489593506
2241,36,36,0.9999830722808838,6.234668398974463e-05,normal,0.0,0.0,0.0011232213582843542,0.007281091529875994,0.04338447004556656,0.9482111930847168
2242,36,33,0.563832700252533,0.18718938529491425,normal,0.0,0.0,0.03461947292089462,0.2319900393486023,0.28408896923065186,0.449301540851593
2243,36,36,0.9999829530715942,6.474650581367314e-05,normal,0.0,0.0,0.0006732912152074277,0.2173057347536087,0.0012407468166202307,0.7807801961898804
2244,36,36,0.9999408721923828,0.00019072959548793733,normal,0.0,0.0,0.46419885754585266,0.04388817399740219,0.10824628919363022,0.38366666436195374
2245,36,36,0.9998698234558105,0.0003909131628461182,normal,0.0,0.0,0.37926679849624634,0.0434754379093647,0.059158649295568466,0.5180991291999817
2246,36,36,0.9999895095825195,3.861877485178411e-05,normal,0.0,0.0,0.042005326598882675,0.8959476947784424,0.041013140231370926,0.021033819764852524
2247,36,36,0.9999945163726807,2.2167056158650666e-05,normal,0.0,0.0,0.10052725672721863,0.01856454648077488,0.37068232893943787,0.5102258920669556
2248,36,36,0.995250940322876,0.00846205372363329,normal,0.0,0.0,0.01956821046769619,0.05135280638933182,0.892884373664856,0.03619459271430969
2249,36,36,0.9974718689918518,0.004994302988052368,normal,0.0,0.0,0.1358395367860794,0.6859278678894043,0.1588267832994461,0.019405802711844444
2250,36,36,0.899796187877655,0.09676644206047058,normal,0.0,0.0,0.37496963143348694,0.013871130533516407,0.00391061045229435,0.6072486639022827
2251,36,36,0.999945878982544,0.00016986540867947042,normal,0.0,0.0,0.0001939715730259195,0.03293658420443535,0.00795634277164936,0.9589130282402039
2252,36,36,0.9990166425704956,0.002163782250136137,normal,0.0,0.0,0.991813600063324,0.0014300852781161666,0.006039307452738285,0.000716938404366374
2253,36,36,0.9999411106109619,0.0001892762811621651,normal,0.0,0.0,0.023993991315364838,0.09902981668710709,0.7540346384048462,0.12294147908687592
2254,36,36,0.9999957084655762,1.738024366204627e-05,normal,0.0,0.0,0.02365010231733322,0.03075769543647766,0.045782554894685745,0.8998096585273743
2255,36,36,0.9998276233673096,0.0005313039291650057,normal,0.0,0.0,0.048484332859516144,0.005651756189763546,0.11369769275188446,0.8321661353111267
2256,36,34,0.9461489915847778,0.06384614109992981,normal,0.0,0.0,0.0692431628704071,0.1683839112520218,0.6974612474441528,0.06491165608167648
2257,36,36,0.9999974966049194,1.04317568911938e-05,normal,0.0,0.0,0.00034354496165178716,0.015554716810584068,0.011503522284328938,0.9725981950759888
2258,36,36,0.9999957084655762,1.7578957340447232e-05,normal,0.0,0.0,0.15453211963176727,0.159064382314682,0.13489629328250885,0.5515071749687195
2259,36,36,0.9999804496765137,7.437873864546418e-05,normal,0.0,0.0,0.005249449051916599,0.059188514947891235,0.8370988965034485,0.09846314042806625
2260,36,36,0.9999973773956299,1.088851877284469e-05,normal,0.0,0.0,0.365592360496521,0.02627740055322647,0.2068309634923935,0.40129926800727844
2261,36,36,0.9998908042907715,0.0003310125321149826,normal,0.0,0.0,0.014595813117921352,0.3290340304374695,0.0329965241253376,0.6233735680580139
2262,36,36,0.9986764788627625,0.003185347421094775,normal,0.0,0.0,0.01118097361177206,0.8453265428543091,0.0326007604598999,0.11089173704385757
2263,36,36,0.9999904632568359,3.8437938201241195e-05,normal,0.0,0.0,0.05931301787495613,0.052423927932977676,0.3405279815196991,0.5477350950241089
2264,36,36,0.9999974966049194,1.094581966754049e-05,normal,0.0,0.0,0.010309120640158653,0.6883130669593811,0.08838962763547897,0.21298812329769135
2265,36,36,0.9999716281890869,0.00010164937702938914,normal,0.0,0.0,0.08483080565929413,0.2578444480895996,0.5928778052330017,0.06444694846868515
2266,36,36,0.9999315738677979,0.00019864083151333034,normal,0.0,0.0,0.0012540719471871853,0.0034501540940254927,0.0004615004872903228,0.9948342442512512
2267,36,36,0.9999939203262329,2.4789384042378515e-05,normal,0.0,0.0,0.034144606441259384,0.0355803407728672,0.013373847119510174,0.9169012308120728
2268,36,36,0.9998728036880493,0.00035634904634207487,normal,0.0,0.0,0.17284539341926575,0.019231077283620834,0.03543265536427498,0.772490918636322
2269,36,36,0.9944419264793396,0.011382704600691795,normal,0.0,0.0,0.066314697265625,0.18050549924373627,0.23686493933200836,0.5163148045539856
2270,36,36,0.9703476428985596,0.03666427358984947,normal,0.0,0.0,0.021025175228714943,0.9450822472572327,0.0010226932354271412,0.03286987915635109
2271,36,36,0.9994255304336548,0.001474491087719798,normal,0.0,0.0,0.024598849937319756,0.7084877490997314,0.005509600974619389,0.26140379905700684
2272,36,36,0.9999977350234985,9.806754860619549e-06,normal,0.0,0.0,0.06116704270243645,0.19704340398311615,0.3824080526828766,0.3593814969062805
2273,36,36,0.9998331069946289,0.0004948697751387954,normal,0.0,0.0,0.03616964444518089,0.0397450253367424,0.34751996397972107,0.5765653848648071
2274,36,36,0.6451069116592407,0.21555647253990173,normal,0.0,0.0,0.2997606694698334,0.023215055465698242,0.47087621688842773,0.20614804327487946
2275,36,36,0.999951958656311,0.00016798712022136897,normal,0.0,0.0,0.010699664242565632,0.8070634007453918,0.0709686130285263,0.11126842349767685
2276,36,36,0.9999873638153076,4.7431829443667084e-05,normal,0.0,0.0,0.0032710155937820673,0.0026992112398147583,0.010760877281427383,0.9832689166069031
2277,36,36,0.9999626874923706,0.00013105577090755105,normal,0.0,0.0,0.2651454210281372,0.049685753881931305,0.3497154712677002,0.3354533314704895
2278,36,36,0.9642770886421204,0.059225331991910934,normal,0.0,0.0,0.06558219343423843,0.06937765330076218,0.02463044412434101,0.8404097557067871
2279,36,36,0.9999710321426392,0.00010403811756987125,normal,0.0,0.0,0.038250431418418884,0.2896037697792053,0.4462432861328125,0.2259025126695633
2280,36,36,0.9980835914611816,0.004550857935100794,normal,0.0,0.0,0.7260345816612244,0.0328521803021431,0.14626966416835785,0.09484358131885529
2281,36,36,0.9986178874969482,0.003303591627627611,normal,0.0,0.0,0.5762324929237366,0.3205834925174713,0.007844715379178524,0.095339335501194
2282,36,36,0.9999918937683105,3.127054878859781e-05,normal,0.0,0.0,0.005013459827750921,0.026410484686493874,0.044786252081394196,0.9237897992134094
2283,36,36,0.9997934699058533,0.0005410541780292988,normal,0.0,0.0,0.058888569474220276,0.010127898305654526,0.24391131103038788,0.6870722770690918
2284,36,36,0.9998194575309753,0.0005074167856946588,normal,0.0,0.0,7.283869490493089e-05,0.9978476762771606,0.0005269304965622723,0.001552604604512453
2285,36,36,0.9999833106994629,6.247172132134438e-05,normal,0.0,0.0,0.09729070216417313,0.6725981831550598,0.036478668451309204,0.19363246858119965
2286,36,36,0.9999963045120239,1.5741858078399673e-05,normal,0.0,0.0,0.00488735968247056,0.004934974946081638,0.006489987950772047,0.9836876392364502
2287,36,36,0.9999293088912964,0.00022292626090347767,normal,0.0,0.0,0.0020680346060544252,0.010265609249472618,0.001257756375707686,0.9864087104797363
2288,36,36,0.9999847412109375,5.397059430833906e-05,normal,0.0,0.0,0.002806088188663125,0.07445938885211945,0.7828742861747742,0.13986024260520935
2289,36,36,0.9996064305305481,0.0010427929228171706,normal,0.0,0.0,0.0005297833704389632,0.13763870298862457,0.0008880774257704616,0.8609434366226196
2290,36,36,0.999923825263977,0.00022080416965764016,normal,0.0,0.0,0.7039710879325867,0.21372902393341064,0.009150082245469093,0.07314984500408173
2291,36,36,0.9999979734420776,8.996781616588123e-06,normal,0.0,0.0,0.03813435882329941,0.39952588081359863,0.2547735869884491,0.30756619572639465
2292,36,36,0.9999972581863403,1.0969117283821106e-05,normal,0.0,0.0,0.00016489681729581207,0.39800310134887695,0.09134837239980698,0.5104836821556091
2293,36,36,0.9999949932098389,2.03147683350835e-05,normal,0.0,0.0,0.008796576410531998,0.008364717476069927,0.03173909708857536,0.9510995745658875
2294,36,36,0.9998884201049805,0.0003503277257550508,normal,0.0,0.0,0.005296872928738594,0.005425949115306139,0.021935410797595978,0.9673417806625366
2295,36,36,0.9993199110031128,0.0016629431629553437,normal,0.0,0.0,0.3284836411476135,0.4435795545578003,0.11691159009933472,0.1110251396894455
2296,36,36,0.9994088411331177,0.0015809995820745826,normal,0.0,0.0,0.008867975324392319,0.0196699071675539,0.06440158188343048,0.9070605039596558
2297,36,36,0.9716314077377319,0.04458056762814522,normal,0.0,0.0,0.011073959060013294,0.004965233150869608,0.14500418305397034,0.8389566540718079
2298,36,36,0.9997115731239319,0.0007275637472048402,normal,0.0,0.0,0.010213849134743214,0.08259469270706177,0.0015136399306356907,0.905677855014801
2299,36,36,0.9999213218688965,0.0002469393948558718,normal,0.0,0.0,0.0010358764557167888,0.06732601672410965,0.9070002436637878,0.024637794122099876
2300,36,36,0.9999983310699463,7.282545539055718e-06,normal,0.0,0.0,0.00558251840993762,0.008638055063784122,0.14495797455310822,0.8408215045928955
2301,36,33,0.9540592432022095,0.05335604399442673,normal,0.0,0.0,0.44441911578178406,0.1401442289352417,0.14525096118450165,0.270185649394989
2302,36,36,0.8192181587219238,0.1566489338874817,normal,0.0,0.0,0.13406264781951904,0.01586385816335678,0.5614177584648132,0.28865566849708557
2303,36,36,0.9999912977218628,3.536494477884844e-05,normal,0.0,0.0,0.03257152810692787,0.6170240640640259,0.05628089979290962,0.29412350058555603
2304,36,36,0.9685031771659851,0.04222068190574646,normal,0.0,0.0,0.0624077245593071,0.017745474353432655,0.009000102058053017,0.9108466506004333
2305,36,36,0.9999899864196777,3.829129855148494e-05,normal,0.0,0.0,0.05119802802801132,0.772163450717926,0.08523780107498169,0.09140077233314514
2306,36,36,0.9685917496681213,0.038209084421396255,normal,0.0,0.0,0.2747880220413208,0.41266068816185,0.1399327665567398,0.1726185828447342
2307,36,36,0.964991569519043,0.05400710180401802,normal,0.0,0.0,0.2881220579147339,0.03510742634534836,0.10597674548625946,0.5707938075065613
2308,36,36,0.9965499639511108,0.0072686695493757725,normal,0.0,0.0,0.005057097412645817,0.9711443781852722,0.0049100653268396854,0.01888847164809704
2309,36,36,0.9942430853843689,0.009906228631734848,normal,0.0,0.0,0.005942715331912041,0.022956162691116333,0.778339147567749,0.19276195764541626
2310,36,36,0.9997641444206238,0.0006721725803799927,normal,0.0,0.0,0.003060715738683939,0.045072246342897415,0.6131139397621155,0.3387530446052551
2311,36,36,0.9978935122489929,0.004966646898537874,normal,0.0,0.0,0.1784854531288147,0.021777763962745667,0.0019443739438429475,0.797792375087738
2312,36,36,0.884164571762085,0.1397993564605713,normal,0.0,0.0,0.5455344915390015,0.05856991559267044,0.13282783329486847,0.26306775212287903
2313,36,36,0.9999849796295166,5.4035495850257576e-05,normal,0.0,0.0,0.0073033650405704975,0.24695558845996857,0.10396440327167511,0.6417766213417053
2314,36,36,0.9982013702392578,0.0038054848555475473,normal,0.0,0.0,0.011679399758577347,0.017527727410197258,0.15376776456832886,0.8170251250267029
2315,36,36,0.9893625378608704,0.020121252164244652,normal,0.0,0.0,0.3192216753959656,0.13592097163200378,0.17683878540992737,0.36801856756210327
2316,36,36,0.999940037727356,0.00019513214647304267,normal,0.0,0.0,4.8355432227253914e-05,0.0003070599923375994,0.00033036890090443194,0.9993141889572144
2317,36,36,0.5275138020515442,0.23978178203105927,normal,0.0,0.0,0.29082199931144714,0.3553302586078644,0.1298072636127472,0.2240404337644577
2318,36,36,0.999971866607666,9.664409299148247e-05,normal,0.0,0.0,0.02956661768257618,0.2876502275466919,0.053691890090703964,0.6290913224220276
2319,36,36,0.9999480247497559,0.00015880847058724612,normal,0.0,0.0,0.0014090804615989327,0.14087414741516113,0.1619250774383545,0.6957917213439941
2320,36,36,0.7861189842224121,0.2223706841468811,normal,0.0,0.0,0.07686132937669754,0.0956762433052063,0.165713369846344,0.6617491245269775
2321,36,36,0.9998517036437988,0.0004372279508970678,normal,0.0,0.0,0.00647096149623394,0.014117417857050896,0.9551504254341125,0.024261273443698883
2322,36,36,0.9972368478775024,0.005226426757872105,normal,0.0,0.0,0.008666698820888996,0.014312777668237686,0.8734205961227417,0.10359986871480942
2323,36,36,0.9989446997642517,0.00234517315402627,normal,0.0,0.0,0.000649036664981395,0.0040070051327347755,4.8434038035338745e-05,0.9952954649925232
2324,36,36,0.9999785423278809,7.948595157358795e-05,normal,0.0,0.0,0.11918993294239044,0.31319746375083923,0.08180363476276398,0.48580893874168396
2325,36,36,0.9446108341217041,0.07489906996488571,normal,0.0,0.0,0.019446443766355515,0.44947710633277893,0.07180514931678772,0.45927131175994873
2326,36,36,0.8892613649368286,0.09625490009784698,normal,0.0,0.0,0.138407364487648,0.3128066956996918,0.4516385495662689,0.0971473678946495
2327,36,36,0.9992507100105286,0.001978791318833828,normal,0.0,0.0,0.22435122728347778,0.034846484661102295,0.5390517711639404,0.20175059139728546
2328,37,37,0.9999396800994873,0.00019914735457859933,normal,0.0,0.0,0.033630020916461945,0.47355034947395325,0.31017187237739563,0.18264774978160858
2329,37,37,0.9996830224990845,0.0008361219079233706,normal,0.0,0.0,0.03451037406921387,0.19457679986953735,0.358808696269989,0.41210415959358215
2330,37,37,0.9999911785125732,3.4272452467121184e-05,normal,0.0,0.0,0.06849154829978943,0.382588654756546,0.10925088077783585,0.4396688938140869
2331,37,37,0.9999537467956543,0.00015230875578708947,normal,0.0,0.0,0.5021745562553406,0.4170854389667511,0.008808517828583717,0.07193142920732498
2332,37,37,0.9108559489250183,0.10105379670858383,normal,0.0,0.0,0.7252750992774963,0.19378040730953217,0.0074814497493207455,0.07346303761005402
2333,37,37,0.9954223036766052,0.00969778560101986,normal,0.0,0.0,0.26348793506622314,0.7340391278266907,0.0012827715836465359,0.0011901427060365677
2334,37,37,0.9998247027397156,0.0004722550802398473,normal,0.0,0.0,0.08659045398235321,0.9044865965843201,0.008211095817387104,0.0007118918583728373
2335,37,37,0.9998477697372437,0.00044694970711134374,normal,0.0,0.0,0.12480660527944565,0.7372128367424011,0.11250324547290802,0.025477316230535507
2336,37,27,0.7079196572303772,0.22137807309627533,normal,0.0,0.0,0.2117966115474701,0.2500169575214386,0.09348434954881668,0.4447021186351776
2337,37,37,0.8517074584960938,0.1211937740445137,normal,0.0,0.0,0.6479462385177612,0.032897159457206726,0.14288337528705597,0.17627321183681488
2338,37,37,0.9999606609344482,0.00013796935672871768,normal,0.0,0.0,0.05993225425481796,0.8466460704803467,0.04937616363167763,0.04404556751251221
2339,37,37,0.9812987446784973,0.025267312303185463,normal,0.0,0.0,0.08894453942775726,0.06536640226840973,0.16903753578662872,0.6766515970230103
2340,37,37,0.9999555349349976,0.0001388044620398432,normal,0.0,0.0,0.9750834107398987,0.023817094042897224,0.0007213839562609792,0.0003781216510105878
2341,37,37,0.9996192455291748,0.0009585932712070644,normal,0.0,0.0,0.35250768065452576,0.14576691389083862,0.071823850274086,0.4299015402793884
2342,37,37,0.9810507893562317,0.02773202769458294,normal,0.0,0.0,0.0727948471903801,0.8659493327140808,0.049351565539836884,0.011904184706509113
2343,37,37,0.9999326467514038,0.00021088836365379393,normal,0.0,0.0,0.6941758990287781,0.17689135670661926,0.05399903655052185,0.07493364810943604
2344,37,37,0.9999948740005493,2.1010011550970376e-05,normal,0.0,0.0,0.022266637533903122,0.023999784141778946,0.5030275583267212,0.45070600509643555
2345,37,37,0.9999864101409912,4.92451545142103e-05,normal,0.0,0.0,0.34757351875305176,0.3555978238582611,0.11019769310951233,0.1866310089826584
2346,37,37,0.9964105486869812,0.007094119675457478,normal,0.0,0.0,0.8392883539199829,0.005015826318413019,0.0964638814330101,0.05923188105225563
2347,37,37,0.9987711310386658,0.003089988837018609,normal,0.0,0.0,0.1519358605146408,0.5950007438659668,0.04948987811803818,0.20357346534729004
2348,37,37,0.9999797344207764,7.164057024056092e-05,normal,0.0,0.0,0.025498343631625175,0.9644261598587036,0.008788942359387875,0.0012865344760939479
2349,37,37,0.9999895095825195,4.1201616113539785e-05,normal,0.0,0.0,0.036132801324129105,0.9609654545783997,0.001602236763574183,0.0012995130382478237
2350,37,37,0.9961451292037964,0.008053289726376534,normal,0.0,0.0,0.3272143602371216,0.0343344621360302,0.626994788646698,0.011456342414021492
2351,37,37,0.9999047517776489,0.00030771171441301703,normal,0.0,0.0,0.4647979736328125,0.11055493354797363,0.355263888835907,0.0693831741809845
2352,37,37,0.9999668598175049,0.00010875938460230827,normal,0.0,0.0,0.8515826463699341,0.06766371428966522,0.04804869741201401,0.032704975455999374
2353,37,37,0.9998798370361328,0.0003440824802964926,normal,0.0,0.0,0.10184314846992493,0.7291797995567322,0.051220521330833435,0.11775653064250946
2354,37,37,0.9999786615371704,7.385410572169349e-05,normal,0.0,0.0,0.6201221346855164,0.20512595772743225,0.16672179102897644,0.008030100725591183
2355,37,37,0.9999741315841675,9.10389208002016e-05,normal,0.0,0.0,0.16831578314304352,0.5167620778083801,0.09120822697877884,0.22371387481689453
2356,37,37,0.9999841451644897,6.037605999154039e-05,normal,0.0,0.0,0.8294183015823364,0.12178712338209152,0.03032178431749344,0.018472885712981224
2357,37,37,0.9991658926010132,0.0021934944670647383,normal,0.0,0.0,0.5150853395462036,0.3391813039779663,0.06610339879989624,0.07963000237941742
2358,37,37,0.9999736547470093,9.662501543061808e-05,normal,0.0,0.0,0.7864124178886414,0.19087277352809906,0.013569359667599201,0.00914550106972456
2359,37,37,0.9999713897705078,0.00010031754209194332,normal,0.0,0.0,0.21187403798103333,0.6832442283630371,0.07433497905731201,0.03054673597216606
2360,37,5,0.9060602784156799,0.12227106094360352,normal,0.0,0.0,0.10098595917224884,0.060776542872190475,0.6272997856140137,0.21093769371509552
2361,37,37,0.9999475479125977,0.00016663070709910244,normal,0.0,0.0,0.6868665814399719,0.15957008302211761,0.0263544749468565,0.12720894813537598
2362,37,37,0.9996484518051147,0.0009422208531759679,normal,0.0,0.0,0.17194268107414246,0.7547458410263062,0.05937296152114868,0.01393852662295103
2363,37,37,0.9991625547409058,0.0019540057983249426,normal,0.0,0.0,0.010199806652963161,0.9765983819961548,0.006532103754580021,0.0066697075963020325
2364,37,37,0.9999537467956543,0.0001486236578784883,normal,0.0,0.0,0.729885995388031,0.2607613205909729,0.0058168675750494,0.003535865107551217
2365,37,26,0.994880199432373,0.010127982124686241,normal,0.0,0.0,0.9114367365837097,0.04289989545941353,0.04083141312003136,0.004831986501812935
2366,37,37,0.9999678134918213,0.0001055777320289053,normal,0.0,0.0,0.31314003467559814,0.36200150847435,0.30626025795936584,0.018598202615976334
2367,37,37,0.9582480788230896,0.05998634546995163,normal,0.0,0.0,0.014878989197313786,0.8549807071685791,0.04422425106167793,0.08591613918542862
2368,37,37,0.999932050704956,0.00022112026636023074,normal,0.0,0.0,0.6505163908004761,0.08193284273147583,0.22059029340744019,0.04696054756641388
2369,37,37,0.9999933242797852,2.554648381192237e-05,normal,0.0,0.0,0.04756031930446625,0.8175209164619446,0.011265669018030167,0.12365315854549408
2370,37,37,0.9999799728393555,7.302008452825248e-05,normal,0.0,0.0,0.9880564212799072,0.0017007988644763827,0.00869760662317276,0.0015452022198587656
2371,37,37,0.9999394416809082,0.00020326359663158655,normal,0.0,0.0,0.2697058916091919,0.24136295914649963,0.47122859954833984,0.017702605575323105
2372,37,37,0.9999600648880005,0.00012624954979401082,normal,0.0,0.0,0.16617697477340698,0.5691846013069153,0.23659904301166534,0.028039414435625076
2373,37,37,0.999961256980896,0.00012646157119888812,normal,0.0,0.0,0.010134500451385975,0.9842420220375061,0.0031498526223003864,0.0024736118502914906
2374,37,37,0.9754050374031067,0.031421367079019547,normal,0.0,0.0,0.0031916301231831312,0.5228553414344788,0.2001504749059677,0.27380257844924927
2375,37,37,0.9985938668251038,0.0032530752941966057,normal,0.0,0.0,0.48801684379577637,0.23268428444862366,0.13620588183403015,0.14309298992156982
2376,37,37,0.9998773336410522,0.0003599106566980481,normal,0.0,0.0,0.9995574951171875,0.00017004967958200723,8.209014777094126e-05,0.00019043605425395072
2377,37,37,0.999971866607666,0.0001011883286992088,normal,0.0,0.0,0.7112061977386475,0.22819001972675323,0.026902342215180397,0.03370145708322525
2378,37,37,0.9999700784683228,0.00010226778249489143,normal,0.0,0.0,0.6207467913627625,0.3610564172267914,0.0076302518136799335,0.010566599667072296
2379,37,37,0.9999023675918579,0.0003229605208616704,normal,0.0,0.0,0.11742791533470154,0.4839790165424347,0.20350530743598938,0.1950877457857132
2380,37,37,0.9792401790618896,0.032757632434368134,normal,0.0,0.0,0.4392995834350586,0.4331425130367279,0.05868561193346977,0.06887222826480865
2381,37,37,0.9997312426567078,0.0007753706886433065,normal,0.0,0.0,0.06141531094908714,0.9070538282394409,0.021333083510398865,0.010197730734944344
2382,37,37,0.9567030668258667,0.06911762803792953,normal,0.0,0.0,0.5105881690979004,0.2645946741104126,0.14334867894649506,0.08146850764751434
2383,37,37,0.9999746084213257,9.09976297407411e-05,normal,0.0,0.0,0.9650330543518066,0.028209874406456947,0.002093816874548793,0.0046632601879537106
2384,37,37,0.9999947547912598,2.2217716832528822e-05,normal,0.0,0.0,0.25928962230682373,0.31217774748802185,0.33859336376190186,0.08993927389383316
2385,37,37,0.9999853372573853,5.631476960843429e-05,normal,0.0,0.0,0.3795188367366791,0.19829343259334564,0.39379727840423584,0.02839045040309429
2386,37,37,0.693056046962738,0.21836622059345245,normal,0.0,0.0,0.05524729937314987,0.24449557065963745,0.047256313264369965,0.6530008316040039
2387,37,37,0.9989722967147827,0.0022648959420621395,normal,0.0,0.0,0.12050749361515045,0.6844587922096252,0.016706794500350952,0.17832693457603455
2388,37,37,0.9999150037765503,0.0002583330206107348,normal,0.0,0.0,0.14662788808345795,0.2860680818557739,0.24106577038764954,0.3262382745742798
2389,37,37,0.9888995289802551,0.019031189382076263,normal,0.0,0.0,0.5954807996749878,0.17114503681659698,0.027494268491864204,0.2058798372745514
2390,37,37,0.9999805688858032,6.777047383366153e-05,normal,0.0,0.0,0.24347032606601715,0.7143941521644592,0.013539325445890427,0.028596200048923492
2391,37,37,0.9994118213653564,0.001408298034220934,normal,0.0,0.0,0.058114372193813324,0.03890568017959595,0.005629505030810833,0.8973504304885864
2392,37,37,0.9999910593032837,3.315601861686446e-05,normal,0.0,0.0,0.752900242805481,0.18527574837207794,0.05710557475686073,0.00471849087625742
2393,37,37,0.9999223947525024,0.00023244159820023924,normal,0.0,0.0,0.9843518137931824,0.008304900489747524,0.0009301819372922182,0.006413096096366644
2394,37,37,0.999976634979248,7.929602725198492e-05,normal,0.0,0.0,0.02554996870458126,0.9365425109863281,0.0028092369902879,0.03509826213121414
2395,37,37,0.9999210834503174,0.00025568861747160554,normal,0.0,0.0,0.494739830493927,0.3394346237182617,0.06056484580039978,0.10526064783334732
2396,37,37,0.9997431635856628,0.000693238340318203,normal,0.0,0.0,0.010201464407145977,0.9633229374885559,0.01123224850744009,0.015243321657180786
2397,37,37,0.9996267557144165,0.0010584519477561116,normal,0.0,0.0,0.24193905293941498,0.6312928199768066,0.06504896283149719,0.06171917915344238
2398,37,37,0.9998714923858643,0.0003835214301943779,normal,0.0,0.0,0.2408268302679062,0.47866564989089966,0.23732125759124756,0.04318623244762421
2399,37,37,0.9999212026596069,0.00025187377468682826,normal,0.0,0.0,0.20921282470226288,0.5917958617210388,0.050349555909633636,0.1486417055130005
2400,37,37,0.9973369240760803,0.005824587307870388,normal,0.0,0.0,0.43320485949516296,0.2367444634437561,0.26475486159324646,0.06529579311609268
2401,37,37,0.9991075396537781,0.0019993148744106293,normal,0.0,0.0,0.0035374744329601526,0.20885781943798065,0.008005174808204174,0.7795995473861694
2402,37,37,0.9999946355819702,2.1877040126128122e-05,normal,0.0,0.0,0.01347796805202961,0.9643889665603638,0.013303613290190697,0.008829442784190178
2403,37,34,0.5484666228294373,0.2887982130050659,normal,0.0,0.0,0.4901968538761139,0.09733805060386658,0.4045732915401459,0.007891805842518806
2404,37,37,0.9999881982803345,4.321194865042344e-05,normal,0.0,0.0,0.9740132093429565,0.019264480099081993,0.004284683149307966,0.0024375799112021923
2405,37,37,0.9875915050506592,0.020898684859275818,normal,0.0,0.0,0.0690600723028183,0.007774523925036192,0.03814661502838135,0.8850187659263611
2406,37,37,0.9999732971191406,9.679680806584656e-05,normal,0.0,0.0,0.08766694366931915,0.6843781471252441,0.08128561824560165,0.14666932821273804
2407,37,37,0.9999887943267822,4.324581823311746e-05,normal,0.0,0.0,0.7136844396591187,0.22710451483726501,0.04506078362464905,0.014150249771773815
2408,37,37,0.9999741315841675,8.707523375051096e-05,normal,0.0,0.0,0.027080262079834938,0.8876932263374329,0.0018434313824400306,0.08338307589292526
2409,37,37,0.42759227752685547,0.3906264901161194,normal,0.0,0.0,0.03963850066065788,0.0990528091788292,0.180097296833992,0.6812114119529724
2410,37,37,0.9998084902763367,0.0005404193652793765,normal,0.0,0.0,0.06725650280714035,0.8963920474052429,0.03289534151554108,0.003456122474744916
2411,37,37,0.9999927282333374,2.9963031920487992e-05,normal,0.0,0.0,0.14832763373851776,0.8307590484619141,0.006032352801412344,0.014880980364978313
2412,37,34,0.9943962097167969,0.009577801451086998,normal,0.0,0.0,0.020979976281523705,0.1964125633239746,0.674895703792572,0.10771169513463974
2413,37,37,0.9999798536300659,7.557908975286409e-05,normal,0.0,0.0,0.1425892859697342,0.027021409943699837,0.41461503505706787,0.4157743453979492
2414,37,37,0.9986683130264282,0.0034434047993272543,normal,0.0,0.0,0.2346409410238266,0.7110916376113892,0.017238829284906387,0.03702859953045845
2415,37,37,0.9999005794525146,0.00031039174064062536,normal,0.0,0.0,0.9386854767799377,0.009051676839590073,0.02373255230486393,0.028530249372124672
2416,37,37,0.9372711777687073,0.0636681318283081,normal,0.0,0.0,0.6036562919616699,0.12963218986988068,0.1060212180018425,0.16069023311138153
2417,37,37,0.9999760389328003,8.197954593924806e-05,normal,0.0,0.0,0.12562993168830872,0.8523185849189758,0.001982450718060136,0.02006901241838932
2418,37,37,0.9999568462371826,0.0001483195082983002,normal,0.0,0.0,0.3443998396396637,0.21608008444309235,0.12430134415626526,0.3152186870574951
2419,37,37,0.9874327778816223,0.020657410845160484,normal,0.0,0.0,0.48893192410469055,0.03476349264383316,0.4470311105251312,0.02927340567111969
2420,37,5,0.9946721196174622,0.009098606184124947,normal,0.0,0.0,0.9553490281105042,0.035424333065748215,0.0015680079814046621,0.007658618036657572
2421,37,37,0.9997007846832275,0.0008267993689514697,normal,0.0,0.0,0.023625966161489487,0.9672894477844238,0.004385349806398153,0.004699296783655882
2422,37,37,0.9999386072158813,0.0001929114805534482,normal,0.0,0.0,0.012790079228579998,0.9252038598060608,0.0067201824858784676,0.05528589338064194
2423,37,37,0.9999912977218628,3.361309791216627e-05,normal,0.0,0.0,0.3518613278865814,0.578148603439331,0.0442044697701931,0.025785576552152634
2424,37,37,0.9999366998672485,0.00021557418222073466,normal,0.0,0.0,0.14050263166427612,0.5267689228057861,0.22494783997535706,0.1077805906534195
2425,37,37,0.9996020197868347,0.0009861476719379425,normal,0.0,0.0,0.7824580669403076,0.02508903108537197,0.149760901927948,0.042692024260759354
2426,37,37,0.9999896287918091,3.938156078220345e-05,normal,0.0,0.0,0.3630357086658478,0.5421837568283081,0.08727402985095978,0.0075064972043037415
2427,37,37,0.9968459010124207,0.0067638857290148735,normal,0.0,0.0,0.018917594105005264,0.965347945690155,0.006748295854777098,0.008986151777207851
2428,38,38,0.9708624482154846,0.036096177995204926,normal,0.0,0.0,0.15023472905158997,0.8364014029502869,0.0076838708482682705,0.00567997619509697
2429,38,38,0.47504565119743347,0.2636871039867401,normal,0.0,0.0,0.04771668463945389,0.37764108180999756,0.25368019938468933,0.32096201181411743
2430,38,38,0.9999585151672363,0.0001352355320705101,normal,0.0,0.0,0.001103537972085178,0.9553658962249756,0.00307578407227993,0.04045473411679268
2431,38,38,0.5956074595451355,0.3249540627002716,normal,0.0,0.0,0.05280955508351326,0.17098332941532135,0.24234825372695923,0.5338588953018188
2432,38,38,0.9979173541069031,0.004776188172399998,normal,0.0,0.0,0.006559653207659721,0.37499430775642395,0.03286254405975342,0.5855834484100342
2433,38,38,0.9999172687530518,0.00024919124552980065,normal,0.0,0.0,0.005754758603870869,0.02277931198477745,0.01369033008813858,0.9577755928039551
2434,38,38,0.9570960402488708,0.05997175723314285,normal,0.0,0.0,0.09474782645702362,0.8571091294288635,0.02928011119365692,0.018862947821617126
2435,38,4,0.981031060218811,0.02782578207552433,normal,0.0,0.0,0.056916069239377975,0.8807859420776367,0.038085028529167175,0.024212896823883057
2436,38,38,0.9887881875038147,0.01828133687376976,normal,0.0,0.0,0.09329252690076828,0.6254308223724365,0.031040219590067863,0.2502363920211792
2437,38,38,0.9986932873725891,0.0028517208993434906,normal,0.0,0.0,0.004016966093331575,0.9494163393974304,0.00811524037271738,0.03845144063234329
2438,38,38,0.9702606797218323,0.04796978086233139,normal,0.0,0.0,0.13199950754642487,0.028373947367072105,0.010865377262234688,0.8287611603736877
2439,38,38,0.848762035369873,0.1568756401538849,normal,0.0,0.0,0.10754867643117905,0.542670726776123,0.009443309158086777,0.34033724665641785
2440,38,38,0.9264752268791199,0.07229891419410706,normal,0.0,0.0,0.31758713722229004,0.007346656639128923,0.4617858827114105,0.21328029036521912
2441,38,38,0.9842245578765869,0.029452132061123848,normal,0.0,0.0,0.04331139475107193,0.29500600695610046,0.22932705283164978,0.4323555529117584
2442,38,38,0.9875983595848083,0.018443599343299866,normal,0.0,0.0,0.047570496797561646,0.929783284664154,0.02250736579298973,0.00013885121734347194
2443,38,38,0.9999819993972778,6.262681563384831e-05,normal,0.0,0.0,0.0013148232828825712,0.9854366779327393,0.0022091714199632406,0.011039345525205135
2444,38,38,0.9857324957847595,0.02074371837079525,normal,0.0,0.0,0.004247805569320917,0.9621184468269348,0.03298930451273918,0.0006445451872423291
2445,38,39,0.9922276139259338,0.013054173439741135,normal,0.0,0.0,0.3443915843963623,0.009354145266115665,0.00135049840901047,0.6449037790298462
2446,38,38,0.9999886751174927,4.105654079467058e-05,normal,0.0,0.0,0.003968591336160898,0.9135638475418091,0.002741423901170492,0.07972605526447296
2447,38,38,0.9679534435272217,0.039021603763103485,normal,0.0,0.0,0.02820008061826229,0.8362585306167603,0.13024915754795074,0.005292275920510292
2448,39,39,0.9999197721481323,0.0002507962053641677,normal,0.0,0.0,0.008418736979365349,0.0033770662266761065,0.00809765886515379,0.9801065325737
2449,39,27,0.7806971669197083,0.14430779218673706,normal,0.0,0.0,0.13736969232559204,0.0004527862765826285,0.00704894820228219,0.8551286458969116
2450,39,22,0.6765915155410767,0.24971073865890503,normal,0.0,0.0,0.2237141728401184,0.16024534404277802,0.18140985071659088,0.4346305727958679
2451,39,39,0.9999258518218994,0.00023261125897988677,normal,0.0,0.0,0.17315955460071564,0.09751156717538834,0.6525306105613708,0.07679835706949234
2452,39,39,0.7260695099830627,0.16183440387248993,normal,0.0,0.0,0.005765537731349468,0.920573353767395,0.001210125396028161,0.07245096564292908
2453,39,39,0.9997251629829407,0.0007270003552548587,normal,0.0,0.0,0.966687798500061,0.00470103370025754,0.01340437214821577,0.015206832438707352
2454,39,39,0.9997395873069763,0.0006670293514616787,normal,0.0,0.0,0.001993859186768532,0.041247960180044174,0.7868478894233704,0.16991026699543
2455,39,39,0.996610701084137,0.006232236046344042,normal,0.0,0.0,0.0010709684574976563,0.0008339736377820373,0.00017277665028814226,0.9979223012924194
2456,39,39,0.9999468326568604,0.000178796355612576,normal,0.0,0.0,0.14441825449466705,0.6115385293960571,0.21901945769786835,0.025023767724633217
2457,39,39,0.9999691247940063,9.921904711518437e-05,normal,0.0,0.0,0.9943296909332275,0.005418400280177593,8.427190914517269e-05,0.00016760318248998374
2458,39,39,0.9999775886535645,7.305627514142543e-05,normal,0.0,0.0,0.022455452010035515,0.7073267102241516,0.01176962535828352,0.2584482729434967
2459,39,37,0.9594095349311829,0.05967213958501816,normal,0.0,0.0,0.015283394604921341,0.018915344029664993,0.5827254056930542,0.3830758035182953
2460,39,27,0.47067052125930786,0.39281174540519714,normal,0.0,0.0,0.3843308985233307,0.191168874502182,0.41463470458984375,0.009865517728030682
2461,39,39,0.9568259716033936,0.058695584535598755,normal,0.0,0.0,0.25165948271751404,0.3638666868209839,0.08265537768602371,0.30181851983070374
2462,39,39,0.6452046632766724,0.22524766623973846,normal,0.0,0.0,0.13151094317436218,0.1492440551519394,0.08748572319746017,0.6317592263221741
2463,39,39,0.9999810457229614,6.395240779966116e-05,normal,0.0,0.0,0.6272567510604858,0.13049745559692383,0.03836986795067787,0.20387598872184753
2464,39,39,0.9606285095214844,0.047505609691143036,normal,0.0,0.0,0.4546060860157013,0.08038706332445145,0.0013639507815241814,0.463642954826355
2465,39,22,0.99949049949646,0.0014654628466814756,normal,0.0,0.0,0.9984435439109802,0.0003910361847374588,9.512664837529883e-05,0.0010703541338443756
2466,39,39,0.998711109161377,0.002706556348130107,normal,0.0,0.0,0.3947256803512573,0.03437095880508423,0.4401226341724396,0.1307806670665741
2467,39,39,0.9968039989471436,0.005976052954792976,normal,0.0,0.0,0.07535747438669205,0.4991592764854431,0.0076654222793877125,0.4178178310394287
