t,sample_id,label,u,c_comm,proxy_acc,cost,G,Y_bw,Q_net,active_views,active_token_ratio_sum,network_state,bandwidth_mbps,effective_bandwidth_mbps,B_t,is_disconnected,comm_delay_ms,e2e_delay_ms,deadline_met,transmission_success,business_available,real_pred,real_conf,real_correct,traj_pred,traj_correct,w_1,w_2,w_3,w_4,v_1,v_2,v_3,v_4,k_1,k_2,k_3,k_4
0,0,0,1,6.2,0.999988317489624,0.36364987634286994,15.717711201902809,0.0,0.0,3,0.4351115869021086,GOOD,101.91648388447706,101.02190493583237,2.525547623395809,0,0.0,80.0,1,1,1,0,0.999988317489624,1,0,1,0.5601472854614258,0.13485881686210632,0.2577750086784363,0.047218915075063705,1,1,1,0,0.23511158690210862,0.1,0.1,0.0
1,1,0,0,0.0,0.9999943971633911,0.36778618661716794,16.087541446643105,3.2,0.0,3,0.43757916319383405,GOOD,95.7894423247491,95.60901841207347,2.3902254603018367,0,0.0,80.0,1,1,1,0,0.9999943971633911,1,0,1,9.99999993922529e-09,0.5249578952789307,0.09632721543312073,0.3787148892879486,0,1,1,1,0.0,0.21228828717166962,0.1,0.12529087602216446
2,2,0,0,0.0,0.9806204438209534,0.25324907110456074,12.052930774126782,0.20000000000000018,0.0,3,0.36310552486990033,WEAK,15.700514635826353,13.064246784579812,0.3266061696144953,0,0.0,80.0,1,1,1,0,0.9806204438209534,1,0,1,0.19891206920146942,0.3670075237751007,0.22603927552700043,0.20804113149642944,0,1,1,1,0.0,0.16310552486990035,0.1,0.1
3,3,0,1,6.2,0.9999921321868896,0.3073280000000001,11.716384230920776,0.0,0.0,4,0.4,GOOD,76.03087503164537,75.4670330667972,1.8866758266699302,0,0.0,80.0,1,1,1,0,0.9999921321868896,1,0,1,0.2663012742996216,0.2610095739364624,0.21196620166301727,0.2607229948043823,1,1,1,1,0.1,0.1,0.1,0.1
4,4,0,0,0.0,0.9999827146530151,0.2542660410348189,13.608920497520494,3.2,0.919176329847578,3,0.3638338541491722,WEAK,13.589572161451962,11.232946806096876,0.28082367015242193,0,0.0,80.0,1,1,1,0,0.9999827146530151,1,0,1,0.07866712659597397,0.2730303704738617,0.33033257722854614,0.3179699182510376,0,1,1,1,0.0,0.1,0.13633941488008786,0.12749443926908433
5,5,0,0,0.0,0.9999678134918213,0.36632835544526987,15.111374887776211,0.20000000000000018,0.787197724010491,3,0.4367110637830982,WEAK,6.0902969921259835,5.279144233483478,0.13197860583708695,0,0.0,80.0,1,1,1,0,0.9999678134918213,1,0,1,0.09449591487646103,0.16981856524944305,0.1707957684993744,0.5648897886276245,0,1,1,1,0.0,0.1,0.1,0.23671106378309822
6,6,0,1,6.2,0.9999892711639404,0.3361451695164262,15.469909137431411,0.0,0.0,3,0.41833323001535794,GOOD,106.21049375940656,104.86870600498669,2.6217176501246673,0,0.0,80.0,1,1,1,0,0.9999892711639404,1,0,1,0.16700272262096405,9.99999993922529e-09,0.4004429280757904,0.43255430459976196,1,0,1,1,0.1,0.0,0.14917594945621704,0.1691572805591409
7,7,0,0,0.0,0.9999912977218628,0.3427143188875376,14.857473532986031,3.2,0.0,3,0.4224011106712462,GOOD,68.36207745038948,67.03489877989699,1.675872469497425,0,0.0,80.0,1,1,1,0,0.9999912977218628,1,0,1,0.08274177461862564,0.2654181718826294,0.5231590270996094,0.1286810338497162,0,1,1,1,0.0,0.1,0.2224011106712462,0.1
8,8,0,0,0.0,0.999996542930603,0.43094887013032407,17.052879849289468,0.20000000000000018,0.0,3,0.4736655503487833,GOOD,102.27067976590095,101.8725631066854,2.5468140776671353,0,0.0,80.0,1,1,1,0,0.999996542930603,1,0,1,0.1932826191186905,0.6799343824386597,0.0498233363032341,0.07695959508419037,1,1,0,1,0.1,0.27366555034878337,0.0,0.1
9,9,0,1,6.2,0.999996542930603,0.2333714128693383,11.99477145924595,0.0,0.0,3,0.348564179348383,GOOD,43.5043012629783,43.37005613208593,1.0842514033021482,0,0.0,80.0,1,1,1,0,0.999996542930603,1,0,1,0.3225240111351013,0.21107199788093567,0.1882808357477188,0.27812322974205017,1,1,0,1,0.14086137174907112,0.1,0.0,0.10770280759931186
10,10,0,0,0.0,0.999994158744812,0.4814042414050488,18.63280376808472,3.2,0.0,3,0.5006265552653637,GOOD,99.58097247262538,97.65406127197481,2.4413515317993704,0,0.0,80.0,1,1,1,0,0.999994158744812,1,0,1,0.022156888619065285,0.057363223284482956,0.14999207854270935,0.7704877853393555,0,1,1,1,0.0,0.1,0.1,0.30062655526536364
11,11,0,0,0.0,0.9999972581863403,0.23097273186582065,12.641347102417907,0.20000000000000018,0.0,3,0.3467682142763877,GOOD,69.63677648278951,68.98280942126935,1.7245702355317338,0,0.0,80.0,1,1,1,0,0.9999972581863403,1,0,1,0.13841108977794647,0.2686178386211395,0.3052220046520233,0.2877490520477295,0,1,1,1,0.0,0.10164312788998003,0.12912074654017602,0.11600433984623165
12,12,0,1,6.2,0.9999881982803345,0.37376787656984123,16.04337869178503,0.0,0.0,3,0.4411232140902227,GOOD,50.39372042683773,49.91426960567975,1.2478567401419938,0,0.0,80.0,1,1,1,0,0.9999881982803345,1,0,1,0.03730703145265579,0.04615334793925285,0.5780738592147827,0.33846578001976013,0,1,1,1,0.0,0.1,0.24112321409022272,0.1
13,13,0,0,0.0,0.9999575614929199,0.26429673016415994,12.602989172483063,3.2,0.0,3,0.370940985586214,GOOD,93.58511957460082,92.76690128260216,2.3191725320650542,0,0.0,80.0,1,1,1,0,0.9999575614929199,1,0,1,0.16553767025470734,0.1633681356906891,0.29474401473999023,0.37635013461112976,1,0,1,1,0.1,0.0,0.10683690497302192,0.16410408061319207
14,14,0,0,0.0,0.9998179078102112,0.22787538195284543,11.980113485949161,0.20000000000000018,0.0,3,0.3444352816433831,GOOD,96.02120816017992,95.4213317142911,2.3855332928572777,0,0.0,80.0,1,1,1,0,0.9998179078102112,1,0,1,0.22692342102527618,0.29101839661598206,0.18500758707523346,0.2970506250858307,1,1,0,1,0.1,0.11993820162323143,0.0,0.12449708002015167
15,15,0,1,6.2,0.9999935626983643,0.36284025071274806,15.875094257469103,0.0,0.0,3,0.4346269534527415,GOOD,104.38114859974415,103.57223983452941,2.5893059958632354,0,0.0,80.0,1,1,1,0,0.9999935626983643,1,0,1,0.13204190135002136,0.034800510853528976,0.5587142109870911,0.2744434177875519,1,0,1,1,0.1,0.0,0.23462695345274145,0.1
16,16,0,0,0.0,0.9999879598617554,0.31865600580554837,14.894621246298122,3.2,0.0,3,0.4073052242643216,GOOD,94.59964031799804,94.33522962433828,2.358380740608457,0,0.0,80.0,1,1,1,0,0.9999879598617554,1,0,1,0.052351247519254684,0.18208850920200348,0.48084163665771484,0.2847185730934143,0,1,1,1,0.0,0.1,0.2073052242643216,0.1
17,17,0,0,0.0,0.9999595880508423,0.2968877233609641,13.405981586505323,0.20000000000000018,0.0,3,0.39314707255499315,GOOD,40.58898158008044,39.95017239881343,0.9987543099703358,0,0.0,80.0,1,1,1,0,0.9999595880508423,1,0,1,0.1350162774324417,0.3493669033050537,0.39543992280960083,0.12017683684825897,1,1,1,0,0.1,0.131320739246244,0.16182633330874915,0.0
18,18,0,1,6.2,0.9999511241912842,0.45560951179695686,17.966707577202826,0.0,0.0,3,0.4870295558955159,GOOD,96.41323029010681,94.90777813286495,2.372694453321624,0,0.0,80.0,1,1,1,0,0.9999511241912842,1,0,1,0.20432515442371368,0.7241217494010925,0.046658437699079514,0.02489466220140457,1,1,1,0,0.1,0.28702955589551593,0.1,0.0
19,19,0,0,0.0,0.9999809265136719,0.3574260372886847,15.413722566020127,3.2,0.0,3,0.4313720671447403,GOOD,85.4992956762315,85.26024477868017,2.1315061194670046,0,0.0,80.0,1,1,1,0,0.9999809265136719,1,0,1,0.07067348062992096,0.34989500045776367,0.5306729674339294,0.04875859618186951,1,1,1,0,0.1,0.11114148646810626,0.22023058067663406,0.0
20,20,0,0,0.0,0.9999949932098389,0.26220537420279677,13.403398528203104,0.20000000000000018,0.0,3,0.3694704596519076,GOOD,93.47223694323773,92.5915486191643,2.3147887154791076,0,0.0,80.0,1,1,1,0,0.9999949932098389,1,0,1,0.30354899168014526,0.10115420073270798,0.23249927163124084,0.3627975285053253,1,0,1,1,0.11386362850861059,0.0,0.1,0.15560683114329701
21,21,0,1,6.2,0.9999674558639526,0.3445864061716964,14.874077831577527,0.0,0.0,3,0.42355322883560703,GOOD,101.19990859328205,99.91523987395121,2.4978809968487803,0,0.0,80.0,1,1,1,0,0.9999674558639526,1,0,1,0.07987160235643387,0.0682433620095253,0.5005629658699036,0.3513220548629761,1,0,1,1,0.1,0.0,0.20763700574433727,0.11591622309126975
22,22,0,0,0.0,0.9997712969779968,0.49455299075347076,18.86077714622351,3.2,0.0,3,0.5074173849173718,GOOD,84.73657285963309,84.22145906702958,2.1055364766757396,0,0.0,80.0,1,1,1,0,0.9997712969779968,1,0,1,0.042098697274923325,0.1339723765850067,0.029752513393759727,0.7941765189170837,1,1,0,1,0.1,0.1,0.0,0.3074173849173717
23,23,0,0,0.0,0.9999892711639404,0.27168222135503634,13.16297943864701,0.20000000000000018,0.0,3,0.3760880517861359,GOOD,74.93739113858899,74.61578282740052,1.8653945706850132,0,0.0,80.0,1,1,1,0,0.9999892711639404,1,0,1,0.39732593297958374,0.2905164957046509,0.13188780844211578,0.18026982247829437,1,1,0,1,0.1750079399989977,0.10108011178713827,0.0,0.1
24,24,0,1,6.2,0.9999953508377075,0.27035291822751745,12.730186949388912,0.0,0.0,3,0.37516685044719456,GOOD,108.27224586145329,107.765662790847,2.6941415697711752,0,0.0,80.0,1,1,1,0,0.9999953508377075,1,0,1,0.26788437366485596,0.16276255249977112,0.17277134954929352,0.3965817391872406,1,0,1,1,0.1,0.0,0.1,0.17516685044719452
25,25,0,0,0.0,0.9999949932098389,0.3365027945653817,15.901312276638404,3.2,0.0,3,0.41855570334680015,GOOD,62.510711361759725,62.14365626877237,1.5535914067193093,0,0.0,80.0,1,1,1,0,0.9999949932098389,1,0,1,9.99999993922529e-09,0.22612760961055756,0.5122132301330566,0.26165926456451416,0,1,1,1,0.0,0.1,0.21855570334680016,0.1
26,26,0,0,0.0,0.9999881982803345,0.30357152574915097,13.649219919565123,0.20000000000000018,0.0,3,0.39754788121924,GOOD,84.56257218730227,83.2368032094011,2.080920080235028,0,0.0,80.0,1,1,1,0,0.9999881982803345,1,0,1,0.3815212547779083,0.13490307331085205,0.378343790769577,0.10523181408643723,1,1,1,0,0.14981421775768686,0.1,0.14773366346155317,0.0
27,27,0,1,6.2,0.9999872446060181,0.27210814712808423,12.927248445393872,0.0,0.0,3,0.37638273956586965,GOOD,72.51094891520565,71.33044110463655,1.7832610276159138,0,0.0,80.0,1,1,1,0,0.9999872446060181,1,0,1,0.37106674909591675,0.1710825264453888,0.3177407383918762,0.14011000096797943,1,1,1,0,0.15663163903868962,0.1,0.11975110052718002,0.0
28,28,0,0,0.0,0.9999971389770508,0.3407583306959665,14.474943785855437,3.2,0.1564586178917713,3,0.4211939918212726,GOOD,41.81696585070884,41.74165528432915,1.0435413821082287,0,0.0,80.0,1,1,1,0,0.9999971389770508,1,0,1,0.427550345659256,0.4157721996307373,0.07488615810871124,0.08179133385419846,1,1,0,1,0.16423658729778853,0.15695740452348408,0.0,0.1
29,29,0,0,0.0,0.999890923500061,0.24360760268358042,12.590271281057486,0.20000000000000018,0.0,3,0.35612654424548734,GOOD,76.95017842011099,76.7019805766957,1.9175495144173926,0,0.0,80.0,1,1,1,0,0.999890923500061,1,0,1,0.22441884875297546,0.34305012226104736,0.1515563577413559,0.2809746563434601,1,1,0,1,0.1,0.15075008578961133,0.0,0.10537645845587601
30,30,0,1,6.2,0.6721455454826355,0.35361414744273195,15.462894704664482,0.0,0.0,3,0.4290656452181435,GOOD,52.18496821705347,51.45821908420711,1.2864554771051777,0,0.0,80.0,1,1,0,0,0.6721455454826355,1,0,1,0.10838605463504791,0.01955569162964821,0.47392329573631287,0.39813485741615295,1,0,1,1,0.1,0.0,0.18752272235083847,0.14154292286730505
31,31,0,0,0.0,0.9999943971633911,0.4471559250275792,17.79576326687931,3.2,0.0,3,0.48249011629434446,GOOD,70.4816980877186,70.05667640697624,1.751416910174406,0,0.0,80.0,1,1,1,0,0.9999943971633911,1,0,1,0.13321922719478607,0.7089584469795227,0.1349497139453888,0.022872596979141235,1,1,1,0,0.1,0.2824901162943445,0.1,0.0
32,32,0,0,0.0,0.9999616146087646,0.3277355588075706,15.083690780465272,0.20000000000000018,0.0,3,0.41306719792277913,GOOD,68.94500884427123,68.82414835502226,1.7206037088755566,0,0.0,80.0,1,1,1,0,0.9999616146087646,1,0,1,0.41164666414260864,0.16571760177612305,0.02012729085981846,0.40250834822654724,1,1,0,1,0.15941300771620595,0.1,0.0,0.1536541902065732
33,33,0,1,6.2,0.9999769926071167,0.24360846508023956,12.825534429271189,0.0,0.0,3,0.35612717460773125,GOOD,116.95181316396116,114.8266099802808,2.87066524950702,0,0.0,80.0,1,1,1,0,0.9999769926071167,1,0,1,0.13046906888484955,0.3205414414405823,0.30348530411720276,0.24550418555736542,0,1,1,1,0.0,0.13429710836880063,0.12183006623893064,0.1
34,34,0,0,0.0,0.9999909400939941,0.28377677461106404,12.9848362620131,3.2,0.0,3,0.3843681120890923,GOOD,61.269596916761564,60.08197599713472,1.5020493999283682,0,0.0,80.0,1,1,1,0,0.9999909400939941,1,0,1,0.16289092600345612,0.4198946952819824,0.15567122399806976,0.2615431249141693,1,1,0,1,0.1,0.18436811208909223,0.0,0.1
35,35,0,0,0.0,0.9997968077659607,0.49310937686432565,18.997715870171113,0.20000000000000018,0.0,3,0.5066762609756231,GOOD,97.35121513271964,96.4762973673684,2.41190743418421,0,0.0,80.0,1,1,1,0,0.9997968077659607,1,0,1,0.7915740013122559,0.02914809249341488,0.017140643671154976,0.16213728487491608,1,1,0,1,0.30667626097562317,0.1,0.0,0.1
36,36,0,1,6.2,0.9999499320983887,0.23183446045698622,12.403337890904282,0.0,0.0,3,0.34741448512952733,GOOD,47.71127697227995,46.84999071353301,1.1712497678383254,0,0.0,80.0,1,1,1,0,0.9999499320983887,1,0,1,0.15595486760139465,0.29424068331718445,0.24691343307495117,0.30289098620414734,0,1,1,1,0.0,0.12046652447030434,0.1,0.12694796065922298
37,37,0,0,0.0,0.9997499585151672,0.2577535678472126,13.029322844387343,3.2,0.0,3,0.3663205387543711,GOOD,56.18906918361843,55.84524082518668,1.396131020629667,0,0.0,80.0,1,1,1,0,0.9997499585151672,1,0,1,0.12809018790721893,0.3651636838912964,0.21567700803279877,0.2910691499710083,0,1,1,1,0.0,0.15948614122750557,0.1,0.10683439752686552
38,38,0,0,0.0,0.9999514818191528,0.410648607714226,17.06461732963318,0.20000000000000018,0.0,3,0.4623747439572748,GOOD,54.14182263513854,53.21424946241743,1.3303562365604358,0,0.0,80.0,1,1,1,0,0.9999514818191528,1,0,1,0.017071044072508812,0.11366135627031326,0.22559620440006256,0.6436713337898254,0,1,1,1,0.0,0.1,0.1,0.2623747439572748
39,39,0,1,6.2,0.9999957084655762,0.31614112124242266,13.776408792629901,0.0,0.0,3,0.4056947812587929,GOOD,97.55703647607494,96.71396214722698,2.4178490536806745,0,0.0,80.0,1,1,1,0,0.9999957084655762,1,0,1,0.13030526041984558,0.4764305353164673,0.22857573628425598,0.16468849778175354,0,1,1,1,0.0,0.2056947812587929,0.1,0.1
40,40,0,0,0.0,0.9999920129776001,0.28521804496223346,13.021287073744787,3.2,0.0,3,0.38534295710023314,GOOD,86.72783751301884,85.60064170365816,2.140016042591454,0,0.0,80.0,1,1,1,0,0.9999920129776001,1,0,1,0.2569795250892639,0.16629008948802948,0.15432772040367126,0.4224027395248413,1,1,0,1,0.1,0.1,0.0,0.1853429571002331
41,41,0,0,0.0,0.9999936819076538,0.4111345016119428,16.46772269220228,0.20000000000000018,0.0,3,0.462648212128981,GOOD,73.26459217364877,73.20361526411607,1.8300903816029017,0,0.0,80.0,1,1,1,0,0.9999936819076538,1,0,1,9.99999993922529e-09,9.99999993922529e-09,0.509666919708252,0.49033302068710327,0,1,1,1,0.0,0.1,0.18676319824755147,0.17588501388142955
42,42,0,1,6.2,0.9999719858169556,0.27706686248597606,13.857962785731694,0.0,0.0,3,0.379796728830173,GOOD,66.38889698662283,66.19700095688876,1.654925023922219,0,0.0,80.0,1,1,1,0,0.9999719858169556,1,0,1,0.22622519731521606,0.07373833656311035,0.3644370436668396,0.3355993926525116,1,0,1,1,0.1,0.0,0.1497808576011331,0.13001587122903988
43,43,0,0,0.0,0.9998273849487305,0.34788041107993384,14.521057601420608,3.2,0.0,3,0.42557285001084666,GOOD,87.01156577421696,86.71469454816764,2.167867363704191,0,0.0,80.0,1,1,1,0,0.9998273849487305,1,0,1,0.11334492266178131,0.23262333869934082,0.5322727560997009,0.12175892293453217,0,1,1,1,0.0,0.1,0.22557285001084662,0.1
44,44,0,0,0.0,0.9999971389770508,0.3202421218994748,15.203172931154661,0.20000000000000018,0.0,3,0.40831765058518066,WEAK,12.45910051460711,11.187892624849507,0.2796973156212377,0,0.0,80.0,1,1,1,0,0.9999971389770508,1,0,1,0.031822945922613144,0.4836249351501465,0.3112174868583679,0.17333459854125977,0,1,1,1,0.0,0.20831765058518067,0.1,0.1
45,45,0,1,6.2,0.9999961853027344,0.2297639940672426,12.076201684410847,0.0,0.0,3,0.34585966185624206,WEAK,2.4104696785345547,1.9433595068180607,0.04858398767045152,0,0.0,80.0,1,1,1,0,0.9999961853027344,1,0,1,0.326662540435791,0.23145824670791626,0.18323734402656555,0.2586418390274048,1,1,0,1,0.14585966185624202,0.1,0.0,0.1
46,46,0,0,0.0,0.999993085861206,0.3589541709158845,14.64484493678996,3.2,0.822872174106976,3,0.43229322427659955,WEAK,16.08923409050515,15.085113035720957,0.37712782589302396,0,0.0,80.0,1,1,1,0,0.999993085861206,1,0,1,0.5518385767936707,0.17139483988285065,0.11846340447664261,0.15830320119857788,1,1,0,1,0.23229322427659957,0.1,0.0,0.1
47,47,0,0,0.0,0.9999896287918091,0.5652107678910616,21.070512220830242,0.20000000000000018,0.6036919974966484,3,0.5424555288466245,WEAK,10.832725898381376,8.767207064413103,0.2191801766103276,0,0.0,80.0,1,1,1,0,0.9999896287918091,1,0,1,0.019029462710022926,0.922031819820404,0.04953110218048096,0.009407599456608295,1,1,1,0,0.1,0.34245552884662456,0.1,0.0
48,48,0,1,6.2,0.9999959468841553,0.3802031679373786,15.84652679779765,0.0,0.3643102809279459,3,0.4449044934559111,WEAK,10.522809219025168,9.5752686627481,0.2393817165687025,0,0.0,80.0,1,1,1,0,0.9999959468841553,1,0,1,0.4277138113975525,0.05190425366163254,0.5036070346832275,0.01677488349378109,1,1,1,0,0.15025014604200668,0.1,0.1946543474139044,0.0
49,49,0,0,0.0,0.9999909400939941,0.3690122633669908,15.91650030023612,3.2,1.3129403780280304,3,0.43830792798794316,WEAK,11.37210324448768,10.05479611599662,0.2513699028999155,0,0.0,80.0,1,1,1,0,0.9999909400939941,1,0,1,0.0400041788816452,0.1698513776063919,0.5696441531181335,0.22050023078918457,0,1,1,1,0.0,0.1,0.23830792798794312,0.1
50,50,0,0,0.0,0.9999980926513672,0.5001502109376029,19.03725246912741,0.20000000000000018,0.0,3,0.5102807141110379,GOOD,106.10335393554863,104.20164066439524,2.6050410166098814,0,0.0,80.0,1,1,1,0,0.9999980926513672,1,0,1,0.027437681332230568,0.8042709827423096,0.13850711286067963,0.02978425659239292,0,1,1,1,0.0,0.31028071411103797,0.1,0.1
51,51,0,1,6.2,0.9999313354492188,0.3730447670205276,15.425393958527025,0.0,0.0,3,0.4406962982733251,GOOD,84.32289148312395,84.13978307437468,2.103494576859367,0,0.0,80.0,1,1,1,0,0.9999313354492188,1,0,1,0.08089865744113922,0.22472795844078064,0.5767916440963745,0.11758173257112503,0,1,1,1,0.0,0.1,0.2406962982733251,0.1
52,52,0,0,0.0,0.9999961853027344,0.3967663363379196,16.5066168851255,3.2,0.0,3,0.45449209626279263,GOOD,62.498702707120664,61.67444152304155,1.541861038076039,0,0.0,80.0,1,1,1,0,0.9999961853027344,1,0,1,0.6189349889755249,0.04445328935980797,0.30010488629341125,0.036506835371255875,1,1,1,0,0.2544920962627927,0.1,0.1,0.0
53,53,0,0,0.0,0.9999885559082031,0.4194497905954438,16.30681940142879,0.20000000000000018,0.0,3,0.46730337478283357,GOOD,101.49179935341256,101.27310290403051,2.531827572600763,0,0.0,80.0,1,1,1,0,0.9999885559082031,1,0,1,0.1586628407239914,0.659380316734314,0.08535410463809967,0.09660268574953079,1,1,0,1,0.1,0.2673033747828336,0.0,0.1
54,54,0,1,6.2,0.99998939037323,0.3073280000000001,11.716383611198907,0.0,0.0,4,0.4,GOOD,58.417119271590465,58.37340859646248,1.4593352149115622,0,0.0,80.0,1,1,1,0,0.99998939037323,1,0,1,0.2643933892250061,0.25111332535743713,0.20382925868034363,0.28066402673721313,1,1,1,1,0.1,0.1,0.1,0.1
55,55,0,0,0.0,0.9999953508377075,0.3080964605706204,13.95838603220012,3.2,0.0,3,0.4004997792550849,GOOD,69.6737827089951,68.5174909038519,1.7129372725962975,0,0.0,80.0,1,1,1,0,0.9999953508377075,1,0,1,0.13917891681194305,0.42006173729896545,0.09077224880456924,0.3499871790409088,1,1,0,1,0.1,0.17302266431454374,0.0,0.12747711494054115
56,56,0,0,0.0,0.9999377727508545,0.24615064351668603,13.321891424689165,0.20000000000000018,0.0,3,0.3579805362094616,GOOD,65.37111142581722,64.12526957516326,1.6031317393790816,0,0.0,80.0,1,1,1,0,0.9999377727508545,1,0,1,0.3265085816383362,0.2944224178791046,0.28393569588661194,0.09513327479362488,1,1,1,0,0.13742313946857304,0.11409144725088505,0.10646594949000351,0.0
57,57,0,1,6.2,0.999995231628418,0.5002394838543747,19.42001676377492,0.0,0.0,3,0.5103262526453988,GOOD,81.20457033853717,80.78885963451303,2.019721490862826,0,0.0,80.0,1,1,1,0,0.999995231628418,1,0,1,9.99999993922529e-09,0.8044320344924927,0.12235518544912338,0.07321271300315857,0,1,1,1,0.0,0.3103262526453988,0.1,0.1
58,58,0,0,0.0,0.999991774559021,0.34125220060394357,14.286185880293383,3.2,1.0829659907646285,3,0.42149910501061794,WEAK,4.962940716476327,4.681360369414857,0.11703400923537143,0,0.0,80.0,1,1,1,0,0.999991774559021,1,0,1,0.23310355842113495,0.5205813050270081,0.12218105792999268,0.1241341382265091,1,1,0,1,0.1,0.22149910501061795,0.0,0.1
59,59,0,0,0.0,0.999991774559021,0.3724135863499151,15.809529761786258,0.20000000000000018,0.6776423309064155,3,0.4403233179121039,WEAK,19.862760153005066,16.212946394328522,0.40532365985821306,0,0.0,80.0,1,1,1,0,0.999991774559021,1,0,1,0.2724388837814331,0.052321065217256546,0.5756725668907166,0.0995674654841423,1,0,1,1,0.1,0.0,0.24032331791210385,0.1
60,60,0,1,6.2,0.9999946355819702,0.2877152821739135,13.65707764719593,0.0,0.3097509909945168,3,0.3870262229596193,WEAK,18.03426483581345,14.715653596475946,0.36789133991189865,0,0.0,80.0,1,1,1,0,0.9999946355819702,1,0,1,0.11071867495775223,0.28245383501052856,0.4267505705356598,0.1800769567489624,0,1,1,1,0.0,0.1,0.18702622295961932,0.1
61,61,0,0,0.0,0.9999971389770508,0.48691873795473667,18.657385242530005,3.2,1.3494447425859777,3,0.5034857348848907,WEAK,7.686722932954274,6.412249936341561,0.16030624840853902,0,0.0,80.0,1,1,1,0,0.9999971389770508,1,0,1,0.10204922407865524,0.7804183959960938,0.08713440597057343,0.03039800375699997,1,1,1,0,0.1,0.3034857348848907,0.1,0.0
62,62,0,0,0.0,0.9999932050704956,0.2846378100320976,15.111776473941823,0.20000000000000018,1.145297192046272,3,0.3849507952460512,WEAK,8.725839119726782,8.16590202158823,0.2041475505397058,0,0.0,80.0,1,1,1,0,0.9999932050704956,1,0,1,9.99999993922529e-09,0.41517913341522217,0.28284168243408203,0.3019791841506958,0,1,1,1,0.0,0.1807489587552221,0.1,0.10420183649082909
63,63,0,1,6.2,0.9999862909317017,0.21881950624680904,11.886193422649502,0.0,1.009218081358089,3,0.3375218892795254,WEAK,6.724289286611564,5.443164427527319,0.13607911068818299,0,0.0,80.0,1,1,1,0,0.9999862909317017,1,0,1,0.19183838367462158,0.24281878769397736,0.25736621022224426,0.3079766035079956,0,1,1,1,0.0,0.1,0.1,0.1375218892795254
64,64,0,0,0.0,0.9999910593032837,0.28326526834967797,13.800991471109896,3.2,2.1223591432362108,3,0.3840215450173661,WEAK,4.209642783406748,3.474357524875134,0.08685893812187835,0,0.0,80.0,1,1,1,0,0.9999910593032837,1,0,1,0.08607174456119537,0.19987201690673828,0.3932744860649109,0.32078176736831665,0,1,1,1,0.0,0.1,0.16658029174286756,0.11744125327449853
65,65,0,0,0.0,0.9999922513961792,0.2749233111307185,13.658741947766089,0.20000000000000018,2.009970210315983,3,0.37832471135156,WEAK,5.226829546839303,4.495557316809113,0.11238893292022784,0,0.0,80.0,1,1,1,0,0.9999922513961792,1,0,1,0.29462942481040955,0.09766998887062073,0.4005544185638428,0.2071460634469986,1,0,1,1,0.10272124549684966,0.0,0.1756034658547103,0.1
66,66,0,1,6.2,0.9999971389770508,0.35414931364219293,15.892342793505495,0.0,1.8849365053388412,3,0.4293902004143634,WEAK,5.535823982862318,5.001348199085663,0.12503370497714159,0,0.0,80.0,1,1,1,0,0.9999971389770508,1,0,1,0.36784547567367554,0.12674686312675476,0.5054076910018921,9.99999993922529e-09,1,1,1,0,0.12299809209939197,0.1,0.20639210831497143,0.0
67,67,0,0,0.0,0.999977707862854,0.30942315172056084,15.397519901716317,3.2,2.6585840295166725,3,0.4013611470568693,WEAK,19.492875669097412,17.05409903288675,0.4263524758221688,0,0.0,80.0,1,1,1,0,0.999977707862854,1,0,1,0.0048197186551988125,0.3108729124069214,0.46216028928756714,0.22214707732200623,0,1,1,1,0.0,0.10162083544613554,0.19974031161073383,0.1
68,68,0,0,0.0,0.9999974966049194,0.3390202593256228,13.960425318564319,0.20000000000000018,1.6354325968005659,3,0.42011844790425823,GOOD,41.11490301665612,40.92605730864426,1.0231514327161066,0,0.0,80.0,1,1,1,0,0.9999974966049194,1,0,1,0.14299562573432922,0.5166478157043457,0.16841833293437958,0.17193827033042908,0,1,1,1,0.0,0.2201184479042582,0.1,0.1
69,69,0,1,6.2,0.9999961853027344,0.2234317823796671,11.756191695917357,0.0,0.0,3,0.3410604820031923,GOOD,94.2126938890286,93.98313051974257,2.3495782629935644,0,0.0,80.0,1,1,1,0,0.9999961853027344,1,0,1,0.20134791731834412,0.3074667751789093,0.22076678276062012,0.27041858434677124,0,1,1,1,0.0,0.13466841965279183,0.1,0.10639206235040044
70,70,0,0,0.0,0.9999918937683105,0.3271279297901101,14.780118446756035,3.2,0.0,3,0.4126841023860721,GOOD,95.54099485143092,94.43058567203782,2.360764641800946,0,0.0,80.0,1,1,1,0,0.9999918937683105,1,0,1,0.2398214340209961,0.07001412659883499,0.19444531202316284,0.49571913480758667,1,0,1,1,0.1,0.0,0.1,0.21268410238607213
71,71,0,0,0.0,0.9998663663864136,0.3789499358383986,15.369710754582165,0.20000000000000018,0.0,3,0.4441706373694766,GOOD,104.32996209458102,102.83719412028083,2.570929853007021,0,0.0,80.0,1,1,1,0,0.9998663663864136,1,0,1,0.09302273392677307,0.22381870448589325,0.587267279624939,0.09589128941297531,0,1,1,1,0.0,0.1,0.2441706373694766,0.1
72,72,0,1,6.2,0.9999866485595703,0.3333986992258198,14.899888005636859,0.0,0.0,3,0.41662073140049594,GOOD,50.484620124585064,50.35966684925986,1.2589916712314966,0,0.0,80.0,1,1,1,0,0.9999866485595703,1,0,1,0.12943729758262634,0.506748378276825,0.2952173054218292,0.06859700381755829,1,1,1,0,0.1,0.2166207314004959,0.1,0.0
73,73,0,0,0.0,0.9999690055847168,0.3833981996291976,15.52735011670666,3.2,0.9928688553467714,3,0.44676995671815967,WEAK,9.15640748884893,8.285245786129142,0.20713114465322857,0,0.0,80.0,1,1,1,0,0.9999690055847168,1,0,1,0.0878869965672493,0.14775563776493073,0.16919216513633728,0.5951652526855469,0,1,1,1,0.0,0.1,0.1,0.24676995671815968
74,74,0,0,0.0,0.9999922513961792,0.3216661206014432,15.429156256559297,0.20000000000000018,0.7119193497319103,3,0.40922446269892265,WEAK,13.931555829744484,11.237980224594441,0.28094950561486104,0,0.0,80.0,1,1,1,0,0.9999922513961792,1,0,1,0.4520255923271179,9.99999993922529e-09,0.19946004450321198,0.3485143184661865,1,0,1,1,0.1875340582967773,0.0,0.1,0.12169040440214537
75,75,0,1,6.2,0.9999610185623169,0.24398205031268072,12.101013417213792,0.0,0.27080203542122894,3,0.35640013902433365,WEAK,18.646551727616487,17.644692572427253,0.44111731431068135,0,0.0,80.0,1,1,1,0,0.9999610185623169,1,0,1,0.35104942321777344,0.21753378212451935,0.18945880234241486,0.24195800721645355,1,1,0,1,0.1564001390243336,0.1,0.0,0.1
76,76,0,0,0.0,0.9999938011169434,0.3600040327819301,15.179750459335164,3.2,1.157603607195645,3,0.4329249439232806,WEAK,13.411552010259532,12.527937129023353,0.31319842822558386,0,0.0,80.0,1,1,1,0,0.9999938011169434,1,0,1,0.10769911855459213,0.08124425262212753,0.5536956191062927,0.2573610246181488,1,0,1,1,0.1,0.0,0.23292494392328064,0.1
77,77,0,0,0.0,0.9999899864196777,0.22935258643904421,12.353974648338228,0.20000000000000018,0.0,3,0.34554988082322513,GOOD,73.5291455453043,72.10822140733443,1.8027055351833607,0,0.0,80.0,1,1,1,0,0.9999899864196777,1,0,1,0.159988135099411,0.2485603392124176,0.31307122111320496,0.2783803939819336,0,1,1,1,0.0,0.1,0.13584151551219015,0.109708365311035
78,78,0,1,6.2,0.9999610185623169,0.2446970474366539,12.107456489307298,0.0,0.0,3,0.3569219779339533,GOOD,114.6418577280169,112.7975891350233,2.8199397283755827,0,0.0,80.0,1,1,1,0,0.9999610185623169,1,0,1,0.3522789478302002,0.2174292355775833,0.18943651020526886,0.24085533618927002,1,1,0,1,0.15692197793395327,0.1,0.0,0.1
79,79,0,0,0.0,0.9999921321868896,0.5415011307148947,20.19652222113767,3.2,0.0,3,0.5309560947868113,GOOD,102.78107594017499,102.74441026320564,2.568610256580141,0,0.0,80.0,1,1,1,0,0.9999921321868896,1,0,1,0.05983705073595047,0.03713472932577133,0.023997988551855087,0.879030168056488,1,1,0,1,0.1,0.1,0.0,0.3309560947868112
80,80,0,0,0.0,0.9999986886978149,0.2827997449024455,15.007351563575622,0.20000000000000018,0.0,3,0.3837058611641676,GOOD,106.35428919061891,104.65939088974369,2.6164847722435924,0,0.0,80.0,1,1,1,0,0.9999986886978149,1,0,1,0.286996066570282,0.3967089354991913,9.99999993922529e-09,0.31629499793052673,1,1,0,1,0.1,0.16912956335895377,0.0,0.11457629780521386
81,81,0,1,6.2,0.9999803304672241,0.2646929028810029,12.500861293203068,0.0,0.0,3,0.3712188960777547,GOOD,82.46156724792428,81.46210696088508,2.036552674022127,0,0.0,80.0,1,1,1,0,0.9999803304672241,1,0,1,0.17489412426948547,0.21378140151500702,0.2245461791753769,0.3867783546447754,0,1,1,1,0.0,0.1,0.1,0.17121889607775467
82,82,0,0,0.0,0.9999949932098389,0.3360015520196717,15.893101739151305,3.2,0.0,3,0.418243854359551,GOOD,88.24857258709805,87.52039554552962,2.188009888638241,0,0.0,80.0,1,1,1,0,0.9999949932098389,1,0,1,9.99999993922529e-09,0.23127667605876923,0.5113305449485779,0.2573927640914917,0,1,1,1,0.0,0.1,0.218243854359551,0.1
83,83,0,0,0.0,0.9999872446060181,0.3163189959447456,14.42606084125396,0.20000000000000018,0.0,3,0.4058088959467777,GOOD,74.0705669098808,73.10478889686382,1.8276197224215958,0,0.0,80.0,1,1,1,0,0.9999872446060181,1,0,1,0.08362287282943726,0.1996077001094818,0.4767424464225769,0.24002696573734283,0,1,1,1,0.0,0.1,0.20580889594677773,0.1
84,84,0,1,6.2,0.9999692440032959,0.3525170019954867,14.889236523855702,0.0,0.0,3,0.42839950511485947,GOOD,76.31175056610398,75.93348914793685,1.8983372286984215,0,0.0,80.0,1,1,1,0,0.9999692440032959,1,0,1,0.10401637852191925,0.0926063135266304,0.5404600501060486,0.26291728019714355,1,0,1,1,0.1,0.0,0.22839950511485943,0.1
85,85,0,0,0.0,0.9999847412109375,0.3043750069299614,13.56303575623118,3.2,0.0,3,0.3980736406114149,GOOD,99.68114241947572,98.05321227543264,2.4513303068858163,0,0.0,80.0,1,1,1,0,0.9999847412109375,1,0,1,0.1334463357925415,0.1951068639755249,0.4558260440826416,0.2156207412481308,0,1,1,1,0.0,0.1,0.1980736406114149,0.1
86,86,0,0,0.0,0.9999977350234985,0.3060321405322929,13.842349190545173,0.20000000000000018,0.0,3,0.3991558020325886,GOOD,45.32470855641425,44.7858579050966,1.119646447627415,0,0.0,80.0,1,1,1,0,0.9999977350234985,1,0,1,0.18225155770778656,0.24404463171958923,0.45872458815574646,0.11497921496629715,1,1,1,0,0.1,0.1,0.19915580203258862,0.0
87,87,0,1,6.2,0.9999765157699585,0.3130025226404581,11.71794344856066,0.0,0.0,4,0.403675921507055,GOOD,105.9731352365073,105.31539246914063,2.632884811728516,0,0.0,80.0,1,1,1,0,0.9999765157699585,1,0,1,0.3158527612686157,0.21241889894008636,0.2504705786705017,0.22125771641731262,1,1,1,1,0.10367592150705496,0.1,0.1,0.1
88,88,0,0,0.0,0.999987006187439,0.26292874104020125,12.524093759982474,3.2,0.0,3,0.3699797524206845,GOOD,113.67763779899602,113.30129269456911,2.832532317364228,0,0.0,80.0,1,1,1,0,0.999987006187439,1,0,1,0.3837260603904724,0.22902055084705353,0.2153743952512741,0.17187897861003876,1,1,1,0,0.16997975242068444,0.1,0.1,0.0
89,89,0,0,0.0,0.9999891519546509,0.2190176881343008,11.85665413272459,0.20000000000000018,0.0,3,0.3376746992085421,GOOD,52.28907161536469,52.168294251167474,1.304207356279187,0,0.0,80.0,1,1,1,0,0.9999891519546509,1,0,1,0.19404546916484833,0.24099907279014587,0.2566412389278412,0.3083142638206482,0,1,1,1,0.0,0.1,0.1,0.13767469920854206
90,90,0,1,6.2,0.9999924898147583,0.32168216417887874,13.469798066151387,0.0,0.0,3,0.40923466791183194,GOOD,44.43163273314081,44.27644061920886,1.1069110154802215,0,0.0,80.0,1,1,1,0,0.9999924898147583,1,0,1,0.18398867547512054,0.4861527383327484,0.1714041531085968,0.15845444798469543,1,1,1,0,0.1,0.2092346679118319,0.1,0.0
91,91,0,0,0.0,0.9999886751174927,0.3389668440382006,14.375427413376304,3.2,0.0,3,0.42008535013056003,GOOD,87.2915052888777,86.103093374551,2.152577334363775,0,0.0,80.0,1,1,1,0,0.9999886751174927,1,0,1,0.11299709230661392,0.16572828590869904,0.5165536999702454,0.20472091436386108,0,1,1,1,0.0,0.1,0.22008535013056,0.1
92,92,0,0,0.0,0.9999808073043823,0.2729300409650059,12.99300966068866,0.20000000000000018,0.0,3,0.37695073691630876,GOOD,65.43928775616395,64.77897100406331,1.6194742751015827,0,0.0,80.0,1,1,1,0,0.9999808073043823,1,0,1,0.1789213865995407,0.14587704837322235,0.27415087819099426,0.4010506868362427,1,0,1,1,0.1,0.0,0.1,0.17695073691630872
93,93,0,1,6.2,0.999987006187439,0.26344100111442675,13.300047406508511,0.0,0.0,3,0.3703399900118985,GOOD,108.09053014577648,107.99654529575481,2.6999136323938706,0,0.0,80.0,1,1,1,0,0.999987006187439,1,0,1,0.22308698296546936,0.3576589822769165,0.1077612042427063,0.31149283051490784,1,1,0,1,0.1,0.1513948538074498,0.0,0.11894513620444869
94,94,0,0,0.0,0.9999974966049194,0.256263137589231,12.431673351993702,3.2,0.0,3,0.36525990015779375,GOOD,58.93958968835168,58.64561366049322,1.4661403415123306,0,0.0,80.0,1,1,1,0,0.9999974966049194,1,0,1,0.3713042736053467,0.1733415126800537,0.17381396889686584,0.28154024481773376,1,0,1,1,0.16461582258983135,0.0,0.1,0.10064407756796243
95,95,0,0,0.0,0.9999823570251465,0.29283885887878663,13.410942555866278,0.20000000000000018,0.0,3,0.3904570595698902,GOOD,73.30099405625538,73.2287865372142,1.8307196634303553,0,0.0,80.0,1,1,1,0,0.9999823570251465,1,0,1,0.133197620511055,0.2333107590675354,0.43567973375320435,0.19781193137168884,0,1,1,1,0.0,0.1,0.19045705956989015,0.1
96,96,0,1,6.2,0.9997196793556213,0.39551731177880894,16.08375379097644,0.0,0.0,3,0.4537761594482403,GOOD,81.90023589741098,81.73369684077191,2.043342421019298,0,0.0,80.0,1,1,1,0,0.9997196793556213,1,0,1,0.1839340776205063,0.1341700702905655,0.0651838481426239,0.6167119741439819,1,1,0,1,0.1,0.1,0.0,0.2537761594482403
97,97,0,0,0.0,0.9999796152114868,0.37405947942912604,15.907954452736401,3.2,0.11649536483812284,3,0.4412952563114465,GOOD,44.156949317208344,43.340185406475086,1.0835046351618771,0,0.0,80.0,1,1,1,0,0.9999796152114868,1,0,1,0.017713524401187897,0.06463956832885742,0.38790589570999146,0.5297410488128662,0,1,1,1,0.0,0.1,0.1288152567785626,0.2124799995328839
98,98,0,0,0.0,0.9999970197677612,0.36154928062886654,15.014007681578597,0.20000000000000018,0.0,3,0.43385307243045323,GOOD,107.48599612782021,105.54554468116085,2.6386386170290215,0,0.0,80.0,1,1,1,0,0.9999970197677612,1,0,1,0.247414693236351,0.5564295649528503,0.10093970596790314,0.09521608054637909,1,1,1,0,0.1,0.23385307243045325,0.1,0.0
99,99,0,1,6.2,0.9999959468841553,0.30654513720007986,14.890260279499614,0.0,0.0,3,0.3994902111187666,WEAK,16.436465844924683,13.692864156312373,0.34232160390780936,0,0.0,80.0,1,1,1,0,0.9999959468841553,1,0,1,0.4596221148967743,0.039916619658470154,0.2767846882343292,0.2236766219139099,1,0,1,1,0.19949021111876655,0.0,0.1,0.1
100,100,1,0,0.0,0.9992470741271973,0.37682199067830324,15.802688461990595,3.2,0.8275632583711122,3,0.44292178985871167,WEAK,16.02193438240632,14.897469665155509,0.37243674162888774,0,0.0,80.0,1,1,1,1,0.9992470741271973,1,1,1,0.1257103830575943,0.5834911465644836,0.23197656869888306,0.058821890503168106,1,1,1,0,0.1,0.24292178985871163,0.1,0.0
101,101,1,0,0.0,0.9798672199249268,0.4010513469090891,16.266292985694104,0.20000000000000018,0.5964311390764876,3,0.4569397251115186,WEAK,11.25601166342746,9.245284771784986,0.23113211929462465,0,0.0,80.0,1,1,1,1,0.9798672199249268,1,1,1,0.5129095315933228,0.4647311270236969,0.004873333964496851,0.017486028373241425,1,1,0,1,0.19219293511867644,0.16474678999284217,0.0,0.1
102,102,1,1,6.2,0.997858464717865,0.33598107341123234,15.023435634984711,0.0,0.4057266181324018,3,0.41823110861093216,WEAK,8.931610929806363,7.6281808377634315,0.1907045209440858,0,0.0,80.0,1,1,1,1,0.997858464717865,1,1,1,0.19818070530891418,0.5112944841384888,0.22781024873256683,0.06271454691886902,1,1,1,0,0.1,0.21823110861093217,0.1,0.0
103,103,1,0,0.0,0.9999237060546875,0.5966764777697126,22.096373897488554,3.2,1.5065681719422015,3,0.5573504872932495,WEAK,4.515831397171223,3.966337847608008,0.0991584461902002,0,0.0,80.0,1,1,1,1,0.9999237060546875,1,1,1,0.9792411923408508,0.01596684567630291,0.002551166107878089,0.0022408165968954563,1,1,1,0,0.3573504872932496,0.1,0.1,0.0
104,104,1,0,0.0,0.9843493103981018,0.3943236701823083,15.826207694211408,0.20000000000000018,1.3681702344299655,3,0.453090910834682,WEAK,6.186258929519727,5.53591750048944,0.138397937512236,0,0.0,80.0,1,1,1,1,0.9843493103981018,1,1,1,0.40172672271728516,0.03413095697760582,0.0031623125541955233,0.5609800219535828,1,1,0,1,0.13079863125951008,0.1,0.0,0.22229227957517192
105,105,1,1,6.2,0.7965403199195862,0.5055947139277753,19.32404303556601,0.0,1.1919002754416552,3,0.5130505869733694,WEAK,7.894920159425818,7.050798359532413,0.17626995898831033,0,0.0,80.0,1,1,0,2,0.7965403199195862,0,1,1,0.14190341532230377,0.8140959143638611,0.016988549381494522,0.02701210044324398,1,1,0,1,0.1,0.3130505869733694,0.0,0.1
106,106,1,0,0.0,0.9997991919517517,0.45518232799685904,17.403206214807973,3.2,2.243616334753074,3,0.4868011805855028,WEAK,7.343776542283136,5.93135762754325,0.14828394068858125,0,0.0,80.0,1,1,1,1,0.9997991919517517,1,1,1,0.7233551144599915,0.12023583054542542,0.06479430943727493,0.09161479771137238,1,1,0,1,0.28680118058550286,0.1,0.0,0.1
107,107,1,0,0.0,0.9998525381088257,0.48179061585625754,18.742401750338423,0.20000000000000018,2.243616334753074,3,0.5008274160991011,DOWN,0.0,0.0,0.0,1,0.0,80.0,1,1,1,1,0.9998525381088257,1,1,1,0.18529176712036133,0.7711833715438843,0.02863549068570137,0.014889351092278957,1,1,1,0,0.1,0.30082741609910113,0.1,0.0
108,108,1,1,6.2,0.9751154184341431,0.34445572428515203,14.261983024980477,0.0,2.0716252614006203,3,0.42347290647981917,WEAK,7.9105016900843985,6.879642934098145,0.17199107335245364,0,0.0,80.0,1,1,1,1,0.9751154184341431,1,1,1,0.15990221500396729,0.18604104220867157,0.5262300968170166,0.12782666087150574,1,1,1,0,0.1,0.1,0.22347290647981913,0.0
109,109,1,0,0.0,0.9999685287475586,0.4502186693064452,18.03072277962586,3.2,2.9866102868751376,3,0.48413967742007924,WEAK,13.746572130081837,11.400598981019312,0.2850149745254828,0,0.0,80.0,1,1,1,1,0.9999685287475586,1,1,1,0.7144502401351929,0.15297655761241913,0.011063721962273121,0.12150949239730835,1,1,0,1,0.2841396774200793,0.1,0.0,0.1
110,110,1,0,0.0,0.9998074173927307,0.6035699961943882,22.319408888531427,0.20000000000000018,2.683009734322323,3,0.5605608303292062,WEAK,13.392517326817174,12.144022102112576,0.30360055255281443,0,0.0,80.0,1,1,1,1,0.9998074173927307,1,1,1,0.0009427090408280492,0.9917949438095093,0.0010267351754009724,0.0062355706468224525,0,1,1,1,0.0,0.36056083032920627,0.1,0.1
111,111,1,1,6.2,0.9989376664161682,0.5070645002625392,19.24037913524139,0.0,2.5636853041755585,3,0.5137957762365702,WEAK,5.64328267626293,4.772977205870584,0.1193244301467646,0,0.0,80.0,1,1,1,1,0.9989376664161682,1,1,1,0.8167492151260376,0.025803348049521446,0.1080828607082367,0.04936463013291359,1,0,1,1,0.3137957762365703,0.0,0.1,0.1
112,112,1,0,0.0,0.9998743534088135,0.6047192318870959,22.352663667872257,3.2,3.6697975774993794,3,0.5610942482861094,WEAK,4.3778510714277905,3.755509067047155,0.09388772667617888,0,0.0,80.0,1,1,1,1,0.9998743534088135,1,1,1,0.9938884973526001,0.00028284924337640405,0.0027670515701174736,0.003061598399654031,1,0,1,1,0.3610942482861095,0.0,0.1,0.1
113,113,1,0,0.0,0.9994377493858337,0.41851734952532027,17.337087326845527,0.20000000000000018,1.2225089073083233,3,0.46678367576546687,GOOD,98.05725026171416,97.89154680764224,2.4472886701910563,0,0.0,80.0,1,1,1,1,0.9994377493858337,1,1,1,0.6577150821685791,0.2520243227481842,0.0036142603494226933,0.08664629608392715,1,1,0,1,0.2667836757654669,0.1,0.0,0.1
114,114,1,1,6.2,0.9973510503768921,0.5161246622359722,19.462342431021963,0.0,1.1323522671692352,3,0.5183656708132008,WEAK,4.4733427406804385,3.606265605563528,0.0901566401390882,0,0.0,80.0,1,1,1,1,0.9973510503768921,1,1,1,0.833113968372345,0.11260512471199036,0.027193477377295494,0.027087422087788582,1,1,1,0,0.3183656708132009,0.1,0.1,0.0
115,115,1,0,0.0,0.9999481439590454,0.4068440451321473,15.925651048674482,3.2,2.0682854057292506,3,0.46022786327764087,WEAK,12.686276080394373,10.562674457599373,0.2640668614399843,0,0.0,80.0,1,1,1,1,0.9999481439590454,1,1,1,0.124125175178051,0.6368869543075562,0.1455506831407547,0.09343718737363815,1,1,1,0,0.1,0.2602278632776409,0.1,0.0
116,116,1,0,0.0,0.9998643398284912,0.49931760511779105,19.124720834649473,0.20000000000000018,1.6344394684535881,3,0.5098558021058085,WEAK,19.028487130711945,17.353837491026507,0.4338459372756627,0,0.0,80.0,1,1,1,1,0.9998643398284912,1,1,1,0.8027690052986145,0.07956275343894958,0.019520927220582962,0.09814726561307907,1,1,0,1,0.30985580210580854,0.1,0.0,0.1
117,117,1,1,6.2,0.9977520108222961,0.5715970212114381,21.23959734239412,0.0,1.5548803879813824,3,0.545511493052333,WEAK,3.710885556159222,3.1823632188882236,0.0795590804722056,0,0.0,80.0,1,1,1,1,0.9977520108222961,1,1,1,0.010560738854110241,0.9336303472518921,0.04202978312969208,0.013779141940176487,0,1,1,1,0.0,0.3455114930523331,0.1,0.1
118,118,1,0,0.0,0.9932208061218262,0.45487376626062664,17.629334134937462,3.2,2.4919863908348687,3,0.48663615475641686,WEAK,12.169111006503954,10.51575988586055,0.2628939971465138,0,0.0,80.0,1,1,1,2,0.9932208061218262,0,1,1,0.19744756817817688,0.7228013873100281,0.00011483281559776515,0.07963613420724869,1,1,0,1,0.1,0.2866361547564169,0.0,0.1
119,119,1,0,0.0,0.992398202419281,0.42187499866812517,17.23598333633575,0.20000000000000018,2.2537401502711303,3,0.4686523735172091,WEAK,11.40737195923621,9.529849622549527,0.2382462405637382,0,0.0,80.0,1,1,1,1,0.992398202419281,1,1,1,0.1492920070886612,0.6637125015258789,0.020578227937221527,0.16641727089881897,1,1,0,1,0.1,0.26865237351720916,0.0,0.1
120,120,1,1,6.2,0.9407687187194824,0.4363172164618187,17.48964883485844,0.0,2.0202603006431765,3,0.4766066541510288,WEAK,10.858757880357725,9.339193985118166,0.23347984962795418,0,0.0,80.0,1,1,1,6,0.9407687187194824,0,6,0,0.027046283707022667,0.2071574330329895,0.07625503838062286,0.689541220664978,0,1,1,1,0.0,0.1,0.1,0.2766066541510288
121,121,1,0,0.0,0.9772483706474304,0.3757621838353587,16.117883147664166,3.2,3.2202603006431763,3,0.44229849547331557,DOWN,0.0,0.0,0.0,1,0.0,80.0,1,1,1,1,0.9772483706474304,1,1,1,0.5816109776496887,0.05509811267256737,0.328754186630249,0.0345366932451725,1,1,1,0,0.24229849547331558,0.1,0.1,0.0
122,122,1,0,0.0,0.9831137657165527,0.5187596803706347,19.649992870212856,0.20000000000000018,1.9882181906034235,3,0.5196872158892526,GOOD,49.36828527200884,49.281684401590105,1.2320421100397527,0,0.0,80.0,1,1,1,1,0.9831137657165527,1,1,1,0.8378763198852539,0.0038771256804466248,0.1522713303565979,0.0059753055684268475,1,0,1,1,0.31968721588925264,0.0,0.1,0.1
123,123,1,1,6.2,0.9992807507514954,0.5484910908183254,20.449206249035548,0.0,0.17945351223657102,3,0.5343720263310561,GOOD,73.48866406323036,72.3505871346741,1.8087646783668525,0,0.0,80.0,1,1,1,1,0.9992807507514954,1,1,1,0.05151015892624855,0.8916978240013123,0.03690829500555992,0.019883714616298676,1,1,1,0,0.1,0.3343720263310561,0.1,0.0
124,124,1,0,0.0,0.9934952855110168,0.28766832698987255,14.460844320250224,3.2,0.0,3,0.3869946402975766,GOOD,66.69102066625905,65.49276102673977,1.6373190256684944,0,0.0,80.0,1,1,1,1,0.9934952855110168,1,1,1,0.2591429352760315,0.42666879296302795,0.2615080773830414,0.05268020182847977,1,1,1,0,0.1,0.18699464029757654,0.1,0.0
125,125,1,0,0.0,0.9140251278877258,0.2999016819075336,14.423496697735146,0.20000000000000018,0.0,3,0.39513761771875155,GOOD,61.642795272814055,61.193798992983744,1.5298449748245937,0,0.0,80.0,1,1,1,1,0.9140251278877258,1,1,1,0.3059788942337036,0.18573135137557983,0.06266919523477554,0.4456205368041992,1,1,0,1,0.10157234626146713,0.1,0.0,0.1935652714572844
126,126,1,1,6.2,0.9961996674537659,0.6068813013070747,22.437216787886012,0.0,0.0,3,0.5620964012329069,GOOD,52.60893188999997,52.45343738238904,1.3113359345597262,0,0.0,80.0,1,1,1,1,0.9961996674537659,1,1,1,0.00014522744459100068,0.9978276491165161,6.05182685831096e-05,0.0019665956497192383,1,1,0,1,0.1,0.362096401232907,0.0,0.1
127,127,1,0,0.0,0.9863953590393066,0.33531359358076285,14.44884026219835,3.2,0.9795012903788098,3,0.4178154607682163,WEAK,9.882272669577558,8.819948384847603,0.2204987096211901,0,0.0,80.0,1,1,1,1,0.9863953590393066,1,1,1,0.16971424221992493,0.5101191997528076,0.2182711958885193,0.10189542174339294,1,1,1,0,0.1,0.2178154607682163,0.1,0.0
128,128,1,0,0.0,0.9995757937431335,0.38891054563974914,16.449188116541713,0.20000000000000018,0.7375611320403473,3,0.44997023458857377,WEAK,11.953875174552199,9.6776063335385,0.24194015833846252,0,0.0,80.0,1,1,1,1,0.9995757937431335,1,1,1,0.3646688163280487,0.5860128402709961,0.01510208286345005,0.03421621769666672,1,1,0,1,0.11096125403381005,0.2390089805547637,0.0,0.1
129,129,1,1,6.2,0.9994639754295349,0.3835371022867384,15.966016029487292,0.0,0.500131370609286,3,0.4468508803044152,WEAK,10.628652154241726,9.49719045724245,0.23742976143106126,0,0.0,80.0,1,1,1,1,0.9994639754295349,1,1,1,0.4368634819984436,0.5018729567527771,0.05099751800298691,0.010266022756695747,1,1,1,0,0.15449015276481967,0.19236072753959557,0.1,0.0
130,130,1,0,0.0,0.9763450026512146,0.5891124827267402,21.893109828012683,3.2,1.700131370609286,3,0.5538064876315411,DOWN,0.0,0.0,0.0,1,0.0,80.0,1,1,1,1,0.9763450026512146,1,1,1,0.0003744269779417664,0.9654746651649475,0.034088701009750366,6.222373485798016e-05,1,1,1,0,0.1,0.3538064876315411,0.1,0.0
131,131,1,0,0.0,0.8410393595695496,0.33951187787761367,15.155694061520988,0.20000000000000018,1.700131370609286,3,0.4204229477026984,DOWN,0.0,0.0,0.0,1,0.0,80.0,1,1,1,1,0.8410393595695496,1,1,1,0.011714917607605457,0.4234328269958496,0.14775165915489197,0.41710060834884644,0,1,1,1,0.0,0.16217179556800995,0.1,0.1582511521346884
132,132,1,0,0.0,0.9973033666610718,0.42722142615912484,16.933556205451545,0.0,1.700131370609286,3,0.4716126430547535,DOWN,0.0,0.0,0.0,1,0.0,80.0,1,1,1,1,0.9973033666610718,1,1,1,0.03622640296816826,0.12700296938419342,0.6732681393623352,0.1635025292634964,0,1,1,1,0.0,0.1,0.2716126430547535,0.1
133,133,1,1,6.2,0.9999030828475952,0.5059314825681976,19.01582940378272,0.0,0.0,3,0.5132214259695698,GOOD,108.04269433526261,106.6660707569218,2.666651768923045,0,0.0,80.0,1,1,1,1,0.9999030828475952,1,1,1,0.0819098949432373,0.8147038221359253,0.06352855265140533,0.03985767811536789,1,1,1,0,0.1,0.3132214259695698,0.1,0.0
134,134,1,0,0.0,0.9998997449874878,0.35224157779785736,15.14994689683939,3.2,0.0,3,0.4282321165275985,GOOD,87.06063999753766,85.86600022461637,2.146650005615409,0,0.0,80.0,1,1,1,1,0.9998997449874878,1,1,1,0.5267162919044495,0.34227651357650757,0.0665527954697609,0.06445443630218506,1,1,1,0,0.22017349272329825,0.10805862380430023,0.1,0.0
135,135,1,0,0.0,0.9992653727531433,0.29332898080855124,14.764889463586911,0.20000000000000018,0.0,3,0.39078367530824176,GOOD,76.34543694733972,75.08512722057164,1.877128180514291,0,0.0,80.0,1,1,1,1,0.9992653727531433,1,1,1,0.43396681547164917,0.2286330908536911,0.3028146028518677,0.03458549082279205,1,1,1,0,0.18907329007240173,0.1,0.10171038523584006,0.0
136,136,1,1,6.2,0.999942421913147,0.43681170145028486,17.45272749909024,0.0,0.0,3,0.47687665048778394,GOOD,76.68384654388409,76.00547957099876,1.900136989274969,0,0.0,80.0,1,1,1,1,0.999942421913147,1,1,1,0.6904264688491821,0.03051833063364029,0.03527597337961197,0.24377919733524323,1,0,1,1,0.276876650487784,0.0,0.1,0.1
137,137,1,0,0.0,0.9999451637268066,0.4505981667397685,17.78718970109584,3.2,0.0,3,0.4843436794711937,GOOD,113.47535164124434,111.70219933312838,2.7925549833282095,0,0.0,80.0,1,1,1,1,0.9999451637268066,1,1,1,0.7151308655738831,0.15243877470493317,0.10314082354307175,0.02928953617811203,1,1,1,0,0.28434367947119377,0.1,0.1,0.0
138,138,1,0,0.0,0.9524637460708618,0.5851060380283274,21.722912573294266,0.20000000000000018,0.0,3,0.5519201073413772,GOOD,119.76277262700584,117.65686397490931,2.941421599372733,0,0.0,80.0,1,1,1,1,0.9524637460708618,1,1,1,0.009444603696465492,0.9581864476203918,0.0038082210812717676,0.028560683131217957,1,1,0,1,0.1,0.35192010734137724,0.0,0.1
139,139,1,1,6.2,0.9872755408287048,0.5152261405060364,19.78102256920089,0.0,0.0,3,0.5179142627119155,GOOD,106.95172637287506,106.7240913198063,2.6681022829951577,0,0.0,80.0,1,1,1,1,0.9872755408287048,1,1,1,0.0631023645401001,0.8314903378486633,0.002372012473642826,0.10303530097007751,1,1,0,1,0.1,0.3179142627119156,0.0,0.1
140,140,1,0,0.0,0.9611164331436157,0.5793189565904092,21.575501582818077,3.2,1.2,3,0.5491838993689809,DOWN,0.0,0.0,0.0,1,0.0,80.0,1,1,1,2,0.9611164331436157,0,1,1,0.0052169011905789375,0.947663426399231,0.04700176790356636,0.00011792989971581846,1,1,1,0,0.1,0.349183899368981,0.1,0.0
141,141,1,0,0.0,0.9997305274009705,0.38268078922073295,15.94590217933896,0.20000000000000018,1.2,3,0.4463517655333261,DOWN,0.0,0.0,0.0,1,0.0,80.0,1,1,1,1,0.9997305274009705,1,1,1,0.2764292061328888,0.07309159636497498,0.5938910841941833,0.056588124483823776,1,1,1,0,0.1,0.1,0.24635176553332608,0.0
142,142,1,0,0.0,0.9990921020507812,0.554777821189863,20.85750711541629,0.0,1.2,3,0.537425750704926,DOWN,0.0,0.0,0.0,1,0.0,80.0,1,1,1,1,0.9990921020507812,1,1,1,0.0425509475171566,0.9030981659889221,0.003033615415915847,0.05131730064749718,1,1,0,1,0.1,0.3374257507049261,0.0,0.1
143,143,1,1,6.2,0.999941349029541,0.3523734689706622,15.445738322307928,0.0,0.0,3,0.42831228132588084,GOOD,111.76267191173002,111.69785067248515,2.792446266812129,0,0.0,80.0,1,1,1,1,0.999941349029541,1,1,1,0.5402064919471741,0.21570263803005219,0.1918090581893921,0.05228179693222046,1,1,1,0,0.22831228132588086,0.1,0.1,0.0
144,144,1,0,0.0,0.9998201727867126,0.561103789209334,20.942328568147346,3.2,0.0,3,0.5404811192629627,GOOD,51.441750013330804,50.64258396886163,1.266064599221541,0,0.0,80.0,1,1,1,1,0.9998201727867126,1,1,1,0.021028639748692513,0.9145763516426086,0.05428827926516533,0.010106625966727734,1,1,1,0,0.1,0.34048111926296276,0.1,0.0
145,145,1,0,0.0,0.6429198980331421,0.28763774763391836,14.698372760953056,0.20000000000000018,0.0,3,0.38697407084265856,GOOD,112.85105817047082,111.36984505981832,2.784246126495458,0,0.0,80.0,1,1,0,2,0.6429198980331421,0,1,1,0.29431214928627014,0.42661553621292114,0.031240029260516167,0.24783222377300262,1,1,0,1,0.1,0.18697407084265857,0.0,0.1
146,146,1,1,6.2,0.990390419960022,0.4440504910460322,17.938261556086875,0.0,0.0,3,0.48081178482988063,GOOD,40.43438673029604,40.39261160641121,1.0098152901602802,0,0.0,80.0,1,1,1,1,0.990390419960022,1,1,1,0.20525653660297394,0.7033923268318176,0.08390719443559647,0.00744396960362792,1,1,1,0,0.1,0.2808117848298807,0.1,0.0
147,147,1,0,0.0,0.6062228679656982,0.26050850141401133,12.889882980655418,3.2,0.0,3,0.3682729975658784,GOOD,104.11854486875322,103.62178941759201,2.5905447354398006,0,0.0,80.0,1,1,0,1,0.6062228679656982,1,1,1,0.24028122425079346,0.12266602367162704,0.2575114667415619,0.3795412480831146,1,0,1,1,0.1,0.0,0.1,0.16827299756587835
148,148,1,0,0.0,0.9997560381889343,0.46845153672985945,18.543612794853512,0.20000000000000018,0.0,3,0.4938456815962743,GOOD,44.57855521226083,43.86443898480901,1.0966109746202253,0,0.0,80.0,1,1,1,1,0.9997560381889343,1,1,1,0.7471873164176941,0.20497213304042816,0.04234396293759346,0.005496562458574772,1,1,1,0,0.29384568159627433,0.1,0.1,0.0
149,149,1,1,6.2,0.9998666048049927,0.48856128417409894,18.78159132521067,0.0,0.0,3,0.504334236145318,WEAK,15.89795118387885,13.438250103063368,0.33595625257658424,0,0.0,80.0,1,1,1,1,0.9998666048049927,1,1,1,0.1578461229801178,0.7833775281906128,0.02444649115204811,0.03432994708418846,1,1,0,1,0.1,0.30433423614531807,0.0,0.1
150,150,2,0,0.0,0.9999990463256836,0.6077979930372188,22.465520511044712,3.2,1.1373955577170456,3,0.5625207632047486,WEAK,2.722723391847196,2.504177691318175,0.06260444228295438,0,0.0,80.0,1,1,1,2,0.9999990463256836,1,2,1,3.868196654366329e-05,0.9994980096817017,3.379985719220713e-05,0.0004295445396564901,1,1,0,1,0.1,0.3625207632047487,0.0,0.1
151,151,2,0,0.0,0.6972483396530151,0.29289144250305893,13.871114022768772,0.20000000000000018,0.0,3,0.3904921142169828,GOOD,80.36247921543892,79.16477590595055,1.9791193976487638,0,0.0,80.0,1,1,0,2,0.6972483396530151,1,2,1,0.33814725279808044,0.39764708280563354,0.08534111082553864,0.1788645088672638,1,1,0,1,0.12541429434287404,0.16507781987410877,0.0,0.1
152,152,2,1,6.2,0.999771773815155,0.5604837451239777,20.85757785248379,0.0,0.0,3,0.5401824091490677,GOOD,108.0904879809548,107.75494701907597,2.6938736754768993,0,0.0,80.0,1,1,1,2,0.999771773815155,1,2,1,0.027268273755908012,0.04430506378412247,0.014975637197494507,0.9134510159492493,1,1,0,1,0.1,0.1,0.0,0.3401824091490677
153,153,2,0,0.0,0.9999371767044067,0.5580135002310739,20.804818518672732,3.2,0.0,3,0.5389907096848221,GOOD,55.44331926951233,55.14308399162578,1.3785770997906446,0,0.0,80.0,1,1,1,2,0.9999371767044067,1,2,1,0.05419287830591202,0.9089683294296265,0.023406395688652992,0.01343233697116375,1,1,1,0,0.1,0.33899070968482214,0.1,0.0
154,154,2,0,0.0,0.9998301267623901,0.5842490738495577,21.71070224866564,0.20000000000000018,0.0,3,0.5515157797140657,GOOD,118.41638279189455,116.96804715710822,2.9242011789277056,0,0.0,80.0,1,1,1,2,0.9998301267623901,1,2,1,0.003316263435408473,0.9566278457641602,0.0052193449810147285,0.03483650088310242,0,1,1,1,0.0,0.3515157797140658,0.1,0.1
155,155,2,1,6.2,0.9999970197677612,0.5991703727138523,22.16238771672643,0.0,0.0,3,0.5585140359188228,GOOD,89.30471759420263,89.22907551322612,2.230726887830653,0,0.0,80.0,1,1,1,2,0.9999970197677612,1,2,1,0.0070694321766495705,0.9837819933891296,0.002993987174704671,0.006154537200927734,1,1,0,1,0.1,0.3585140359188228,0.0,0.1
156,156,2,0,0.0,0.9999948740005493,0.44714847752657966,17.75949391195438,3.2,0.0,3,0.48248609827693223,GOOD,96.76626280804966,96.43120411432342,2.4107801028580855,0,0.0,80.0,1,1,1,2,0.9999948740005493,1,2,1,0.025509247556328773,0.08544520288705826,0.708945095539093,0.1801004856824875,0,1,1,1,0.0,0.1,0.2824860982769323,0.1
157,157,2,0,0.0,0.9999765157699585,0.41990728809452516,17.142547893531894,0.20000000000000018,0.0,3,0.4675581512377932,GOOD,54.682658310425516,53.61084848253568,1.3402712120633922,0,0.0,80.0,1,1,1,2,0.9999765157699585,1,2,1,0.025793660432100296,0.6601974368095398,0.034419260919094086,0.27958962321281433,0,1,1,1,0.0,0.26755815123779325,0.1,0.1
158,158,2,1,6.2,0.9999486207962036,0.4995606972002178,19.402428450140935,0.0,0.0,3,0.5099798982981274,GOOD,102.72647586731264,101.41895614336683,2.5354739035841707,0,0.0,80.0,1,1,1,2,0.9999486207962036,1,2,1,0.18052534759044647,0.803207516670227,9.99999993922529e-09,0.016267139464616776,1,1,0,1,0.1,0.30997989829812744,0.0,0.1
159,159,2,0,0.0,0.9999865293502808,0.4097884631933379,16.91526706689531,3.2,0.0,3,0.46189024507685406,GOOD,51.61042037320398,50.6339259785747,1.2658481494643676,0,0.0,80.0,1,1,1,2,0.9999865293502808,1,2,1,0.6421371698379517,0.02652731165289879,0.2671523988246918,0.06418313831090927,1,0,1,1,0.2618902450768541,0.0,0.1,0.1
160,160,2,0,0.0,0.9999533891677856,0.30805614174737056,13.96627411200603,0.20000000000000018,0.0,3,0.4004735728389114,GOOD,86.24137726460337,85.03438443984338,2.1258596109960846,0,0.0,80.0,1,1,1,2,0.9999533891677856,1,2,1,0.22092562913894653,0.46226635575294495,0.10810963809490204,0.20869840681552887,1,1,0,1,0.1,0.20047357283891135,0.0,0.1
161,161,2,1,6.2,0.9999599456787109,0.5268782722817681,19.686523011095563,0.0,0.0,3,0.5237379827092604,GOOD,115.24755277564148,114.90540816914599,2.87263520422865,0,0.0,80.0,1,1,1,2,0.9999599456787109,1,2,1,0.031798526644706726,0.852557361125946,0.046516451984643936,0.069127656519413,0,1,1,1,0.0,0.32373798270926046,0.1,0.1
162,162,2,0,0.0,0.999984622001648,0.2982968856156308,13.773397692372956,3.2,0.0,3,0.3940789941781374,GOOD,72.32275125926128,71.63688751771545,1.7909221879428863,0,0.0,80.0,1,1,1,2,0.999984622001648,1,2,1,0.15097670257091522,0.32722896337509155,0.10104011744260788,0.42075419425964355,1,1,0,1,0.1,0.11615053151941693,0.0,0.1779284626587205
163,163,2,0,0.0,0.9997523427009583,0.391423855179752,16.795570105999687,0.20000000000000018,0.0,3,0.45142184506866967,GOOD,50.72756878982123,50.445446862273506,1.2611361715568377,0,0.0,80.0,1,1,1,2,0.9997523427009583,1,2,1,0.3507842421531677,0.6054816842079163,0.004679790232330561,0.0390542671084404,1,1,0,1,0.1022764679749511,0.24914537709371856,0.0,0.1
164,164,2,1,6.2,0.9969518184661865,0.34617900828240744,15.407400599323267,0.0,0.0,3,0.42453088515469983,GOOD,74.232257094508,73.32515740104468,1.833128935026117,0,0.0,80.0,1,1,1,2,0.9969518184661865,1,2,1,0.047318197786808014,0.15100280940532684,0.27240878343582153,0.5292702317237854,0,1,1,1,0.0,0.1,0.1,0.2245308851546998
165,165,2,0,0.0,0.9999096393585205,0.4004801302586034,16.387551156322782,3.2,0.0,3,0.45661419997978553,GOOD,72.94487172684562,72.34849909721807,1.8087124774304517,0,0.0,80.0,1,1,1,2,0.9999096393585205,1,2,1,0.14037907123565674,0.183493971824646,0.05057959631085396,0.6255473494529724,1,1,0,1,0.1,0.1,0.0,0.2566141999797855
166,166,2,0,0.0,0.9999949932098389,0.5570486304019348,20.888681214240307,0.20000000000000018,0.0,3,0.5385245194604877,GOOD,87.06449987272066,86.51243970506012,2.162810992626503,0,0.0,80.0,1,1,1,2,0.9999949932098389,1,2,1,0.04310419782996178,0.9072176814079285,0.0056528449058532715,0.0440252423286438,1,1,0,1,0.1,0.3385245194604878,0.0,0.1
167,167,2,1,6.2,0.9999792575836182,0.3993077432981658,16.161774690138017,0.0,0.0,3,0.4559453516956895,GOOD,73.47200353254883,72.77529398096638,1.8193823495241597,0,0.0,80.0,1,1,1,2,0.9999792575836182,1,2,1,0.010009651072323322,0.5042110681533813,0.016218824312090874,0.4695603847503662,0,1,1,1,0.0,0.1878640555517481,0.1,0.16808129614394138
168,168,2,0,0.0,0.982622504234314,0.5831705122861222,21.53798823428655,3.2,0.0,3,0.5510064776612688,GOOD,85.79663464976926,84.82580814904,2.120645203726,0,0.0,80.0,1,1,1,2,0.982622504234314,1,2,1,0.016746627166867256,0.9546663761138916,0.01352546364068985,0.015061464160680771,1,1,0,1,0.1,0.3510064776612688,0.0,0.1
169,169,2,0,0.0,0.9996938705444336,0.30151836607453114,13.559947152492992,0.20000000000000018,0.0,3,0.39620122317239287,GOOD,91.8358785760968,90.63754331694287,2.265938582923572,0,0.0,80.0,1,1,1,2,0.9996938705444336,1,2,1,0.1259315013885498,0.42502444982528687,0.3302169442176819,0.11882709711790085,1,1,1,0,0.1,0.1792453559152795,0.11695586725711338,0.0
170,170,2,1,6.2,0.9999915361404419,0.5481399732714712,20.519386883990514,0.0,0.0,3,0.5342009593481536,GOOD,102.99457775887632,101.86339988052616,2.546584997013154,0,0.0,80.0,1,1,1,2,0.9999915361404419,1,2,1,0.07811000198125839,0.8910613059997559,0.01410924643278122,0.016719471663236618,1,1,0,1,0.1,0.33420095934815364,0.0,0.1
171,171,2,0,0.0,0.9457829594612122,0.43975349766489563,16.96234670025051,3.2,0.0,3,0.4784797667238898,GOOD,90.08099847528456,89.4312310193903,2.2357807754847574,0,0.0,80.0,1,1,1,3,0.9457829594612122,0,2,1,0.6956942081451416,0.09720434993505478,0.06854144483804703,0.13856002688407898,1,1,0,1,0.27847976672388985,0.1,0.0,0.1
172,172,2,0,0.0,0.9999717473983765,0.5592866785889832,20.82995771107617,0.20000000000000018,0.0,3,0.5396052470763375,GOOD,98.93645507857762,97.18250389090039,2.42956259727251,0,0.0,80.0,1,1,1,2,0.9999717473983765,1,2,1,0.058348748832941055,0.9112786054611206,0.014496332965791225,0.015876226127147675,1,1,0,1,0.1,0.33960524707633755,0.0,0.1
173,173,2,1,6.2,0.9995027780532837,0.38484625409735534,15.640487508399108,0.0,0.0,3,0.4476128630238364,WEAK,11.065392653295786,9.64856575577956,0.241214143894489,0,0.0,80.0,1,1,1,2,0.9995027780532837,1,2,1,0.19115906953811646,0.5977375507354736,0.1293182224035263,0.08178511261940002,1,1,1,0,0.1,0.24761286302383642,0.1,0.0
174,174,2,0,0.0,0.9999864101409912,0.5339908587830551,20.187975460665424,3.2,1.0421264907557735,3,0.5272612291656439,WEAK,7.660112451395623,6.314940369769061,0.15787350924422652,0,0.0,80.0,1,1,1,2,0.9999864101409912,1,2,1,0.009642641991376877,0.09833310544490814,0.8654290437698364,0.02659527026116848,0,1,1,1,0.0,0.1,0.32726122916564393,0.1
175,175,2,0,0.0,0.9999984502792358,0.35714693057682256,15.41343021122355,0.20000000000000018,0.9462017109353261,3,0.431203609421857,WEAK,4.085421038034831,3.8369911928178917,0.0959247798204473,0,0.0,80.0,1,1,1,2,0.9999984502792358,1,2,1,0.023369379341602325,0.46338850259780884,0.09668567031621933,0.41655653715133667,0,1,1,1,0.0,0.17973752226016185,0.1,0.1514660871616951
176,176,2,1,6.2,0.9911075234413147,0.4866786795207324,18.664809953541045,0.0,0.8781035392538564,3,0.503361606474429,WEAK,3.000222504323802,2.7239268672587893,0.06809817168146974,0,0.0,80.0,1,1,1,2,0.9911075234413147,1,2,1,0.029431963339447975,0.7799859642982483,0.056280042976140976,0.13430200517177582,0,1,1,1,0.0,0.303361606474429,0.1,0.1
177,177,2,0,0.0,0.9995501637458801,0.5172698265923179,19.84144196100102,3.2,1.9626679863396443,3,0.5189404205045941,WEAK,5.1139000134486885,4.617422116568477,0.11543555291421193,0,0.0,80.0,1,1,1,2,0.9995501637458801,1,2,1,0.8351835012435913,0.11531347781419754,0.0019307394977658987,0.04757228121161461,1,1,0,1,0.31894042050459415,0.1,0.0,0.1
178,178,2,0,0.0,0.999988317489624,0.5388919862049575,20.20016508296276,0.20000000000000018,1.915914676315896,3,0.5296753827994767,WEAK,2.264291184081274,1.870132400949934,0.04675331002374836,0,0.0,80.0,1,1,1,2,0.999988317489624,1,2,1,0.07611464709043503,0.018514661118388176,0.03106680139899254,0.8743038773536682,1,0,1,1,0.1,0.0,0.1,0.3296753827994766
179,179,2,1,6.2,0.9999947547912598,0.34804682652035895,16.095397411164456,0.0,1.714284882633475,3,0.42567462841410786,WEAK,8.700708317447868,8.065191747296852,0.20162979368242132,0,0.0,80.0,1,1,1,2,0.9999947547912598,1,2,1,0.532566487789154,0.21187275648117065,9.99999993922529e-09,0.2555607259273529,1,1,0,1,0.22567462841410788,0.1,0.0,0.1
180,180,2,0,0.0,0.7401291728019714,0.5891578880520475,21.865357002069025,3.2,2.8213095414114946,3,0.5538278292937553,WEAK,4.154106005568098,3.7190136488792063,0.09297534122198016,0,0.0,80.0,1,1,0,8,0.7401291728019714,0,2,1,0.0017858142964541912,0.9655572772026062,0.0010590307647362351,0.03159786015748978,1,1,0,1,0.1,0.35382782929375534,0.0,0.1
181,181,2,0,0.0,0.9999253749847412,0.5443834471742758,20.40912765928624,0.20000000000000018,2.8213095414114946,3,0.532367312894336,DOWN,0.0,0.0,0.0,1,0.0,80.0,1,1,1,2,0.9999253749847412,1,2,1,0.014437268488109112,0.018878012895584106,0.0824320837855339,0.884252667427063,0,1,1,1,0.0,0.1,0.1,0.3323673128943361
182,182,2,0,0.0,0.9999988079071045,0.5771510779107043,21.37042561953585,0.0,2.8213095414114946,3,0.5481553813572804,DOWN,0.0,0.0,0.0,1,0.0,80.0,1,1,1,2,0.9999988079071045,1,2,1,0.024558115750551224,0.9437227845191956,0.012827036902308464,0.018892044201493263,1,1,0,1,0.1,0.3481553813572804,0.0,0.1
183,183,2,0,0.0,0.999992847442627,0.46882722659114584,17.62665105420827,0.0,2.8213095414114946,3,0.49404366966704566,DOWN,0.0,0.0,0.0,1,0.0,80.0,1,1,1,2,0.999992847442627,1,2,1,0.09035258740186691,0.0723363608121872,0.08944841474294662,0.7478626370429993,1,0,1,1,0.1,0.0,0.1,0.29404366966704565
184,184,2,1,6.2,0.9997349381446838,0.33196743924325717,14.481381473913522,0.0,2.5178664035867984,3,0.4157255060722522,WEAK,14.377970884989665,12.137725512987855,0.3034431378246964,0,0.0,80.0,1,1,1,2,0.9997349381446838,1,2,1,0.06778305023908615,0.3963967263698578,0.10857689380645752,0.42724326252937317,0,1,1,1,0.0,0.148205411427019,0.1,0.16752009464523318
185,185,2,0,0.0,0.9999942779541016,0.5952679150075512,22.081133553388533,3.2,3.396931047376036,3,0.5566922352590946,WEAK,13.535995422550869,12.8374142484305,0.3209353562107625,0,0.0,80.0,1,1,1,2,0.9999942779541016,1,2,1,0.0014599045971408486,0.9766769409179688,0.0003630099236033857,0.021500052884221077,1,1,0,1,0.1,0.35669223525909466,0.0,0.1
186,186,2,0,0.0,0.9999686479568481,0.3496483050179962,14.9632328222247,0.20000000000000018,3.1319878455156314,3,0.42665283927491615,WEAK,11.451589453410701,10.597728074416183,0.2649432018604046,0,0.0,80.0,1,1,1,2,0.9999686479568481,1,2,1,0.28924980759620667,0.08366134017705917,0.09169524163007736,0.5353936553001404,1,0,1,1,0.1,0.0,0.1,0.2266528392749161
187,187,2,1,6.2,0.9999847412109375,0.26477428421935395,13.345375644280173,0.0,2.7902233505751983,3,0.37127595837245675,WEAK,17.05347722990428,13.67057979761731,0.34176449494043276,0,0.0,80.0,1,1,1,2,0.9999847412109375,1,2,1,0.3715645968914032,0.3006133437156677,0.10831601917743683,0.21950602531433105,1,1,0,1,0.16051057453495607,0.11076538383750073,0.0,0.1
188,188,2,0,0.0,0.9999896287918091,0.5713159383041058,21.3520201189638,3.2,3.647537506040862,3,0.5453773488861688,WEAK,17.10325515587084,13.707433781373462,0.3426858445343366,0,0.0,80.0,1,1,1,2,0.9999896287918091,1,2,1,0.0018434394150972366,0.9331197142601013,0.04109929874539375,0.023937586694955826,0,1,1,1,0.0,0.3453773488861689,0.1,0.1
189,189,2,0,0.0,0.9999465942382812,0.24646718696193168,12.68185574546397,0.20000000000000018,1.7659364937593776,3,0.3582106391731441,GOOD,75.85964906034809,75.26404049125937,1.8816010122814841,0,0.0,80.0,1,1,1,2,0.9999465942382812,1,2,1,0.22105412185192108,0.35334479808807373,0.14840123057365417,0.27719977498054504,1,1,0,1,0.1,0.15677224528712644,0.0,0.10143839388601764
190,190,2,1,6.2,0.9952303171157837,0.3973677519013769,16.370751573690935,0.0,0.0,3,0.4548364237578276,GOOD,100.42641382357957,99.55515638146179,2.488878909536545,0,0.0,80.0,1,1,1,2,0.9952303171157837,1,2,1,0.03049888089299202,0.5366219282150269,3.567786916391924e-05,0.43284353613853455,1,1,0,1,0.1,0.2071150056483819,0.0,0.14772141810944572
191,191,2,0,0.0,0.9941797256469727,0.3073562062467043,13.847851526696004,3.2,0.0,3,0.40001835537246777,GOOD,52.05383790505921,51.8654793725006,1.2966369843125152,0,0.0,80.0,1,1,1,2,0.9941797256469727,1,2,1,0.29022032022476196,0.13280341029167175,0.11593490093946457,0.4610413610935211,1,1,0,1,0.1,0.1,0.0,0.20001835537246773
192,192,2,0,0.0,0.9999871253967285,0.40645846464887675,17.013540324770403,0.20000000000000018,0.0,3,0.46000972447351846,GOOD,43.57192711794231,43.36901066216604,1.084225266554151,0,0.0,80.0,1,1,1,2,0.9999871253967285,1,2,1,0.02807595394551754,0.3213469684123993,0.6361995935440063,0.014377476647496223,1,1,1,0,0.1,0.1,0.26000972447351844,0.0
193,193,2,1,6.2,0.9999856948852539,0.2747679399314547,12.91545020398637,0.0,0.0,3,0.37821779231454666,GOOD,79.21580339212692,78.28668888161089,1.9571672220402723,0,0.0,80.0,1,1,1,2,0.9999856948852539,1,2,1,0.3644167184829712,0.3304153084754944,0.16445156931877136,0.14071641862392426,1,1,1,0,0.1508096228066577,0.12740816950788902,0.1,0.0
194,194,2,0,0.0,0.9999861717224121,0.6060622600185467,22.410420204265833,3.2,0.037462526744090896,3,0.5617169731669587,GOOD,46.72922676455056,46.50149893023636,1.162537473255909,0,0.0,80.0,1,1,1,2,0.9999861717224121,1,2,1,0.00017355028830934316,0.9963353276252747,0.0006300517125055194,0.0028610765002667904,0,1,1,1,0.0,0.3617169731669587,0.1,0.1
195,195,2,0,0.0,0.9999909400939941,0.3437676093004823,15.143053588711766,0.20000000000000018,0.0,3,0.42304971170017025,GOOD,91.00709603827673,89.82555263930222,2.2456388159825553,0,0.0,80.0,1,1,1,2,0.9999909400939941,1,2,1,0.09258423000574112,0.5158083438873291,0.057361796498298645,0.3342456519603729,1,1,0,1,0.1,0.21738384488595083,0.0,0.10566586681421941
196,196,2,1,6.2,0.9841344952583313,0.3779717929465683,15.433825336831678,0.0,0.0,3,0.4435970219248123,GOOD,101.03224152316233,100.91482491996581,2.5228706229991453,0,0.0,80.0,1,1,1,2,0.9841344952583313,1,2,1,0.10752156376838684,0.5855313539505005,0.08706044405698776,0.2198866754770279,1,1,0,1,0.1,0.24359702192481228,0.0,0.1
197,197,2,0,0.0,0.9999982118606567,0.5802356239675251,21.59518318327441,3.2,0.0,3,0.5496182196807167,GOOD,83.1621948209343,82.59925914088669,2.064981478522167,0,0.0,80.0,1,1,1,2,0.9999982118606567,1,2,1,0.033007293939590454,0.9493299126625061,0.003151597222313285,0.014511195942759514,1,1,0,1,0.1,0.3496182196807167,0.0,0.1
198,198,2,0,0.0,0.9982309937477112,0.4274896478332039,17.249748708311717,0.20000000000000018,0.0,3,0.47176066569192454,GOOD,78.60580068698351,77.3974289449923,1.9349357236248075,0,0.0,80.0,1,1,1,2,0.9982309937477112,1,2,1,0.025398338213562965,0.2612297832965851,0.673747718334198,0.039624180644750595,0,1,1,1,0.0,0.1,0.2717606656919246,0.1
199,199,2,1,6.2,0.9999977350234985,0.5771510779107043,21.370439457578684,0.0,0.0,3,0.5481553813572804,GOOD,80.38331863227984,78.92106207564352,1.973026551891088,0,0.0,80.0,1,1,1,2,0.9999977350234985,1,2,1,0.024558115750551224,0.9437227845191956,0.012827036902308464,0.018892044201493263,1,1,0,1,0.1,0.3481553813572804,0.0,0.1
200,200,2,0,0.0,0.991779625415802,0.36731525458265457,15.178932386158404,3.2,0.0,3,0.43729892421127003,GOOD,108.02194390669774,107.28611831036724,2.682152957759181,0,0.0,80.0,1,1,1,8,0.991779625415802,0,2,1,0.5666377544403076,0.10634900629520416,0.23608286678791046,0.09093042463064194,1,1,1,0,0.23729892421127005,0.1,0.1,0.0
201,201,2,0,0.0,0.9999877214431763,0.3320870994510552,15.008770977152114,0.20000000000000018,0.0,3,0.4158004250440509,GOOD,82.51288328036622,82.33963969947546,2.0584909924868864,0,0.0,80.0,1,1,1,2,0.9999877214431763,1,2,1,0.19332119822502136,0.5044403076171875,0.24302302300930023,0.05921545252203941,1,1,1,0,0.1,0.21580042504405086,0.1,0.0
202,202,2,1,6.2,0.9999959468841553,0.5532453126559582,20.726509439296088,0.0,0.0,3,0.5366829496358154,GOOD,113.38701380413409,111.95645012520748,2.7989112531301874,0,0.0,80.0,1,1,1,2,0.9999959468841553,1,2,1,0.00955946370959282,0.9003185033798218,0.07539744675159454,0.014724526554346085,0,1,1,1,0.0,0.33668294963581546,0.1,0.1
203,203,2,0,0.0,0.60662841796875,0.3567326099467455,15.532529964077144,3.2,0.0,3,0.4309534205218569,GOOD,67.1084508487684,66.8512872256399,1.6712821806409974,0,0.0,80.0,1,1,0,2,0.60662841796875,1,2,1,0.051498472690582275,0.25252631306648254,0.14806503057479858,0.5479101538658142,0,1,1,1,0.0,0.1,0.1,0.23095342052185688
204,204,2,0,0.0,0.9999639987945557,0.3953375907336653,16.269615758385697,0.20000000000000018,0.0,3,0.45367305095002214,GOOD,114.19683668032214,113.17315949904466,2.8293289874761167,0,0.0,80.0,1,1,1,2,0.9999639987945557,1,2,1,0.020879579707980156,0.5576964616775513,0.014162118546664715,0.40726175904273987,1,1,0,1,0.1,0.2199946845476404,0.0,0.13367836640238173
205,205,2,1,6.2,0.999904990196228,0.4517332591741659,17.225489722264413,0.0,0.0,3,0.4849533457887623,GOOD,87.87817532461892,87.86531970316848,2.1966329925792123,0,0.0,80.0,1,1,1,2,0.999904990196228,1,2,1,0.10851725190877914,0.10255090147256851,0.07176496088504791,0.7171668410301208,1,1,0,1,0.1,0.1,0.0,0.2849533457887623
206,206,2,0,0.0,0.9999644756317139,0.38804026354892407,15.945603180107348,3.2,0.0,3,0.44946649360995994,GOOD,96.2426772559114,95.02276326143026,2.3755690815357564,0,0.0,80.0,1,1,1,2,0.9999644756317139,1,2,1,0.41087037324905396,0.5378772020339966,0.025917351245880127,0.025335069745779037,1,1,1,0,0.13795528884489613,0.21151120476506377,0.1,0.0
207,207,2,0,0.0,0.999995231628418,0.5006832585154173,18.991636248771634,0.20000000000000018,0.0,3,0.510552563904933,WEAK,13.166438773844792,11.56505905776193,0.28912647644404826,0,0.0,80.0,1,1,1,2,0.999995231628418,1,2,1,0.0317293144762516,0.8052326440811157,0.11302037537097931,0.05001765489578247,0,1,1,1,0.0,0.310552563904933,0.1,0.1
208,208,2,1,6.2,0.9999985694885254,0.5620726367175312,21.110735066837208,0.0,0.0,3,0.5409475373741288,WEAK,18.259901695352955,15.372931039687844,0.3843232759921961,0,0.0,80.0,1,1,1,2,0.9999985694885254,1,2,1,9.99999993922529e-09,0.916334867477417,0.028167251497507095,0.05549793690443039,0,1,1,1,0.0,0.34094753737412886,0.1,0.1
209,209,2,0,0.0,0.9999988079071045,0.39064187780084525,16.329093009837365,3.2,1.2,3,0.45097069965755854,DOWN,0.0,0.0,0.0,1,0.0,80.0,1,1,1,2,0.9999988079071045,1,2,1,0.016916530206799507,0.5746681094169617,0.028554819524288177,0.3798605501651764,0,1,1,1,0.0,0.2317085214130272,0.1,0.11926217824453136
210,210,2,0,0.0,0.9996709823608398,0.5187789047146182,19.27720725199378,0.20000000000000018,1.2,3,0.5196968451584719,DOWN,0.0,0.0,0.0,1,0.0,80.0,1,1,1,2,0.9996709823608398,1,2,1,0.837911069393158,0.05834203585982323,0.045558977872133255,0.058187954127788544,1,1,0,1,0.31969684515847197,0.1,0.0,0.1
211,211,2,0,0.0,0.9938103556632996,0.3465705146371078,15.732353035270883,0.0,1.2,3,0.42477087598262,DOWN,0.0,0.0,0.0,1,0.0,80.0,1,1,1,2,0.9938103556632996,1,2,1,0.02435045689344406,0.5299610495567322,0.2733292579650879,0.17235931754112244,0,1,1,1,0.0,0.22477087598262,0.1,0.1
212,212,2,1,6.2,0.9986995458602905,0.5258451745240365,20.016262297915578,0.0,0.0,3,0.5232242606060358,GOOD,98.59308023950302,97.72528623020301,2.4431321557550754,0,0.0,80.0,1,1,1,2,0.9986995458602905,1,2,1,0.0067165931686758995,0.8506885170936584,0.005990165751427412,0.1366046667098999,1,1,0,1,0.1,0.3232242606060358,0.0,0.1
213,213,2,0,0.0,0.9999831914901733,0.43656366399747387,17.441785619757262,3.2,0.0,3,0.47674123737333907,GOOD,92.32819275858854,90.53736721788084,2.263434180447021,0,0.0,80.0,1,1,1,2,0.9999831914901733,1,2,1,0.2240002304315567,0.6899824142456055,0.05511714145541191,0.030900226905941963,1,1,1,0,0.1,0.2767412373733391,0.1,0.0
214,214,2,0,0.0,0.9999939203262329,0.5495112353926447,20.608650997626405,0.20000000000000018,0.0,3,0.5348687376646235,WEAK,7.188108418782295,6.037558044006514,0.15093895110016287,0,0.0,80.0,1,1,1,2,0.9999939203262329,1,2,1,0.01045052520930767,0.8935472965240479,0.033593423664569855,0.06240876019001007,0,1,1,1,0.0,0.33486873766462355,0.1,0.1
215,215,2,1,6.2,0.9999959468841553,0.5772285033163728,21.48409703443326,0.0,0.0,3,0.5481921479259569,WEAK,8.236871503634879,7.671983015642018,0.19179957539105047,0,0.0,80.0,1,1,1,2,0.9999959468841553,1,2,1,0.00479220412671566,0.9438635110855103,0.007216451223939657,0.04412782937288284,0,1,1,1,0.0,0.348192147925957,0.1,0.1
216,216,2,0,0.0,0.9999961853027344,0.5194126273544692,19.245442083027022,3.2,0.0,3,0.5200141702619799,GOOD,102.18745020233428,101.18662684271405,2.5296656710678516,0,0.0,80.0,1,1,1,2,0.9999961853027344,1,2,1,0.056848715990781784,0.8390566110610962,0.055020883679389954,0.049073725938797,1,1,1,0,0.1,0.32001417026198,0.1,0.0
217,217,2,0,0.0,0.9999696016311646,0.38722690160022727,15.448820034447092,0.20000000000000018,0.0,3,0.4489951885047432,WEAK,10.369522211485755,8.329966325587181,0.20824915813967954,0,0.0,80.0,1,1,1,2,0.9999696016311646,1,2,1,0.0989893451333046,0.10143623501062393,0.19760656356811523,0.6019678115844727,0,1,1,1,0.0,0.1,0.1,0.2489951885047432
218,218,2,1,6.2,0.999956488609314,0.23849882656996485,12.37036155414414,0.0,0.0,3,0.35237253416993375,WEAK,16.286278710079507,15.264756228247037,0.38161890570617596,0,0.0,80.0,1,1,1,2,0.999956488609314,1,2,1,0.341630220413208,0.23352913558483124,0.25807997584342957,0.16676068305969238,1,1,1,0,0.15237253416993377,0.1,0.1,0.0
219,219,2,0,0.0,0.9999806880950928,0.3891329963531523,16.20809140672211,3.2,0.8666171600686636,3,0.45009890413938136,WEAK,16.437076165743036,13.335313597253451,0.33338283993133633,0,0.0,80.0,1,1,1,2,0.9999806880950928,1,2,1,9.99999993922529e-09,0.4358869791030884,0.048824019730091095,0.5152890086174011,0,1,1,1,0.0,0.15208894319112673,0.1,0.19800996094825465
220,220,2,0,0.0,0.999962329864502,0.39432649903398775,16.127013289980642,0.20000000000000018,0.8070375294196312,3,0.45309253605373717,WEAK,2.665473089621136,2.383185225961295,0.05957963064903238,0,0.0,80.0,1,1,1,2,0.999962329864502,1,2,1,0.19906973838806152,0.12601959705352783,0.060317691415548325,0.614592969417572,1,1,0,1,0.1,0.1,0.0,0.25309253605373716
221,221,2,1,6.2,0.9999946355819702,0.5088151663753162,18.835078489164356,0.0,0.0,3,0.5146819650861912,GOOD,48.74258328916464,48.08426047214531,1.202106511803633,0,0.0,80.0,1,1,1,2,0.9999946355819702,1,2,1,0.058359961956739426,0.8199101090431213,0.06035781279206276,0.061372119933366776,0,1,1,1,0.0,0.3146819650861913,0.1,0.1
222,222,2,0,0.0,0.9998258948326111,0.5937643520220901,22.014038067672175,3.2,0.0,3,0.5559887276144403,GOOD,101.89765462013011,100.13389477167999,2.503347369292,0,0.0,80.0,1,1,1,2,0.9998258948326111,1,2,1,0.008321288973093033,0.9739400744438171,0.001943373354151845,0.01579529605805874,1,1,0,1,0.1,0.35598872761444034,0.0,0.1
223,223,2,0,0.0,0.9999977350234985,0.3966610882183513,17.010638078580342,0.20000000000000018,0.0,3,0.4544318119005277,GOOD,104.06972736853056,103.96781456988535,2.5991953642471337,0,0.0,80.0,1,1,1,2,0.9999977350234985,1,2,1,9.99999993922529e-09,0.6187476515769958,0.11414626240730286,0.2671060562133789,0,1,1,1,0.0,0.25443181190052777,0.1,0.1
224,224,2,1,6.2,0.999855637550354,0.37254630079557327,15.881380463105089,0.0,0.0,3,0.4404017684062528,GOOD,89.75182187001965,88.21145568036279,2.2052863920090697,0,0.0,80.0,1,1,1,2,0.999855637550354,1,2,1,0.3677574694156647,0.5465198755264282,0.02767074480652809,0.05805197358131409,1,1,0,1,0.11737035038248805,0.22303141802376478,0.0,0.1
225,225,2,0,0.0,0.9964085221290588,0.4247211758839888,16.944346558897525,3.2,0.0,3,0.4702305963749855,GOOD,81.17034736930799,80.07083429980273,2.0017708574950683,0,0.0,80.0,1,1,1,2,0.9964085221290588,1,2,1,0.1193726435303688,0.1641605943441391,0.04766827076673508,0.668798565864563,1,1,0,1,0.1,0.1,0.0,0.2702305963749855
226,226,2,0,0.0,0.9999982118606567,0.287549499085758,13.09787471328236,0.20000000000000018,0.0,3,0.38691470360044866,GOOD,72.10844460427103,70.81678783967286,1.7704196959918215,0,0.0,80.0,1,1,1,2,0.9999982118606567,1,2,1,0.4264618456363678,0.15090526640415192,0.17184866964817047,0.2507841885089874,1,0,1,1,0.18691470360044868,0.0,0.1,0.1
227,227,2,1,6.2,0.999994158744812,0.40635032959466716,16.41145309332132,0.0,0.0,3,0.45994852943183007,GOOD,59.012669068847785,58.00617125702526,1.4501542814256316,0,0.0,80.0,1,1,1,2,0.999994158744812,1,2,1,0.057663872838020325,0.6360068321228027,0.06931474804878235,0.23701448738574982,0,1,1,1,0.0,0.2599485294318301,0.1,0.1
228,228,2,0,0.0,0.999885082244873,0.4409482883487993,17.5336972273861,3.2,0.0,3,0.47912932993138646,GOOD,108.26757369152476,107.62025561598217,2.6905063903995545,0,0.0,80.0,1,1,1,2,0.999885082244873,1,2,1,0.0968950018286705,0.6978342533111572,0.03147801011800766,0.1737927496433258,1,1,0,1,0.1,0.2791293299313865,0.0,0.1
229,229,2,0,0.0,0.9880358576774597,0.5955373884741836,22.0531684135429,0.20000000000000018,0.0,3,0.5568182262700365,GOOD,71.75520541982672,71.36080286039784,1.7840200715099461,0,0.0,80.0,1,1,1,2,0.9880358576774597,1,2,1,0.00815841555595398,0.9771674871444702,0.002701736753806472,0.011972326785326004,1,1,0,1,0.1,0.35681822627003656,0.0,0.1
230,230,2,1,6.2,0.9999953508377075,0.4070933632834415,17.162316514122097,0.0,0.0,3,0.46036885782808434,GOOD,55.007494555159305,54.91418909229699,1.372854727307425,0,0.0,80.0,1,1,1,2,0.9999953508377075,1,2,1,0.28432607650756836,0.6373314261436462,0.0046246955171227455,0.07371781766414642,1,1,0,1,0.1,0.2603688578280844,0.0,0.1
231,231,2,0,0.0,0.957302451133728,0.49170627445601633,19.154901240496756,3.2,0.0,3,0.50595489452895,GOOD,97.4111318113254,95.83807527935768,2.395951881983942,0,0.0,80.0,1,1,1,2,0.957302451133728,1,2,1,0.03685915842652321,0.1708744913339615,0.0032213893719017506,0.7890449166297913,1,1,0,1,0.1,0.1,0.0,0.3059548945289501
232,232,2,0,0.0,0.6399511694908142,0.40825183356935174,16.867291422271897,0.20000000000000018,0.0,3,0.46102343096536796,DOWN,0.0,0.0,0.0,1,0.0,80.0,1,1,0,6,0.6399511694908142,0,2,1,0.07665934413671494,0.2801113724708557,0.0038324196357280016,0.6393969058990479,1,1,0,1,0.1,0.1,0.0,0.26102343096536795
233,233,2,1,6.2,0.9999452829360962,0.26580381426293714,13.882496384985537,0.0,0.0,3,0.37199707996231357,GOOD,72.63535609050257,72.43659484549377,1.8109148711373444,0,0.0,80.0,1,1,1,2,0.9999452829360962,1,2,1,0.2524091899394989,0.0760791003704071,0.3887012302875519,0.28281041979789734,1,0,1,1,0.1,0.0,0.17199707996231353,0.1
234,234,2,0,0.0,0.9999979734420776,0.5815568758624295,21.677827801269906,3.2,0.0,3,0.5502436304247472,GOOD,119.80640298103337,118.12700232622798,2.9531750581556997,0,0.0,80.0,1,1,1,2,0.9999979734420776,1,2,1,0.04535100981593132,0.9517321586608887,9.99999993922529e-09,0.0029168338514864445,1,1,0,1,0.1,0.35024363042474727,0.0,0.1
235,235,2,0,0.0,0.9999860525131226,0.39695768596527786,16.258830487066945,0.20000000000000018,0.0,3,0.45460167764908765,GOOD,71.38952743374352,70.08267251459398,1.7520668128648496,0,0.0,80.0,1,1,1,2,0.9999860525131226,1,2,1,0.030630411580204964,0.5041207075119019,0.4644344449043274,0.0008144403691403568,1,1,1,0,0.1,0.1886631591667954,0.1659385184822922,0.0
236,236,2,1,6.2,0.9999951124191284,0.3384938621947032,14.711955360633166,0.0,0.0,3,0.4197921620100108,GOOD,50.74935306504492,50.37849865241979,1.259462466310495,0,0.0,80.0,1,1,1,2,0.9999951124191284,1,2,1,0.08816438913345337,0.5157203674316406,0.1795862317085266,0.2165289670228958,0,1,1,1,0.0,0.21979216201001076,0.1,0.1
237,237,2,0,0.0,0.999954342842102,0.4254618359457496,17.423782120388076,3.2,0.0,3,0.4706404291488697,GOOD,56.158323015102525,56.138478032889,1.403461950822225,0,0.0,80.0,1,1,1,2,0.999954342842102,1,2,1,0.6701224446296692,0.24390220642089844,0.014282298274338245,0.071693055331707,1,1,0,1,0.27064042914886977,0.1,0.0,0.1
238,238,2,0,0.0,0.9999339580535889,0.554035566754558,20.75911154660254,0.20000000000000018,0.0,3,0.5370661110901199,GOOD,90.76322119614377,90.14005460218647,2.2535013650546616,0,0.0,80.0,1,1,1,2,0.9999339580535889,1,2,1,0.0447259359061718,0.9017518162727356,0.045508336275815964,0.008013946004211903,1,1,1,0,0.1,0.33706611109011997,0.1,0.0
239,239,2,1,6.2,0.9993904829025269,0.6003427019493741,22.19267430078713,0.0,0.0,3,0.5590601596930936,GOOD,116.73674182756608,114.98110733182324,2.874527683295581,0,0.0,80.0,1,1,1,2,0.9993904829025269,1,2,1,0.003366416087374091,0.9859168529510498,0.005613033194094896,0.005103603936731815,0,1,1,1,0.0,0.3590601596930937,0.1,0.1
240,240,2,0,0.0,0.9999371767044067,0.5570991246703486,20.88254575108288,3.2,0.0,3,0.5385489264726909,GOOD,62.76327000894602,61.637300963375026,1.5409325240843756,0,0.0,80.0,1,1,1,2,0.9999371767044067,1,2,1,0.04907999932765961,0.9073092937469482,0.006159238982945681,0.037451405078172684,1,1,0,1,0.1,0.33854892647269097,0.0,0.1
241,241,2,0,0.0,0.9998875856399536,0.5413787399137654,20.16480264021692,0.20000000000000018,0.0,3,0.5308960876968121,GOOD,66.02741844133416,64.8269543834902,1.6206738595872552,0,0.0,80.0,1,1,1,2,0.9998875856399536,1,2,1,0.029338201507925987,0.8788084387779236,0.026049382984638214,0.06580399721860886,1,1,0,1,0.1,0.3308960876968121,0.0,0.1
242,242,2,1,6.2,0.9999864101409912,0.4267813022900152,16.73353065407032,0.0,0.0,3,0.4713696525875148,GOOD,99.38543595343813,98.21120737533434,2.4552801843833585,0,0.0,80.0,1,1,1,2,0.9999864101409912,1,2,1,0.0949428603053093,0.16639238595962524,0.06618350744247437,0.6724812388420105,1,1,0,1,0.1,0.1,0.0,0.2713696525875148
243,243,2,0,0.0,0.9999914169311523,0.5336543643709866,20.139562176976256,3.2,0.0,3,0.5270950761186514,GOOD,63.95066332118604,63.64194525222149,1.5910486313055374,0,0.0,80.0,1,1,1,2,0.9999914169311523,1,2,1,0.014367015101015568,0.8648198843002319,0.10834915935993195,0.012463941238820553,1,1,1,0,0.1,0.3270950761186514,0.1,0.0
244,244,2,0,0.0,0.9999939203262329,0.333041153336065,14.94258370756351,0.20000000000000018,0.0,3,0.41639727373652535,GOOD,52.435325126673796,51.5184259665349,1.2879606491633726,0,0.0,80.0,1,1,1,2,0.9999939203262329,1,2,1,0.043504439294338226,0.1304500252008438,0.46355608105659485,0.36248940229415894,0,1,1,1,0.0,0.1,0.18978924442586495,0.1266080293106604
245,245,2,1,6.2,0.9998100399971008,0.380932297201662,16.512912652327984,0.0,0.0,3,0.4453308937825149,GOOD,84.91915155315077,83.57407562845478,2.0893518907113697,0,0.0,80.0,1,1,1,2,0.9998100399971008,1,2,1,0.1138397827744484,0.5907862782478333,0.28203150629997253,0.01334245316684246,1,1,1,0,0.1,0.24533089378251485,0.1,0.0
246,246,2,0,0.0,0.9999768733978271,0.5646821882947515,20.92255071783493,3.2,0.0,3,0.5422018199568599,GOOD,75.07090068673543,74.3558393844505,1.8588959846112627,0,0.0,80.0,1,1,1,2,0.9999768733978271,1,2,1,0.04062531515955925,0.9210721254348755,0.019340958446264267,0.018961580470204353,1,1,1,0,0.1,0.34220181995685994,0.1,0.0
247,247,2,0,0.0,0.9999938011169434,0.26495943126196303,13.35012131381645,0.20000000000000018,0.0,3,0.371405745585606,DOWN,0.0,0.0,0.0,1,0.0,80.0,1,1,1,2,0.9999938011169434,1,2,1,0.3722667992115021,0.3003312945365906,0.10822043567895889,0.21918146312236786,1,1,0,1,0.1609116940268802,0.11049405155872585,0.0,0.1
248,248,2,0,0.0,0.9999144077301025,0.4082389973193669,16.948369041636944,0.0,0.0,3,0.4610161831613904,DOWN,0.0,0.0,0.0,1,0.0,80.0,1,1,1,2,0.9999144077301025,1,2,1,0.09072339534759521,0.2481125295162201,0.6393740177154541,0.021790118888020515,1,1,1,0,0.1,0.1,0.2610161831613904,0.0
249,249,2,0,0.0,0.9999706745147705,0.40154325721871237,16.462664788675298,0.0,0.0,3,0.4572198693892734,DOWN,0.0,0.0,0.0,1,0.0,80.0,1,1,1,2,0.9999706745147705,1,2,1,0.2612217366695404,0.6274409294128418,0.046748850494623184,0.06458846479654312,1,1,0,1,0.1,0.25721986938927344,0.0,0.1
250,250,3,0,0.0,0.9984241724014282,0.3217453623275498,14.66591181043441,0.0,0.0,3,0.4092748653584486,DOWN,0.0,0.0,0.0,1,0.0,80.0,1,1,1,3,0.9984241724014282,1,3,1,0.07223957031965256,0.4862636923789978,0.2075565606355667,0.23394018411636353,0,1,1,1,0.0,0.2092748653584486,0.1,0.1
251,251,3,0,0.0,0.6185886859893799,0.35515277377390725,11.918658485245857,0.0,0.0,3,0.4299980953714413,DOWN,0.0,0.0,0.0,1,0.0,80.0,1,1,0,3,0.6185886859893799,1,3,1,0.519113302230835,0.029264893382787704,0.0952414870262146,0.35638031363487244,1,0,1,1,0.21425593114379046,0.0,0.1,0.1157421642276508
252,252,3,1,6.2,0.9999990463256836,0.35219410279241237,15.32771990327338,0.0,0.0,3,0.42820325706236195,GOOD,84.97365869900577,84.80049231206438,2.1200123078016095,0,0.0,80.0,1,1,1,3,0.9999990463256836,1,3,1,0.09141776710748672,0.3642755150794983,0.0396953821182251,0.5046112537384033,1,1,0,1,0.1,0.12144601625690712,0.0,0.20675724080545485
253,253,3,0,0.0,0.9989891648292542,0.3555025212504061,15.380004349002988,3.2,0.0,3,0.4302097701106157,GOOD,116.42795425502487,115.23402734847652,2.880850683711913,0,0.0,80.0,1,1,1,3,0.9989891648292542,1,3,1,0.06096476688981056,0.3211250901222229,0.5457356572151184,0.07217448204755783,0,1,1,1,0.0,0.1,0.2302097701106157,0.1
254,254,3,0,0.0,0.9998072981834412,0.29304548347725407,13.810085887283217,0.20000000000000018,0.0,3,0.3905947868630625,GOOD,42.86742011345305,42.044558960195545,1.0511139740048887,0,0.0,80.0,1,1,1,3,0.9998072981834412,1,3,1,0.1046009361743927,0.20758409798145294,0.2517748773097992,0.43604007363319397,0,1,1,1,0.0,0.1,0.1,0.1905947868630625
255,255,3,1,6.2,0.9999967813491821,0.4544354817056379,17.084182863601093,0.0,0.0,3,0.4864016539698538,GOOD,43.28632746438775,43.073301065914656,1.0768325266478664,0,0.0,80.0,1,1,1,3,0.9999967813491821,1,3,1,0.08655118197202682,0.7220149040222168,0.09113860130310059,0.10029532015323639,0,1,1,1,0.0,0.28640165396985384,0.1,0.1
256,256,3,0,0.0,0.9352647066116333,0.2541558347519486,13.170390745267802,3.2,0.0,3,0.36375499752678664,GOOD,76.40942739294098,75.62074792537022,1.8905186981342557,0,0.0,80.0,1,1,1,3,0.9352647066116333,1,3,1,0.2553127706050873,0.1179143562912941,0.36857154965400696,0.25820133090019226,1,0,1,1,0.1,0.0,0.1637549975267866,0.1
257,257,3,0,0.0,0.9999908208847046,0.30996540369623127,13.820741441371666,0.20000000000000018,0.0,3,0.4017126779722072,GOOD,44.076838605990886,43.97845877759708,1.0994614694399272,0,0.0,80.0,1,1,1,3,0.9999908208847046,1,3,1,0.23358480632305145,0.18023909628391266,0.4656088650226593,0.1205672100186348,1,1,1,0,0.1,0.1,0.20171267797220724,0.0
258,258,3,1,6.2,0.9618031978607178,0.44304420762348357,16.91598221590974,0.0,0.0,3,0.4802666808852947,GOOD,44.84227606612289,44.21610773767628,1.105402693441907,0,0.0,80.0,1,1,1,3,0.9618031978607178,1,3,1,0.7015891671180725,0.07951229810714722,0.13375915586948395,0.08513928204774857,1,0,1,1,0.2802666808852947,0.0,0.1,0.1
259,259,3,0,0.0,0.7303281426429749,0.35315667913956345,13.381703379407778,3.2,0.0,3,0.4287880156917351,GOOD,64.16572550269109,63.6599381740522,1.591498454351305,0,0.0,80.0,1,1,0,3,0.7303281426429749,1,3,1,0.54159015417099,0.11324409395456314,0.10879555344581604,0.2363702356815338,1,1,0,1,0.22878801569173504,0.1,0.0,0.1
260,260,3,0,0.0,0.9877034425735474,0.5356212508787614,20.132898307742224,0.20000000000000018,0.0,3,0.5280655382248933,GOOD,40.132856613984046,40.04290253138471,1.0010725632846178,0,0.0,80.0,1,1,1,12,0.9877034425735474,0,12,0,0.8683808445930481,0.0810571238398552,0.012320096604526043,0.038241904228925705,1,1,0,1,0.32806553822489337,0.1,0.0,0.1
261,261,3,1,6.2,0.9999877214431763,0.2376066379458498,12.349413491181737,0.0,0.0,3,0.3517128300175639,GOOD,40.09864500095265,39.69110855291638,0.9922777138229096,0,0.0,80.0,1,1,1,3,0.9999877214431763,1,3,1,0.2622034549713135,0.1677609235048294,0.3400992751121521,0.22993634641170502,1,0,1,1,0.1,0.0,0.15171283001756394,0.1
262,262,3,0,0.0,0.9999754428863525,0.5794737777843755,21.452757640533786,3.2,0.0,3,0.5492572783134395,GOOD,66.64753288085103,66.07259524569884,1.6518148811424709,0,0.0,80.0,1,1,1,3,0.9999754428863525,1,3,1,0.9479448795318604,0.023333057761192322,0.011797921732068062,0.01692417450249195,1,1,0,1,0.34925727831343956,0.1,0.0,0.1
263,263,3,0,0.0,0.9999734163284302,0.3833195572113741,16.12210348291006,0.20000000000000018,0.0,3,0.44672413377018116,GOOD,107.29629649719652,106.73760780705861,2.6684401951764656,0,0.0,80.0,1,1,1,3,0.9999734163284302,1,3,1,0.027608053758740425,0.3673396408557892,0.03413919359445572,0.5709130167961121,0,1,1,1,0.0,0.11405049621595797,0.1,0.23267363755422318
264,264,3,1,6.2,0.9999423027038574,0.46937481477915255,18.302325852795676,0.0,0.0,3,0.4943321059111838,GOOD,59.39862824226662,58.82856368753856,1.470714092188464,0,0.0,80.0,1,1,1,3,0.9999423027038574,1,3,1,0.024569693952798843,0.09183455258607864,0.7488470077514648,0.13474875688552856,0,1,1,1,0.0,0.1,0.29433210591118386,0.1
265,265,3,0,0.0,0.9999887943267822,0.4485252790943304,17.89207596862797,3.2,0.0,3,0.48322833166086937,GOOD,58.26023003707364,57.874855228801664,1.4468713807200417,0,0.0,80.0,1,1,1,3,0.9999887943267822,1,3,1,0.21963801980018616,0.05068692937493324,0.0182614978402853,0.711413562297821,1,1,0,1,0.1,0.1,0.0,0.28322833166086936
266,266,3,0,0.0,0.9988017082214355,0.42115361645979077,17.52735673172445,0.20000000000000018,0.0,3,0.46825151765679957,WEAK,2.8742472172452453,2.531879993035331,0.06329699982588327,0,0.0,80.0,1,1,1,3,0.9988017082214355,1,3,1,9.99999993922529e-09,0.30648064613342285,0.031095638871192932,0.6624237298965454,0,1,1,1,0.0,0.1,0.1,0.26825151765679955
267,267,3,1,6.2,0.6161569356918335,0.34115453144895674,14.72172582030906,0.0,0.0,3,0.4214387824582968,WEAK,4.708172208034533,4.439306840976904,0.11098267102442261,0,0.0,80.0,1,1,0,2,0.6161569356918335,0,3,1,0.07577282190322876,0.495401531457901,0.3488074541091919,0.08001811802387238,0,1,1,1,0.0,0.20599244477107456,0.11544633768722229,0.1
268,268,3,0,0.0,0.9998537302017212,0.27978878363689064,13.738002862628935,3.2,0.0,3,0.3816577420248768,GOOD,113.50585548245463,113.48483469331089,2.8371208673327724,0,0.0,80.0,1,1,1,3,0.9998537302017212,1,3,1,0.09130490571260452,0.3980472683906555,0.20249994099140167,0.30814793705940247,0,1,1,1,0.0,0.17148661876007573,0.1,0.11017112326480108
269,269,3,1,6.2,0.9856126308441162,0.41084144768062325,15.587809114417496,0.20000000000000018,0.0,3,0.46248329645570196,GOOD,42.50268103213156,42.408640052680546,1.0602160013170137,0,0.0,80.0,1,1,1,9,0.9856126308441162,0,9,0,0.10254278779029846,0.6440153121948242,0.03446037322282791,0.2189815640449524,1,1,0,1,0.1,0.262483296455702,0.0,0.1
270,270,4,0,0.0,0.9999980926513672,0.6048211148931959,22.360764192283526,3.4000000000000004,0.0,3,0.5611415128330932,GOOD,59.33111269912686,58.65567301285079,1.4663918253212698,0,0.0,80.0,1,1,1,4,0.9999980926513672,1,4,1,0.0023844779934734106,0.0024986807256937027,0.001042722724378109,0.9940741062164307,1,1,0,1,0.1,0.1,0.0,0.36114151283309326
271,271,4,0,0.0,0.9999504089355469,0.41882034477483915,17.370652765540548,0.40000000000000036,0.0,3,0.4669526145768115,GOOD,107.95482664718233,107.94458952218498,2.6986147380546246,0,0.0,80.0,1,1,1,4,0.9999504089355469,1,4,1,0.007637830916792154,0.013542250730097294,0.6582561731338501,0.32056373357772827,0,1,1,1,0.0,0.1,0.2669526145768115,0.1
272,272,4,1,6.2,0.9995973706245422,0.48597206575497814,19.054977508154387,0.0,0.0,3,0.5029960558002966,GOOD,89.52952691415791,89.23811996777117,2.230952999194279,0,0.0,80.0,1,1,1,4,0.9995973706245422,1,4,1,9.99999993922529e-09,0.2014213353395462,0.019865483045578003,0.7787131667137146,0,1,1,1,0.0,0.1,0.1,0.30299605580029654
273,273,4,0,0.0,0.9999864101409912,0.5086140730043399,19.263855507199594,3.2,0.0,3,0.5145802490148113,GOOD,108.43932334324685,107.8878801406629,2.697197003516573,0,0.0,80.0,1,1,1,4,0.9999864101409912,1,4,1,0.02567090280354023,0.8195469975471497,0.09977173060178757,0.05501038208603859,0,1,1,1,0.0,0.3145802490148113,0.1,0.1
274,274,4,0,0.0,0.9999828338623047,0.5291859642294919,19.95877161572254,0.20000000000000018,0.0,3,0.5248836983839197,GOOD,76.35659442389263,75.43508569739286,1.8858771424348217,0,0.0,80.0,1,1,1,4,0.9999828338623047,1,4,1,0.016689442098140717,0.8567326068878174,0.09493961930274963,0.031638357788324356,0,1,1,1,0.0,0.32488369838391973,0.1,0.1
275,275,4,1,6.2,0.8816916346549988,0.5470272296893646,20.53040069977371,0.0,0.0,3,0.533658460440487,WEAK,8.507649415505588,7.0445557497534,0.17611389374383501,0,0.0,80.0,1,1,1,37,0.8816916346549988,0,37,0,0.07556935399770737,0.011060724034905434,0.8890442252159119,0.024325689300894737,1,0,1,1,0.1,0.0,0.3336584604404871,0.1
276,276,4,0,0.0,0.999891996383667,0.4963575562710291,19.31498622839007,3.2,0.8477494639408623,3,0.5083422950507237,WEAK,16.385843400346836,14.090021442365506,0.3522505360591377,0,0.0,80.0,1,1,1,4,0.999891996383667,1,4,1,0.0003321932163089514,0.20150482654571533,0.0007326669874601066,0.7974303364753723,0,1,1,1,0.0,0.1,0.1,0.30834229505072375
277,277,4,0,0.0,0.9989532232284546,0.3212315191712989,15.317168654643778,0.20000000000000018,0.6345124633673977,3,0.4089479187316566,WEAK,9.452469688206255,8.529480022938582,0.21323700057346456,0,0.0,80.0,1,1,1,4,0.9989532232284546,1,4,1,0.022825123742222786,0.48536160588264465,0.18130354583263397,0.3105097711086273,0,1,1,1,0.0,0.2089479187316566,0.1,0.1
278,278,4,1,6.2,0.9999618530273438,0.6074999382455654,22.45662560790226,0.0,0.0,3,0.5623828205243204,GOOD,42.3867816079758,42.09305930600441,1.0523264826501104,0,0.0,80.0,1,1,1,4,0.9999618530273438,1,4,1,0.0008836984052322805,2.297066748724319e-05,0.0001385000068694353,0.9989548921585083,1,0,1,1,0.1,0.0,0.1,0.36238282052432036
279,279,4,0,0.0,0.9999933242797852,0.39053097219368754,16.402365958654585,3.2,0.0,3,0.45090667844976473,GOOD,53.239020606542,52.466859611296,1.3116714902824,0,0.0,80.0,1,1,1,4,0.9999933242797852,1,4,1,0.011464834213256836,0.3798341453075409,0.03425293043255806,0.5744481086730957,0,1,1,1,0.0,0.11927806629570689,0.1,0.2316286121540578
280,280,4,0,0.0,0.9999974966049194,0.41199159036096555,16.74857698806995,0.20000000000000018,0.0,3,0.4631302005414502,GOOD,99.08643091659061,98.45791940096764,2.4614479850241913,0,0.0,80.0,1,1,1,4,0.9999974966049194,1,4,1,0.041936978697776794,0.20317529141902924,0.10882066190242767,0.6460670828819275,0,1,1,1,0.0,0.1,0.1,0.2631302005414502
281,281,4,1,6.2,0.9910311698913574,0.35144456780924455,15.281862381011106,0.0,0.0,3,0.4277473660314426,GOOD,87.50644384227581,87.28588150234184,2.182147037558546,0,0.0,80.0,1,1,1,4,0.9910311698913574,1,4,1,0.3720378577709198,0.038566093891859055,0.49517470598220825,0.0942213162779808,1,0,1,1,0.1264058521625347,0.0,0.20134151386890795,0.1
282,282,4,0,0.0,0.9986873269081116,0.5556640696316507,20.34299169264692,3.2,0.0,3,0.537854843803357,GOOD,95.44763415437612,95.1174923628813,2.3779373090720326,0,0.0,80.0,1,1,1,36,0.9986873269081116,0,4,1,0.03029942885041237,0.05163320526480675,0.904705822467804,0.0133615517988801,1,1,1,0,0.1,0.1,0.33785484380335706,0.0
283,283,4,0,0.0,0.9999949932098389,0.44479241222519605,17.69321502161185,0.20000000000000018,0.0,3,0.48121328823294973,GOOD,119.34195807429685,119.33239256637556,2.983309814159389,0,0.0,80.0,1,1,1,4,0.9999949932098389,1,4,1,0.026351725682616234,0.7047219276428223,0.08773081749677658,0.18119552731513977,0,1,1,1,0.0,0.2812132882329498,0.1,0.1
284,284,4,1,6.2,0.8987465500831604,0.46322724862437875,18.189322494544374,0.0,0.0,3,0.4910842159079233,GOOD,119.44676655444053,118.05010218765085,2.9512525546912713,0,0.0,80.0,1,1,1,4,0.8987465500831604,1,4,1,0.02196696028113365,0.10767176747322083,0.7377995848655701,0.13256172835826874,0,1,1,1,0.0,0.1,0.2910842159079233,0.1
285,285,4,0,0.0,0.9999735355377197,0.5717581477685997,21.300170997281747,3.2,0.0,3,0.5455883743097016,GOOD,111.78417598032749,109.81592425234574,2.7453981063086434,0,0.0,80.0,1,1,1,4,0.9999735355377197,1,4,1,0.006521034985780716,0.021731967106461525,0.03782394900918007,0.933923065662384,0,1,1,1,0.0,0.1,0.1,0.3455883743097017
286,286,4,1,6.2,0.7133328914642334,0.4169794070629052,16.162022792255424,0.20000000000000018,0.0,3,0.46592523206820846,GOOD,89.74336238886053,89.25302764632336,2.231325691158084,0,0.0,80.0,1,1,0,36,0.7133328914642334,0,4,1,0.0025117548648267984,0.6549689769744873,0.03558250516653061,0.30693674087524414,0,1,1,1,0.0,0.2659252320682085,0.1,0.1
287,287,4,0,0.0,0.9999828338623047,0.33474578831575247,14.266437055834533,3.4000000000000004,0.0,3,0.41746155573705834,GOOD,87.56540871126916,87.04920153201778,2.1762300383004445,0,0.0,80.0,1,1,1,4,0.9999828338623047,1,4,1,0.416942834854126,0.08464638888835907,0.08549007773399353,0.4129207730293274,1,0,1,1,0.1599847564436586,0.0,0.1,0.15747679929339972
288,288,4,0,0.0,0.9999901056289673,0.40833520174137355,16.934547025924278,0.40000000000000036,0.0,3,0.4610705008320218,GOOD,106.8996141474081,106.86078704466505,2.671519676116626,0,0.0,80.0,1,1,1,4,0.9999901056289673,1,4,1,0.022922325879335403,0.29778313636779785,0.039749063551425934,0.6395455598831177,0,1,1,1,0.0,0.1,0.1,0.26107050083202177
289,289,4,1,6.2,0.9992741942405701,0.38096347942098724,16.32288906255677,0.0,0.0,3,0.4453491202777986,GOOD,58.50244317494818,57.47995093115102,1.4369987732787757,0,0.0,80.0,1,1,1,4,0.9992741942405701,1,4,1,0.04715702682733536,0.019830651581287384,0.3517747223377228,0.5812375545501709,1,0,1,1,0.1,0.0,0.10561362386648912,0.23973549641130945
290,290,4,0,0.0,0.9999879598617554,0.5661899247825455,21.045007982550583,3.2,0.0,3,0.5429251936701547,GOOD,88.86161065883346,87.87784004651732,2.196946001162933,0,0.0,80.0,1,1,1,4,0.9999879598617554,1,4,1,0.013207671232521534,0.02447623386979103,0.03850645571947098,0.9238097071647644,0,1,1,1,0.0,0.1,0.1,0.3429251936701547
291,291,4,0,0.0,0.9999899864196777,0.5658476170020765,21.119755627767525,0.20000000000000018,0.0,3,0.542761047675725,GOOD,94.20966108798353,92.84217086169372,2.321054271542343,0,0.0,80.0,1,1,1,4,0.9999899864196777,1,4,1,0.0316043496131897,0.007178261876106262,0.0380292609333992,0.9231881499290466,1,0,1,1,0.1,0.0,0.1,0.342761047675725
292,292,4,1,6.2,0.9958305954933167,0.5466101961082742,20.27361186208391,0.0,0.0,3,0.5334550007957046,GOOD,100.67377897478033,98.69369270780957,2.4673423176952394,0,0.0,80.0,1,1,1,4,0.9958305954933167,1,4,1,0.047059789299964905,0.028740407899022102,0.03591151908040047,0.8882883191108704,1,0,1,1,0.1,0.0,0.1,0.33345500079570467
293,293,4,0,0.0,0.9999698400497437,0.44902349251315976,17.61516944065272,3.2,0.0,3,0.48349663763172834,GOOD,81.16664415084247,81.1464013879333,2.0286600346983326,0,0.0,80.0,1,1,1,4,0.9999698400497437,1,4,1,0.14515990018844604,0.7123069167137146,0.10347107797861099,0.03906211629509926,1,1,1,0,0.1,0.2834966376317284,0.1,0.0
294,294,4,0,0.0,0.9220800995826721,0.40196156615709727,16.714852567015424,0.20000000000000018,0.0,3,0.45745796250808185,GOOD,81.6184053636795,80.9524621357612,2.02381155339403,0,0.0,80.0,1,1,1,4,0.9220800995826721,1,4,1,0.0051728542894124985,0.015166987664997578,0.5979968905448914,0.3816632926464081,0,1,1,1,0.0,0.1,0.24027934778709722,0.11717861472098462
295,295,4,1,6.2,0.999661922454834,0.5901514546569934,21.826000299384773,0.0,0.0,3,0.5542946252481853,GOOD,111.17251373403178,110.29423477766277,2.7573558694415694,0,0.0,80.0,1,1,1,4,0.999661922454834,1,4,1,0.013822266831994057,0.011094704270362854,0.007717972621321678,0.9673650860786438,1,1,0,1,0.1,0.1,0.0,0.3542946252481852
296,296,4,0,0.0,0.9999854564666748,0.27511546257590214,13.778566078139898,3.2,0.0,3,0.3784568990186018,GOOD,51.94993250945206,50.950883742269156,1.273772093556729,0,0.0,80.0,1,1,1,4,0.9999854564666748,1,4,1,0.29651570320129395,0.08840826153755188,0.21597278118133545,0.39910322427749634,1,0,1,1,0.10394784882896516,0.0,0.1,0.1745090501896366
297,297,4,0,0.0,0.9999834299087524,0.45886667656176616,17.920594866308353,0.20000000000000018,0.0,3,0.4887673493001152,GOOD,55.96335943195923,55.00192810053356,1.375048202513339,0,0.0,80.0,1,1,1,4,0.9999834299087524,1,4,1,0.03480154275894165,0.20142339169979095,0.03380658105015755,0.7299684882164001,1,1,0,1,0.1,0.1,0.0,0.28876734930011516
298,298,4,1,6.2,0.9999538660049438,0.5897221641398313,21.920179818095775,0.0,0.0,3,0.5540929848781768,GOOD,56.97179260186411,56.43648462655875,1.4109121156639688,0,0.0,80.0,1,1,1,4,0.9999538660049438,1,4,1,0.02148384414613247,9.99999993922529e-09,0.011932166293263435,0.9665839672088623,1,0,1,1,0.1,0.0,0.1,0.35409298487817675
299,299,4,0,0.0,0.9999994039535522,0.4980845661542172,19.114740150407087,3.2,0.0,3,0.5092258817288866,GOOD,110.26925870486413,109.43330151102724,2.735832537775681,0,0.0,80.0,1,1,1,4,0.9999994039535522,1,4,1,0.054134439677000046,0.017995018512010574,0.1273256242275238,0.8005449175834656,1,0,1,1,0.1,0.0,0.1,0.30922588172888665
300,300,4,0,0.0,0.9982604384422302,0.5264243735350604,20.10469526284487,0.20000000000000018,0.0,3,0.5235123373870274,GOOD,99.3373128415788,97.88473117672895,2.447118279418224,0,0.0,80.0,1,1,1,4,0.9982604384422302,1,4,1,0.0007183515699580312,0.08639786392450333,0.06114758923649788,0.8517362475395203,0,1,1,1,0.0,0.1,0.1,0.32351233738702734
301,301,4,1,6.2,0.999727189540863,0.43118113682258064,17.592462732239397,0.0,0.0,3,0.47379317791485903,GOOD,85.59470549132212,85.41561552330309,2.1353903880825773,0,0.0,80.0,1,1,1,4,0.999727189540863,1,4,1,0.030847355723381042,0.011287221685051918,0.2775155305862427,0.6803498864173889,1,0,1,1,0.1,0.0,0.1,0.273793177914859
302,302,4,0,0.0,0.9997256398200989,0.5642945932498904,21.151209127728322,3.2,0.0,3,0.5420157056984678,GOOD,109.24580314568226,107.50202723839259,2.6875506809598146,0,0.0,80.0,1,1,1,4,0.9997256398200989,1,4,1,0.0016636914806440473,0.07581552863121033,0.0021523600444197655,0.9203684329986572,0,1,1,1,0.0,0.1,0.1,0.34201570569846773
303,303,4,0,0.0,0.9999940395355225,0.3401905264241511,15.672815110083942,0.20000000000000018,0.0,3,0.420842928567013,GOOD,56.35178936651434,55.51372514356615,1.3878431285891537,0,0.0,80.0,1,1,1,4,0.9999940395355225,1,4,1,0.011740409769117832,0.5041898488998413,0.1462075412273407,0.3378622233867645,0,1,1,1,0.0,0.21186161295423042,0.1,0.10898131561278257
304,304,4,1,6.2,0.9888120889663696,0.5634423355800299,21.050422159465334,0.0,0.0,3,0.541606246174724,GOOD,118.33797069658237,117.44535997393633,2.9361339993484084,0,0.0,80.0,1,1,1,4,0.9888120889663696,1,4,1,0.04234088584780693,0.0316486731171608,0.007189248688519001,0.9188212156295776,1,1,0,1,0.1,0.1,0.0,0.341606246174724
305,305,4,0,0.0,0.9999990463256836,0.40232172478769757,16.392571084249997,3.2,0.0,3,0.457662858396088,GOOD,111.00568707904347,110.12956384152295,2.753239096038074,0,0.0,80.0,1,1,1,4,0.9999990463256836,1,4,1,0.42115336656570435,0.009750195778906345,0.009790544398128986,0.5593058466911316,1,0,1,1,0.1395424379174486,0.0,0.1,0.21812042047863942
306,306,4,0,0.0,0.9997343420982361,0.5995901945402008,22.189276424270112,0.20000000000000018,0.0,3,0.5587096691935209,GOOD,88.69929031185974,87.66862340925606,2.1917155852314014,0,0.0,80.0,1,1,1,4,0.9997343420982361,1,4,1,0.0014918309170752764,0.010492406785488129,0.003469344461336732,0.9845464825630188,0,1,1,1,0.0,0.1,0.1,0.358709669193521
307,307,4,1,6.2,0.9967708587646484,0.4089212834306297,16.419784513219145,0.0,0.0,3,0.4614012684013977,GOOD,88.14198046941668,86.49305314126096,2.162326328531524,0,0.0,80.0,1,1,1,4,0.9967708587646484,1,4,1,0.000829167605843395,0.0040763248689472675,0.4937135577201843,0.5013809204101562,0,1,1,1,0.0,0.1,0.17853779075515416,0.18286347764624353
308,308,4,0,0.0,0.9999740123748779,0.49513558830242793,19.065112088607314,3.2,0.0,3,0.5077161730344008,GOOD,55.739374460050506,55.318869949480764,1.3829717487370192,0,0.0,80.0,1,1,1,4,0.9999740123748779,1,4,1,0.10576357692480087,0.0160321407020092,0.7952269315719604,0.0829772800207138,1,0,1,1,0.1,0.0,0.3077161730344008,0.1
309,309,4,0,0.0,0.9999884366989136,0.5318074307765488,20.14110075691797,0.20000000000000018,0.0,3,0.5261821693400468,GOOD,50.48869544209759,50.32423205034366,1.2581058012585915,0,0.0,80.0,1,1,1,4,0.9999884366989136,1,4,1,0.008703486993908882,0.08134239912033081,0.04847745597362518,0.861476719379425,0,1,1,1,0.0,0.1,0.1,0.32618216934004685
310,310,4,1,6.2,0.9997026324272156,0.2916014749036674,14.99621423539961,0.0,0.0,3,0.38963125255202247,GOOD,67.15822033671222,65.87563480472373,1.6468908701180933,0,0.0,80.0,1,1,1,4,0.9997026324272156,1,4,1,9.99999993922529e-09,0.3608705699443817,0.2671163082122803,0.372013121843338,0,1,1,1,0.0,0.14109352022832192,0.1,0.14853773232370054
311,311,4,0,0.0,0.999893069267273,0.38245504766523036,15.874920239717776,3.2,0.02020268368992162,3,0.44622009573364385,GOOD,47.91396040838578,47.19189265240313,1.1797973163100783,0,0.0,80.0,1,1,1,4,0.999893069267273,1,4,1,0.0614953450858593,0.23384694755077362,0.1111675351858139,0.5934901833534241,0,1,1,1,0.0,0.1,0.1,0.2462200957336438
312,312,4,0,0.0,0.9999997615814209,0.4488159074660836,17.933258162305737,0.20000000000000018,0.0,3,0.4833848636637723,GOOD,62.24906854971903,61.99747262787079,1.5499368156967699,0,0.0,80.0,1,1,1,4,0.9999997615814209,1,4,1,0.01578100025653839,0.7119346857070923,0.11460541933774948,0.15767893195152283,0,1,1,1,0.0,0.28338486366377236,0.1,0.1
313,313,4,1,6.2,0.9991866946220398,0.6005001626224272,22.233658733128685,0.0,0.0,3,0.5591334713343152,GOOD,81.76098410932099,80.99501999809061,2.0248754999522656,0,0.0,80.0,1,1,1,4,0.9991866946220398,1,4,1,0.0007537929341197014,0.004636629484593868,0.008405886590480804,0.9862036108970642,0,1,1,1,0.0,0.1,0.1,0.3591334713343153
314,314,4,0,0.0,0.999997615814209,0.5411896564584648,20.34050650109407,3.2,0.12015361141351111,3,0.5308033684728504,GOOD,43.61384935915411,43.193855543459556,1.0798463885864888,0,0.0,80.0,1,1,1,4,0.999997615814209,1,4,1,0.012992557138204575,0.04203629866242409,0.06650522351264954,0.8784658908843994,0,1,1,1,0.0,0.1,0.1,0.3308033684728503
315,315,4,0,0.0,0.999997615814209,0.4005499800027085,16.245859542015356,0.20000000000000018,0.0,3,0.4566540184277186,WEAK,13.745345613547938,12.036442001674628,0.3009110500418657,0,0.0,80.0,1,1,1,4,0.999997615814209,1,4,1,0.5357714295387268,0.01101671066135168,0.012455057352781296,0.44075673818588257,1,0,1,1,0.20540779986553545,0.0,0.1,0.1512462185621831
316,316,4,1,6.2,0.9990068078041077,0.47014373173159424,18.54417782609278,0.0,0.0,3,0.49473684087383557,GOOD,60.19490324396698,59.84002545649735,1.4960006364124339,0,0.0,80.0,1,1,1,4,0.9990068078041077,1,4,1,0.05531870573759079,0.00847872719168663,0.18597327172756195,0.7502293586730957,1,0,1,1,0.1,0.0,0.1,0.29473684087383556
317,317,4,0,0.0,0.9995275735855103,0.5979194954441354,22.076295643319746,3.2,0.0,3,0.557930731439876,GOOD,110.13686378116955,108.1507836610566,2.703769591526415,0,0.0,80.0,1,1,1,4,0.9995275735855103,1,4,1,0.005119423847645521,0.007128907833248377,0.006247362121939659,0.9815043210983276,0,1,1,1,0.0,0.1,0.1,0.35793073143987597
318,318,4,0,0.0,0.9999567270278931,0.45504063687197954,18.29830666905987,0.20000000000000018,0.0,3,0.4867254078992588,WEAK,19.682600295881585,15.88484512919841,0.39712112822996026,0,0.0,80.0,1,1,1,4,0.9999567270278931,1,4,1,0.15647408366203308,0.7231008410453796,9.99999993922529e-09,0.12042506039142609,1,1,0,1,0.1,0.2867254078992588,0.0,0.1
319,319,4,1,6.2,0.9999523162841797,0.5237608595885169,20.04287970918348,0.0,0.0,3,0.5221862678470675,GOOD,51.02348287422441,50.71278402223592,1.2678196005558982,0,0.0,80.0,1,1,1,4,0.9999523162841797,1,4,1,0.0002432327892165631,9.99999993922529e-09,0.1528380960226059,0.8469186425209045,1,0,1,1,0.1,0.0,0.1,0.3221862678470674
320,320,4,0,0.0,0.9999988079071045,0.6046548429647092,22.361610029983506,3.2,0.02624110587473094,3,0.5610643755667868,GOOD,47.758231096438344,46.95035576501076,1.173758894125269,0,0.0,80.0,1,1,1,4,0.9999988079071045,1,4,1,0.0006172250723466277,0.003886523889377713,0.0017250397941097617,0.9937711954116821,0,1,1,1,0.0,0.1,0.1,0.36106437556678683
321,321,4,0,0.0,0.9999029636383057,0.5032734241718687,19.362523686007098,0.20000000000000018,0.0,3,0.511871471421123,GOOD,83.3891521841764,83.11344876213555,2.0778362190533888,0,0.0,80.0,1,1,1,4,0.9999029636383057,1,4,1,0.020947672426700592,0.15934240818023682,0.00980361457914114,0.8099063038825989,1,1,0,1,0.1,0.1,0.0,0.3118714714211229
322,322,4,1,6.2,0.9988442659378052,0.3999143473237378,16.493663730701037,0.0,0.0,3,0.45629154248450327,GOOD,52.82496199858065,51.92489526486383,1.2981223816215959,0,0.0,80.0,1,1,1,4,0.9988442659378052,1,4,1,0.009102310985326767,0.39909985661506653,0.01577998697757721,0.5760177969932556,0,1,1,1,0.0,0.12768111521742287,0.1,0.2286104272670804
323,323,4,0,0.0,0.24860960245132446,0.31868440693727373,13.239985324648622,3.2,0.0,3,0.4073233749838613,GOOD,98.81035420157068,98.22533196078177,2.4556332990195444,0,0.0,80.0,1,1,0,6,0.24860960245132446,0,4,1,0.025754492729902267,0.2840343117713928,0.20931974053382874,0.48089146614074707,0,1,1,1,0.0,0.1,0.1,0.20732337498386125
324,324,4,0,0.0,0.9999986886978149,0.5549639025781575,20.773295269639902,0.20000000000000018,0.0,3,0.5375158737610112,GOOD,72.3883971541227,71.28807184176897,1.7822017960442242,0,0.0,80.0,1,1,1,4,0.9999986886978149,1,4,1,0.013523862697184086,0.009695043787360191,0.9034357070922852,0.0733453556895256,1,0,1,1,0.1,0.0,0.3375158737610112,0.1
325,325,4,1,6.2,0.9999910593032837,0.35001101534901624,15.194940318238396,0.0,0.0,3,0.42687407769937386,GOOD,56.54508220112254,55.4802943601264,1.3870073590031602,0,0.0,80.0,1,1,1,4,0.9999910593032837,1,4,1,0.03811062127351761,0.4784126579761505,0.09787941724061966,0.3855973184108734,0,1,1,1,0.0,0.1917364785357308,0.1,0.13513759916364304
326,326,4,0,0.0,0.9999837875366211,0.4537270005471104,18.20908059010287,3.2,0.0,3,0.4860223472922055,GOOD,111.68976659389043,111.46550326929702,2.7866375817324256,0,0.0,80.0,1,1,1,4,0.9999837875366211,1,4,1,0.004183690529316664,0.7207436561584473,0.2358250468969345,0.039247650653123856,0,1,1,1,0.0,0.28602234729220555,0.1,0.1
327,327,4,0,0.0,0.9999853372573853,0.4436591965292598,18.015107587481527,0.20000000000000018,0.0,3,0.48059989397084507,GOOD,107.71828288543657,107.33159132894318,2.6832897832235796,0,0.0,80.0,1,1,1,4,0.9999853372573853,1,4,1,0.00124204414896667,0.00221092626452446,0.2938559055328369,0.7026911377906799,0,1,1,1,0.0,0.1,0.1,0.28059989397084506
328,328,4,1,6.2,0.9428943991661072,0.5664485525545833,21.18929661284582,0.0,0.0,3,0.5430491798943585,GOOD,75.9887439955301,75.61600556925676,1.890400139231419,0,0.0,80.0,1,1,1,4,0.9428943991661072,1,4,1,0.9242793321609497,0.0048335520550608635,0.0034217413049191236,0.0674653872847557,1,1,0,1,0.34304917989435857,0.1,0.0,0.1
329,329,4,0,0.0,0.6219845414161682,0.603200407982205,22.322425880485717,3.2,0.0,3,0.5603891779926046,GOOD,108.1067719521763,106.21582204818813,2.6553955512047036,0,0.0,80.0,1,1,0,36,0.6219845414161682,0,4,1,0.00024269818095490336,0.9911217093467712,0.0007512278389185667,0.00788436084985733,0,1,1,1,0.0,0.3603891779926046,0.1,0.1
330,330,4,0,0.0,0.9998716115951538,0.5600558680357762,20.936017493493182,0.20000000000000018,0.0,3,0.5399761803270429,GOOD,82.46803154302515,82.0583198000355,2.0514579950008875,0,0.0,80.0,1,1,1,4,0.9998716115951538,1,4,1,0.08298889547586441,0.9126744866371155,0.0018979829037562013,0.0024386104196310043,1,1,0,1,0.1,0.3399761803270429,0.0,0.1
331,331,4,1,6.2,0.9999426603317261,0.37737221307605295,16.158922451871415,0.0,0.0,3,0.44324504141723775,GOOD,52.90032502815393,51.905778804066706,1.2976444701016678,0,0.0,80.0,1,1,1,4,0.9999426603317261,1,4,1,0.31656402349472046,0.033925846219062805,0.06504271179437637,0.5844674110412598,1,0,1,1,0.1,0.0,0.1,0.24324504141723777
332,332,4,0,0.0,0.9999955892562866,0.4606917881196595,17.874998154642725,3.2,0.0,3,0.4897384044249226,GOOD,102.18869706621538,101.13071393858122,2.5282678484645307,0,0.0,80.0,1,1,1,4,0.9999955892562866,1,4,1,0.04024164751172066,0.17105324566364288,0.055459409952163696,0.7332456707954407,0,1,1,1,0.0,0.1,0.1,0.2897384044249226
333,333,4,0,0.0,0.9976980090141296,0.5366185252668647,20.283111815076577,0.20000000000000018,0.0,3,0.5285569128034324,GOOD,82.37965329459983,81.49560755605079,2.0373901889012695,0,0.0,80.0,1,1,1,4,0.9976980090141296,1,4,1,0.01718878000974655,0.8701866269111633,0.11041203886270523,0.002212601713836193,1,1,1,0,0.1,0.32855691280343247,0.1,0.0
334,334,4,1,6.2,0.9999088048934937,0.3930236949555049,16.14178398843226,0.0,0.0,3,0.45234343705370206,GOOD,50.540386631365394,50.41336463717414,1.2603341159293535,0,0.0,80.0,1,1,1,4,0.9999088048934937,1,4,1,0.004380658734589815,0.03579963743686676,0.4686726927757263,0.4911469519138336,0,1,1,1,0.0,0.1,0.16970513409806873,0.1826383029556333
335,335,4,0,0.0,0.9965108036994934,0.4716677967224722,18.684157244165412,3.2,0.9845954125804309,3,0.49553808628774454,WEAK,10.67655367255431,8.61618349678276,0.21540458741956903,0,0.0,80.0,1,1,1,4,0.9965108036994934,1,4,1,0.7529696822166443,0.03862762451171875,0.0009405551827512681,0.2074621468782425,1,1,0,1,0.2955380862877446,0.1,0.0,0.1
336,336,4,0,0.0,0.9999899864196777,0.6033322764961453,22.308678822012386,0.20000000000000018,0.7094136431131556,3,0.560450429318708,WEAK,11.979497936718804,11.007270778691014,0.27518176946727535,0,0.0,80.0,1,1,1,4,0.9999899864196777,1,4,1,0.00164727249648422,0.005487584043294191,0.0015032181981950998,0.9913619160652161,1,1,0,1,0.1,0.1,0.0,0.3604504293187081
337,337,4,1,6.2,0.8610698580741882,0.6030469086357,22.31318664518757,0.0,0.650198779209445,3,0.5603178709737343,WEAK,2.540982417701218,2.368594556148423,0.059214863903710585,0,0.0,80.0,1,1,1,36,0.8610698580741882,0,4,1,0.007576049771159887,0.9908421039581299,0.000586859358008951,0.0009949196828529239,1,1,0,1,0.1,0.36031787097373436,0.0,0.1
338,338,4,0,0.0,0.9975364208221436,0.44675976786258964,17.826717475536036,3.2,1.850198779209445,3,0.482276338213648,DOWN,0.0,0.0,0.0,1,0.0,80.0,1,1,1,4,0.9975364208221436,1,4,1,0.03735508397221565,0.7082482576370239,0.02000969834625721,0.23438696563243866,1,1,0,1,0.1,0.28227633821364806,0.0,0.1
339,339,4,0,0.0,0.9999977350234985,0.4111345150597526,16.889307155561937,0.20000000000000018,1.565299382844942,3,0.4626482196953676,WEAK,12.946325814462648,11.395975854580115,0.2848993963645029,0,0.0,80.0,1,1,1,4,0.9999977350234985,1,4,1,0.3972555100917816,9.99999993922529e-09,9.99999993922529e-09,0.602744460105896,1,0,1,1,0.12351511217858549,0.0,0.1,0.2391331075167821
340,340,4,1,6.2,0.9993997812271118,0.5577681434180782,20.987013190352542,0.0,1.2985446817310602,3,0.5388722003809803,WEAK,11.573949644229227,10.670188044555276,0.26675470111388194,0,0.0,80.0,1,1,1,4,0.9993997812271118,1,4,1,4.1014456655830145e-05,0.0297522135078907,0.061683617532253265,0.9085231423377991,0,1,1,1,0.0,0.1,0.1,0.3388722003809802
341,341,4,0,0.0,0.9999862909317017,0.3412829369021065,14.291390732457243,3.2,2.49854468173106,3,0.42151808661782586,DOWN,0.0,0.0,0.0,1,0.0,80.0,1,1,1,4,0.9999862909317017,1,4,1,0.12636221945285797,0.5206354856491089,0.23117339611053467,0.12182887643575668,1,1,1,0,0.1,0.22151808661782588,0.1,0.0
342,342,4,0,0.0,0.9999920129776001,0.3423294105047298,15.007569491932479,0.20000000000000018,2.49854468173106,3,0.4221638410332318,DOWN,0.0,0.0,0.0,1,0.0,80.0,1,1,1,4,0.9999920129776001,1,4,1,0.05267462879419327,0.10048812627792358,0.35726332664489746,0.48957395553588867,0,1,1,1,0.0,0.1,0.12029024326940815,0.20187359776382366
343,343,4,0,0.0,0.9999967813491821,0.39372766123457054,16.285615981961165,0.0,2.49854468173106,3,0.4527483643729754,DOWN,0.0,0.0,0.0,1,0.0,80.0,1,1,1,4,0.9999967813491821,1,4,1,0.0033786252606660128,0.5354800820350647,0.035238247364759445,0.4259030520915985,0,1,1,1,0.0,0.20787490334752665,0.1,0.14487346102544874
344,344,4,1,6.2,0.9995625615119934,0.5438132247226379,20.248703704275812,0.0,2.40209524637167,3,0.5320884218555786,WEAK,4.751788198274047,3.857977414375617,0.09644943535939043,0,0.0,80.0,1,1,1,4,0.9995625615119934,1,4,1,0.02489221654832363,0.06466089189052582,0.027227455750107765,0.8832193613052368,0,1,1,1,0.0,0.1,0.1,0.33208842185557863
345,345,4,0,0.0,0.9999828338623047,0.33328222996600043,14.81866513315697,3.2,3.5369007423503005,3,0.4165479540518493,WEAK,2.901920414544808,2.6077801608547726,0.06519450402136932,0,0.0,80.0,1,1,1,4,0.9999828338623047,1,4,1,0.1280897855758667,0.07431265711784363,0.5065433979034424,0.2910541594028473,1,0,1,1,0.1,0.0,0.21654795405184932,0.1
346,346,4,0,0.0,0.9999970197677612,0.2883144509898052,14.774855445879385,0.20000000000000018,3.2603839215671035,3,0.3874290055948317,WEAK,13.208757409787747,11.060672831327878,0.27651682078319695,0,0.0,80.0,1,1,1,4,0.9999970197677612,1,4,1,0.35257819294929504,0.014106037095189095,0.26043033599853516,0.37288543581962585,1,0,1,1,0.1368924246076001,0.0,0.1,0.15053658098723158
347,347,4,1,6.2,0.9996756315231323,0.22583608048670878,12.4058341040562,0.0,3.142418209211123,3,0.34289060855161535,WEAK,5.815182999449767,4.718628494239219,0.11796571235598048,0,0.0,80.0,1,1,1,4,0.9996756315231323,1,4,1,0.15315327048301697,0.29472994804382324,0.26760101318359375,0.28451576828956604,0,1,1,1,0.0,0.12374664629614018,0.10315149391053921,0.11599246834493596
348,348,4,0,0.0,0.9999960660934448,0.6034321749541519,22.323357119184912,3.2,4.021856775205821,3,0.5604968264852881,WEAK,13.502245686754963,12.82245736021206,0.3205614340053015,0,0.0,80.0,1,1,1,4,0.9999960660934448,1,4,1,0.0006950842798687518,0.001405730377882719,0.006355212070047855,0.9915438890457153,0,1,1,1,0.0,0.1,0.1,0.360496826485288
349,349,4,0,0.0,0.9999967813491821,0.601972817722345,22.27952690147834,0.20000000000000018,4.021856775205821,3,0.5598186556175111,DOWN,0.0,0.0,0.0,1,0.0,80.0,1,1,1,4,0.9999967813491821,1,4,1,0.007566860876977444,0.0006593799334950745,0.002888072980567813,0.9888857007026672,1,0,1,1,0.1,0.0,0.1,0.35981865561751103
350,350,4,1,6.2,0.9998916387557983,0.39607296623206817,16.92225439263693,0.0,2.9080334495925286,3,0.45409479815359727,GOOD,44.96504852321242,44.552933024531704,1.1138233256132926,0,0.0,80.0,1,1,1,4,0.9998916387557983,1,4,1,0.005513233598321676,0.08313125371932983,0.2936546802520752,0.6177008748054504,0,1,1,1,0.0,0.1,0.1,0.25409479815359726
351,351,4,0,0.0,0.9998785257339478,0.35307335000866624,15.954119084891678,3.2,2.819878227969904,3,0.4287374253408416,GOOD,52.18613681260606,51.52620886490498,1.2881552216226246,0,0.0,80.0,1,1,1,4,0.9998785257339478,1,4,1,0.16754953563213348,0.5414429306983948,0.016483822837471962,0.27452367544174194,1,1,0,1,0.1,0.22873742534084154,0.0,0.1
352,352,4,0,0.0,0.9999936819076538,0.5419317901432276,20.38972962263201,0.20000000000000018,0.0,3,0.5311671892697243,GOOD,113.7481960123996,113.02212650225343,2.8255531625563357,0,0.0,80.0,1,1,1,4,0.9999936819076538,1,4,1,0.029753664508461952,0.010930710472166538,0.07950525730848312,0.8798103928565979,1,0,1,1,0.1,0.0,0.1,0.3311671892697242
353,353,4,1,6.2,0.8136562705039978,0.5416568150002635,20.45145608184198,0.0,0.0,3,0.5310324155689339,GOOD,76.88795441239262,75.87310830128007,1.896827707532002,0,0.0,80.0,1,1,1,4,0.8136562705039978,1,4,1,0.020140381529927254,0.005931554827839136,0.09461582452058792,0.8793122172355652,1,0,1,1,0.1,0.0,0.1,0.3310324155689338
354,354,4,0,0.0,0.9999853372573853,0.22877846637449312,12.14369424775108,3.2,0.0,3,0.34511711607819107,GOOD,77.82271782071986,76.34399109113183,1.9085997772782957,0,0.0,80.0,1,1,1,4,0.9999853372573853,1,4,1,0.2363881915807724,0.2957359254360199,0.2944011986255646,0.17347468435764313,1,1,1,0,0.1,0.12306192388780982,0.12205519219038127,0.0
355,355,4,1,6.2,0.49246591329574585,0.3165229330668811,12.827340835822554,0.20000000000000018,0.0,3,0.4059396913851857,GOOD,54.17884009994181,53.44407310599924,1.336101827649981,0,0.0,80.0,1,1,0,4,0.49246591329574585,1,4,1,0.22598521411418915,0.47710007429122925,0.18718558549880981,0.1097290888428688,1,1,1,0,0.1,0.20593969138518567,0.1,0.0
356,356,4,0,0.0,0.9999825954437256,0.37750318529456367,16.543931924080066,3.4000000000000004,0.12920914978093623,3,0.44332195188954626,GOOD,43.2202991951939,42.83163400876255,1.0707908502190637,0,0.0,80.0,1,1,1,4,0.9999825954437256,1,4,1,0.14864200353622437,0.006322922650724649,0.2603352665901184,0.584699809551239,1,0,1,1,0.1,0.0,0.1,0.24332195188954628
357,357,4,0,0.0,0.9999959468841553,0.599982606542108,22.222260344871057,0.40000000000000036,0.0,3,0.5588924678128526,GOOD,99.9694895138294,97.9864792915465,2.4496619822886627,0,0.0,80.0,1,1,1,4,0.9999959468841553,1,4,1,0.003815920790657401,0.010484421625733376,0.00043850892689079046,0.985261082649231,1,1,0,1,0.1,0.1,0.0,0.35889246781285256
358,358,4,1,6.2,0.9999227523803711,0.5441249168374815,20.60248706538445,0.0,0.0,3,0.5322408859741632,GOOD,92.7996575040921,92.23825617426527,2.305956404356632,0,0.0,80.0,1,1,1,4,0.9999227523803711,1,4,1,9.99999993922529e-09,0.03501979261636734,0.08119598031044006,0.8837841749191284,0,1,1,1,0.0,0.1,0.1,0.33224088597416324
359,359,4,0,0.0,0.9999984502792358,0.5124376822320155,19.739799940890308,3.2,1.01969204007193,3,0.5165108579544555,WEAK,8.594038794017653,7.212318397122793,0.18030795992806983,0,0.0,80.0,1,1,1,4,0.9999984502792358,1,4,1,0.1735474020242691,9.99999993922529e-09,9.99999993922529e-09,0.8264525532722473,1,0,1,1,0.1,0.0,0.1,0.31651085795445544
360,360,4,0,0.0,0.9999699592590332,0.5384797619566817,20.33772198833706,0.20000000000000018,0.7647089696076685,3,0.5294727570287163,WEAK,12.112740741133988,10.19932281857046,0.2549830704642615,0,0.0,80.0,1,1,1,4,0.9999699592590332,1,4,1,0.05811170116066933,0.007691415026783943,0.06063958629965782,0.8735572695732117,1,0,1,1,0.1,0.0,0.1,0.32947275702871637
361,361,4,1,6.2,0.9977515339851379,0.5779499020419873,21.521115386397316,0.0,0.35824742029141743,3,0.5485345960486532,WEAK,18.327553884371152,16.258461972650043,0.4064615493162511,0,0.0,80.0,1,1,1,4,0.9977515339851379,1,4,1,0.003649061778560281,0.005258997902274132,0.04591718688607216,0.9451747536659241,0,1,1,1,0.0,0.1,0.1,0.3485345960486531
362,362,4,0,0.0,0.9999967813491821,0.6080558413153114,22.473641967863884,3.2,1.3768809369993438,3,0.5626400706324375,WEAK,8.162523799400974,7.254659331682947,0.1813664832920737,0,0.0,80.0,1,1,1,4,0.9999967813491821,1,4,1,5.378461537475232e-06,9.33548653847538e-06,1.737109232635703e-05,0.9999678730964661,0,1,1,1,0.0,0.1,0.1,0.3626400706324374
363,363,4,0,0.0,0.9997711777687073,0.5838198308390228,21.732519342713278,0.20000000000000018,1.27706527933733,3,0.5513131454251068,WEAK,4.264526329621134,3.9926263064805494,0.09981565766201374,0,0.0,80.0,1,1,1,4,0.9997711777687073,1,4,1,0.00831237155944109,0.03502455726265907,0.9558472037315369,0.0008159143035300076,1,1,1,0,0.1,0.1,0.35131314542510683,0.0
364,364,4,1,6.2,0.9978464841842651,0.48015044200252827,18.884140101384887,0.0,0.9836353317217141,3,0.4999741986275671,WEAK,13.79931929017494,11.737197904624635,0.29342994761561586,0,0.0,80.0,1,1,1,4,0.9978464841842651,1,4,1,0.0062851510010659695,0.7682307958602905,0.0017848507268354297,0.2236991673707962,1,1,0,1,0.1,0.29997419862756713,0.0,0.1
365,365,4,0,0.0,0.9880093932151794,0.4051984183726327,16.843794409719926,3.2,0.5370816105662131,3,0.45929614176655736,GOOD,66.1237474137424,65.86214884622004,1.646553721155501,0,0.0,80.0,1,1,1,4,0.9880093932151794,1,4,1,0.024176720529794693,0.2955265939235687,0.046343058347702026,0.6339536309242249,0,1,1,1,0.0,0.1,0.1,0.25929614176655735
366,366,4,0,0.0,0.9999508857727051,0.5886117349867878,21.828672792184616,0.20000000000000018,0.0,3,0.5535710688359538,GOOD,108.85043211169041,108.31340679859959,2.70783516996499,0,0.0,80.0,1,1,1,4,0.9999508857727051,1,4,1,0.004201090428978205,0.9645636081695557,0.022266335785388947,0.008968937210738659,0,1,1,1,0.0,0.3535710688359538,0.1,0.1
367,367,4,1,6.2,0.9945012331008911,0.6069580765037998,22.438725881656406,0.0,0.0,3,0.5621319548880566,GOOD,50.34902427666196,50.07195105283585,1.2517987763208964,0,0.0,80.0,1,1,1,4,0.9945012331008911,1,4,1,0.0009226218680851161,0.997967541217804,0.00012068382056895643,0.000989142688922584,1,1,0,1,0.1,0.3621319548880566,0.0,0.1
368,368,4,0,0.0,0.9999268054962158,0.4295479495403223,17.705864651741322,3.2,0.0,3,0.4728950320517156,GOOD,62.681661327938336,61.83578917300773,1.5458947293251935,0,0.0,80.0,1,1,1,4,0.9999268054962158,1,4,1,0.00045723433140665293,0.31245842576026917,0.009655763395130634,0.6774285435676575,0,1,1,1,0.0,0.1,0.1,0.2728950320517156
369,369,4,0,0.0,0.9999865293502808,0.5129372361210274,19.462827080220272,0.20000000000000018,0.0,3,0.5167625589543627,GOOD,56.20179263393488,55.5924763636648,1.3898119090916201,0,0.0,80.0,1,1,1,4,0.9999865293502808,1,4,1,0.05606582760810852,0.02092844806611538,0.09565079212188721,0.8273549675941467,1,0,1,1,0.1,0.0,0.1,0.3167625589543628
370,370,5,1,6.2,0.8932546377182007,0.5998485745008904,22.20773104517759,0.0,0.0,3,0.5588300379344686,GOOD,116.23379747884526,114.81560454649016,2.8703901136622543,0,0.0,80.0,1,1,1,5,0.8932546377182007,1,5,1,0.005016363225877285,0.9850170016288757,0.0012021599104627967,0.008764551021158695,1,1,0,1,0.1,0.35883003793446866,0.0,0.1
371,371,5,0,0.0,0.9998302459716797,0.4923683203269987,19.04088636344683,3.2,0.0,3,0.506295395241053,GOOD,90.0382525531149,89.46112326999078,2.2365280817497695,0,0.0,80.0,1,1,1,5,0.9998302459716797,1,5,1,0.15341250598430634,0.7902382016181946,0.012716706842184067,0.04363257437944412,1,1,0,1,0.1,0.3062953952410531,0.0,0.1
372,372,5,0,0.0,0.9489338994026184,0.509612367774534,19.407381386007227,0.20000000000000018,0.0,3,0.5150850039705631,WEAK,9.194170432945464,7.789171018676873,0.19472927546692184,0,0.0,80.0,1,1,1,5,0.9489338994026184,1,5,1,0.11686675995588303,0.8213496804237366,0.04325998201966286,0.018523573875427246,1,1,1,0,0.1,0.31508500397056316,0.1,0.0
373,373,5,1,6.2,0.9999865293502808,0.4280118614242014,17.271102552350644,0.0,0.0,3,0.47204872487805416,GOOD,72.00491569078042,70.74467469242747,1.7686168673106868,0,0.0,80.0,1,1,1,5,0.9999865293502808,1,5,1,0.21797244250774384,0.6746814846992493,0.029373254626989365,0.07797276973724365,1,1,0,1,0.1,0.2720487248780542,0.0,0.1
374,374,5,0,0.0,0.9992227554321289,0.5339697541274369,20.269831339443222,3.2,0.0,3,0.5272508097207883,GOOD,75.51543091167811,74.10187644015237,1.8525469110038093,0,0.0,80.0,1,1,1,5,0.9992227554321289,1,5,1,0.8653908371925354,0.11310028284788132,0.003661406459286809,0.017847495153546333,1,1,0,1,0.32725080972078835,0.1,0.0,0.1
375,375,5,0,0.0,0.9999589920043945,0.39273955192817595,16.475132702899437,0.20000000000000018,0.0,3,0.45217989287759186,GOOD,65.77725390583507,65.06087593573326,1.6265218983933316,0,0.0,80.0,1,1,1,5,0.9999589920043945,1,5,1,0.21709507703781128,0.6117696762084961,0.0328795500099659,0.138255774974823,1,1,0,1,0.1,0.2521798928775919,0.0,0.1
376,376,5,1,6.2,0.99997878074646,0.557679676955709,20.762599573883413,0.0,0.0,3,0.5388294639785489,GOOD,90.576200009189,89.9709494303614,2.249273735759035,0,0.0,80.0,1,1,1,5,0.99997878074646,1,5,1,0.026595665141940117,0.908362627029419,0.04899464175105095,0.016047030687332153,1,1,1,0,0.1,0.33882946397854896,0.1,0.0
377,377,5,0,0.0,0.9978637099266052,0.3651763069527729,15.88935111501737,3.2,0.0,3,0.436023827193483,GOOD,113.01374682044289,110.92553644483914,2.7731384111209785,0,0.0,80.0,1,1,1,5,0.9978637099266052,1,5,1,0.3082970082759857,0.5628497004508972,0.036823567003011703,0.09202978760004044,1,1,0,1,0.1,0.236023827193483,0.0,0.1
378,378,5,0,0.0,0.9999176263809204,0.5089241616846366,19.38299483419511,0.20000000000000018,0.0,3,0.5147370881640548,GOOD,118.2563544611649,116.49435482230157,2.9123588705575396,0,0.0,80.0,1,1,1,5,0.9999176263809204,1,5,1,0.09663348644971848,0.8201069235801697,0.06423541158437729,0.019024202600121498,1,1,1,0,0.1,0.3147370881640549,0.1,0.0
379,379,5,1,6.2,0.9997416138648987,0.3321685860093361,14.43934602853042,0.0,0.0,3,0.4158514358592921,GOOD,101.00720735701125,100.03631066429222,2.5009077666073054,0,0.0,80.0,1,1,1,5,0.9997416138648987,1,5,1,0.41319265961647034,0.10575763136148453,0.41089800000190735,0.0701516717672348,1,1,1,0,0.1586439055726954,0.1,0.15720753028659665,0.0
380,380,5,0,0.0,0.9999676942825317,0.4737960531202209,18.18122141877525,3.2,0.0,3,0.49665480986970434,GOOD,59.21810209192025,58.454402714272284,1.4613600678568073,0,0.0,80.0,1,1,1,5,0.9999676942825317,1,5,1,0.04109995812177658,0.756797194480896,0.14889535307884216,0.05320745334029198,0,1,1,1,0.0,0.2966548098697044,0.1,0.1
381,381,5,0,0.0,0.9999748468399048,0.5546877202398046,20.621118670949954,0.20000000000000018,0.0,3,0.5373821075246288,GOOD,60.624672776188355,59.91419844490717,1.4978549611226795,0,0.0,80.0,1,1,1,5,0.9999748468399048,1,5,1,0.020058762282133102,0.902934730052948,0.04762914031744003,0.029377344995737076,0,1,1,1,0.0,0.3373821075246288,0.1,0.1
382,382,5,1,6.2,0.9999357461929321,0.5434973457712168,20.45369055610772,0.0,0.0,3,0.5319338651628892,GOOD,57.508528703570576,56.56992508630754,1.4142481271576886,0,0.0,80.0,1,1,1,5,0.9999357461929321,1,5,1,0.08738595247268677,0.8826469779014587,0.020497411489486694,0.009469631128013134,1,1,1,0,0.1,0.33193386516288925,0.1,0.0
383,383,5,0,0.0,0.9999772310256958,0.5644766063624984,21.04164914219976,3.2,0.0,3,0.5421031121816547,GOOD,53.41596157422248,53.407941666710855,1.3351985416677714,0,0.0,80.0,1,1,1,5,0.9999772310256958,1,5,1,0.032327473163604736,0.920698881149292,0.037023305892944336,0.009950431063771248,1,1,1,0,0.1,0.3421031121816548,0.1,0.0
384,384,5,0,0.0,0.9993360638618469,0.3653173846778083,15.522998905275005,0.20000000000000018,0.0,3,0.43610804310304474,GOOD,103.8008668544602,102.05872735932557,2.5514681839831397,0,0.0,80.0,1,1,1,5,0.9993360638618469,1,5,1,0.1535632163286209,0.22027769684791565,0.06305958330631256,0.5630995035171509,1,1,0,1,0.1,0.1,0.0,0.23610804310304476
385,385,5,1,6.2,0.4118333160877228,0.5694169445177574,21.298498835230404,0.0,0.0,3,0.5444702061185434,GOOD,101.94687209464409,101.71095853573387,2.542773963393347,0,0.0,80.0,1,1,0,34,0.4118333160877228,0,5,1,0.9296702146530151,0.05550936609506607,0.0017427979037165642,0.01307764183729887,1,1,0,1,0.3444702061185434,0.1,0.0,0.1
386,386,5,0,0.0,0.9871835708618164,0.5492003266995524,20.556526681902618,3.2,0.0,3,0.5347174042083962,GOOD,119.88876120095327,119.42697169663676,2.985674292415919,0,0.0,80.0,1,1,1,5,0.9871835708618164,1,5,1,0.041715048253536224,0.892983615398407,0.0135538624599576,0.05174752697348595,1,1,0,1,0.1,0.33471740420839624,0.0,0.1
387,387,5,0,0.0,0.9978645443916321,0.5562476554859719,20.769627472812793,0.20000000000000018,0.0,3,0.5381372105467502,GOOD,73.82402660374348,72.90909808880944,1.8227274522202361,0,0.0,80.0,1,1,1,5,0.9978645443916321,1,5,1,0.06915315240621567,0.9057645201683044,0.012538164854049683,0.012544108554720879,1,1,0,1,0.1,0.3381372105467503,0.0,0.1
388,388,5,1,6.2,0.9975358247756958,0.5146879769566269,19.559164327080477,0.0,0.0,3,0.5176437063709289,WEAK,19.654780619594618,18.466725873452972,0.46166814683632434,0,0.0,80.0,1,1,1,5,0.9975358247756958,1,5,1,0.11531127989292145,0.8305179476737976,0.03682848438620567,0.01734231412410736,1,1,1,0,0.1,0.317643706370929,0.1,0.0
389,389,5,0,0.0,0.504810631275177,0.40192694973067433,16.923706791045078,3.2,0.0,3,0.4574382642307049,GOOD,103.25903791167951,102.70013359825039,2.56750333995626,0,0.0,80.0,1,1,0,5,0.504810631275177,1,5,1,0.2380758672952652,0.6281244158744812,0.12083441019058228,0.012965326197445393,1,1,1,0,0.1,0.2574382642307049,0.1,0.0
390,390,5,0,0.0,0.9999340772628784,0.5255803753132698,19.60759650539053,0.20000000000000018,0.0,3,0.5230925043166819,GOOD,93.07626057832694,92.86805865891263,2.321701466472816,0,0.0,80.0,1,1,1,5,0.9999340772628784,1,5,1,0.03492246940732002,0.8502095341682434,0.06943130493164062,0.04543665051460266,0,1,1,1,0.0,0.3230925043166819,0.1,0.1
391,391,5,1,6.2,0.9968365430831909,0.5846404162452152,21.748910035675873,0.0,0.0,3,0.5517004572652221,GOOD,54.10851040064607,53.65021630129308,1.341255407532327,0,0.0,80.0,1,1,1,5,0.9968365430831909,1,5,1,0.9573395848274231,0.03884679079055786,0.002359921345487237,0.0014537357492372394,1,1,1,0,0.35170045726522214,0.1,0.1,0.0
392,392,5,0,0.0,0.998991072177887,0.46601733076485147,18.53516803457697,3.2,0.0,3,0.49256092989700406,GOOD,80.06129192642226,78.96259013649926,1.9740647534124816,0,0.0,80.0,1,1,1,5,0.998991072177887,1,5,1,0.74281245470047,0.25183582305908203,0.0018142471089959145,0.003537391312420368,1,1,0,1,0.2925609298970041,0.1,0.0,0.1
393,393,5,0,0.0,0.9997915625572205,0.34546097837273804,14.976717230009227,0.20000000000000018,0.0,3,0.4240903845838889,GOOD,119.36336044224439,116.97747329055234,2.9244368322638086,0,0.0,80.0,1,1,1,5,0.9997915625572205,1,5,1,0.3090563118457794,0.5280033946037292,0.07746044546365738,0.08547985553741455,1,1,0,1,0.1,0.22409038458388894,0.0,0.1
394,394,5,1,6.2,0.9985933899879456,0.5640878550408653,20.949389388489934,0.0,0.0,3,0.5419164086089762,GOOD,47.61592695686912,46.922788289674294,1.1730697072418574,0,0.0,80.0,1,1,1,5,0.9985933899879456,1,5,1,0.03767285868525505,0.9199931025505066,0.015817005187273026,0.02651705965399742,1,1,0,1,0.1,0.3419164086089762,0.0,0.1
395,395,5,0,0.0,0.9976598024368286,0.5642953811918704,21.162906287516144,3.2,1.0297845456359234,3,0.5420160841149759,WEAK,7.729874977322366,6.808618174563059,0.17021545436407648,0,0.0,80.0,1,1,1,5,0.9976598024368286,1,5,1,0.058212440460920334,0.9203698635101318,0.0008074532961472869,0.02061021327972412,1,1,0,1,0.1,0.34201608411497597,0.0,0.1
396,396,5,0,0.0,0.9999598264694214,0.40226120264145077,15.863492858707748,0.20000000000000018,0.9676781309337357,3,0.45762843348374194,WEAK,2.9255447820247285,2.4842565880875065,0.06210641470218767,0,0.0,80.0,1,1,1,5,0.9999598264694214,1,5,1,0.09102868288755417,0.6287198662757874,0.12993194162845612,0.15031951665878296,0,1,1,1,0.0,0.257628433483742,0.1,0.1
397,397,5,1,6.2,0.9969039559364319,0.5641843464833104,20.951660662052518,0.0,0.6340085787515976,3,0.5419627560524761,WEAK,16.17434974336704,13.346782087285524,0.3336695521821381,0,0.0,80.0,1,1,1,5,0.9969039559364319,1,5,1,0.9201682806015015,0.021414948627352715,0.04256325215101242,0.015853535383939743,1,1,1,0,0.34196275605247617,0.1,0.1,0.0
398,398,5,0,0.0,0.9994990825653076,0.4722832449877217,18.53712064833651,3.2,1.619838915007282,3,0.49586127841162386,WEAK,9.499987964717842,8.56678654977262,0.21416966374431554,0,0.0,80.0,1,1,1,5,0.9994990825653076,1,5,1,0.20665104687213898,0.7540764212608337,0.012759019620716572,0.026513539254665375,1,1,0,1,0.1,0.2958612784116239,0.0,0.1
399,399,5,0,0.0,0.9981836676597595,0.6033028597961464,22.28965748707764,0.20000000000000018,1.2600033384487885,3,0.5604367661982765,WEAK,16.425009809169012,14.393423062339735,0.3598355765584934,0,0.0,80.0,1,1,1,5,0.9981836676597595,1,5,1,0.991308331489563,0.0022370372898876667,0.0023164611775428057,0.004138180520385504,1,0,1,1,0.3604367661982766,0.0,0.1,0.1
400,400,5,1,6.2,0.9994137287139893,0.5025658590002414,19.439331001829878,0.0,1.1661145175471233,3,0.5115115181649897,WEAK,4.5903565294140485,3.7555528360666144,0.09388882090166537,0,0.0,80.0,1,1,1,5,0.9994137287139893,1,5,1,0.8086294531822205,0.17830097675323486,0.002967329928651452,0.010102225467562675,1,1,0,1,0.3115115181649898,0.1,0.0,0.1
401,401,5,0,0.0,0.9257700443267822,0.35923579591393684,15.889497684073104,3.2,1.0730185963726355,3,0.43246277336998906,GOOD,52.28204176436911,51.7238368469795,1.2930959211744877,0,0.0,80.0,1,1,1,5,0.9257700443267822,1,5,1,0.25167301297187805,0.5523366928100586,0.02903045527637005,0.16695985198020935,1,1,0,1,0.1,0.23246277336998908,0.0,0.1
402,402,5,0,0.0,0.9999686479568481,0.5428562496423288,20.391172457563883,0.20000000000000018,0.0,3,0.531620044526308,GOOD,44.224568112008825,44.22410928727505,1.1056027321818762,0,0.0,80.0,1,1,1,5,0.9999686479568481,1,5,1,0.06013207882642746,0.8814853429794312,0.0457136295735836,0.012668912298977375,1,1,1,0,0.1,0.331620044526308,0.1,0.0
403,403,5,1,6.2,0.9994357228279114,0.5974254006139426,22.136881326007693,0.0,0.0,3,0.5577001588743049,GOOD,101.96991050337839,101.89886123417583,2.547471530854396,0,0.0,80.0,1,1,1,5,0.9994357228279114,1,5,1,0.9806047081947327,0.01665583811700344,0.0010349646909162402,0.0017045517452061176,1,1,0,1,0.35770015887430495,0.1,0.0,0.1
404,404,5,0,0.0,0.999884843826294,0.5124063685071631,19.413576138276525,3.2,0.0,3,0.5164950764003822,GOOD,105.85018539329492,105.49452697393096,2.637363174348274,0,0.0,80.0,1,1,1,5,0.999884843826294,1,5,1,0.02344023436307907,0.8263959884643555,0.11224104464054108,0.0379226915538311,0,1,1,1,0.0,0.3164950764003822,0.1,0.1
405,405,5,0,0.0,0.9999734163284302,0.5208468670161346,19.55571551956439,0.20000000000000018,0.0,3,0.520731625673673,GOOD,108.86407788964289,107.07190385663311,2.676797596415828,0,0.0,80.0,1,1,1,5,0.9999734163284302,1,5,1,0.09367440640926361,0.8416494727134705,0.03521311655640602,0.029462995007634163,1,1,1,0,0.1,0.3207316256736731,0.1,0.0
406,406,5,1,6.2,0.9999459981918335,0.47011568434863266,18.396155553845826,0.0,0.0,3,0.49472208338621826,GOOD,105.53599034351842,105.34020825369095,2.633505206342274,0,0.0,80.0,1,1,1,5,0.9999459981918335,1,5,1,0.17848210036754608,0.7501789331436157,0.019106706604361534,0.05223221331834793,1,1,0,1,0.1,0.2947220833862183,0.0,0.1
407,407,5,0,0.0,0.9999212026596069,0.5963389300861748,22.080287709318963,3.2,0.0,3,0.5571928147624241,GOOD,99.02380448850982,98.51392703880423,2.4628481759701057,0,0.0,80.0,1,1,1,5,0.9999212026596069,1,5,1,0.015822304412722588,0.9786266684532166,0.0027406837325543165,0.0028103156946599483,1,1,0,1,0.1,0.35719281476242415,0.0,0.1
408,408,5,0,0.0,0.9999691247940063,0.4884732191820632,19.027266369969848,0.20000000000000018,0.0,3,0.504288780034115,GOOD,80.33428835126512,79.1288466669455,1.9782211666736378,0,0.0,80.0,1,1,1,5,0.9999691247940063,1,5,1,0.7832188606262207,0.07591206580400467,0.1343536674976349,0.0065155066549777985,1,1,1,0,0.3042887800341151,0.1,0.1,0.0
409,409,5,1,6.2,0.77271968126297,0.5397862450715791,20.36309400879313,0.0,0.0,3,0.5301146828605775,GOOD,69.43234721774542,69.12797078204682,1.7281992695511705,0,0.0,80.0,1,1,0,5,0.77271968126297,1,15,0,0.1062091663479805,0.8759236335754395,0.008556888438761234,0.009310301393270493,1,1,0,1,0.1,0.33011468286057755,0.0,0.1
410,410,5,0,0.0,0.9852648377418518,0.5999112538925495,22.208915720314614,3.2,0.0,3,0.5588592338126798,GOOD,100.11926484571168,99.88116051315752,2.4970290128289383,0,0.0,80.0,1,1,1,5,0.9852648377418518,1,5,1,0.9851311445236206,0.002435884205624461,0.0005009274464100599,0.011932025663554668,1,1,0,1,0.3588592338126798,0.1,0.0,0.1
411,411,5,0,0.0,0.9999892711639404,0.31461421220670915,13.240777081961735,0.20000000000000018,0.0,3,0.4047138762636029,GOOD,54.103309201770415,53.913572671237546,1.3478393167809388,0,0.0,80.0,1,1,1,5,0.9999892711639404,1,5,1,0.18279306590557098,0.47375354170799255,0.16728313267230988,0.1761702597141266,1,1,0,1,0.1,0.2047138762636029,0.0,0.1
412,412,5,1,6.2,0.9999850988388062,0.58596048203719,21.679926907364635,0.0,0.0,3,0.5523229512341592,GOOD,71.880529877937,70.45673693593571,1.7614184233983927,0,0.0,80.0,1,1,1,5,0.9999850988388062,1,5,1,0.019255217164754868,0.9597405791282654,0.011749985627830029,0.009254233911633492,1,1,1,0,0.1,0.35232295123415924,0.1,0.0
413,413,5,0,0.0,0.9995118379592896,0.5558980400073863,20.602093146193656,3.2,0.0,3,0.5379680676580678,GOOD,92.28318605549147,91.45498228345863,2.2863745570864658,0,0.0,80.0,1,1,1,5,0.9995118379592896,1,5,1,0.032855529338121414,0.9051302671432495,0.023806003853678703,0.03820813074707985,1,1,0,1,0.1,0.33796806765806786,0.0,0.1
414,414,5,0,0.0,0.9998177886009216,0.4730668423133196,18.33264289898274,0.20000000000000018,0.0,3,0.49627246654878465,GOOD,110.00673592432659,107.86029407273524,2.696507351818381,0,0.0,80.0,1,1,1,5,0.9998177886009216,1,5,1,0.12701231241226196,0.7554856538772583,0.028883682563900948,0.08861836045980453,1,1,0,1,0.1,0.2962724665487847,0.0,0.1
415,415,5,1,6.2,0.9953542947769165,0.5518009041018402,20.54622858539488,0.0,0.0,3,0.5359819079353589,GOOD,55.38405432281064,55.139480641558656,1.3784870160389664,0,0.0,80.0,1,1,1,5,0.9953542947769165,1,5,1,0.04669848456978798,0.8976989984512329,0.01961592026054859,0.03598654270172119,1,1,0,1,0.1,0.335981907935359,0.0,0.1
416,416,5,0,0.0,0.6274589896202087,0.6065999735680146,22.41776852601406,3.2,0.0,3,0.5619661025733583,GOOD,63.126686531055334,62.19907127070985,1.5549767817677465,0,0.0,80.0,1,1,0,5,0.6274589896202087,1,5,1,0.00029505370184779167,0.9973150491714478,0.0015195049345493317,0.0008703076164238155,0,1,1,1,0.0,0.3619661025733584,0.1,0.1
417,417,5,0,0.0,0.9998593330383301,0.3676000928426006,15.698809718821165,0.20000000000000018,0.0,3,0.4374684452490365,GOOD,84.07270147923224,82.67953791376209,2.0669884478440523,0,0.0,80.0,1,1,1,5,0.9998593330383301,1,5,1,0.29733315110206604,0.5671423077583313,0.08174405246973038,0.05378052219748497,1,1,1,0,0.1,0.23746844524903646,0.1,0.0
418,418,5,1,6.2,0.9999794960021973,0.4555741409719768,17.73621524548753,0.0,0.0,3,0.48701065048299474,GOOD,42.12622119978334,42.08455066874807,1.052113766718702,0,0.0,80.0,1,1,1,5,0.9999794960021973,1,5,1,0.16481563448905945,0.7240582704544067,0.041460663080215454,0.06966538727283478,1,1,0,1,0.1,0.2870106504829948,0.0,0.1
419,419,5,0,0.0,0.9974060654640198,0.4754515568451788,18.763107307001608,3.2,0.0,3,0.4975217408038153,GOOD,78.89536604978204,78.4848187773056,1.9621204694326402,0,0.0,80.0,1,1,1,5,0.9974060654640198,1,5,1,0.23275324702262878,0.7597751617431641,0.002074440708383918,0.005397209897637367,1,1,0,1,0.1,0.2975217408038153,0.0,0.1
420,420,5,0,0.0,0.9998894929885864,0.421041075248136,17.508149667281913,0.20000000000000018,0.0,3,0.46818895008994654,GOOD,100.63282549862885,98.96914051281396,2.4742285128203494,0,0.0,80.0,1,1,1,5,0.9998894929885864,1,5,1,0.662222683429718,0.008851498365402222,0.32779309153556824,0.0011327477404847741,1,1,1,0,0.2681889500899466,0.1,0.1,0.0
421,421,5,1,6.2,0.9999818801879883,0.34526660600274595,15.865552197711532,0.0,0.0,3,0.42397106133682705,GOOD,70.82955846856824,70.44609182665684,1.7611522956664212,0,0.0,80.0,1,1,1,5,0.9999818801879883,1,5,1,0.5276604890823364,0.1369556188583374,0.3222365379333496,0.013147351332008839,1,1,1,0,0.223971061336827,0.1,0.1,0.0
422,422,5,0,0.0,0.9921024441719055,0.590388221161387,21.845667530684565,3.2,0.0,3,0.5544058045389778,GOOD,65.17996948515048,64.44461540876128,1.611115385219032,0,0.0,80.0,1,1,1,5,0.9921024441719055,1,5,1,0.018172726035118103,0.9677959084510803,0.0073744007386267185,0.006656921934336424,1,1,1,0,0.1,0.35440580453897785,0.1,0.0
423,423,5,0,0.0,0.9993220567703247,0.4049912287404209,16.341127394604648,0.20000000000000018,0.0,3,0.45917870107308933,GOOD,45.28633687355159,45.285370041939174,1.1321342510484793,0,0.0,80.0,1,1,1,5,0.9993220567703247,1,5,1,0.4892233610153198,0.49715718626976013,0.002229271922260523,0.011390193365514278,1,1,0,1,0.1773405095022554,0.18183819157083395,0.0,0.1
424,424,5,1,6.2,0.9603205323219299,0.5784699605662802,21.537956624002973,0.0,0.0,3,0.5487813353823884,GOOD,111.56091981750248,110.11890397719581,2.7529725994298957,0,0.0,80.0,1,1,1,5,0.9603205323219299,1,5,1,0.9461200833320618,0.03346897289156914,0.0035360874608159065,0.016874829307198524,1,1,0,1,0.3487813353823884,0.1,0.0,0.1
425,425,5,0,0.0,0.9726108312606812,0.5956677682521908,22.080140934116823,3.2,0.0,3,0.5568791744700551,GOOD,111.2211169458895,110.17573645400722,2.754393411350181,0,0.0,80.0,1,1,1,5,0.9726108312606812,1,5,1,0.01706693321466446,0.9774048328399658,0.0011687244987115264,0.004359470214694738,1,1,0,1,0.1,0.3568791744700551,0.0,0.1
426,426,5,0,0.0,0.9998840093612671,0.5489877778889138,20.598981102799453,0.20000000000000018,0.0,3,0.5346139223445807,GOOD,114.84335550741241,114.70672248064498,2.867668062016125,0,0.0,80.0,1,1,1,5,0.9998840093612671,1,5,1,0.07873353362083435,0.8925982713699341,0.018615035340189934,0.010053242556750774,1,1,1,0,0.1,0.33461392234458076,0.1,0.0
427,427,5,1,6.2,0.9999532699584961,0.561320730706202,20.939389885595546,0.0,0.0,3,0.5405855932070215,GOOD,86.8617060123778,86.52210017788383,2.1630525044470956,0,0.0,80.0,1,1,1,5,0.9999532699584961,1,5,1,0.9149700999259949,0.0578828789293766,0.01080398354679346,0.01634299010038376,1,1,0,1,0.34058559320702153,0.1,0.0,0.1
428,428,5,0,0.0,0.9997074007987976,0.6008901562603702,22.199017120026596,3.2,0.0,3,0.559315005926002,GOOD,57.12738314693762,57.01409158191586,1.4253522895478965,0,0.0,80.0,1,1,1,5,0.9997074007987976,1,5,1,0.9869138598442078,0.004122427199035883,0.005172572564333677,0.003791063791140914,1,1,1,0,0.3593150059260021,0.1,0.1,0.0
429,429,5,0,0.0,0.713088870048523,0.4417904252066681,17.82396600078742,0.20000000000000018,0.0,3,0.4795866397930909,GOOD,73.81872274176499,73.55867665634771,1.838966916408693,0,0.0,80.0,1,1,0,5,0.713088870048523,1,5,1,0.1877930611371994,0.6993428468704224,0.011900302954018116,0.1009637713432312,1,1,0,1,0.1,0.27958663979309095,0.0,0.1
430,430,5,1,6.2,0.9990812540054321,0.38303139627741,15.791278040775103,0.0,0.0,3,0.4465561895011929,GOOD,108.82255089751527,108.12522207759748,2.703130551939937,0,0.0,80.0,1,1,1,5,0.9990812540054321,1,5,1,0.42584526538848877,0.5117665529251099,0.024801304563879967,0.03758688271045685,1,1,0,1,0.14823531553439784,0.19832087396679507,0.0,0.1
431,431,5,0,0.0,0.9997352957725525,0.5570868378627711,20.708622981392104,3.2,0.09739665208495585,3,0.5385429875982405,GOOD,44.42163276009821,44.10413391660176,1.102603347915044,0,0.0,80.0,1,1,1,5,0.9997352957725525,1,5,1,0.026693424209952354,0.9072870016098022,0.047329436987638474,0.01869017630815506,1,1,1,0,0.1,0.33854298759824053,0.1,0.0
432,432,5,0,0.0,0.9998670816421509,0.5649613691697857,21.13430084042344,0.20000000000000018,0.0,3,0.542335836644956,GOOD,88.83880538734309,88.47387281367574,2.2118468203418935,0,0.0,80.0,1,1,1,5,0.9998670816421509,1,5,1,0.9215790033340454,0.06451545655727386,0.009645997546613216,0.004259501583874226,1,1,1,0,0.34233583664495604,0.1,0.1,0.0
433,433,5,1,6.2,0.999618649482727,0.49021976688440194,18.703220229950315,0.0,0.0,3,0.5051895239043296,GOOD,114.37332967356441,114.14496946528158,2.8536242366320397,0,0.0,80.0,1,1,1,5,0.999618649482727,1,5,1,0.13417431712150574,0.7863659262657166,0.03313906490802765,0.046320654451847076,1,1,0,1,0.1,0.30518952390432963,0.0,0.1
434,434,5,0,0.0,0.9999688863754272,0.5146959272437952,19.486020708903993,3.2,0.0,3,0.517647704327369,GOOD,49.22611504887904,48.616135299041446,1.2154033824760362,0,0.0,80.0,1,1,1,5,0.9999688863754272,1,5,1,0.07022003084421158,0.8305323123931885,0.07663510739803314,0.02261260151863098,1,1,1,0,0.1,0.317647704327369,0.1,0.0
435,435,5,0,0.0,0.9993613362312317,0.509679502325591,19.350745733815355,0.20000000000000018,0.0,3,0.515118930601761,GOOD,108.19058543442131,106.55848389886854,2.663962097471714,0,0.0,80.0,1,1,1,5,0.9993613362312317,1,5,1,0.11255072057247162,0.8214709162712097,0.02279403619468212,0.04318433254957199,1,1,0,1,0.1,0.315118930601761,0.0,0.1
436,436,5,1,6.2,0.9997114539146423,0.31165122363810055,14.86443658823697,0.0,0.0,3,0.40280360123682707,GOOD,82.08484215088167,80.44860031922306,2.0112150079805766,0,0.0,80.0,1,1,1,5,0.9997114539146423,1,5,1,0.023517021909356117,0.38415810465812683,0.19843946397304535,0.39388537406921387,0,1,1,1,0.0,0.14825872042828359,0.1,0.15454488080854348
437,437,5,0,0.0,0.9998216032981873,0.43677348091479373,17.841734703499213,3.2,0.0,3,0.47685578694452163,GOOD,72.10119713488908,71.63407270236324,1.790851817559081,0,0.0,80.0,1,1,1,5,0.9998216032981873,1,5,1,0.2882445454597473,0.019110994413495064,0.69035804271698,0.0022864649072289467,1,1,1,0,0.1,0.1,0.2768557869445216,0.0
438,438,5,0,0.0,0.9999814033508301,0.5630767948658374,20.818141132384174,0.20000000000000018,0.0,3,0.5414305305403514,WEAK,12.383497252956673,10.266802849417353,0.25667007123543384,0,0.0,80.0,1,1,1,5,0.9999814033508301,1,5,1,0.03328102082014084,0.9181576371192932,0.025393357500433922,0.023168018087744713,1,1,1,0,0.1,0.34143053054035144,0.1,0.0
439,439,5,1,6.2,0.9997679591178894,0.38486841272420247,16.720609324950615,0.0,0.0,3,0.447625749135538,WEAK,19.6154145902079,17.167490644239656,0.42918726610599145,0,0.0,80.0,1,1,1,5,0.9997679591178894,1,5,1,0.3456459939479828,0.5960507392883301,0.0025354111567139626,0.055767882615327835,1,1,0,1,0.10100382606293049,0.24662192307260747,0.0,0.1
440,440,5,0,0.0,0.9974730610847473,0.5538211092102022,20.680202510165024,3.2,0.7652534596297255,3,0.5369621565479841,WEAK,19.47592511382328,17.38986161481098,0.4347465403702745,0,0.0,80.0,1,1,1,5,0.9974730610847473,1,5,1,0.06851572543382645,0.9013628363609314,0.014039888046681881,0.01608155108988285,1,1,0,1,0.1,0.3369621565479841,0.0,0.1
441,441,5,0,0.0,0.9993610978126526,0.574356920534013,21.43278977877575,0.20000000000000018,0.47378641369275903,3,0.5468268811324062,WEAK,12.52554865048886,11.658681837478657,0.29146704593696643,0,0.0,80.0,1,1,1,5,0.9993610978126526,1,5,1,0.9386448264122009,0.05585017055273056,0.003256057156249881,0.0022489381954073906,1,1,1,0,0.34682688113240623,0.1,0.1,0.0
442,442,5,1,6.2,0.9993517994880676,0.3140526099466121,14.970784502827614,0.0,0.3458114598128521,3,0.40435249756605574,WEAK,5.477749804012349,5.118998155196278,0.12797495387990696,0,0.0,80.0,1,1,1,5,0.9993517994880676,1,5,1,0.37136176228523254,0.41207951307296753,0.19748032093048096,0.019078414887189865,1,1,1,0,0.13906990632253075,0.16528259124352498,0.1,0.0
443,443,5,0,0.0,0.9996140599250793,0.6002461822344707,22.207126106842257,3.2,1.263330383407846,3,0.5590152166163427,WEAK,12.607960990294568,11.299243056200245,0.28248107640500614,0,0.0,80.0,1,1,1,5,0.9996140599250793,1,5,1,0.9857410788536072,0.008993095718324184,0.0032451122533529997,0.0020207588095217943,1,1,1,0,0.3590152166163427,0.1,0.1,0.0
444,444,5,0,0.0,0.9999130964279175,0.5673817817475627,21.23791038922316,0.20000000000000018,1.0545467017354442,3,0.5434963350528982,WEAK,9.767342066372382,8.35134726689607,0.20878368167240177,0,0.0,80.0,1,1,1,5,0.9999130964279175,1,5,1,0.9259740114212036,0.06172464042901993,0.001765520661137998,0.01053578406572342,1,1,0,1,0.3434963350528982,0.1,0.0,0.1
445,445,5,0,0.0,0.621420681476593,0.5232128500283891,19.688663313004856,0.0,1.0545467017354442,3,0.5219130153179774,DOWN,0.0,0.0,0.0,1,0.0,80.0,1,1,0,5,0.621420681476593,1,5,1,0.09280967712402344,0.8459275960922241,0.03684237226843834,0.024420371279120445,1,1,1,0,0.1,0.32191301531797745,0.1,0.0
446,446,5,0,0.0,0.9996494054794312,0.5445312934060464,20.52919175286715,0.0,1.0545467017354442,3,0.5324395994032818,DOWN,0.0,0.0,0.0,1,0.0,80.0,1,1,1,5,0.9996494054794312,1,5,1,0.08440428227186203,0.8845205903053284,0.006078585051000118,0.02499649114906788,1,1,0,1,0.1,0.3324395994032818,0.0,0.1
447,447,5,1,6.2,0.9999449253082275,0.49802742742596023,18.490393880578072,0.0,0.8796944549117546,3,0.5091966724783211,WEAK,7.926724272759852,6.994089872947583,0.1748522468236896,0,0.0,80.0,1,1,1,5,0.9999449253082275,1,5,1,0.06292915344238281,0.8004418611526489,0.0681919977068901,0.06843692809343338,0,1,1,1,0.0,0.30919667247832117,0.1,0.1
448,448,5,0,0.0,0.9999363422393799,0.49089594579250945,19.15800304905986,3.2,1.8602430767026439,3,0.5055378174758288,WEAK,10.31272240609547,8.778055128364423,0.2194513782091106,0,0.0,80.0,1,1,1,5,0.9999363422393799,1,5,1,0.7875844836235046,0.2013433426618576,0.009555896744132042,0.001516264397650957,1,1,1,0,0.30553781747582887,0.1,0.1,0.0
449,449,5,0,0.0,0.9998273253440857,0.5956335854430318,22.01699645383629,0.20000000000000018,1.6857146455297385,3,0.5568631957914509,WEAK,7.77287984049337,6.981137246916217,0.17452843117290542,0,0.0,80.0,1,1,1,5,0.9998273253440857,1,5,1,0.011047767475247383,0.9773426055908203,0.0057713864371180534,0.005838265176862478,1,1,0,1,0.1,0.356863195791451,0.0,0.1
450,450,5,1,6.2,0.9807913303375244,0.47874838570847844,18.8683962040508,0.0,1.6000624530568712,3,0.4992436937799928,WEAK,3.7035158284889964,3.4260876989146913,0.08565219247286729,0,0.0,80.0,1,1,1,15,0.9807913303375244,0,5,1,0.22966785728931427,0.7657073140144348,0.004224182106554508,0.00040070313843898475,1,1,1,0,0.1,0.2992436937799928,0.1,0.0
451,451,5,0,0.0,0.9997825026512146,0.3707208528051592,15.581048077391497,3.2,2.593467308763745,3,0.4393214761837342,WEAK,9.00374080739744,8.263805771725035,0.2065951442931259,0,0.0,80.0,1,1,1,5,0.9997825026512146,1,5,1,0.42404845356941223,0.4861629903316498,0.025243759155273438,0.06454490125179291,1,1,0,1,0.15125858335982875,0.18806289282390545,0.0,0.1
452,452,5,0,0.0,0.999942421913147,0.38187587389009686,15.992751163059623,0.20000000000000018,2.238033084310093,3,0.4458820992875414,WEAK,15.59971176452169,14.217368978146096,0.3554342244536524,0,0.0,80.0,1,1,1,5,0.999942421913147,1,5,1,0.5575684905052185,0.3774733245372772,0.03638733923435211,0.028570881113409996,1,1,1,0,0.22551128002734452,0.12037081926019694,0.1,0.0
453,453,5,1,6.2,0.9988446235656738,0.5811314349254237,21.56767618735215,0.0,1.8359060429844227,3,0.550042326816571,WEAK,18.695087473250894,16.0850816530268,0.40212704132567006,0,0.0,80.0,1,1,1,5,0.9988446235656738,1,5,1,0.032184019684791565,0.9509586095809937,0.009813484735786915,0.007043946068733931,1,1,1,0,0.1,0.350042326816571,0.1,0.0
454,454,5,0,0.0,0.9999697208404541,0.4641156779878906,18.04147300267254,3.2,2.976376742317223,3,0.49155491862000344,WEAK,2.946367825814997,2.38117202668799,0.05952930066719975,0,0.0,80.0,1,1,1,5,0.9999697208404541,1,5,1,0.11442176252603531,0.7393956184387207,0.034154415130615234,0.11202824115753174,1,1,0,1,0.1,0.2915549186200035,0.0,0.1
455,455,5,0,0.0,0.9997392296791077,0.5147174688602675,19.356784836103603,0.20000000000000018,2.574358588293768,3,0.5176585367927635,WEAK,18.630207209817737,16.08072616093819,0.4020181540234548,0,0.0,80.0,1,1,1,5,0.9997392296791077,1,5,1,0.033720724284648895,0.8305712342262268,0.1037302166223526,0.031977809965610504,1,1,1,0,0.1,0.31765853679276357,0.1,0.0
456,456,5,1,6.2,0.9999740123748779,0.5927392856078781,21.906512917233385,0.0,1.5119319538062064,3,0.5555085947471207,GOOD,43.08335994587486,42.497065379502466,1.0624266344875617,0,0.0,80.0,1,1,1,5,0.9999740123748779,1,5,1,0.007493371143937111,0.9720743894577026,0.011776036582887173,0.00865625124424696,0,1,1,1,0.0,0.3555085947471207,0.1,0.1
457,457,5,0,0.0,0.9997537732124329,0.3470084330805336,14.70053154329943,3.2,1.6745253108079599,3,0.4250391565619063,GOOD,42.12259497648595,41.49626571992986,1.0374066429982465,0,0.0,80.0,1,1,1,5,0.9997537732124329,1,5,1,0.23617792129516602,0.5307338237762451,0.09930719435214996,0.1337810605764389,1,1,0,1,0.1,0.2250391565619063,0.0,0.1
458,458,5,0,0.0,0.9834302663803101,0.5191030418908674,19.533383747853655,0.20000000000000018,0.0,3,0.519859175162524,GOOD,79.71339859514467,78.97085642530762,1.9742714106326904,0,0.0,80.0,1,1,1,5,0.9834302663803101,1,5,1,0.8384969830513,0.05746966227889061,0.026593264192342758,0.07744002342224121,1,1,0,1,0.31985917516252405,0.1,0.0,0.1
459,459,5,1,6.2,0.9992582201957703,0.415661409727641,17.017650402466415,0.0,0.0,3,0.46518829610918233,GOOD,102.93197699948794,102.25115182797451,2.556278795699363,0,0.0,80.0,1,1,1,5,0.9992582201957703,1,5,1,0.6526160836219788,0.20856155455112457,0.11063122004270554,0.02819109335541725,1,1,1,0,0.2651882961091824,0.1,0.1,0.0
460,460,5,0,0.0,0.9997233748435974,0.5058654109615651,19.498414736642392,3.2,0.0,3,0.5131879130607052,GOOD,69.84484700464424,69.05549140037012,1.726387285009253,0,0.0,80.0,1,1,1,5,0.9997233748435974,1,5,1,0.167455792427063,0.8145845532417297,0.013055073097348213,0.004904603585600853,1,1,1,0,0.1,0.31318791306070526,0.1,0.0
461,461,5,0,0.0,0.9796827435493469,0.47171622413636344,18.290616015939815,0.20000000000000018,0.0,3,0.4955635247554824,GOOD,52.84706500679349,52.02803283990807,1.3007008209977018,0,0.0,80.0,1,1,1,15,0.9796827435493469,0,5,1,0.1752343773841858,0.7530567646026611,0.042919255793094635,0.02878963202238083,1,1,1,0,0.1,0.2955635247554824,0.1,0.0
462,462,5,1,6.2,0.99993896484375,0.5194651527030183,19.75757207803918,0.0,0.0,3,0.5200404626869357,GOOD,82.91903390018007,81.31800673668954,2.0329501684172384,0,0.0,80.0,1,1,1,5,0.99993896484375,1,5,1,0.11879880726337433,0.8391515612602234,0.029812483116984367,0.012237121351063251,1,1,1,0,0.1,0.32004046268693576,0.1,0.0
463,463,5,0,0.0,0.9984208345413208,0.45130882334599587,17.289594715095646,3.2,0.7989555955665579,3,0.4847254680070463,WEAK,17.401558190643264,16.041776177337677,0.40104440443344197,0,0.0,80.0,1,1,1,5,0.9984208345413208,1,5,1,0.08258988708257675,0.7164055109024048,0.13467276096343994,0.06633179634809494,1,1,1,0,0.1,0.28472546800704635,0.1,0.0
464,464,5,0,0.0,0.9989761114120483,0.4012264354491924,16.790565297840345,0.20000000000000018,0.40105238259546583,3,0.45703945820042824,WEAK,17.806653643799674,15.916128518843683,0.3979032129710921,0,0.0,80.0,1,1,1,5,0.9989761114120483,1,5,1,0.19795012474060059,0.6268765926361084,0.02259238064289093,0.15258090198040009,1,1,0,1,0.1,0.2570394582004283,0.0,0.1
465,465,5,1,6.2,0.8385791778564453,0.5943269044105681,22.01679647129806,0.0,0.0,3,0.5562520465033406,GOOD,104.87703217919375,103.86651354961428,2.5966628387403574,0,0.0,80.0,1,1,1,5,0.8385791778564453,1,5,1,0.013672437518835068,0.9749640226364136,0.0029728366062045097,0.008390716277062893,1,1,0,1,0.1,0.35625204650334064,0.0,0.1
466,466,5,0,0.0,0.9998292922973633,0.5596409151132437,20.76107159195148,3.2,0.0,3,0.5397761054546655,GOOD,118.57154370542756,117.1315837720423,2.9282895943010576,0,0.0,80.0,1,1,1,5,0.9998292922973633,1,5,1,0.02017918974161148,0.9119214415550232,0.020598219707608223,0.04730117693543434,0,1,1,1,0.0,0.3397761054546655,0.1,0.1
467,467,5,0,0.0,0.9998639822006226,0.5782241325458,21.373174125285914,0.20000000000000018,0.0,3,0.5486647172569235,GOOD,69.59874942777583,69.01743381766315,1.7254358454415788,0,0.0,80.0,1,1,1,5,0.9998639822006226,1,5,1,0.014826437458395958,0.9456732273101807,0.0174579881131649,0.022042391821742058,0,1,1,1,0.0,0.3486647172569235,0.1,0.1
468,468,5,1,6.2,0.9004539251327515,0.3125920476887164,14.263403171745923,0.0,0.0,3,0.4034111421476475,GOOD,103.58004467340575,101.84462968151217,2.5461157420378044,0,0.0,80.0,1,1,1,15,0.9004539251327515,0,5,1,0.33296287059783936,0.07959349453449249,0.4471956491470337,0.14024803042411804,1,0,1,1,0.11485020638527635,0.0,0.18856093576237112,0.1
469,469,5,0,0.0,0.9087767004966736,0.5302052134494776,20.165057062025085,3.2,0.0,3,0.5253889365972714,GOOD,64.30372947279552,63.17927040303249,1.5794817600758124,0,0.0,80.0,1,1,1,5,0.9087767004966736,1,5,1,0.001785136992111802,0.13541828095912933,0.8585770130157471,0.004219647962599993,0,1,1,1,0.0,0.1,0.3253889365972714,0.1
470,470,6,0,0.0,0.999643087387085,0.2776642107752727,13.992958579293791,0.20000000000000018,0.0,3,0.3802059238779576,GOOD,81.63659550137822,80.8795373661129,2.0219884341528225,0,0.0,80.0,1,1,1,6,0.999643087387085,1,6,1,0.2240784615278244,0.4024994373321533,0.2988888919353485,0.07453328371047974,1,1,1,0,0.1,0.17557147174989404,0.10463445212806352,0.0
471,471,6,1,6.2,0.9720444083213806,0.5765355913325176,21.384368992007197,0.0,0.0,3,0.5478630209261363,GOOD,53.07133601195636,52.361951905719174,1.3090487976429794,0,0.0,80.0,1,1,1,6,0.9720444083213806,1,6,1,0.010520719923079014,0.026119433343410492,0.942604124546051,0.02075578272342682,0,1,1,1,0.0,0.1,0.3478630209261363,0.1
472,472,6,0,0.0,0.997174859046936,0.37519067576841353,15.71015171932535,3.2,0.0,3,0.4419620149062101,GOOD,89.49718225357137,89.42541444545051,2.235635361136263,0,0.0,80.0,1,1,1,6,0.997174859046936,1,6,1,0.01785244792699814,0.4785071015357971,0.4416583776473999,0.06198209151625633,0,1,1,1,0.0,0.18183264723805206,0.16012936766815808,0.1
473,473,6,0,0.0,0.9804531335830688,0.4977992324733817,19.001882939535403,0.20000000000000018,0.0,3,0.5090800027756365,GOOD,81.78007151858978,81.42951894751373,2.0357379736878434,0,0.0,80.0,1,1,1,6,0.9804531335830688,1,6,1,0.026836533099412918,0.8000302910804749,0.1555744707584381,0.017558710649609566,1,1,1,0,0.1,0.3090800027756365,0.1,0.0
474,474,6,1,6.2,0.9953122138977051,0.3952764607037371,15.557639880252697,0.0,0.0,3,0.453637974448334,GOOD,55.07794424098411,54.698852578812,1.3674713144703001,0,0.0,80.0,1,1,1,6,0.9953122138977051,1,6,1,0.14219214022159576,0.10278238356113434,0.6162833571434021,0.1387420892715454,1,0,1,1,0.1,0.0,0.253637974448334,0.1
475,475,6,0,0.0,0.9931533336639404,0.45744598877616083,16.943940961620193,3.2,0.0,3,0.48801013141883715,GOOD,115.78558365836835,114.84773418259903,2.871193354564976,0,0.0,80.0,1,1,1,6,0.9931533336639404,1,6,1,0.09870332479476929,0.12413609772920609,0.7274180054664612,0.049742527306079865,1,1,1,0,0.1,0.1,0.28801013141883713,0.0
476,476,6,0,0.0,0.9994394183158875,0.3071063255736112,14.920139594810822,0.20000000000000018,0.0,3,0.3998557147972035,GOOD,117.95336984870774,117.76290988186769,2.9440727470466923,0,0.0,80.0,1,1,1,6,0.9994394183158875,1,6,1,0.32737091183662415,0.4404503107070923,0.20416882634162903,0.02800988219678402,1,1,1,0,0.11312021123587945,0.18673550356132404,0.1,0.0
477,477,6,1,6.2,0.5099735856056213,0.5270489731984733,20.051463517207758,0.0,0.0,3,0.5238228175927193,GOOD,109.71272693929711,108.32105515391129,2.7080263788477823,0,0.0,80.0,1,1,0,6,0.5099735856056213,1,6,1,0.10450344532728195,0.005808220244944096,0.8528661727905273,0.036822203546762466,1,0,1,1,0.1,0.0,0.32382281759271936,0.1
478,478,6,0,0.0,0.9995290040969849,0.3533087261572249,15.367786342859251,3.2,0.0,3,0.42888031031199814,GOOD,74.48610861103506,74.43262924459188,1.860815731114797,0,0.0,80.0,1,1,1,6,0.9995290040969849,1,6,1,0.5418587923049927,0.21222127974033356,0.18687959015369415,0.05904029309749603,1,1,1,0,0.2288803103119981,0.1,0.1,0.0
479,479,6,0,0.0,0.9728579521179199,0.39869257775092426,16.240095239320258,0.20000000000000018,0.0,3,0.4555940061658521,GOOD,119.4834397429478,117.19244628473622,2.929811157118406,0,0.0,80.0,1,1,1,6,0.9728579521179199,1,10,0,0.0050413841381669044,0.38584184646606445,0.586564302444458,0.02255241945385933,0,1,1,1,0.0,0.12045460887376197,0.23513939729209013,0.1
480,480,6,1,6.2,0.8325362801551819,0.4735833676072658,18.71448773110183,0.0,0.0,3,0.4965433239894932,GOOD,96.46376029035906,95.88157281505697,2.3970393203764244,0,0.0,80.0,1,1,1,15,0.8325362801551819,0,6,1,0.2284763902425766,0.7564146518707275,0.012828055769205093,0.002280845772475004,1,1,1,0,0.1,0.29654332398949323,0.1,0.0
481,481,6,0,0.0,0.8976513743400574,0.4009481831259099,16.531698242149954,3.2,0.1301768595067896,3,0.4568809512625438,GOOD,43.609179656742285,42.792925619728415,1.0698231404932104,0,0.0,80.0,1,1,1,6,0.8976513743400574,1,6,1,0.07295872271060944,0.626380980014801,0.26009753346443176,0.04056276008486748,1,1,1,0,0.1,0.25688095126254384,0.1,0.0
482,482,6,0,0.0,0.9989612102508545,0.590692034042168,21.910982107087943,0.20000000000000018,0.0,3,0.554548434384016,GOOD,49.40035058020812,49.34124371547406,1.2335310928868515,0,0.0,80.0,1,1,1,6,0.9989612102508545,1,6,1,0.025993620976805687,0.9683487415313721,0.003569880034774542,0.0020877444185316563,1,1,1,0,0.1,0.35454843438401606,0.1,0.0
483,483,6,1,6.2,0.579138994216919,0.4042263596589305,16.559695119639542,0.0,0.0,3,0.4587448922047794,GOOD,52.46061367796635,51.89939197075985,1.2974847992689964,0,0.0,80.0,1,1,0,15,0.579138994216919,0,6,1,0.09175270795822144,0.2322556972503662,0.6322212815284729,0.043770335614681244,1,1,1,0,0.1,0.1,0.25874489220477936,0.0
484,484,6,0,0.0,0.9485228657722473,0.34395389823386435,15.027480564952738,3.2,0.0,3,0.4231643222736122,GOOD,85.39584908394588,84.71740758267207,2.117935189566802,0,0.0,80.0,1,1,1,6,0.9485228657722473,1,6,1,0.038989756256341934,0.46374207735061646,0.38672852516174316,0.11053971201181412,0,1,1,1,0.0,0.18526948361318166,0.13789483866043054,0.1
485,485,6,0,0.0,0.9995744824409485,0.3839504456500083,15.885597656612589,0.20000000000000018,0.0,3,0.44709160422294136,GOOD,45.04937365630968,44.17653995020096,1.104413498755024,0,0.0,80.0,1,1,1,6,0.9995744824409485,1,6,1,0.014996250160038471,0.4943380355834961,0.4453175663948059,0.045348215848207474,0,1,1,1,0.0,0.18781628965591737,0.159275314567024,0.1
486,486,6,1,6.2,0.8049752712249756,0.3645354713730379,14.663852490753444,0.0,0.0,3,0.4356410774498197,GOOD,55.149079333828304,54.83357442697983,1.3708393606744957,0,0.0,80.0,1,1,1,15,0.8049752712249756,0,6,1,0.1771738976240158,0.5617150664329529,0.12440787255764008,0.13670308887958527,1,1,0,1,0.1,0.23564107744981974,0.0,0.1
487,487,6,0,0.0,0.9969255328178406,0.5294985945915825,20.10520146879813,3.2,1.1242172691461587,3,0.5250387198349249,WEAK,3.697148962784126,3.03130923415365,0.07578273085384125,0,0.0,80.0,1,1,1,15,0.9969255328178406,0,15,0,0.006010903976857662,0.12959517538547516,0.8572983145713806,0.0070955706760287285,0,1,1,1,0.0,0.1,0.32503871983492494,0.1
488,488,6,0,0.0,0.9959084987640381,0.2583989118350133,12.722368430441389,0.20000000000000018,0.7838792246978981,3,0.3667788349718756,WEAK,16.940345224862504,13.613521777930426,0.34033804444826066,0,0.0,80.0,1,1,1,6,0.9959084987640381,1,6,1,0.26038751006126404,0.15253740549087524,0.37589606642723083,0.21117903292179108,1,0,1,1,0.1,0.0,0.1667788349718756,0.1
489,489,6,1,6.2,0.7700914740562439,0.43609906263409576,17.049727188713636,0.0,0.3421183064208224,3,0.476487490201431,WEAK,18.980882323001353,17.670436731083026,0.44176091827707564,0,0.0,80.0,1,1,0,6,0.7700914740562439,1,6,1,0.05842340365052223,0.6891506910324097,0.11680121719837189,0.13562463223934174,0,1,1,1,0.0,0.27648749020143104,0.1,0.1
490,490,7,0,0.0,0.836168646812439,0.26243362341890875,13.429733691181763,3.2,1.285436796849349,3,0.36963123629210565,WEAK,11.82216249345886,10.267260382858932,0.25668150957147334,0,0.0,80.0,1,1,1,7,0.836168646812439,1,7,1,0.37658071517944336,0.23027245700359344,0.10286274552345276,0.29028406739234924,1,1,0,1,0.1652022890629222,0.1,0.0,0.10442894722918344
491,491,7,0,0.0,0.9991180300712585,0.5534519272861733,20.47332738872302,0.20000000000000018,0.8740120605363826,3,0.5367831549115527,WEAK,19.492468735640802,16.45698945251866,0.4114247363129665,0,0.0,80.0,1,1,1,7,0.9991180300712585,1,7,1,0.028530925512313843,0.04257360100746155,0.028202198445796967,0.9006932377815247,1,1,0,1,0.1,0.1,0.0,0.33678315491155264
492,492,7,1,6.2,0.9999176263809204,0.3374150057588482,15.024491124858422,0.0,0.646199094091743,3,0.4191226418611659,WEAK,10.215269442233216,9.112518657785582,0.22781296644463955,0,0.0,80.0,1,1,1,7,0.9999176263809204,1,7,1,0.1300583779811859,0.3951011300086975,0.034101538360118866,0.4407390356063843,1,1,0,1,0.1,0.14538895215870937,0.0,0.17373368970245653
493,493,7,0,0.0,0.9489924311637878,0.3083310754465362,14.526321414008336,3.2,1.634374951418363,3,0.40065224015068673,WEAK,9.047123150319765,8.472965706935199,0.21182414267337998,0,0.0,80.0,1,1,1,7,0.9489924311637878,1,7,1,0.4132809638977051,0.1811741441488266,0.048249125480651855,0.3572957515716553,1,1,0,1,0.16851322682517297,0.1,0.0,0.13213901332551375
494,494,7,0,0.0,0.3099518120288849,0.30451230951931585,13.695051585572081,0.20000000000000018,0.0,3,0.3981634153595177,GOOD,102.38958750978495,101.47612311967698,2.5369030779919246,0,0.0,80.0,1,1,0,24,0.3099518120288849,0,7,1,0.45606616139411926,0.28616565465927124,0.1338900774717331,0.12387806922197342,1,1,1,0,0.19816341535951773,0.1,0.1,0.0
495,495,7,1,6.2,0.9999628067016602,0.2804415495952574,13.141911452507372,0.0,0.0,3,0.3821026991755372,WEAK,13.019978154691144,12.300280669014944,0.3075070167253736,0,0.0,80.0,1,1,1,7,0.9999628067016602,1,7,1,0.13430903851985931,0.39736583828926086,0.1580193042755127,0.3103058338165283,0,1,1,1,0.0,0.1707062480392247,0.1,0.11139645113631244
496,496,7,0,0.0,0.7606274485588074,0.27572072693538413,14.405628021156494,3.2,1.0853857992636886,3,0.3788729799980559,WEAK,5.7047562742341364,4.584568029452451,0.11461420073631129,0,0.0,80.0,1,1,0,7,0.7606274485588074,1,7,1,0.4026168882846832,0.29437240958213806,0.2584114372730255,0.04459919407963753,1,1,1,0,0.17662167795189124,0.1022513020461647,0.1,0.0
497,497,7,0,0.0,0.9999226331710815,0.31399318620332156,14.383267471785395,0.20000000000000018,0.8570131778768251,3,0.40431424079794254,WEAK,11.283602173184924,9.134904855474542,0.22837262138686354,0,0.0,80.0,1,1,1,7,0.9999226331710815,1,7,1,0.0831206813454628,0.47096386551856995,0.31234386563301086,0.13357165455818176,0,1,1,1,0.0,0.2032189966171797,0.1010952441807628,0.1
498,498,7,0,0.0,0.9989377856254578,0.32836754264411167,15.158900065849195,0.0,0.8570131778768251,3,0.4134652720070049,DOWN,0.0,0.0,0.0,1,0.0,80.0,1,1,1,7,0.9989377856254578,1,7,1,0.16597044467926025,0.3771188259124756,0.018457608297467232,0.4384530782699585,1,1,0,1,0.1,0.1374253202361384,0.0,0.17603995177086648
499,499,7,1,6.2,0.9974510073661804,0.604070746822062,22.343771178355027,0.0,0.0,3,0.560793316198908,GOOD,43.92941150000321,43.794458737829096,1.0948614684457274,0,0.0,80.0,1,1,1,7,0.9974510073661804,1,7,1,0.0006250255391933024,0.004403929226100445,0.0022638882510364056,0.9927071332931519,0,1,1,1,0.0,0.1,0.1,0.360793316198908
500,500,7,0,0.0,0.9999788999557495,0.25510261621965247,13.627882276900976,3.2,0.0,3,0.36443189788261043,GOOD,55.60993928738691,54.977576741080476,1.374439418527012,0,0.0,80.0,1,1,1,7,0.9999788999557495,1,7,1,0.27592387795448303,0.2673020660877228,0.08656901121139526,0.3702050745487213,1,1,0,1,0.1,0.1,0.0,0.1644318978826104
501,501,7,0,0.0,0.84977787733078,0.2513458083780414,13.458597823566873,0.20000000000000018,0.0,3,0.3617385138237335,GOOD,82.97751069554721,81.93864959282124,2.048466239820531,0,0.0,80.0,1,1,1,3,0.84977787733078,0,7,1,0.08788275718688965,0.32037031650543213,0.2704601585865021,0.32128676772117615,0,1,1,1,0.0,0.1305395162819011,0.1,0.1311989975418324
502,502,7,1,6.2,0.9997037053108215,0.5290721882133239,19.94035255915318,0.0,0.0,3,0.5248272698403919,GOOD,104.046689653908,102.76111183720987,2.5690277959302468,0,0.0,80.0,1,1,1,7,0.9997037053108215,1,7,1,0.017795449122786522,0.8565267324447632,0.019544918090105057,0.1061328798532486,0,1,1,1,0.0,0.3248272698403919,0.1,0.1
503,503,7,0,0.0,0.9976629018783569,0.41069121275373294,16.41752165551871,3.2,0.0,3,0.4623987291637642,GOOD,115.90744856046273,115.10096273505968,2.877524068376492,0,0.0,80.0,1,1,1,7,0.9976629018783569,1,7,1,0.06379293650388718,0.15708152949810028,0.1353781670331955,0.6437473297119141,0,1,1,1,0.0,0.1,0.1,0.26239872916376417
504,504,7,0,0.0,0.9992383718490601,0.27417693136331184,13.73005088101769,0.20000000000000018,0.0,3,0.37781081200035127,GOOD,58.0743166333426,57.56576963893665,1.4391442409734163,0,0.0,80.0,1,1,1,7,0.9992383718490601,1,7,1,0.3971063196659088,0.29638734459877014,0.09097649902105331,0.21552979946136475,1,1,0,1,0.17360263377636584,0.10420817822398545,0.0,0.1
505,505,7,1,6.2,0.9999569654464722,0.33343436081998423,14.439165331980492,0.0,0.0,3,0.41664301247447655,WEAK,8.809576802721475,7.350570089095572,0.18376425222738932,0,0.0,80.0,1,1,1,7,0.9999569654464722,1,7,1,0.10257694870233536,0.2887391746044159,0.5068111419677734,0.1018727570772171,1,1,1,0,0.1,0.1,0.21664301247447657,0.0
506,506,7,0,0.0,0.9999827146530151,0.4097506315648875,17.256080222432114,3.2,1.0807124847025855,3,0.46186892375497024,WEAK,5.2905578677575775,4.7715006118965775,0.11928751529741444,0,0.0,80.0,1,1,1,7,0.9999827146530151,1,7,1,0.014521386474370956,0.6420696973800659,0.0018794536590576172,0.3415294289588928,1,1,0,1,0.1,0.2618689237549703,0.0,0.1
507,507,7,0,0.0,0.994536280632019,0.38867774321258103,15.498143278174851,0.20000000000000018,0.7685741026529762,3,0.44983553800457377,WEAK,14.111361104328083,12.485535281984374,0.31213838204960936,0,0.0,80.0,1,1,1,7,0.994536280632019,1,7,1,0.6045466661453247,0.17580997943878174,0.12222721427679062,0.09741611033678055,1,1,1,0,0.24983553800457373,0.1,0.1,0.0
508,508,7,1,6.2,0.9970893263816833,0.3064055799830634,13.767926859901753,0.0,0.4219544672925597,3,0.39939926515008484,WEAK,14.994322031228174,13.864785414416659,0.3466196353604165,0,0.0,80.0,1,1,1,7,0.9970893263816833,1,7,1,0.42106106877326965,0.3451833128929138,0.12963680922985077,0.10411881655454636,1,1,1,0,0.1744262709912935,0.12497299415879135,0.1,0.0
509,509,7,0,0.0,0.9952481389045715,0.34289979640111784,14.976871650381431,3.2,1.6219544672925597,3,0.42251539727390597,DOWN,0.0,0.0,0.0,1,0.0,80.0,1,1,1,7,0.9952481389045715,1,7,1,0.15335899591445923,0.5234860777854919,0.07433643192052841,0.24881857633590698,1,1,0,1,0.1,0.22251539727390593,0.0,0.1
510,510,7,0,0.0,0.9983755350112915,0.2815735903793399,13.057014695744433,0.20000000000000018,0.41941884570678645,3,0.38287312745349517,GOOD,48.58498902660163,48.10142486343093,1.2025356215857732,0,0.0,80.0,1,1,1,7,0.9983755350112915,1,7,1,0.1493670791387558,0.3967893719673157,0.140401229262352,0.3134423494338989,1,1,0,1,0.1,0.16976959661018917,0.0,0.11310353084330599
511,511,7,1,6.2,0.9990633130073547,0.5779471803625387,21.509276043729354,0.0,0.0,3,0.5485333044686309,GOOD,80.65543318225959,79.95104107207491,1.998776026801873,0,0.0,80.0,1,1,1,7,0.9990633130073547,1,7,1,0.0060346294194459915,0.044298239052295685,0.004497334361076355,0.9451698064804077,1,1,0,1,0.1,0.1,0.0,0.34853330446863096
512,512,7,0,0.0,0.9847607016563416,0.28408035025968664,13.426541492774643,3.2,1.2,3,0.3845736497151494,DOWN,0.0,0.0,0.0,1,0.0,80.0,1,1,1,7,0.9847607016563416,1,7,1,0.41218793392181396,0.30371057987213135,0.12003134936094284,0.16407012939453125,1,1,0,1,0.17899961748842155,0.10557403222672784,0.0,0.1
513,513,7,0,0.0,0.9988452196121216,0.3108660752621075,14.371654133867171,0.20000000000000018,0.964947843413472,3,0.40229588618411705,WEAK,10.603038453316957,9.40208626346112,0.235052156586528,0,0.0,80.0,1,1,1,7,0.9988452196121216,1,7,1,0.06985189765691757,0.4436139166355133,0.33266422152519226,0.15386995673179626,0,1,1,1,0.0,0.1870433088686477,0.11525257731546937,0.1
514,514,7,1,6.2,0.9998847246170044,0.42945153698536215,16.7840829967407,0.0,0.0,3,0.4728419581434873,GOOD,87.43653049196928,87.03787627062572,2.175946906765643,0,0.0,80.0,1,1,1,7,0.9998847246170044,1,7,1,0.0668138638138771,0.6772561073303223,0.08942469209432602,0.1665053516626358,0,1,1,1,0.0,0.27284195814348733,0.1,0.1
515,515,7,0,0.0,0.9276396036148071,0.29716032419378985,14.536303296335792,3.2,0.11995631028283649,3,0.39332752398664306,GOOD,44.06667695587817,43.20174758868654,1.0800436897171635,0,0.0,80.0,1,1,1,7,0.9276396036148071,1,7,1,0.21347813308238983,0.4063436985015869,0.3390776515007019,0.04110049083828926,1,1,1,0,0.1,0.16892244321784902,0.12440508076879406,0.0
516,516,7,0,0.0,0.8243948221206665,0.3929316135462241,16.174191902871613,0.20000000000000018,0.0,3,0.4522904442422421,GOOD,111.74042972725587,110.67764153008295,2.766941038252074,0,0.0,80.0,1,1,1,7,0.8243948221206665,1,7,1,0.05485377460718155,0.6121113300323486,0.20654940605163574,0.12648546695709229,0,1,1,1,0.0,0.2522904442422421,0.1,0.1
517,517,7,1,6.2,0.9998632669448853,0.32291354950038537,13.809368965326986,0.0,0.0,3,0.41001718601310666,GOOD,105.77708368750456,104.40582399514697,2.6101455998786744,0,0.0,80.0,1,1,1,7,0.9998632669448853,1,7,1,0.14265483617782593,0.4883148968219757,0.13532285392284393,0.23370739817619324,1,1,0,1,0.1,0.21001718601310662,0.0,0.1
518,518,7,0,0.0,0.5893546938896179,0.5872173268423724,21.062953500313675,3.2,0.0,3,0.5529149812495571,GOOD,74.25358908070987,73.30620722337434,1.8326551805843587,0,0.0,80.0,1,1,0,15,0.5893546938896179,0,7,1,0.012750379741191864,0.012693081051111221,0.962026834487915,0.012529736384749413,1,1,1,0,0.1,0.1,0.352914981249557,0.0
519,519,7,0,0.0,0.9873690009117126,0.5200246801670028,19.56008954528346,0.20000000000000018,0.0,3,0.520320460880737,GOOD,90.485235429751,89.85604881573411,2.246401220393353,0,0.0,80.0,1,1,1,7,0.9873690009117126,1,7,1,0.8401630520820618,0.04707088693976402,0.08528522402048111,0.027480870485305786,1,1,1,0,0.32032046088073707,0.1,0.1,0.0
520,520,7,1,6.2,0.999919056892395,0.3794483495822617,15.742469252828803,0.0,0.0,3,0.4444626390093397,GOOD,93.74833508912539,91.94726652025906,2.2986816630064766,0,0.0,80.0,1,1,1,7,0.999919056892395,1,7,1,0.16357125341892242,0.1814296692609787,0.5881519317626953,0.06684722751379013,1,1,1,0,0.1,0.1,0.2444626390093397,0.0
521,521,7,0,0.0,0.9999678134918213,0.3963655269960024,15.52867962019568,3.2,0.0,3,0.4542624765977623,GOOD,74.00654140113049,72.80449317013252,1.820112329253313,0,0.0,80.0,1,1,1,7,0.9999678134918213,1,7,1,0.13751453161239624,0.10645151138305664,0.6182215809822083,0.13781240582466125,1,0,1,1,0.1,0.0,0.25426247659776235,0.1
522,522,7,0,0.0,0.9998786449432373,0.4698919318214812,17.857252212488707,0.20000000000000018,0.0,3,0.4946043373774886,GOOD,98.92584744925864,98.0163044822283,2.4504076120557077,0,0.0,80.0,1,1,1,7,0.9998786449432373,1,7,1,0.10286825150251389,0.08982754498720169,0.7497766613960266,0.05752750113606453,1,1,1,0,0.1,0.1,0.2946043373774886,0.0
523,523,7,1,6.2,0.9999747276306152,0.45828169836429256,17.82437697887199,0.0,0.0,3,0.48845570166890634,GOOD,99.61630742248087,99.35500354940984,2.483875088735246,0,0.0,80.0,1,1,1,7,0.9999747276306152,1,7,1,0.11602330207824707,0.11531566083431244,0.7289182543754578,0.03974274545907974,1,1,1,0,0.1,0.1,0.28845570166890633,0.0
524,524,7,0,0.0,0.999937891960144,0.32258577098498276,14.812691816963886,3.2,0.0,3,0.40980903595723517,GOOD,90.1459986227367,88.79873097515816,2.2199682743789544,0,0.0,80.0,1,1,1,7,0.999937891960144,1,7,1,0.1506490409374237,0.046747226268053055,0.34541428089141846,0.45718950033187866,1,0,1,1,0.1,0.0,0.11940504850191225,0.19040398745532292
525,525,7,0,0.0,0.9908021092414856,0.4653952824235652,18.155527771924366,0.20000000000000018,0.0,3,0.4922320805136746,GOOD,61.806919793271334,61.67004928586146,1.5417512321465365,0,0.0,80.0,1,1,1,7,0.9908021092414856,1,7,1,0.028142621740698814,0.7416946887969971,0.032026518136262894,0.19813616573810577,0,1,1,1,0.0,0.29223208051367466,0.1,0.1
526,526,7,1,6.2,0.9999427795410156,0.495541033996785,18.901688052572048,0.0,0.0,3,0.5079240041999142,WEAK,4.779615584398564,4.39891897684284,0.109972974421071,0,0.0,80.0,1,1,1,7,0.9999427795410156,1,7,1,0.029288528487086296,0.14611373841762543,0.028639784082770348,0.7959579825401306,1,1,0,1,0.1,0.1,0.0,0.30792400419991417
527,527,7,0,0.0,0.9992640614509583,0.30127361756050014,14.018191889216913,3.2,0.9643532028686144,3,0.39604038828207205,WEAK,11.529044372473175,9.425871885255422,0.23564679713138556,0,0.0,80.0,1,1,1,7,0.9992640614509583,1,7,1,0.15439432859420776,0.4376225173473358,0.09091560542583466,0.31706759333610535,1,1,0,1,0.1,0.18763917845612924,0.0,0.10840120982594281
528,528,7,0,0.0,0.29984810948371887,0.5991783922121013,22.146740596949197,0.20000000000000018,0.6238034452227308,3,0.5585177735763823,WEAK,14.746835969167432,13.621990305835345,0.34054975764588363,0,0.0,80.0,1,1,0,15,0.29984810948371887,0,7,1,0.003953275736421347,0.9837965965270996,0.0050448826514184475,0.007205253001302481,0,1,1,1,0.0,0.35851777357638237,0.1,0.1
529,529,7,1,6.2,0.9997541308403015,0.3640339554937786,15.208800571678452,0.0,0.3776517618825036,3,0.4353413039961951,WEAK,10.611288669560203,9.846067333609087,0.2461516833402272,0,0.0,80.0,1,1,1,7,0.9997541308403015,1,7,1,0.08443573117256165,0.5608271956443787,0.21641390025615692,0.13832324743270874,0,1,1,1,0.0,0.23534130399619504,0.1,0.1
530,530,7,0,0.0,0.9934821724891663,0.2967625004123724,14.182420635116198,3.2,1.4019428234463271,3,0.39306415193532596,WEAK,7.549997671151196,7.028357537447053,0.17570893843617633,0,0.0,80.0,1,1,1,7,0.9934821724891663,1,7,1,0.0812574177980423,0.4425254762172699,0.18058598041534424,0.29563114047050476,0,1,1,1,0.0,0.19306415193532592,0.1,0.1
531,531,7,0,0.0,0.9985842704772949,0.43696501443493685,17.63677816151208,0.20000000000000018,1.0568957612796697,3,0.4769603306734197,WEAK,14.690507537435472,13.801882486666301,0.34504706216665754,0,0.0,80.0,1,1,1,7,0.9985842704772949,1,7,1,0.09562895447015762,0.6907009482383728,0.017471494153141975,0.19619864225387573,1,1,0,1,0.1,0.27696033067341974,0.0,0.1
532,532,7,1,6.2,0.9997866749763489,0.27345067636697595,12.80237924200145,0.0,0.720103723334938,3,0.3773100971290747,WEAK,16.07980151482031,13.471681517789266,0.33679203794473167,0,0.0,80.0,1,1,1,7,0.9997866749763489,1,7,1,0.16005799174308777,0.40195390582084656,0.1725717931985855,0.26541635394096375,0,1,1,1,0.0,0.17731009712907472,0.1,0.1
533,533,7,0,0.0,0.5949051976203918,0.25095748784260963,12.829012232567061,3.2,1.7119620050478728,3,0.3614589690966099,WEAK,10.068331397070926,8.325668731482605,0.20814171828706513,0,0.0,80.0,1,1,0,7,0.5949051976203918,1,7,1,0.27622848749160767,0.2193501740694046,0.36305689811706543,0.1413644552230835,1,1,1,0,0.1,0.1,0.16145896909660987,0.0
534,534,7,0,0.0,0.622188150882721,0.3793185618334934,14.905775626284758,0.20000000000000018,1.5158332462962267,3,0.44438661978433047,WEAK,8.494590105515275,7.845150350065847,0.19612875875164618,0,0.0,80.0,1,1,0,7,0.622188150882721,1,7,1,0.5879215598106384,0.1488482803106308,0.12698115408420563,0.13624902069568634,1,1,0,1,0.24438661978433043,0.1,0.0,0.1
535,535,7,1,6.2,0.9994500279426575,0.4392628013066292,17.144126528028465,0.0,1.308910447706409,3,0.4782127377933289,WEAK,9.057080403477979,8.276911943592701,0.20692279858981755,0,0.0,80.0,1,1,1,7,0.9994500279426575,1,7,1,0.14195497334003448,0.10642731189727783,0.6948153972625732,0.05680236592888832,1,1,1,0,0.1,0.1,0.2782127377933289,0.0
536,536,7,0,0.0,0.9733178615570068,0.3618217127141999,15.627753298773804,3.2,2.3350662512990925,3,0.43401649861673763,WEAK,7.649241898009638,6.953767856292659,0.1738441964073165,0,0.0,80.0,1,1,1,7,0.9733178615570068,1,7,1,0.21971404552459717,0.019092578440904617,0.20428170263767242,0.5569116473197937,1,0,1,1,0.1,0.0,0.1,0.2340164986167376
537,537,7,0,0.0,0.8939597606658936,0.27913291700307696,13.980060901075657,0.20000000000000018,0.46880003843242846,3,0.38121014823231625,GOOD,75.1057361441559,74.65064851466656,1.866266212866664,0,0.0,80.0,1,1,1,8,0.8939597606658936,0,7,1,0.0798141360282898,0.22525843977928162,0.4118201434612274,0.28310728073120117,0,1,1,1,0.0,0.1,0.18121014823231626,0.1
538,538,7,1,6.2,0.9989776611328125,0.44333690567749784,18.011746297359434,0.0,0.0,3,0.4804252992699514,GOOD,58.87978100964421,57.98109244730614,1.4495273111826537,0,0.0,80.0,1,1,1,7,0.9989776611328125,1,7,1,0.015754157677292824,0.2811761498451233,0.0009560345206409693,0.7021136283874512,1,1,0,1,0.1,0.1,0.0,0.2804252992699514
539,539,7,0,0.0,0.9997047781944275,0.255662880622896,12.18764265701906,3.2,0.966068055356331,3,0.3648318668050985,WEAK,10.962773350199978,9.357277785746756,0.23393194464366893,0,0.0,80.0,1,1,1,7,0.9997047781944275,1,7,1,0.190841406583786,0.22328688204288483,0.3711719512939453,0.21469973027706146,0,1,1,1,0.0,0.1,0.16483186680509845,0.1
540,540,7,0,0.0,0.9998350143432617,0.478765872663294,18.677253988780596,0.20000000000000018,0.5375336542676776,3,0.4992528114840478,WEAK,19.978933472005856,17.14137604354613,0.4285344010886533,0,0.0,80.0,1,1,1,7,0.9998350143432617,1,7,1,0.01803741045296192,0.013575226068496704,0.2026485651731491,0.7657387852668762,1,0,1,1,0.1,0.0,0.1,0.2992528114840478
541,541,7,1,6.2,0.9999816417694092,0.5454049416165871,20.45340861322216,0.0,0.1560800710522226,3,0.5328665523445364,WEAK,18.354948438001557,15.2581433286182,0.381453583215455,0,0.0,80.0,1,1,1,7,0.9999816417694092,1,7,1,0.031074505299329758,0.8861038684844971,0.013335412368178368,0.06948629766702652,1,1,0,1,0.1,0.33286655234453644,0.0,0.1
542,542,7,0,0.0,0.9968677163124084,0.5090032501658963,19.149994441067122,3.2,1.2740918587103767,3,0.5147770825248364,WEAK,3.4607720076301876,3.2795284936738387,0.08198821234184597,0,0.0,80.0,1,1,1,7,0.9968677163124084,1,7,1,0.07375364005565643,0.8202497363090515,0.03593265265226364,0.07006391882896423,1,1,0,1,0.1,0.3147770825248365,0.0,0.1
543,543,7,0,0.0,0.768723726272583,0.5064193942599499,19.275258944529458,0.20000000000000018,1.031919761072982,3,0.5134688373285299,WEAK,10.897661603623119,9.686883905495781,0.24217209763739456,0,0.0,80.0,1,1,0,7,0.768723726272583,1,7,1,0.02199668623507023,0.03761524707078934,0.8155845999717712,0.12480344623327255,0,1,1,1,0.0,0.1,0.3134688373285299,0.1
544,544,7,1,6.2,0.9942373037338257,0.3436767885412619,14.993190019937593,0.0,0.7858261932071382,3,0.4229938247681565,WEAK,11.938928659479688,9.843742714633752,0.2460935678658438,0,0.0,80.0,1,1,1,7,0.9942373037338257,1,7,1,0.5248562693595886,0.31350257992744446,0.07412978261709213,0.08751142024993896,1,1,0,1,0.22299382476815646,0.1,0.0,0.1
545,545,7,0,0.0,0.9686959981918335,0.30334609265080853,14.13321559451331,3.2,0.5584736409901283,3,0.39740024369845484,GOOD,58.014213288443635,57.094102088680394,1.4273525522170099,0,0.0,80.0,1,1,1,7,0.9686959981918335,1,7,1,0.09117663651704788,0.4540269076824188,0.2373480647802353,0.2174484133720398,0,1,1,1,0.0,0.19740024369845485,0.1,0.1
546,546,7,0,0.0,0.9993529915809631,0.35137475138009155,15.37744102267428,0.20000000000000018,0.0,3,0.42770487671774826,GOOD,119.58593708966943,117.49817706013978,2.9374544265034945,0,0.0,80.0,1,1,1,7,0.9993529915809631,1,7,1,0.3941182792186737,0.47293832898139954,0.10883618891239166,0.024107186123728752,1,1,1,0,0.1398668506535508,0.18783802606419744,0.1,0.0
547,547,7,1,6.2,0.9996024966239929,0.30584402805175026,14.172171122050269,0.0,0.0,3,0.39903310621051846,GOOD,65.14783541039239,64.62448768993015,1.6156121922482538,0,0.0,80.0,1,1,1,7,0.9996024966239929,1,7,1,0.4455280303955078,0.15083660185337067,0.08418282121419907,0.31945258378982544,1,1,0,1,0.1906390473030464,0.1,0.0,0.10839405890747206
548,548,7,0,0.0,0.999725878238678,0.29503776758534306,13.470429365522405,3.2,0.0,3,0.3919202767455575,GOOD,88.50395185541726,86.8421921780103,2.1710548044502573,0,0.0,80.0,1,1,1,7,0.999725878238678,1,7,1,0.26221030950546265,0.13093715906143188,0.43951544165611267,0.16733713448047638,1,0,1,1,0.1,0.0,0.19192027674555748,0.1
549,549,7,0,0.0,0.9989755153656006,0.47919942517770237,18.103546466871965,0.20000000000000018,0.0,3,0.49947881269203986,GOOD,84.56014255051602,84.05903977073979,2.101475994268495,0,0.0,80.0,1,1,1,7,0.9989755153656006,1,7,1,0.7665190696716309,0.08145197480916977,0.056184932589530945,0.09584403783082962,1,1,0,1,0.2994788126920399,0.1,0.0,0.1
550,550,7,1,6.2,0.990980327129364,0.2501936185746132,12.639437422261555,0.0,0.0,3,0.36090844194130567,GOOD,55.61484238549245,55.55038996142323,1.3887597490355807,0,0.0,80.0,1,1,1,7,0.990980327129364,1,7,1,0.14757102727890015,0.33482158184051514,0.3042122423648834,0.2133951634168625,0,1,1,1,0.0,0.14149284086225916,0.11941560107904656,0.1
551,551,7,0,0.0,0.9996975660324097,0.266691566382233,13.819847787566477,3.2,1.0092082691962085,3,0.37261777443065436,WEAK,9.251832953137333,7.631669232151654,0.19079173080379136,0,0.0,80.0,1,1,1,7,0.9996975660324097,1,7,1,0.069731704890728,0.2537402808666229,0.33393704891204834,0.34259092807769775,0,1,1,1,0.0,0.1,0.13328611709304808,0.13933165733760625
552,552,7,0,0.0,0.9982333183288574,0.33469677656456764,14.107508781733443,0.20000000000000018,0.8832509965172526,3,0.41743099333478306,WEAK,5.454580905399537,5.03829090715824,0.125957272678956,0,0.0,80.0,1,1,1,7,0.9982333183288574,1,7,1,0.1491125524044037,0.21460194885730743,0.5090332627296448,0.12725229561328888,1,1,1,0,0.1,0.1,0.21743099333478308,0.0
553,553,7,1,6.2,0.9999691247940063,0.2674984910107416,13.088968997489294,0.0,0.7457549957252981,3,0.37318106064583567,WEAK,6.764810791151673,5.499840031678179,0.13749600079195448,0,0.0,80.0,1,1,1,7,0.9999691247940063,1,7,1,0.13463100790977478,0.23420178890228271,0.3916357457637787,0.239531472325325,0,1,1,1,0.0,0.1,0.1731810606458357,0.1
554,554,7,0,0.0,0.9999786615371704,0.4374282635309682,17.286497058876027,3.2,0.0,3,0.47721308879506885,GOOD,94.21668915635756,92.68194851627796,2.317048712906949,0,0.0,80.0,1,1,1,7,0.9999786615371704,1,7,1,0.17685379087924957,0.04344359040260315,0.6915303468704224,0.08817226439714432,1,0,1,1,0.1,0.0,0.2772130887950689,0.1
555,555,7,0,0.0,0.942246675491333,0.3888827179550829,15.915126428209877,0.20000000000000018,0.0,3,0.449954135958779,GOOD,62.096589076525284,60.8987224179426,1.5224680604485652,0,0.0,80.0,1,1,1,7,0.942246675491333,1,7,1,0.01688220724463463,0.4580538272857666,0.03249802812933922,0.49256598949432373,0,1,1,1,0.0,0.1649940516291912,0.1,0.18496008432958774
556,556,7,1,6.2,0.9963369369506836,0.5391268538709924,20.393127340105575,0.0,0.0,3,0.5297907956022341,GOOD,74.39656399200382,73.75301051179991,1.843825262794998,0,0.0,80.0,1,1,1,7,0.9963369369506836,1,7,1,0.012479173019528389,0.0050716400146484375,0.10771988332271576,0.8747292757034302,1,0,1,1,0.1,0.0,0.1,0.329790795602234
557,557,7,0,0.0,0.9969845414161682,0.37897985795429934,15.39193200670776,3.2,0.0,3,0.4441881730142776,GOOD,102.06328691496724,100.48773729550472,2.512193432387618,0,0.0,80.0,1,1,1,7,0.9969845414161682,1,7,1,0.10077742487192154,0.2204645872116089,0.09143758565187454,0.5873203873634338,1,1,0,1,0.1,0.1,0.0,0.24418817301427762
558,558,7,0,0.0,0.9737849235534668,0.2981462335502511,14.337311221934534,0.20000000000000018,0.0,3,0.39397946864657957,GOOD,106.8100632864587,106.35489234190038,2.65887230854751,0,0.0,80.0,1,1,1,7,0.9737849235534668,1,7,1,0.1906592696905136,0.32321518659591675,0.06169715151190758,0.42442843317985535,1,1,0,1,0.1,0.11355317147097516,0.0,0.1804262971756044
559,559,7,1,6.2,0.9997856020927429,0.47994758398364296,18.45012441698436,0.0,0.0,3,0.49986857080614777,GOOD,85.69338896445927,83.98967110014557,2.0997417775036396,0,0.0,80.0,1,1,1,7,0.9997856020927429,1,7,1,0.03272750601172447,0.12782545387744904,0.7678656578063965,0.07158142328262329,0,1,1,1,0.0,0.1,0.2998685708061478,0.1
560,560,7,0,0.0,0.9668429493904114,0.4280861602893919,17.247503865053222,3.2,0.0,3,0.4720896947270157,GOOD,56.639845896676846,56.052020988996894,1.4013005247249224,0,0.0,80.0,1,1,1,7,0.9668429493904114,1,7,1,0.6748143434524536,0.030929910019040108,0.046634744852781296,0.24762099981307983,1,0,1,1,0.2720896947270157,0.0,0.1,0.1
561,561,7,0,0.0,0.9989929795265198,0.2694138837679627,14.084355839447271,0.20000000000000018,0.0,3,0.3745147379282,GOOD,47.12336040600426,46.750864705323806,1.1687716176330951,0,0.0,80.0,1,1,1,7,0.9989929795265198,1,7,1,0.26420482993125916,0.32614409923553467,0.05309382081031799,0.3565572500228882,1,1,0,1,0.1,0.12668796823630887,0.0,0.1478267696918911
562,562,7,1,6.2,0.9998868703842163,0.3699613649849899,15.30270918927272,0.0,0.0,3,0.43887123124443883,GOOD,69.72345667250892,69.46013011288441,1.7365032528221105,0,0.0,80.0,1,1,1,7,0.9998868703842163,1,7,1,0.17724743485450745,0.16585727035999298,0.571325957775116,0.08556929975748062,1,1,1,0,0.1,0.1,0.23887123124443885,0.0
563,563,7,0,0.0,0.9996533393859863,0.4455796875137395,17.23883968560112,3.2,0.0,3,0.4816389697753253,GOOD,72.80390295319954,72.10583426943404,1.8026458567358512,0,0.0,80.0,1,1,1,7,0.9996533393859863,1,7,1,0.07390513271093369,0.7061329483985901,0.15955621004104614,0.06040570139884949,1,1,1,0,0.1,0.2816389697753253,0.1,0.0
564,564,7,0,0.0,0.9999364614486694,0.40872044018020365,16.30292006444597,0.20000000000000018,0.0,3,0.4612879449871234,GOOD,91.38019348543949,90.11841220171245,2.2529603050428113,0,0.0,80.0,1,1,1,7,0.9999364614486694,1,7,1,0.09898588061332703,0.19172558188438416,0.06905607134103775,0.640232503414154,1,1,0,1,0.1,0.1,0.0,0.2612879449871234
565,565,7,1,6.2,0.9999773502349854,0.4033780661133537,15.576311274674332,0.0,0.0,3,0.4582632874056083,WEAK,9.413181925417527,8.372995572416311,0.2093248893104078,0,0.0,80.0,1,1,1,7,0.9999773502349854,1,7,1,0.135430708527565,0.630709707736969,0.11343373358249664,0.12042585015296936,1,1,0,1,0.1,0.25826328740560833,0.0,0.1
566,566,7,0,0.0,0.6241195797920227,0.5515573127404493,20.532173458300065,3.2,1.2,3,0.5358635908269891,DOWN,0.0,0.0,0.0,1,0.0,80.0,1,1,0,7,0.6241195797920227,1,7,1,0.02784731797873974,0.06421627104282379,0.8972572684288025,0.0106791527941823,1,1,1,0,0.1,0.1,0.33586359082698913,0.0
567,567,7,0,0.0,0.9599764347076416,0.36233164274355817,15.230691022319105,0.20000000000000018,0.0,3,0.43432222947102456,GOOD,98.38521970422933,96.90044282449931,2.422511070612483,0,0.0,80.0,1,1,1,7,0.9599764347076416,1,7,1,0.05143069848418236,0.3849935531616211,0.057056691497564316,0.5065189599990845,0,1,1,1,0.0,0.1307433834304545,0.1,0.20357884604057006
568,568,7,1,6.2,0.9999750852584839,0.5076314531076167,19.561189311232795,0.0,0.0,3,0.5140829355593186,GOOD,77.45851245548673,77.14780704182745,1.9286951760456863,0,0.0,80.0,1,1,1,7,0.9999750852584839,1,7,1,0.03742486983537674,0.14106641709804535,0.0037358994595706463,0.8177728056907654,1,1,0,1,0.1,0.1,0.0,0.31408293555931854
569,569,7,0,0.0,0.9849520325660706,0.340918349794466,14.668543739793252,3.2,0.0,3,0.4212928759365664,GOOD,77.1062488370301,76.65991205607118,1.9164978014017795,0,0.0,80.0,1,1,1,7,0.9849520325660706,1,7,1,0.20542079210281372,0.5199928283691406,0.0941544696688652,0.18043187260627747,1,1,0,1,0.1,0.2212928759365664,0.0,0.1
570,570,7,0,0.0,0.9404729008674622,0.5944264510781126,22.022013542713772,0.20000000000000018,0.0,3,0.556298629216199,GOOD,112.60839131123859,110.80052979056046,2.770013244764012,0,0.0,80.0,1,1,1,7,0.9404729008674622,1,7,1,0.002763322787359357,0.9751452207565308,0.0030964198522269726,0.018995048478245735,0,1,1,1,0.0,0.35629862921619904,0.1,0.1
571,571,7,1,6.2,0.9997683167457581,0.45131699793156477,18.070006852908662,0.0,0.0,3,0.4847298579188627,GOOD,61.93075149508867,61.61524113209109,1.5403810283022774,0,0.0,80.0,1,1,1,7,0.9997683167457581,1,7,1,0.017076855525374413,0.7164201736450195,0.01014098059386015,0.25636205077171326,1,1,0,1,0.1,0.28472985791886274,0.0,0.1
572,572,7,0,0.0,0.9999361038208008,0.32493876276244743,13.880333050941317,3.2,0.0,3,0.41130092643190064,GOOD,115.5038694482969,114.57510792049071,2.8643776980122677,0,0.0,80.0,1,1,1,7,0.9999361038208008,1,7,1,0.20397187769412994,0.1323031634092331,0.17185281217098236,0.4918721616268158,1,0,1,1,0.1,0.0,0.1,0.21130092643190065
573,573,7,0,0.0,0.9946947693824768,0.28326897326944317,13.691233038730557,0.20000000000000018,0.0,3,0.3840240563813051,GOOD,107.73368404065948,106.87354842851849,2.6718387107129624,0,0.0,80.0,1,1,1,7,0.9946947693824768,1,7,1,0.10424122959375381,0.41901126503944397,0.27028143405914307,0.20646612346172333,0,1,1,1,0.0,0.18402405638130512,0.1,0.1
574,574,7,1,6.2,0.9999642372131348,0.36108886425878084,14.718487276757394,0.0,0.0,3,0.4335767384670486,GOOD,52.955325619970495,52.278291421445736,1.3069572855361435,0,0.0,80.0,1,1,1,7,0.9999642372131348,1,7,1,0.15219692885875702,0.17625054717063904,0.11593764275312424,0.5556148886680603,1,1,0,1,0.1,0.1,0.0,0.2335767384670486
575,575,7,0,0.0,0.6903505325317383,0.26356131368089375,12.88161382754465,3.2,0.0,3,0.3704245468356875,GOOD,56.87475107909704,55.83121816348557,1.3957804540871395,0,0.0,80.0,1,1,0,2,0.6903505325317383,0,7,1,0.13546638190746307,0.3275061547756195,0.3419187664985657,0.19510877132415771,0,1,1,1,0.0,0.13014819070817968,0.14027635612750783,0.1
576,576,7,0,0.0,0.9905536770820618,0.27888642487227383,13.181102922887007,0.20000000000000018,0.0,3,0.3810417946460921,GOOD,107.87046032488648,107.37930207082003,2.684482551770501,0,0.0,80.0,1,1,1,7,0.9905536770820618,1,7,1,0.12785591185092926,0.38757744431495667,0.31657642126083374,0.16799023747444153,0,1,1,1,0.0,0.16477302545965408,0.11626876918643805,0.1
577,577,7,1,6.2,0.9998286962509155,0.32738339068928846,14.294607394821996,0.0,0.0,3,0.412845207672779,GOOD,109.3938831586067,108.72482966875666,2.7181207417189164,0,0.0,80.0,1,1,1,7,0.9998286962509155,1,7,1,0.20749567449092865,0.19099825620651245,0.4961681663990021,0.10533790290355682,1,1,1,0,0.1,0.1,0.212845207672779,0.0
578,578,7,0,0.0,0.9977669715881348,0.25104481617271096,13.54712643959763,3.2,0.0,3,0.36152185397576975,GOOD,100.7973506960584,100.5387182846567,2.5134679571164176,0,0.0,80.0,1,1,1,7,0.9977669715881348,1,7,1,0.2786400616168976,0.3254392445087433,0.08126369118690491,0.3146570324897766,1,1,0,1,0.1006304555565117,0.13432748149305102,0.0,0.126563916926207
579,579,7,0,0.0,0.9976773858070374,0.31227904979758314,14.468956617324027,0.20000000000000018,0.0,3,0.4032091241161384,GOOD,115.08091671688527,113.40447554145074,2.8351118885362685,0,0.0,80.0,1,1,1,7,0.9976773858070374,1,7,1,0.3993411362171173,0.16780072450637817,0.05274438485503197,0.38011378049850464,1,1,0,1,0.15781106651569807,0.1,0.0,0.1453980576004403
580,580,7,1,6.2,0.9997522234916687,0.366197372986422,15.610415680192741,0.0,0.0,3,0.43663298273617557,GOOD,110.13425110013623,108.97242807863435,2.724310701965859,0,0.0,80.0,1,1,1,7,0.9997522234916687,1,7,1,0.031481362879276276,0.0683869868516922,0.38020309805870056,0.5199285745620728,0,1,1,1,0.0,0.1,0.12666630756668534,0.20996667516949022
581,581,7,0,0.0,0.9998395442962646,0.5489721283423682,20.571670752033686,3.2,0.0,3,0.5346063023888881,GOOD,105.64047550868833,104.05723565601474,2.6014308914003688,0,0.0,80.0,1,1,1,7,0.9998395442962646,1,7,1,0.05083784833550453,0.04462069645524025,0.011971620842814445,0.892569899559021,1,1,0,1,0.1,0.1,0.0,0.3346063023888881
582,582,7,0,0.0,0.9999182224273682,0.3780204284833789,15.924366653557238,0.20000000000000018,0.0,3,0.44362556093977146,GOOD,49.427512072466484,49.191902461718946,1.2297975615429737,0,0.0,80.0,1,1,1,7,0.9999182224273682,1,7,1,0.1942334920167923,0.16845133900642395,0.0516974963247776,0.5856176614761353,1,1,0,1,0.1,0.1,0.0,0.24362556093977147
583,583,7,1,6.2,0.9999275207519531,0.5208554716224075,19.55807125497743,0.0,0.0,3,0.5207359270071272,GOOD,80.42215378344767,79.48500351421507,1.9871250878553768,0,0.0,80.0,1,1,1,7,0.9999275207519531,1,7,1,0.07203635573387146,0.8416650295257568,0.05697678402066231,0.0293218195438385,1,1,1,0,0.1,0.3207359270071273,0.1,0.0
584,584,7,0,0.0,0.9842724800109863,0.35744001573842243,15.315495519668955,3.2,0.0,3,0.4313805022518331,GOOD,102.95131051600222,101.07110300998528,2.526777575249632,0,0.0,80.0,1,1,1,7,0.9842724800109863,1,7,1,0.13283665478229523,0.549160897731781,0.24988168478012085,0.0681208148598671,1,1,1,0,0.1,0.23138050225183313,0.1,0.0
585,585,7,0,0.0,0.9995160102844238,0.39418965401465994,16.353364869511612,0.20000000000000018,0.0,3,0.4530139097918977,GOOD,98.92185741615104,97.58053271755854,2.439513317938964,0,0.0,80.0,1,1,1,7,0.9995160102844238,1,7,1,0.04371880739927292,0.6143494844436646,0.2329169511795044,0.10901474952697754,0,1,1,1,0.0,0.25301390979189775,0.1,0.1
586,586,7,1,6.2,0.9998511075973511,0.49203505478699866,18.969100658337172,0.0,0.0,3,0.5061240201110193,GOOD,55.08241870993282,54.206352385154844,1.3551588096288711,0,0.0,80.0,1,1,1,7,0.9998511075973511,1,7,1,0.1045941412448883,0.7896375060081482,0.08847060799598694,0.01729775220155716,1,1,1,0,0.1,0.30612402011101936,0.1,0.0
587,587,7,0,0.0,0.9918715953826904,0.33069559903782264,14.626686157259382,3.2,0.8955206847539319,3,0.4149283739603745,WEAK,14.993053980205042,12.179172609842723,0.3044793152460681,0,0.0,80.0,1,1,1,7,0.9918715953826904,1,7,1,0.12362141162157059,0.4193815588951111,0.40140852332115173,0.05558844283223152,1,1,1,0,0.1,0.16310194149486254,0.15182643246551195,0.0
588,588,7,0,0.0,0.9996448755264282,0.25090975792617876,12.902460546406262,0.20000000000000018,0.8955206847539319,3,0.3614245942968607,DOWN,0.0,0.0,0.0,1,0.0,80.0,1,1,1,7,0.9996448755264282,1,7,1,0.3629746437072754,0.2664032280445099,0.1360088288784027,0.234613299369812,1,1,0,1,0.16142459429686065,0.1,0.0,0.1
589,589,7,1,6.2,0.8823797702789307,0.24988380320697134,12.355107665310136,0.0,0.5991516763174933,3,0.36068491582001205,WEAK,13.488023952674064,11.854760337457542,0.29636900843643854,0,0.0,80.0,1,1,1,7,0.8823797702789307,1,7,1,0.17489223182201385,0.36120688915252686,0.2600306570529938,0.2038702368736267,0,1,1,1,0.0,0.16068491582001207,0.1,0.1
590,590,8,0,0.0,0.9999980926513672,0.3155648751205322,15.574029780584215,3.2,1.7991516763174933,3,0.405324872606485,DOWN,0.0,0.0,0.0,1,0.0,80.0,1,1,1,8,0.9999980926513672,1,8,1,9.99999993922529e-09,0.3008451759815216,0.22373467683792114,0.47542014718055725,0,1,1,1,0.0,0.1,0.1,0.20532487260648494
591,591,8,0,0.0,0.9986152648925781,0.3077718711435337,14.562986893299993,0.20000000000000018,0.006354642151620293,3,0.4002887540278559,GOOD,72.98999314377797,71.71188136663491,1.792797034165873,0,0.0,80.0,1,1,1,8,0.9986152648925781,1,8,1,0.3402136266231537,0.0497119203209877,0.4291050434112549,0.1809694468975067,1,0,1,1,0.12124128530376513,0.0,0.17904746872409075,0.1
592,592,8,1,6.2,0.9980877041816711,0.3616397559710523,15.225765777555104,0.0,0.0,3,0.4339073534813288,GOOD,103.02342805110982,102.23471537851246,2.5558678844628115,0,0.0,80.0,1,1,1,8,0.9980877041816711,1,8,1,0.19822250306606293,0.16512250900268555,0.556589663028717,0.0800652951002121,1,1,1,0,0.1,0.1,0.23390735348132882,0.0
593,593,8,0,0.0,0.9987446069717407,0.40326104923468736,16.864964220912377,3.2,0.7950211206377175,3,0.4581968132544512,WEAK,17.903537055626735,16.1991551744913,0.4049788793622825,0,0.0,80.0,1,1,1,8,0.9987446069717407,1,8,1,0.1729356348514557,0.020030777901411057,0.17653241753578186,0.6305012106895447,1,0,1,1,0.1,0.0,0.1,0.2581968132544512
594,594,8,0,0.0,0.9999972581863403,0.5287279206245324,20.06466044282588,0.20000000000000018,0.6218500365704268,3,0.5246564893451926,WEAK,8.063417788998837,6.926843362691624,0.17317108406729062,0,0.0,80.0,1,1,1,8,0.9999972581863403,1,8,1,0.008125916123390198,0.019857482984662056,0.8559038043022156,0.11611282080411911,0,1,1,1,0.0,0.1,0.32465648934519264,0.1
595,595,8,1,6.2,0.9504839181900024,0.4875792537805621,18.717820727064147,0.0,0.22125057110362334,3,0.5038271138103378,WEAK,16.93271736354269,16.02397861867214,0.4005994654668035,0,0.0,80.0,1,1,1,8,0.9504839181900024,1,8,1,0.042119480669498444,0.14902091026306152,0.027251342311501503,0.7816082835197449,1,1,0,1,0.1,0.1,0.0,0.3038271138103378
596,596,8,0,0.0,0.9997997879981995,0.3969621274063262,16.42581340173215,3.2,1.1007119318171195,3,0.45460422084320556,WEAK,14.814520590594418,12.821545571460153,0.32053863928650383,0,0.0,80.0,1,1,1,8,0.9997997879981995,1,8,1,0.16887308657169342,0.16945943236351013,0.6192834973335266,0.04238404706120491,1,1,1,0,0.1,0.1,0.25460422084320555,0.0
597,597,8,0,0.0,0.9999724626541138,0.3866597649850303,15.525707701723888,0.20000000000000018,1.0335196544606817,3,0.44866626647422836,WEAK,2.993779220743648,2.6876910942575094,0.06719227735643774,0,0.0,80.0,1,1,1,8,0.9999724626541138,1,8,1,0.09259241074323654,0.10001819580793381,0.6009598970413208,0.20642946660518646,0,1,1,1,0.0,0.1,0.24866626647422832,0.1
598,598,8,1,6.2,0.9253963828086853,0.5340330021143986,20.168189360817873,0.0,0.9766129135939795,3,0.5272820348647657,WEAK,2.5560710666485793,2.276269634668088,0.0569067408667022,0,0.0,80.0,1,1,1,3,0.9253963828086853,0,8,1,0.02599329501390457,0.8655053377151489,0.09734483063220978,0.01115654781460762,1,1,1,0,0.1,0.3272820348647657,0.1,0.0
599,599,8,0,0.0,0.9999212026596069,0.33938867063745587,15.574192403075848,3.2,2.1766129135939796,3,0.420346656039976,DOWN,0.0,0.0,0.0,1,0.0,80.0,1,1,1,8,0.9999212026596069,1,8,1,0.5172969698905945,0.2451144903898239,0.21060729026794434,0.026981255039572716,1,1,1,0,0.22034665603997602,0.1,0.1,0.0
600,600,8,0,0.0,0.9999978542327881,0.3515662851715661,14.847068620690981,0.20000000000000018,0.0,3,0.4278214314442682,GOOD,99.97646008357094,99.46135613479599,2.4865339033699,0,0.0,80.0,1,1,1,8,0.9999978542327881,1,8,1,0.2536703050136566,0.11310544610023499,0.09444357454776764,0.538780689239502,1,1,0,1,0.1,0.1,0.0,0.22782143144426822
601,601,8,1,6.2,0.999998927116394,0.5049558141143528,19.393010700645352,0.0,0.0,3,0.512726323750414,GOOD,99.68543831674921,97.91960015322067,2.447990003830517,0,0.0,80.0,1,1,1,8,0.999998927116394,1,8,1,0.04125548154115677,0.13499422371387482,0.8129426836967468,0.010807540267705917,1,1,1,0,0.1,0.1,0.312726323750414,0.0
602,602,8,0,0.0,0.9999973773956299,0.30101082103026877,15.086351667469023,3.2,0.0,3,0.39586762050530194,GOOD,82.5034203854884,81.21757167051784,2.030439291762946,0,0.0,80.0,1,1,1,8,0.9999973773956299,1,8,1,9.99999993922529e-09,0.36904194951057434,0.24590188264846802,0.38505619764328003,0,1,1,1,0.0,0.1426686155656482,0.1,0.15319900493965374
603,603,8,0,0.0,0.9999785423278809,0.5704957478799818,21.299332820126892,0.20000000000000018,0.0,3,0.5449857320005012,GOOD,58.45970442137735,58.42792323158113,1.4606980807895285,0,0.0,80.0,1,1,1,8,0.9999785423278809,1,8,1,0.019963078200817108,0.9316297769546509,0.04451833665370941,0.0038887762930244207,1,1,1,0,0.1,0.3449857320005012,0.1,0.0
604,604,8,1,6.2,0.9999935626983643,0.2903748240860539,14.406406220141402,0.0,0.0,3,0.3888108774461922,WEAK,14.78030384098322,12.632222377701051,0.3158055594425263,0,0.0,80.0,1,1,1,8,0.9999935626983643,1,8,1,0.2258070856332779,0.34012582898139954,0.04407770186662674,0.3899894058704376,1,1,0,1,0.1,0.12771364980522576,0.0,0.16109722764096643
605,605,8,0,0.0,0.9999971389770508,0.5810949153832234,21.598179697839445,3.2,0.9458920060124429,3,0.5500250436269593,WEAK,11.56903253651791,10.16431975950228,0.254107993987557,0,0.0,80.0,1,1,1,8,0.9999971389770508,1,8,1,0.004798701498657465,0.004760787356644869,0.9508922100067139,0.039548300206661224,1,0,1,1,0.1,0.0,0.3500250436269593,0.1
606,606,8,0,0.0,0.9996042847633362,0.3639372226869632,14.522686775325733,0.20000000000000018,0.6348280409610638,3,0.4352834596886386,WEAK,13.527905817865543,12.442558602055165,0.3110639650513791,0,0.0,80.0,1,1,1,8,0.9996042847633362,1,8,1,0.13333743810653687,0.560655951499939,0.1674657016992569,0.13854099810123444,0,1,1,1,0.0,0.23528345968863854,0.1,0.1
607,607,8,1,6.2,0.9930129647254944,0.3221428984386716,14.415344870935026,0.0,0.2620793679586689,3,0.40952762939406906,WEAK,16.611542681946773,14.909946920095797,0.37274867300239495,0,0.0,80.0,1,1,1,8,0.9930129647254944,1,8,1,0.214507058262825,0.09075674414634705,0.4869616627693176,0.20777450501918793,1,0,1,1,0.1,0.0,0.20952762939406908,0.1
608,608,8,0,0.0,0.9999980926513672,0.5262819987446514,19.860372934807017,3.2,1.3708388912920153,3,0.5234415389937981,WEAK,4.538491399100263,3.6496190666661423,0.09124047666665357,0,0.0,80.0,1,1,1,8,0.9999980926513672,1,8,1,0.018083300441503525,0.02191212587058544,0.8514786958694458,0.1085258200764656,0,1,1,1,0.0,0.1,0.32344153899379813,0.1
609,609,8,0,0.0,0.9999985694885254,0.4699690473857011,17.69328055293013,0.20000000000000018,1.3708388912920153,3,0.49464492131306736,DOWN,0.0,0.0,0.0,1,0.0,80.0,1,1,1,8,0.9999985694885254,1,8,1,0.0695469006896019,0.09818685799837112,0.7499153017997742,0.08235090225934982,0,1,1,1,0.0,0.1,0.2946449213130674,0.1
610,610,8,0,0.0,0.9999977350234985,0.23751061172157054,12.457229961707512,0.0,1.3708388912920153,3,0.35164175231452555,DOWN,0.0,0.0,0.0,1,0.0,80.0,1,1,1,8,0.9999977350234985,1,8,1,0.26492413878440857,0.15992477536201477,0.23521657288074493,0.3399345278739929,1,0,1,1,0.1,0.0,0.1,0.15164175231452556
611,611,8,1,6.2,0.9998733997344971,0.38642248827886555,16.383639382666825,0.0,1.255039811657572,3,0.448528581614398,WEAK,5.044424732891404,4.631963185377727,0.11579907963444319,0,0.0,80.0,1,1,1,8,0.9998733997344971,1,8,1,0.3914320170879364,9.99999993922529e-09,0.553719699382782,0.0548483170568943,1,0,1,1,0.12717162270356044,0.0,0.2213569589108376,0.1
612,612,8,0,0.0,0.9999973773956299,0.44174870320383647,17.62198025955221,3.2,1.2165872194397012,3,0.4795639935490391,GOOD,49.60885040811075,49.53810368871483,1.2384525922178709,0,0.0,80.0,1,1,1,8,0.9999973773956299,1,8,1,0.02643238753080368,0.11624681204557419,0.699268102645874,0.1580527126789093,0,1,1,1,0.0,0.1,0.27956399354903916,0.1
613,613,8,0,0.0,0.9999953508377075,0.3409110117953381,15.637927293693503,0.20000000000000018,1.1390841891703898,3,0.42128834191340003,WEAK,3.3330383006433246,3.100121210772454,0.07750303026931135,0,0.0,80.0,1,1,1,8,0.9999953508377075,1,8,1,0.28926414251327515,0.16649854183197021,0.5199798941612244,0.024257393553853035,1,1,1,0,0.1,0.1,0.22128834191340005,0.0
614,614,8,1,6.2,0.9998645782470703,0.37995837308544916,16.354528429890024,0.0,0.8796706159944938,3,0.44476124390542915,WEAK,12.444323901372977,10.376542927035839,0.259413573175896,0,0.0,80.0,1,1,1,8,0.9998645782470703,1,8,1,0.023407015949487686,0.09866577386856079,0.5890572667121887,0.2888698875904083,0,1,1,1,0.0,0.1,0.24476124390542917,0.1
615,615,8,0,0.0,0.999692440032959,0.5374975448483758,20.061750801732067,3.2,1.697847989081185,3,0.5289896427067273,WEAK,17.879151265921067,15.272905076532345,0.38182262691330865,0,0.0,80.0,1,1,1,8,0.999692440032959,1,8,1,0.8717784285545349,0.06741902977228165,0.03554490953683853,0.025257686153054237,1,1,1,0,0.32898964270672737,0.1,0.1,0.0
616,616,8,0,0.0,0.9999451637268066,0.306383559080824,15.260196956903487,0.20000000000000018,1.3705272762977527,3,0.39938491278384913,WEAK,14.829494487703395,13.092828511337293,0.32732071278343233,0,0.0,80.0,1,1,1,8,0.9999451637268066,1,8,1,0.01284824963659048,0.4593394100666046,0.29849839210510254,0.2293139547109604,0,1,1,1,0.0,0.19938491278384915,0.1,0.1
617,617,8,1,6.2,0.9999963045120239,0.37103554197666544,16.334174245620186,0.0,1.1297359958423958,3,0.43950789729302586,WEAK,10.417744144103825,9.63165121821428,0.24079128045535703,0,0.0,80.0,1,1,1,8,0.9999963045120239,1,8,1,0.012615740299224854,0.18601809442043304,0.22813646495342255,0.5732297301292419,0,1,1,1,0.0,0.1,0.1,0.23950789729302588
618,618,8,0,0.0,0.9999951124191284,0.25249742849249446,12.87353673871582,3.2,2.1746383881100058,3,0.3625662763039016,WEAK,6.6926680640470035,6.203904309295597,0.15509760773238992,0,0.0,80.0,1,1,1,8,0.9999951124191284,1,8,1,0.35156184434890747,0.1345893293619156,0.22113238275051117,0.29271647334098816,1,0,1,1,0.1524074592702321,0.0,0.1,0.1101588170336695
619,619,8,0,0.0,0.9999982118606567,0.3812977969125177,15.576594044640153,0.20000000000000018,1.7883984621635638,3,0.4455444872337585,WEAK,17.157262731900317,15.449597037857679,0.38623992594644196,0,0.0,80.0,1,1,1,8,0.9999982118606567,1,8,1,0.03339062258601189,0.03285342827439308,0.4661189615726471,0.46763700246810913,1,0,1,1,0.1,0.0,0.17232878789942876,0.1732156993343297
620,620,8,1,6.2,0.9966083765029907,0.43907155951276367,17.547053415037933,0.0,1.3798606665605273,3,0.4781086267488378,WEAK,17.415373351803307,16.34151182412146,0.40853779560303655,0,0.0,80.0,1,1,1,8,0.9966083765029907,1,8,1,0.027422567829489708,0.6944729089736938,0.22386382520198822,0.05424072593450546,0,1,1,1,0.0,0.27810862674883785,0.1,0.1
621,621,8,0,0.0,0.999997615814209,0.3348122055174246,14.921277490017392,3.2,2.406957034812447,3,0.4175029681373421,WEAK,7.537978394822541,6.916145269923209,0.17290363174808024,0,0.0,80.0,1,1,1,8,0.999997615814209,1,8,1,0.04262140765786171,0.12736624479293823,0.37687090039253235,0.453141450881958,0,1,1,1,0.0,0.1,0.13497458713506522,0.1825283810022769
622,622,8,0,0.0,0.9999982118606567,0.39784189140456516,17.034715618949512,0.20000000000000018,1.9908491275409705,3,0.4551076984436961,WEAK,18.376339209198207,16.644316290859063,0.4161079072714766,0,0.0,80.0,1,1,1,8,0.9999982118606567,1,8,1,0.11309698224067688,0.2660534083843231,0.620849609375,9.99999993922529e-09,1,1,1,0,0.1,0.1,0.2551076984436961,0.0
623,623,8,1,6.2,0.999779999256134,0.4044981518047986,16.944431155643834,0.0,1.8344461195934643,3,0.45889909084152286,WEAK,7.217014049290848,6.256120317900249,0.15640300794750625,0,0.0,80.0,1,1,1,8,0.999779999256134,1,8,1,0.016425948590040207,0.02644076757133007,0.32442769408226013,0.6327056288719177,0,1,1,1,0.0,0.1,0.1,0.25889909084152285
624,624,8,0,0.0,0.9999932050704956,0.5664202577404368,21.202471613005514,3.2,2.756392976734244,3,0.543035616731884,WEAK,12.986036998223236,11.122125714368803,0.27805314285922006,0,0.0,80.0,1,1,1,8,0.9999932050704956,1,8,1,0.05811528488993645,0.9242279529571533,0.002353788586333394,0.0153029290959239,1,1,0,1,0.1,0.3430356167318841,0.0,0.1
625,625,8,0,0.0,0.9999963045120239,0.498353235669253,18.64139619077608,0.20000000000000018,0.4015257118491191,3,0.509363202813975,GOOD,95.48323756693756,94.19469059540499,2.354867264885125,0,0.0,80.0,1,1,1,8,0.9999963045120239,1,8,1,0.0931050181388855,0.05322650820016861,0.8010295033454895,0.05263887345790863,1,1,1,0,0.1,0.1,0.3093632028139749,0.0
626,626,8,1,6.2,0.9999921321868896,0.3918469181219416,16.386406845879776,0.0,0.0,3,0.4516657344932163,GOOD,45.925644219096505,45.5152169850968,1.1378804246274201,0,0.0,80.0,1,1,1,8,0.9999921321868896,1,8,1,0.038007110357284546,0.2330978810787201,0.1187131479382515,0.6101819276809692,0,1,1,1,0.0,0.1,0.1,0.2516657344932163
627,627,8,0,0.0,0.9999974966049194,0.3609813540864968,15.497966648408541,3.2,0.03179566538924172,3,0.4335121873486474,GOOD,46.93691869145593,46.72817338443033,1.1682043346107582,0,0.0,80.0,1,1,1,8,0.9999974966049194,1,8,1,0.026774078607559204,0.08472513407468796,0.3953629434108734,0.49313780665397644,0,1,1,1,0.0,0.1,0.137400979932025,0.19611120741662239
628,628,8,0,0.0,0.9999969005584717,0.3946018886154103,15.984937143416822,0.20000000000000018,0.0,3,0.45325072373112846,GOOD,99.43250478864658,98.96107126654691,2.4740267816636727,0,0.0,80.0,1,1,1,8,0.9999969005584717,1,8,1,0.07096540182828903,0.233546182513237,0.08040540665388107,0.6150829792022705,0,1,1,1,0.0,0.1,0.1,0.25325072373112845
629,629,8,1,6.2,0.9999730587005615,0.28698397548189336,13.345664095815238,0.0,0.0,3,0.3865340437709276,GOOD,83.66386285915708,82.39146654746878,2.0597866636867197,0,0.0,80.0,1,1,1,8,0.9999730587005615,1,8,1,0.15982584655284882,0.11771534383296967,0.3401910662651062,0.3822678029537201,1,0,1,1,0.1,0.0,0.12909890400220533,0.15743513976872223
630,630,8,0,0.0,0.9999916553497314,0.3073280000000001,11.716353754208182,3.2,0.0,4,0.4,GOOD,79.93553803377787,78.94478597737735,1.9736196494344338,0,0.0,80.0,1,1,1,8,0.9999916553497314,1,8,1,0.2796843349933624,0.21763138473033905,0.26188820600509644,0.2407960593700409,1,1,1,1,0.1,0.1,0.1,0.1
631,631,8,0,0.0,0.9999984502792358,0.395004626908527,16.721268199150625,0.20000000000000018,0.0,3,0.4534819629566923,WEAK,10.85262646543238,9.449396723777106,0.23623491809442765,0,0.0,80.0,1,1,1,8,0.9999984502792358,1,8,1,0.0032938604708760977,0.03248727321624756,0.3684089481830597,0.5958099365234375,0,1,1,1,0.0,0.1,0.11147450132470552,0.24200746163198675
632,632,8,1,6.2,0.9999043941497803,0.3482133717368293,15.06607227699173,0.0,0.0,3,0.42577646182963413,WEAK,15.275272471359063,14.346878830034491,0.3586719707508623,0,0.0,80.0,1,1,1,8,0.9999043941497803,1,8,1,0.5328604578971863,0.07445703446865082,0.3034582734107971,0.08922427147626877,1,0,1,1,0.2257764618296341,0.0,0.1,0.1
633,633,8,0,0.0,0.9999969005584717,0.32684880808454136,14.82283316045284,3.2,0.9834938451968747,3,0.4125080035853116,WEAK,10.668648605708784,8.660246192125012,0.2165061548031253,0,0.0,80.0,1,1,1,8,0.9999969005584717,1,8,1,0.41455525159835815,0.03841063380241394,0.14942269027233124,0.39761143922805786,1,0,1,1,0.1616000961037821,0.0,0.1,0.15090790748152952
634,634,8,0,0.0,0.9999979734420776,0.4771106474338839,18.36051273858491,0.20000000000000018,0.7734200324142164,3,0.4983890371570505,WEAK,10.429769624497958,8.402952511306331,0.2100738127826583,0,0.0,80.0,1,1,1,8,0.9999979734420776,1,8,1,0.033836714923381805,0.7627601623535156,0.154495507478714,0.048907630145549774,0,1,1,1,0.0,0.29838903715705056,0.1,0.1
635,635,8,1,6.2,0.9999691247940063,0.4418217664646717,17.857647176776293,0.0,0.6528672899504109,3,0.4796036507797342,WEAK,5.255919745797626,4.822109698552223,0.1205527424638056,0,0.0,80.0,1,1,1,8,0.9999691247940063,1,8,1,0.07784344255924225,0.6993989944458008,0.21319949626922607,0.009557998739182949,1,1,1,0,0.1,0.27960365077973426,0.1,0.0
636,636,8,0,0.0,0.9999746084213257,0.5902057004146429,21.897372052585613,3.2,0.8603797606912631,3,0.5543200995910414,GOOD,40.045450340715554,39.699501170365906,0.9924875292591477,0,0.0,80.0,1,1,1,8,0.9999746084213257,1,8,1,0.003700862405821681,0.0026311299297958612,0.9674637913703918,0.026204189285635948,1,0,1,1,0.1,0.0,0.3543200995910415,0.1
637,637,8,0,0.0,0.999988317489624,0.3129211721611415,14.315803740724098,0.20000000000000018,0.0,3,0.40362345968747937,GOOD,98.67731542398687,98.61386771043256,2.4653466927608143,0,0.0,80.0,1,1,1,8,0.999988317489624,1,8,1,0.353310763835907,0.06904653459787369,0.4275875687599182,0.1500551551580429,1,0,1,1,0.127860121862958,0.0,0.1757633378245214,0.1
638,638,8,1,6.2,0.9999943971633911,0.4434232260079756,17.894319831287483,0.0,0.0,3,0.48047206782410457,GOOD,52.34265003307808,51.35748150052072,1.2839370375130181,0,0.0,80.0,1,1,1,8,0.9999943971633911,1,8,1,0.009570108726620674,0.11713684350252151,0.7022683024406433,0.17102476954460144,0,1,1,1,0.0,0.1,0.2804720678241046,0.1
639,639,8,0,0.0,0.9999915361404419,0.3898067012728302,16.830014338338284,3.2,0.0,3,0.4504883631616238,GOOD,90.13113741579852,89.54305272278825,2.2385763180697063,0,0.0,80.0,1,1,1,8,0.9999915361404419,1,8,1,0.6065537929534912,0.08594291657209396,0.3044486343860626,0.0030545671470463276,1,1,1,0,0.2504883631616238,0.1,0.1,0.0
640,640,8,0,0.0,0.9999865293502808,0.24680116135965718,12.672655636136625,0.20000000000000018,0.0,3,0.35845325297554653,GOOD,72.98068771712602,71.87190226958887,1.7967975567397219,0,0.0,80.0,1,1,1,8,0.9999865293502808,1,8,1,0.14553633332252502,0.22315795719623566,0.29016420245170593,0.3411415219306946,0,1,1,1,0.0,0.1,0.11071680070884549,0.147736452266701
641,641,8,1,6.2,0.9999849796295166,0.4234175394591886,16.301271012076274,0.0,0.0,3,0.4695083803852412,GOOD,112.4633482331408,111.33824319353471,2.783456079838368,0,0.0,80.0,1,1,1,8,0.9999849796295166,1,8,1,0.09201794117689133,0.13106726109981537,0.11044608056545258,0.6664687395095825,0,1,1,1,0.0,0.1,0.1,0.26950838038524116
642,642,8,0,0.0,0.9999909400939941,0.277467901625239,14.744942651806646,3.2,0.0,3,0.38007149694101516,GOOD,107.97841531209816,105.82137670051249,2.6455344175128124,0,0.0,80.0,1,1,1,8,0.9999909400939941,1,8,1,0.007039507385343313,0.3614804446697235,0.31217560172080994,0.31930455565452576,0,1,1,1,0.0,0.14757532838174692,0.1138067999208486,0.11868936863841958
643,643,8,0,0.0,0.9999210834503174,0.297666975486968,13.881610432673641,0.20000000000000018,0.0,3,0.393662688227819,GOOD,62.95139308507639,62.63609085138903,1.5659022712847257,0,0.0,80.0,1,1,1,8,0.9999210834503174,1,8,1,0.19930501282215118,0.2527404725551605,0.44410449266433716,0.10385004431009293,1,1,1,0,0.1,0.1,0.19366268822781904,0.0
644,644,8,1,6.2,0.999968409538269,0.40403704176502314,16.118368206690633,0.0,0.0,3,0.45863745390202504,GOOD,86.59557932315019,84.87488615390194,2.1218721538475487,0,0.0,80.0,1,1,1,8,0.999968409538269,1,8,1,0.10849945992231369,0.07532095164060593,0.6318839192390442,0.18429560959339142,1,0,1,1,0.1,0.0,0.2586374539020251,0.1
645,645,8,0,0.0,0.9999974966049194,0.35932138273827957,15.209189756923728,3.2,1.2,3,0.4325142867652819,DOWN,0.0,0.0,0.0,1,0.0,80.0,1,1,1,8,0.9999974966049194,1,8,1,0.06772249937057495,0.04747994989156723,0.49540621042251587,0.3893912434577942,1,0,1,1,0.1,0.0,0.19815963376169923,0.1343546530035827
646,646,8,0,0.0,0.9999936819076538,0.26432016938035563,13.362453094362447,0.20000000000000018,1.2,3,0.37095743371478185,DOWN,0.0,0.0,0.0,1,0.0,80.0,1,1,1,8,0.9999936819076538,1,8,1,0.10696347802877426,0.29967200756073,0.2218891829252243,0.37147533893585205,0,1,1,1,0.0,0.11028580441191813,0.1,0.16067162930286374
647,647,8,0,0.0,0.9999619722366333,0.38863757041499475,16.066328868489244,0.0,1.2,3,0.4498122904437051,DOWN,0.0,0.0,0.0,1,0.0,80.0,1,1,1,8,0.9999619722366333,1,8,1,0.41309916973114014,0.5369758605957031,0.016527187079191208,0.03339781612157822,1,1,0,1,0.13906217239720026,0.21075011804650487,0.0,0.1
648,648,8,0,0.0,0.9999897480010986,0.5782918775918411,21.39840382486814,0.0,1.2,3,0.5486968572402008,DOWN,0.0,0.0,0.0,1,0.0,80.0,1,1,1,8,0.9999897480010986,1,8,1,0.027269959449768066,0.01321321353316307,0.9457963705062866,0.01372044812887907,1,0,1,1,0.1,0.0,0.34869685724020083,0.1
649,649,8,0,0.0,0.9999754428863525,0.4563536908485924,17.560431002600673,0.0,1.2,3,0.48742714341931764,DOWN,0.0,0.0,0.0,1,0.0,80.0,1,1,1,8,0.9999754428863525,1,8,1,0.15313445031642914,0.06594210863113403,0.7254573702812195,0.05546613782644272,1,1,1,0,0.1,0.1,0.28742714341931763,0.0
650,650,8,1,6.2,0.8216681480407715,0.34864115794980277,15.390393860279667,0.0,0.0,3,0.4260379184656391,GOOD,82.28333831539624,80.91276605279,2.02281915131975,0,0.0,80.0,1,1,1,3,0.8216681480407715,0,8,1,0.1197030320763588,0.05159405246376991,0.2950872778892517,0.5336155891418457,1,0,1,1,0.1,0.0,0.1,0.22603791846563906
651,651,8,0,0.0,0.9999940395355225,0.26845846092663034,14.139622173447108,3.2,0.0,3,0.3738500770575084,GOOD,75.18472339843734,73.70265040058047,1.8425662600145118,0,0.0,80.0,1,1,1,8,0.9999940395355225,1,8,1,0.3662514388561249,0.05047520250082016,0.31428372859954834,0.2689896523952484,1,0,1,1,0.1550173463823267,0.0,0.11883273067518174,0.1
652,652,8,0,0.0,0.9996962547302246,0.3419669658079909,14.117253846313677,0.20000000000000018,0.0,3,0.42194029674724587,WEAK,18.30992259377327,15.201497355745389,0.38003743389363476,0,0.0,80.0,1,1,1,8,0.9996962547302246,1,8,1,0.14700192213058472,0.13523434102535248,0.5218413472175598,0.1959223747253418,1,0,1,1,0.1,0.0,0.22194029674724589,0.1
653,653,8,1,6.2,0.9999786615371704,0.3395311771077012,14.72069909465576,0.0,0.0,3,0.4204348968043763,WEAK,7.7753013332093746,6.748242915819474,0.16870607289548686,0,0.0,80.0,1,1,1,8,0.9999786615371704,1,8,1,0.2821371853351593,0.1115407645702362,0.5175480842590332,0.08877401053905487,1,1,1,0,0.1,0.1,0.22043489680437625,0.0
654,654,8,0,0.0,0.9999860525131226,0.3460790832916447,14.73861704335417,3.2,0.962896678775378,3,0.42446961005505424,WEAK,11.099050748427207,9.48413284898488,0.237103321224622,0,0.0,80.0,1,1,1,8,0.9999860525131226,1,8,1,0.5290939211845398,0.23060718178749084,0.09543333947658539,0.14486555755138397,1,1,0,1,0.22446961005505425,0.1,0.0,0.1
655,655,8,0,0.0,0.9992382526397705,0.3894203664329561,15.832953755921526,0.20000000000000018,0.6144937224652907,3,0.4502650698052335,WEAK,15.485134831679593,13.93611825240349,0.3484029563100873,0,0.0,80.0,1,1,1,8,0.9992382526397705,1,8,1,0.02562563121318817,0.02255978062748909,0.4728587567806244,0.47895580530166626,1,0,1,1,0.1,0.0,0.17337011553875595,0.17689495426647753
656,656,8,1,6.2,0.9999655485153198,0.38451232205215824,16.210072169946063,0.0,0.5156405790715632,3,0.44741862348576666,WEAK,4.290067314052904,3.9541257357490958,0.0988531433937274,0,0.0,80.0,1,1,1,8,0.9999655485153198,1,8,1,0.04022543504834175,0.11089968681335449,0.2517305612564087,0.5971443057060242,0,1,1,1,0.0,0.1,0.1,0.24741862348576668
657,657,8,0,0.0,0.9999978542327881,0.2801244578823431,13.204360093626544,3.2,1.485928190112792,3,0.3818866187339732,WEAK,10.033082094447948,9.188495558350843,0.22971238895877108,0,0.0,80.0,1,1,1,8,0.9999978542327881,1,8,1,0.16732384264469147,0.12572167813777924,0.32275280356407166,0.38420167565345764,1,0,1,1,0.1,0.0,0.12000038442156077,0.16188623431241242
658,658,8,0,0.0,0.9999899864196777,0.5456888953861722,20.259939685557846,0.20000000000000018,1.2025510310060192,3,0.5330052472533751,WEAK,11.97166026470347,11.335086364270918,0.28337715910677297,0,0.0,80.0,1,1,1,8,0.9999899864196777,1,8,1,0.027850501239299774,0.8866184949874878,0.041196130216121674,0.04433486983180046,0,1,1,1,0.0,0.3330052472533751,0.1,0.1
659,659,8,1,6.2,0.999994158744812,0.40016844448624417,17.082468835107136,0.0,1.0921380776879526,3,0.45643647848893387,WEAK,5.186025400184139,4.416518132722665,0.11041295331806662,0,0.0,80.0,1,1,1,8,0.999994158744812,1,8,1,9.99999993922529e-09,0.6249922513961792,0.22227777540683746,0.15272998809814453,0,1,1,1,0.0,0.2564364784889339,0.1,0.1
660,660,8,0,0.0,0.9999984502792358,0.3766225690550493,15.988753132578992,3.2,2.2175261719111505,3,0.4428045728784923,WEAK,3.1690420257789853,2.9844762310720667,0.07461190577680167,0,0.0,80.0,1,1,1,8,0.9999984502792358,1,8,1,0.10419759154319763,0.26750195026397705,0.5831373333930969,0.04516301676630974,1,1,1,0,0.1,0.1,0.24280457287849225,0.0
661,661,8,0,0.0,0.9999986886978149,0.317346716957902,14.685575571215384,0.20000000000000018,2.168349947552512,3,0.40646759828271456,WEAK,2.3910222026736134,1.9670489743455362,0.04917622435863841,0,0.0,80.0,1,1,1,8,0.9999986886978149,1,8,1,0.06284378468990326,0.47322574257850647,0.14631421864032745,0.3176162838935852,0,1,1,1,0.0,0.2030611642611639,0.1,0.10340643402155064
662,662,8,1,6.2,0.9999927282333374,0.4004170111621679,15.745410312121333,0.0,1.8830849626198105,3,0.45657821540870924,WEAK,12.918194033517736,11.410599397308072,0.2852649849327018,0,0.0,80.0,1,1,1,8,0.9999927282333374,1,8,1,0.14981308579444885,0.09681753069162369,0.625434935092926,0.12793444097042084,1,0,1,1,0.1,0.0,0.2565782154087093,0.1
663,663,8,0,0.0,0.9999990463256836,0.3085269813687833,14.505446929159975,3.2,3.014802710074695,3,0.4007795021900049,WEAK,3.2923485624808255,2.731290101804619,0.06828225254511548,0,0.0,80.0,1,1,1,8,0.9999990463256836,1,8,1,0.2041252702474594,0.4630905091762543,0.0697038397192955,0.263080358505249,1,1,0,1,0.1,0.20077950219000487,0.0,0.1
664,664,8,0,0.0,0.9999982118606567,0.4340493621704588,17.027602080721866,0.20000000000000018,2.964065430624469,3,0.4753664067031397,WEAK,2.1983000129161123,2.02949117800903,0.05073727945022575,0,0.0,80.0,1,1,1,8,0.9999982118606567,1,8,1,0.05666867271065712,0.6854819655418396,0.17336852848529816,0.08448087424039841,0,1,1,1,0.0,0.2753664067031397,0.1,0.1
665,665,8,0,0.0,0.9999949932098389,0.39058442163769375,16.278424592237016,0.0,2.964065430624469,3,0.4509375337319409,DOWN,0.0,0.0,0.0,1,0.0,80.0,1,1,1,8,0.9999949932098389,1,8,1,0.043958451598882675,0.1555565595626831,0.607936680316925,0.1925482302904129,0,1,1,1,0.0,0.1,0.25093753373194094,0.1
666,666,8,0,0.0,0.9999985694885254,0.28787932197562915,13.257653353354195,0.0,2.964065430624469,3,0.3871365380211835,DOWN,0.0,0.0,0.0,1,0.0,80.0,1,1,1,8,0.9999985694885254,1,8,1,0.15030936896800995,0.12520958483219147,0.38650473952293396,0.33797627687454224,1,0,1,1,0.1,0.0,0.1598833875264495,0.12725315049473396
667,667,8,1,6.2,0.9999935626983643,0.44082906401728983,17.720420859111236,0.0,1.5770378066582804,3,0.47906455165986206,GOOD,56.22323620873271,55.481104958647556,1.387027623966189,0,0.0,80.0,1,1,1,8,0.9999935626983643,1,8,1,0.017814604565501213,0.11755382269620895,0.697620689868927,0.1670108437538147,0,1,1,1,0.0,0.1,0.2790645516598621,0.1
668,668,8,0,0.0,0.9999910593032837,0.41240939318605724,17.33584765165762,3.2,0.6201008647556243,3,0.4633649724141647,GOOD,87.95414468639481,86.27747767610623,2.156936941902656,0,0.0,80.0,1,1,1,8,0.9999910593032837,1,8,1,0.00021423836005851626,0.13868391513824463,0.21428938210010529,0.6468124985694885,0,1,1,1,0.0,0.1,0.1,0.2633649724141647
669,669,8,0,0.0,0.9999938011169434,0.29032387957363737,13.645367415310703,0.20000000000000018,0.0,3,0.38877676868779476,GOOD,64.02175297140214,63.410687221956266,1.5852671805489067,0,0.0,80.0,1,1,1,8,0.9999938011169434,1,8,1,0.2505633533000946,0.113949716091156,0.4312952756881714,0.2041916847229004,1,0,1,1,0.1,0.0,0.18877676868779472,0.1
670,670,8,1,6.2,0.9999982118606567,0.4870408988868799,18.35538718164417,0.0,0.0,3,0.5035488896010916,GOOD,57.9532714139749,57.899997000693354,1.447499925017334,0,0.0,80.0,1,1,1,8,0.9999982118606567,1,8,1,0.05241270363330841,0.07324191182851791,0.09370692074298859,0.7806384563446045,0,1,1,1,0.0,0.1,0.1,0.3035488896010915
671,671,8,0,0.0,0.9999887943267822,0.2503597081899447,12.206116525564454,3.2,0.0,3,0.3610282155784289,GOOD,96.91274781677939,96.8770106539726,2.4219252663493154,0,0.0,80.0,1,1,1,8,0.9999887943267822,1,8,1,0.30286288261413574,0.33654913306236267,0.1791251003742218,0.18146291375160217,1,1,0,1,0.11836989439244008,0.14265832118598887,0.0,0.1
672,672,8,0,0.0,0.9999972581863403,0.33019934046660376,14.828066115391639,0.20000000000000018,0.0,3,0.4146169258022463,GOOD,91.52075211598947,90.40345925266301,2.2600864813165753,0,0.0,80.0,1,1,1,8,0.9999972581863403,1,8,1,0.40001240372657776,0.13949257135391235,0.41966551542282104,0.04082949087023735,1,1,1,0,0.15113907387203704,0.1,0.16347785193020928,0.0
673,673,8,1,6.2,0.999974250793457,0.47725934690915595,18.734847889323994,0.0,0.0,3,0.49846669672636246,GOOD,104.84157725278381,103.34925003668029,2.5837312509170074,0,0.0,80.0,1,1,1,8,0.999974250793457,1,8,1,0.007365612778812647,0.7630277276039124,0.11800240725278854,0.1116042509675026,0,1,1,1,0.0,0.2984666967263625,0.1,0.1
674,674,8,0,0.0,0.999991774559021,0.460230918463901,17.72188487676941,3.2,0.0,3,0.48949337938637005,GOOD,78.00179552034885,77.06046055811467,1.9265115139528668,0,0.0,80.0,1,1,1,8,0.999991774559021,1,8,1,0.13507400453090668,0.050450634211301804,0.7324180603027344,0.08205728232860565,1,0,1,1,0.1,0.0,0.2894933793863701,0.1
675,675,8,0,0.0,0.9999696016311646,0.46842225674564936,18.348331308816682,0.20000000000000018,0.0,3,0.4938302477481805,GOOD,43.40414541174212,43.210050475742875,1.080251261893572,0,0.0,80.0,1,1,1,8,0.9999696016311646,1,8,1,0.0767967626452446,0.7471346855163574,0.1564982384443283,0.019570352509617805,1,1,1,0,0.1,0.29383024774818056,0.1,0.0
676,676,8,1,6.2,0.994685173034668,0.39740719754923065,16.845293707099444,0.0,0.0,3,0.45485899840321853,GOOD,73.11442552436807,72.85608742739088,1.821402185684772,0,0.0,80.0,1,1,1,8,0.994685173034668,1,8,1,0.05202724039554596,0.6200757622718811,0.013025648891925812,0.31487134099006653,1,1,0,1,0.1,0.2548589984032186,0.0,0.1
677,677,8,0,0.0,0.999997615814209,0.3306932185819107,14.288988681218008,3.2,0.0,3,0.4149268805620934,GOOD,114.05493349893797,113.59563811614437,2.8398909529036094,0,0.0,80.0,1,1,1,8,0.999997615814209,1,8,1,0.09797538816928864,0.43076470494270325,0.3900200426578522,0.08123994618654251,1,1,1,0,0.1,0.17024421009385562,0.1446826704682378,0.0
678,678,8,0,0.0,0.9999971389770508,0.34429503980198956,14.78799201475785,0.20000000000000018,0.0,3,0.4233741224304177,WEAK,2.321497265153255,1.883327724281807,0.047083193107045174,0,0.0,80.0,1,1,1,8,0.9999971389770508,1,8,1,0.08967912942171097,0.2236236035823822,0.5259466767311096,0.1607505977153778,0,1,1,1,0.0,0.1,0.22337412243041768,0.1
679,679,8,0,0.0,0.9999983310699463,0.45684317458824164,18.341046241891064,0.0,0.0,3,0.48768847988149366,DOWN,0.0,0.0,0.0,1,0.0,80.0,1,1,1,8,0.9999983310699463,1,8,1,9.99999993922529e-09,0.024427397176623344,0.7263359427452087,0.24923667311668396,0,1,1,1,0.0,0.1,0.2876884798814937,0.1
680,680,8,1,6.2,0.999971866607666,0.4798240323072063,18.537918205905576,0.0,0.0,3,0.4998042267223897,GOOD,101.04154374213985,99.08093044946968,2.477023261236742,0,0.0,80.0,1,1,1,8,0.999971866607666,1,8,1,0.026172207668423653,0.027339763939380646,0.17884473502635956,0.7676432728767395,0,1,1,1,0.0,0.1,0.1,0.2998042267223897
681,681,8,0,0.0,0.9999982118606567,0.537604117495224,20.421260929119555,3.2,0.0,3,0.5290420829761837,GOOD,117.65681289569704,116.36182670085762,2.9090456675214407,0,0.0,80.0,1,1,1,8,0.9999982118606567,1,8,1,9.99999993922529e-09,0.01428138092160225,0.8719714283943176,0.11374717205762863,0,1,1,1,0.0,0.1,0.32904208297618376,0.1
682,682,8,0,0.0,0.9999951124191284,0.4261516402957199,17.457824851068125,0.20000000000000018,0.0,3,0.47102180099608804,GOOD,107.9831358244029,106.65747382600527,2.666436845650132,0,0.0,80.0,1,1,1,8,0.9999951124191284,1,8,1,0.012921796180307865,0.07458057254552841,0.6713555455207825,0.24114207923412323,0,1,1,1,0.0,0.1,0.2710218009960881,0.1
683,683,8,1,6.2,0.9999960660934448,0.22137873480765471,12.24368999993782,0.0,0.0,3,0.33948991461912403,GOOD,73.3802887886949,72.54105020112256,1.813526255028064,0,0.0,80.0,1,1,1,8,0.9999960660934448,1,8,1,0.16598717868328094,0.2638891339302063,0.3074898421764374,0.2626338303089142,0,1,1,1,0.0,0.10234034588895521,0.13577174284021853,0.10137782588995031
684,684,8,0,0.0,0.9999895095825195,0.4686604064699041,18.393681748139482,3.2,0.0,3,0.49395576547447306,GOOD,99.18160212529202,99.03279539068699,2.4758198847671746,0,0.0,80.0,1,1,1,8,0.9999895095825195,1,8,1,0.016699286177754402,0.215823233127594,0.7475627660751343,0.019914692267775536,0,1,1,1,0.0,0.1,0.2939557654744731,0.1
685,685,8,0,0.0,0.9999756813049316,0.5035799573668504,19.05627912248708,0.20000000000000018,0.0,3,0.5120273327336055,GOOD,107.91827380998832,106.89851372774737,2.6724628431936845,0,0.0,80.0,1,1,1,8,0.9999756813049316,1,8,1,0.10133745521306992,0.8104594945907593,0.055699605494737625,0.03250351920723915,1,1,1,0,0.1,0.3120273327336055,0.1,0.0
686,686,8,1,6.2,0.9999915361404419,0.44382407885127545,17.77450650869448,0.0,0.0,3,0.4806891911904402,GOOD,64.97714183376627,63.717288875832274,1.5929322218958069,0,0.0,80.0,1,1,1,8,0.9999915361404419,1,8,1,0.018879476934671402,0.2577715218067169,0.7029865980148315,0.0203623678535223,0,1,1,1,0.0,0.1,0.2806891911904402,0.1
687,687,8,0,0.0,0.999998927116394,0.3660811341631577,16.19696302895122,3.2,0.0,3,0.43656367894528136,GOOD,69.5190842640276,69.27603527575747,1.7319008818939368,0,0.0,80.0,1,1,1,8,0.999998927116394,1,8,1,9.99999993922529e-09,0.1001274436712265,0.5407931804656982,0.35907939076423645,0,1,1,1,0.0,0.1,0.2224567430281754,0.11410693591710594
688,688,8,0,0.0,0.9999980926513672,0.3202215415067363,13.802999966354113,0.20000000000000018,0.0,3,0.40830453008657797,GOOD,77.113782888804,75.66008258921026,1.8915020647302567,0,0.0,80.0,1,1,1,8,0.9999980926513672,1,8,1,0.19146060943603516,0.19214391708374023,0.13280674815177917,0.4835888147354126,1,1,0,1,0.1,0.1,0.0,0.20830453008657798
689,689,8,1,6.2,0.9999948740005493,0.5328642831371514,20.29075958379515,0.0,0.0,3,0.5267047465260724,GOOD,57.219499854331985,56.235826691362945,1.4058956672840737,0,0.0,80.0,1,1,1,8,0.9999948740005493,1,8,1,0.01072479598224163,9.99999993922529e-09,0.12588556110858917,0.8633896708488464,1,0,1,1,0.1,0.0,0.1,0.3267047465260724
690,690,9,0,0.0,0.999555766582489,0.4971024838125603,18.78747090738807,3.2,0.0,3,0.5087236090842373,GOOD,108.1377746202015,107.61503748715596,2.6903759371788993,0,0.0,80.0,1,1,1,9,0.999555766582489,1,9,1,0.03970474749803543,0.7987737059593201,0.07374504953622818,0.08777647465467453,0,1,1,1,0.0,0.30872360908423735,0.1,0.1
691,691,9,0,0.0,0.9999321699142456,0.5003019611656134,18.83235621716317,0.20000000000000018,0.0,3,0.5103581201985213,GOOD,114.13363904650255,113.54495141145595,2.838623785286399,0,0.0,80.0,1,1,1,9,0.9999321699142456,1,9,1,0.048211853951215744,0.8045447468757629,0.10480224341154099,0.042441148310899734,1,1,1,0,0.1,0.3103581201985214,0.1,0.0
692,692,9,1,6.2,0.9999603033065796,0.3476874125111192,15.373530966844168,0.0,0.0,3,0.4254547830784795,GOOD,118.9850095965715,118.62663082351479,2.96566577058787,0,0.0,80.0,1,1,1,9,0.9999603033065796,1,9,1,0.05162575840950012,0.5319321155548096,0.15099897980690002,0.2654431462287903,0,1,1,1,0.0,0.22545478307847952,0.1,0.1
693,693,9,0,0.0,0.9999489784240723,0.368737823449954,15.196147355187842,3.2,0.0,3,0.4381449096049872,GOOD,93.9356153955853,93.29734928910915,2.3324337322277287,0,0.0,80.0,1,1,1,9,0.9999489784240723,1,9,1,0.09158216416835785,0.5691578984260559,0.13221512734889984,0.20704476535320282,0,1,1,1,0.0,0.23814490960498716,0.1,0.1
694,694,9,0,0.0,0.9999630451202393,0.45676606794476843,18.33915393787164,0.20000000000000018,0.0,3,0.48764732176566195,GOOD,78.02444943068834,76.84819858516403,1.9212049646291007,0,0.0,80.0,1,1,1,9,0.9999630451202393,1,9,1,9.99999993922529e-09,0.7261975407600403,0.27380242943763733,9.99999993922529e-09,0,1,1,1,0.0,0.287647321765662,0.1,0.1
695,695,9,1,6.2,0.9979488253593445,0.49278291741898034,19.100982125314342,0.0,0.0,3,0.5065085125561537,GOOD,66.80375020041078,65.67383237030162,1.6418458092575408,0,0.0,80.0,1,1,1,9,0.9979488253593445,1,9,1,0.00916299968957901,0.1382967233657837,0.06155475601553917,0.7909855246543884,0,1,1,1,0.0,0.1,0.1,0.30650851255615363
696,696,9,0,0.0,0.9812381863594055,0.5435778706441798,20.060083057835474,3.2,0.0,3,0.531973269513981,GOOD,107.41855750451776,106.45954719789273,2.6614886799473183,0,0.0,80.0,1,1,1,9,0.9812381863594055,1,9,1,0.057751353830099106,0.0060240961611270905,0.8827928900718689,0.053431689739227295,1,0,1,1,0.1,0.0,0.3319732695139811,0.1
697,697,9,0,0.0,0.9999784231185913,0.2549994079783974,12.803833998246468,0.20000000000000018,0.0,3,0.3643581703355838,WEAK,13.714302614919262,12.790166667416205,0.31975416668540513,0,0.0,80.0,1,1,1,9,0.9999784231185913,1,9,1,0.21307653188705444,0.3268866240978241,0.3230840265750885,0.13695286214351654,1,1,1,0,0.1,0.13353742898404888,0.13082074135153496,0.0
698,698,9,1,6.2,0.6460604071617126,0.42461646154486354,16.861094825610653,0.0,0.0,3,0.4701726254939578,WEAK,10.80677343495436,10.036835727740051,0.2509208931935013,0,0.0,80.0,1,1,0,9,0.6460604071617126,1,15,0,0.6686114072799683,0.053535543382167816,0.1045299768447876,0.1733231097459793,1,0,1,1,0.2701726254939578,0.0,0.1,0.1
699,699,9,0,0.0,0.9999303817749023,0.33010366604390523,15.475912504792682,3.2,0.8611330254438236,3,0.4145568543484085,WEAK,14.375610831977692,13.554678982247049,0.33886697455617626,0,0.0,80.0,1,1,1,9,0.9999303817749023,1,9,1,0.5009511709213257,0.2380329966545105,0.2377990484237671,0.023216815665364265,1,1,1,0,0.21455685434840846,0.1,0.1,0.0
700,700,9,0,0.0,0.9999759197235107,0.3765919631539372,15.16061815208149,0.20000000000000018,0.7613437689391216,3,0.4427865804512908,WEAK,4.516176628457626,3.9915702601880834,0.09978925650470209,0,0.0,80.0,1,1,1,9,0.9999759197235107,1,9,1,0.2049655169248581,0.5830830335617065,0.10710794478654861,0.10484354943037033,1,1,1,0,0.1,0.24278658045129078,0.1,0.0
701,701,9,1,6.2,0.999992847442627,0.2987765994081179,13.981606835354828,0.0,0.5026895192827063,3,0.3943957410074843,WEAK,11.393775824399407,10.346169986256607,0.2586542496564152,0,0.0,80.0,1,1,1,9,0.999992847442627,1,9,1,0.4100133776664734,0.08275607228279114,0.33905088901519775,0.16817964613437653,1,0,1,1,0.1706161229294663,0.0,0.12377961807801807,0.1
702,702,9,0,0.0,0.6062483191490173,0.5835459946146876,21.697925672796543,3.2,0.0,3,0.5511838356542491,GOOD,89.15088852281485,88.48454268253619,2.2121135670634047,0,0.0,80.0,1,1,0,9,0.6062483191490173,1,9,1,0.004569984041154385,0.9553492069244385,0.037564750760793686,0.002516089240089059,1,1,1,0,0.1,0.35118383565424915,0.1,0.0
703,703,9,0,0.0,0.9980345368385315,0.36653897421060033,15.688349683415812,0.20000000000000018,0.0,3,0.4368365882295282,GOOD,48.69335766434148,48.67994035056144,1.216998508764036,0,0.0,80.0,1,1,1,9,0.9980345368385315,1,9,1,0.011122030206024647,0.4747788906097412,0.42611420154571533,0.0879848375916481,0,1,1,1,0.0,0.18291778682475726,0.1539188014047709,0.1
704,704,9,1,6.2,0.999975323677063,0.34477761884479036,14.911161300617145,0.0,0.0,3,0.42367072841116615,GOOD,76.52378583952418,75.92066825239165,1.8980167063097912,0,0.0,80.0,1,1,1,9,0.999975323677063,1,9,1,0.08139239251613617,0.279700368642807,0.11210931092500687,0.526797890663147,0,1,1,1,0.0,0.1,0.1,0.22367072841116611
705,705,9,0,0.0,0.9999827146530151,0.4692372828421926,18.114451148541807,3.2,0.0,3,0.49425967825762285,GOOD,70.22701153542592,69.4819855586489,1.7370496389662227,0,0.0,80.0,1,1,1,9,0.9999827146530151,1,9,1,0.03786448389291763,0.7485997676849365,0.15071232616901398,0.06282349675893784,0,1,1,1,0.0,0.2942596782576229,0.1,0.1
706,706,9,0,0.0,0.9999560117721558,0.5032445571485736,18.936476090883524,0.20000000000000018,0.0,3,0.5118567911132907,GOOD,41.74651133166493,41.31641090458836,1.032910272614709,0,0.0,80.0,1,1,1,9,0.9999560117721558,1,9,1,0.0405026413500309,0.8098542094230652,0.05583370476961136,0.09380940347909927,0,1,1,1,0.0,0.3118567911132908,0.1,0.1
707,707,9,1,6.2,0.9999681711196899,0.49982083198008015,19.27654150512896,0.0,0.0,3,0.5101126611870479,GOOD,73.70241021466038,73.55458175499521,1.8388645438748803,0,0.0,80.0,1,1,1,9,0.9999681711196899,1,9,1,0.05472881346940994,0.1320275217294693,0.8036767840385437,0.009566882625222206,1,1,1,0,0.1,0.1,0.31011266118704794,0.0
708,708,9,0,0.0,0.9999045133590698,0.27102936120212684,12.86094030445829,3.2,0.0,3,0.3756359048165696,GOOD,115.3923400646818,115.34094703822319,2.88352367595558,0,0.0,80.0,1,1,1,9,0.9999045133590698,1,9,1,0.37197422981262207,0.31438878178596497,0.16886259615421295,0.14477433264255524,1,1,1,0,0.15777073702340713,0.11786516779316253,0.1,0.0
709,709,9,0,0.0,0.9999774694442749,0.532724831293717,19.966174523925197,0.20000000000000018,0.0,3,0.5266358220772883,GOOD,101.10752538306865,100.53160157309446,2.513290039327362,0,0.0,80.0,1,1,1,9,0.9999774694442749,1,9,1,0.02312285080552101,0.8631372451782227,0.027631469070911407,0.08610843122005463,0,1,1,1,0.0,0.32663582207728836,0.1,0.1
710,710,10,1,6.2,0.5002946853637695,0.5004151527191227,19.277358421831295,0.0,0.0,3,0.5104158502954032,GOOD,90.5884040613041,88.90497686188738,2.2226244215471844,0,0.0,80.0,1,1,0,10,0.5002946853637695,1,10,1,0.010619351640343666,0.8047489523887634,0.01958794891834259,0.16504378616809845,0,1,1,1,0.0,0.3104158502954032,0.1,0.1
711,711,10,0,0.0,0.9931761622428894,0.42753488383864596,17.140692830062957,3.2,1.1390058629709336,3,0.4717856253647794,WEAK,2.7622300519766867,2.4397654811626497,0.060994137029066246,0,0.0,80.0,1,1,1,15,0.9931761622428894,0,15,0,0.6738286018371582,0.29439207911491394,0.012511126697063446,0.019268183037638664,1,1,0,1,0.27178562536477946,0.1,0.0,0.1
712,712,10,0,0.0,0.9914038181304932,0.6005988404352303,22.13545496770426,0.20000000000000018,1.0346262422304886,3,0.559179409541332,WEAK,4.641378197737745,4.1751848296178045,0.10437962074044511,0,0.0,80.0,1,1,1,15,0.9914038181304932,0,15,0,0.00920833833515644,0.0014010077575221658,0.003007324179634452,0.986383318901062,1,0,1,1,0.1,0.0,0.1,0.3591794095413321
713,713,10,0,0.0,0.9721183776855469,0.3711465699865063,15.525538052148276,0.0,1.0346262422304886,3,0.4395736511516709,DOWN,0.0,0.0,0.0,1,0.0,80.0,1,1,1,6,0.9721183776855469,0,6,0,0.06192217394709587,0.4810717701911926,0.43008798360824585,0.026918048039078712,1,1,1,0,0.1,0.1848827007839899,0.15469095036768096,0.0
714,714,10,1,6.2,0.6619783043861389,0.5408844901642889,20.13310219289187,0.0,0.0,3,0.5306536925355836,GOOD,76.20063452195072,74.91641818479509,1.8729104546198774,0,0.0,80.0,1,1,0,15,0.6619783043861389,0,10,1,0.02967832051217556,0.8779130578041077,0.027346894145011902,0.06506176292896271,1,1,0,1,0.1,0.33065369253558363,0.0,0.1
715,715,10,0,0.0,0.5104692578315735,0.39647302364631043,16.57528052111462,3.2,0.0,3,0.45432407174272044,GOOD,78.38388022041227,76.85061980865369,1.9212654952163424,0,0.0,80.0,1,1,0,10,0.5104692578315735,1,10,1,0.006685073487460613,0.15956611931324005,0.2153358906507492,0.6184129118919373,0,1,1,1,0.0,0.1,0.1,0.2543240717427204
716,716,10,0,0.0,0.5614114999771118,0.3723479261815564,15.779191463476106,0.20000000000000018,0.0,3,0.4402844995409263,GOOD,50.473704971719926,50.42149346549859,1.2605373366374648,0,0.0,80.0,1,1,0,8,0.5614114999771118,0,10,1,0.05405309051275253,0.5755561590194702,0.1284414529800415,0.24194926023483276,0,1,1,1,0.0,0.24028449954092626,0.1,0.1
717,717,10,1,6.2,0.6410068273544312,0.43773399553427145,17.856783115734483,0.0,0.0,3,0.4773798290829432,WEAK,6.784569438951182,5.932362480640194,0.14830906201600486,0,0.0,80.0,1,1,0,15,0.6410068273544312,0,10,1,0.0028829225338995457,0.6920777559280396,0.2137879729270935,0.09125134348869324,0,1,1,1,0.0,0.27737982908294323,0.1,0.1
718,718,10,0,0.0,0.995430588722229,0.32589393905886826,15.261258508947808,3.2,0.0,3,0.4119050042642556,GOOD,73.8924096440484,72.51785488323598,1.8129463720808996,0,0.0,80.0,1,1,1,10,0.995430588722229,1,10,1,0.379194051027298,0.43083125352859497,0.0025549232959747314,0.18741972744464874,1,1,0,1,0.1396361338545262,0.17226887040972935,0.0,0.1
719,719,10,0,0.0,0.9868190288543701,0.6064728178821267,22.413943467688497,0.20000000000000018,0.0,3,0.5619071997268,GOOD,117.69081214418622,117.08156061701968,2.927039015425492,0,0.0,80.0,1,1,1,10,0.9868190288543701,1,10,1,0.001176535035483539,0.9970833659172058,0.0005501368432305753,0.0011899624951183796,1,1,0,1,0.1,0.3619071997268001,0.0,0.1
720,720,10,1,6.2,0.44457125663757324,0.4177160074912571,17.420533773089627,0.0,0.0,3,0.46633658246839405,GOOD,108.76246334474602,107.78740273911906,2.694685068477977,0,0.0,80.0,1,1,0,5,0.44457125663757324,0,10,1,0.33169838786125183,0.6562841534614563,0.009693659842014313,0.0023237860295921564,1,1,1,0,0.1,0.2663365824683941,0.1,0.0
721,721,10,0,0.0,0.7949211597442627,0.5044008855374612,19.095208952833403,3.2,0.0,3,0.5124445122578651,GOOD,108.43802907343053,107.59245216220988,2.6898113040552474,0,0.0,80.0,1,1,0,10,0.7949211597442627,1,10,1,0.007233473937958479,0.8119410872459412,0.0044314684346318245,0.1763940006494522,1,1,0,1,0.1,0.3124445122578652,0.0,0.1
722,722,10,1,6.2,0.9727747440338135,0.5249484665706793,18.764853212239792,0.20000000000000018,0.0,3,0.5227779509613911,GOOD,118.12216531321165,117.68160910178557,2.9420402275446396,0,0.0,80.0,1,1,1,15,0.9727747440338135,0,10,1,0.05127851292490959,0.005060386843979359,0.8490665555000305,0.09459450840950012,1,0,1,1,0.1,0.0,0.32277795096139117,0.1
723,723,10,0,0.0,0.998773992061615,0.4679871234658741,18.039493274112232,3.4000000000000004,0.1461845236960886,3,0.49360082664549454,GOOD,42.4855680055872,42.15261905215645,1.0538154763039114,0,0.0,80.0,1,1,1,15,0.998773992061615,0,15,0,0.10796735435724258,0.7463525533676147,0.0372484028339386,0.10843167454004288,1,1,0,1,0.1,0.2936008266454946,0.0,0.1
724,724,10,0,0.0,0.953555703163147,0.4486140676629919,18.022642112753257,0.40000000000000036,0.0,3,0.48327615842869553,GOOD,94.40279483263132,94.06044978321879,2.3515112445804696,0,0.0,80.0,1,1,1,10,0.953555703163147,1,10,1,0.05347779765725136,0.7115727663040161,0.008892242796719074,0.2260572761297226,1,1,0,1,0.1,0.2832761584286956,0.0,0.1
725,725,10,1,6.2,0.6790013313293457,0.5127715679358259,19.450402845621046,0.0,0.0,3,0.5166791003720382,GOOD,61.07803425514541,60.644114114335544,1.5161028528583886,0,0.0,80.0,1,1,0,10,0.6790013313293457,1,10,1,0.12511195242404938,0.8270556926727295,0.026316672563552856,0.0215157438069582,1,1,1,0,0.1,0.3166791003720383,0.1,0.0
726,726,10,0,0.0,0.6353432536125183,0.30379582287142415,13.23948500428103,3.2,0.0,3,0.39769472038793763,GOOD,97.34014001308876,96.43193847326297,2.4107984618315745,0,0.0,80.0,1,1,0,15,0.6353432536125183,0,10,1,0.2014995664358139,0.45481324195861816,0.12889835238456726,0.21478883922100067,1,1,0,1,0.1,0.1976947203879376,0.0,0.1
727,727,10,0,0.0,0.7580353617668152,0.5572812568978172,19.661243396127524,0.20000000000000018,0.0,3,0.5386369530873896,GOOD,108.20981752315599,106.9720040664982,2.674300101662455,0,0.0,80.0,1,1,0,15,0.7580353617668152,0,15,0,0.019907642155885696,0.04016073793172836,0.03229184076189995,0.907639741897583,0,1,1,1,0.0,0.1,0.1,0.3386369530873896
728,728,10,1,6.2,0.9882268309593201,0.3100078161650884,13.990738816898931,0.0,0.0,3,0.4017401601419388,GOOD,112.00730225149461,111.23971554600652,2.780992888650163,0,0.0,80.0,1,1,1,10,0.9882268309593201,1,10,1,0.1083667203783989,0.2092633992433548,0.46568313241004944,0.21668674051761627,0,1,1,1,0.0,0.1,0.20174016014193882,0.1
729,729,10,0,0.0,0.8036888837814331,0.4120552680263026,16.021500890159395,3.2,0.0,3,0.4631659899982704,GOOD,79.56801791795624,79.37078781122688,1.984269695280672,0,0.0,80.0,1,1,1,10,0.8036888837814331,1,10,1,0.16442839801311493,0.6461806893348694,0.09638185054063797,0.09300913661718369,1,1,1,0,0.1,0.26316598999827046,0.1,0.0
730,730,11,0,0.0,0.9964084029197693,0.3428047091715448,14.738648702557569,0.20000000000000018,0.0,3,0.42245681076465746,GOOD,99.76886981499288,99.50797060205656,2.4876992650514143,0,0.0,80.0,1,1,1,11,0.9964084029197693,1,11,1,0.5233184099197388,0.09140928089618683,0.27005600929260254,0.11521626263856888,1,0,1,1,0.22245681076465748,0.0,0.1,0.1
731,731,11,1,6.2,0.9655805826187134,0.4752238704953213,18.154753492318697,0.0,0.0,3,0.49740259882958876,GOOD,114.95258305047629,113.5581344175778,2.8389533604394455,0,0.0,80.0,1,1,1,11,0.9655805826187134,1,11,1,0.08140432089567184,0.04557577893137932,0.11365436017513275,0.7593655586242676,1,0,1,1,0.1,0.0,0.1,0.29740259882958875
732,732,11,0,0.0,0.9934146404266357,0.23900190179899197,12.99808860472563,3.2,0.0,3,0.352743975224172,GOOD,97.0869287925934,95.15915528354867,2.3789788820887168,0,0.0,80.0,1,1,1,11,0.9934146404266357,1,11,1,0.2882668673992157,0.3181603252887726,0.11546581238508224,0.2781069874763489,1,1,0,1,0.11272717908608612,0.13478712314884747,0.0,0.10522967298923838
733,733,11,0,0.0,0.8251481056213379,0.3537727656712852,15.136768693401685,0.20000000000000018,0.0,3,0.429161865919078,GOOD,53.0285240994162,52.477910654850575,1.3119477663712644,0,0.0,80.0,1,1,1,3,0.8251481056213379,0,11,1,0.4068182706832886,0.11002226173877716,0.465594083070755,0.017565440386533737,1,1,1,0,0.14675569331223923,0.1,0.1824061726068388,0.0
734,734,11,1,6.2,0.9953169822692871,0.4142030892002663,16.601495963531253,0.0,0.0,3,0.4643715379301602,GOOD,54.23299906369156,53.56798381276656,1.3391995953191642,0,0.0,80.0,1,1,1,11,0.9953169822692871,1,11,1,0.15272687375545502,0.1413063406944275,0.6500132083892822,0.05595356598496437,1,1,1,0,0.1,0.1,0.2643715379301602,0.0
735,735,11,0,0.0,0.9998970031738281,0.6054070404018628,22.332658672750306,3.2,0.0,3,0.5614132523011566,GOOD,114.21347219633772,113.60911325786162,2.8402278314465406,0,0.0,80.0,1,1,1,11,0.9998970031738281,1,11,1,0.0010357163846492767,0.0014090402983129025,0.002413693582639098,0.9951415657997131,0,1,1,1,0.0,0.1,0.1,0.3614132523011566
736,736,11,0,0.0,0.9999915361404419,0.3309302048007977,14.525244753025833,0.20000000000000018,0.0,3,0.415075529425002,GOOD,48.65995531798856,48.42614525621894,1.2106536314054734,0,0.0,80.0,1,1,1,11,0.9999915361404419,1,11,1,0.11015661805868149,0.3707504868507385,0.06852762401103973,0.4505653381347656,1,1,0,1,0.1,0.13251043933384798,0.0,0.182565090091154
737,737,11,1,6.2,0.9996962547302246,0.3074773338351902,11.716384286288065,0.0,0.0,4,0.4000971702538557,GOOD,42.62479995981829,42.386651100066885,1.059666277501672,0,0.0,80.0,1,1,1,11,0.9996962547302246,1,11,1,0.23952578008174896,0.24806135892868042,0.3075520098209381,0.20486082136631012,1,1,1,1,0.1,0.1,0.10009717025385567,0.1
738,738,11,0,0.0,0.9751967191696167,0.5129508299575927,19.584507212411268,3.2,0.0,3,0.516769406516533,GOOD,70.28967419476149,69.74820789937979,1.7437051974844948,0,0.0,80.0,1,1,1,11,0.9751967191696167,1,11,1,0.047267016023397446,0.8273795247077942,0.113182432949543,0.012171009555459023,1,1,1,0,0.1,0.31676940651653307,0.1,0.0
739,739,11,0,0.0,0.9999668598175049,0.45132371038977126,17.730402568114293,0.20000000000000018,0.0,3,0.4847334626100548,GOOD,66.23391068245633,66.11504561374959,1.6528761403437398,0,0.0,80.0,1,1,1,11,0.9999668598175049,1,11,1,0.03461543843150139,0.7164322137832642,0.12874944508075714,0.12020298838615417,0,1,1,1,0.0,0.28473346261005483,0.1,0.1
740,740,11,1,6.2,0.37122681736946106,0.4988417776033306,19.05935472828019,0.0,0.0,3,0.5096128092274379,GOOD,56.16914401251733,55.319136999406275,1.3829784249851569,0,0.0,80.0,1,1,0,15,0.37122681736946106,0,11,1,0.15087926387786865,0.023804590106010437,0.8019106984138489,0.02340543456375599,1,1,1,0,0.1,0.1,0.30961280922743795,0.0
741,741,11,0,0.0,0.9864582419395447,0.480157627711808,18.704007924948343,3.2,1.2,3,0.499977939804793,DOWN,0.0,0.0,0.0,1,0.0,80.0,1,1,1,11,0.9864582419395447,1,11,1,0.7682437300682068,0.1788521260023117,0.044247910380363464,0.008656222373247147,1,1,1,0,0.29997793980479304,0.1,0.1,0.0
742,742,11,0,0.0,0.9999955892562866,0.5962011581608461,22.07764427379976,0.20000000000000018,1.2,3,0.5571284470368869,DOWN,0.0,0.0,0.0,1,0.0,80.0,1,1,1,11,0.9999955892562866,1,11,1,0.014427932910621166,0.00456117931753397,0.9783758521080017,0.0026350088883191347,1,1,1,0,0.1,0.1,0.35712844703688684,0.0
743,743,11,0,0.0,0.9999858140945435,0.3814740515109039,15.95564971006083,0.0,1.2,3,0.44564745162585695,DOWN,0.0,0.0,0.0,1,0.0,80.0,1,1,1,11,0.9999858140945435,1,11,1,0.08252431452274323,0.27143967151641846,0.05428784340620041,0.5917481780052185,1,1,0,1,0.1,0.1,0.0,0.24564745162585697
744,744,11,0,0.0,0.9986974596977234,0.3252566784550881,14.782686679992466,0.0,1.2,3,0.411502082874766,DOWN,0.0,0.0,0.0,1,0.0,80.0,1,1,1,11,0.9986974596977234,1,11,1,0.1359095275402069,0.492430716753006,0.30397164821624756,0.06768812984228134,1,1,1,0,0.1,0.21150208287476593,0.1,0.0
745,745,11,1,6.2,0.5203520655632019,0.36448914632618457,16.03956982807759,0.0,0.8673281520602234,3,0.43561339600850424,WEAK,15.930909895477813,13.306873917591062,0.33267184793977655,0,0.0,80.0,1,1,0,11,0.5203520655632019,1,11,1,0.025109676644206047,0.16614533960819244,0.2471119463443756,0.5616330504417419,0,1,1,1,0.0,0.1,0.1,0.2356133960085042
746,746,11,0,0.0,0.9999890327453613,0.44109735771500586,17.556832407102835,3.2,1.66651248211267,3,0.4792103116156301,WEAK,18.11908238954392,16.032626797902132,0.40081566994755335,0,0.0,80.0,1,1,1,11,0.9999890327453613,1,11,1,0.04447586089372635,0.698101282119751,0.030025670304894447,0.22739723324775696,1,1,0,1,0.1,0.27921031161563015,0.0,0.1
747,747,11,0,0.0,0.9937294721603394,0.3073280000000001,11.684289080078356,0.20000000000000018,1.2933805204251902,4,0.4,WEAK,16.515177118325816,14.925278467499187,0.3731319616874797,0,0.0,80.0,1,1,1,11,0.9937294721603394,1,11,1,0.28951430320739746,0.2929458022117615,0.21223829686641693,0.20530162751674652,1,1,1,1,0.1,0.1,0.1,0.1
748,748,11,0,0.0,0.9999955892562866,0.5966822726380658,22.093702163330306,0.0,1.2933805204251902,3,0.5573531937556115,DOWN,0.0,0.0,0.0,1,0.0,80.0,1,1,1,11,0.9999955892562866,1,11,1,0.01354449987411499,0.004682130180299282,0.9792517423629761,0.0025216941721737385,1,1,1,0,0.1,0.1,0.3573531937556116,0.0
749,749,11,1,6.2,0.9942552447319031,0.3417678627483257,14.73430979809362,0.0,0.0,3,0.42181744593964465,GOOD,119.54153433306263,117.70037781257541,2.9425094453143856,0,0.0,80.0,1,1,1,11,0.9942552447319031,1,11,1,0.5214903354644775,0.09048524498939514,0.27542102336883545,0.11260336637496948,1,0,1,1,0.22181744593964467,0.0,0.1,0.1
750,750,12,0,0.0,0.9784261584281921,0.519455689588267,18.85227650856941,3.2,0.0,3,0.5200357258677663,GOOD,92.49837184840004,92.43514105116802,2.3108785262792004,0,0.0,80.0,1,1,1,4,0.9784261584281921,0,12,1,0.06478168815374374,0.8391344547271729,0.0485493503510952,0.047534506767988205,1,1,1,0,0.1,0.3200357258677663,0.1,0.0
751,751,12,0,0.0,0.9588532447814941,0.377840629520608,16.48467571017892,0.20000000000000018,0.0,3,0.4435200469298294,GOOD,103.93783373272441,102.68556939823027,2.567139234955757,0,0.0,80.0,1,1,1,12,0.9588532447814941,1,12,1,0.005895562469959259,0.5852985978126526,0.29344749450683594,0.11535834521055222,0,1,1,1,0.0,0.24352004692982934,0.1,0.1
752,752,12,1,6.2,0.9917799830436707,0.5490780582270438,20.55642337682931,0.0,0.0,3,0.5346578788254903,GOOD,47.830662417188776,47.56671001435862,1.1891677503589655,0,0.0,80.0,1,1,1,12,0.9917799830436707,1,12,1,0.013340868055820465,0.8927619457244873,0.0736941322684288,0.02020309679210186,0,1,1,1,0.0,0.33465787882549036,0.1,0.1
753,753,12,0,0.0,0.9999707937240601,0.38041355989390047,14.247907947629418,3.2,0.12480962959534225,3,0.445027574204478,GOOD,43.396636226247864,43.007614816186305,1.0751903704046577,0,0.0,80.0,1,1,1,8,0.9999707937240601,0,8,0,0.08857794106006622,0.21264302730560303,0.5898653268814087,0.10891369730234146,0,1,1,1,0.0,0.1,0.24502757420447804,0.1
754,754,12,0,0.0,0.999806821346283,0.6079122476640625,22.467385923352346,0.20000000000000018,0.0,3,0.5625736323985391,GOOD,71.41880096814023,70.81159456283442,1.7702898640708604,0,0.0,80.0,1,1,1,12,0.999806821346283,1,12,1,0.9997062087059021,0.00026399767375551164,2.266908040837734e-06,2.755534660536796e-05,1,1,0,1,0.3625736323985391,0.1,0.0,0.1
755,755,12,1,6.2,0.9999376535415649,0.4424101063832985,17.79727173396199,0.0,0.0,3,0.47992287011294216,GOOD,61.627277642211126,60.5256985235268,1.51314246308817,0,0.0,80.0,1,1,1,12,0.9999376535415649,1,12,1,0.04850183054804802,0.23615679144859314,0.014888311736285686,0.7004530429840088,1,1,0,1,0.1,0.1,0.0,0.27992287011294215
756,756,12,0,0.0,0.9214863181114197,0.3634472031200872,15.351534225759913,3.2,0.0,3,0.43499031949097156,GOOD,66.22461765551888,65.55904428882866,1.6389761072207165,0,0.0,80.0,1,1,1,12,0.9214863181114197,1,12,1,0.5597885251045227,0.2873190641403198,0.08068333566188812,0.07220913469791412,1,1,1,0,0.23499031949097157,0.1,0.1,0.0
757,757,12,0,0.0,0.9368657469749451,0.5778777937151749,21.54008158325567,0.20000000000000018,0.0,3,0.5485003758285268,GOOD,60.589785044411684,59.98064039969841,1.4995160099924603,0,0.0,80.0,1,1,1,3,0.9368657469749451,0,12,1,0.945043683052063,0.04276202619075775,0.0001723050227155909,0.012021955102682114,1,1,0,1,0.3485003758285269,0.1,0.0,0.1
758,758,12,1,6.2,0.9998983144760132,0.3112868556995298,14.304712392012359,0.0,0.0,3,0.4025680628680338,GOOD,68.1543954418373,67.38317363487039,1.6845793408717598,0,0.0,80.0,1,1,1,12,0.9998983144760132,1,12,1,0.23203672468662262,0.08705173432826996,0.21298833191394806,0.4679231643676758,1,0,1,1,0.1,0.0,0.1,0.20256806286803383
759,759,12,0,0.0,0.6124120354652405,0.35416057850472316,14.57321537950129,3.2,0.0,3,0.4293970294310091,GOOD,105.91298888406372,105.36918550254829,2.6342296375637075,0,0.0,80.0,1,1,0,12,0.6124120354652405,1,12,1,0.04945264011621475,0.5081791877746582,0.36509913206100464,0.07726902514696121,0,1,1,1,0.0,0.20806736674419438,0.1213296626868147,0.1
760,760,12,0,0.0,0.9997425675392151,0.41242903657142815,16.51541541607423,0.20000000000000018,0.0,3,0.4633760075027065,WEAK,16.124996375324322,12.978381451008355,0.3244595362752089,0,0.0,80.0,1,1,1,12,0.9997425675392151,1,12,1,0.23411239683628082,0.05936231091618538,0.05967773497104645,0.6468475461006165,1,0,1,1,0.1,0.0,0.1,0.2633760075027065
761,761,12,1,6.2,0.9998396635055542,0.5340059052893203,20.07833897760345,0.0,0.0,3,0.5272686575545126,WEAK,4.557870665329568,3.970046581527278,0.09925116453818195,0,0.0,80.0,1,1,1,12,0.9998396635055542,1,12,1,0.8654562830924988,0.09056427329778671,0.017584186047315598,0.026395294815301895,1,1,0,1,0.3272686575545126,0.1,0.0,0.1
762,762,12,0,0.0,0.9998960494995117,0.5807906906787953,21.629600857038113,3.2,0.8393525006668348,3,0.5498810455393401,WEAK,16.728092347290634,14.42589997332661,0.36064749933316526,0,0.0,80.0,1,1,1,12,0.9998960494995117,1,12,1,0.0018074034014716744,0.027385758236050606,0.020467793568968773,0.9503390789031982,0,1,1,1,0.0,0.1,0.1,0.3498810455393401
763,763,12,0,0.0,0.9999089241027832,0.5473704265939145,20.470929910412213,0.20000000000000018,0.40254052201428464,3,0.5338258389587582,WEAK,18.732781496129085,17.472479146102003,0.4368119786525501,0,0.0,80.0,1,1,1,12,0.9999089241027832,1,12,1,0.8896663188934326,0.06597963720560074,0.028313403949141502,0.016040602698922157,1,1,1,0,0.3338258389587583,0.1,0.1,0.0
764,764,12,1,6.2,0.9836153388023376,0.3996553503319069,16.740230368681654,0.0,0.050101221209219116,3,0.45614376424417297,WEAK,14.978729984001058,14.09757203220262,0.3524393008050655,0,0.0,80.0,1,1,1,12,0.9836153388023376,1,12,1,0.023926084861159325,0.24538415670394897,0.10661125183105469,0.6240785121917725,0,1,1,1,0.0,0.1,0.1,0.25614376424417296
765,765,12,0,0.0,0.9991450309753418,0.4823703770621955,18.906127126739733,3.2,0.8580288606658505,3,0.5011286600406086,WEAK,16.686221878335694,15.682894421734742,0.3920723605433686,0,0.0,80.0,1,1,1,12,0.9991450309753418,1,12,1,0.21101009845733643,0.004064575303345919,0.7722271680831909,0.012698122300207615,1,0,1,1,0.1,0.0,0.3011286600406087,0.1
766,766,12,0,0.0,0.8674954175949097,0.44124046820065005,16.058385416172825,0.20000000000000018,0.7165373619910662,3,0.4792880432745995,WEAK,6.65402920667732,5.659659946991372,0.1414914986747843,0,0.0,80.0,1,1,1,12,0.8674954175949097,1,12,1,0.6983576416969299,0.16819190979003906,0.055783066898584366,0.07766735553741455,1,1,0,1,0.27928804327459955,0.1,0.0,0.1
767,767,12,1,6.2,0.9805437922477722,0.34078403229171533,15.422589621806488,0.0,0.0,3,0.42120987573755186,GOOD,114.96411445364055,112.90688087217663,2.822672021804416,0,0.0,80.0,1,1,1,12,0.9805437922477722,1,12,1,0.03964868187904358,0.23200523853302002,0.2085900604724884,0.5197560787200928,0,1,1,1,0.0,0.1,0.1,0.22120987573755188
768,768,12,0,0.0,0.999879002571106,0.49752466392815997,18.998117043030273,3.2,0.0,3,0.5089395881003723,GOOD,65.86127074920837,65.0872230258618,1.6271805756465452,0,0.0,80.0,1,1,1,12,0.999879002571106,1,12,1,0.7995350956916809,0.025348525494337082,0.03164883330464363,0.1434674859046936,1,0,1,1,0.30893958810037236,0.0,0.1,0.1
769,769,12,0,0.0,0.9936965107917786,0.5602509568321693,20.93882927995402,0.20000000000000018,0.0,3,0.540070219276493,GOOD,75.41248121282067,75.17675488519848,1.879418872129962,0,0.0,80.0,1,1,1,12,0.9936965107917786,1,12,1,0.9130285382270813,0.038319237530231476,0.0071379742585122585,0.04151429980993271,1,1,0,1,0.34007021927649306,0.1,0.0,0.1
770,770,12,1,6.2,0.9904273748397827,0.36586612274200986,16.040870341389727,0.0,0.0,3,0.4364354560528835,GOOD,119.98122695314751,118.88855282861735,2.972213820715434,0,0.0,80.0,1,1,1,12,0.9904273748397827,1,12,1,0.006505690515041351,0.5324524641036987,0.09410106390714645,0.36694082617759705,0,1,1,1,0.0,0.21757673032963834,0.1,0.11885872572324516
771,771,12,0,0.0,0.9978545308113098,0.5515234902126213,20.705994007413906,3.2,0.0,3,0.5358471604954025,GOOD,78.59008037032916,77.14031715145882,1.9285079287864706,0,0.0,80.0,1,1,1,12,0.9978545308113098,1,12,1,0.8971959352493286,0.024475770071148872,0.07308246195316315,0.0052457815036177635,1,1,1,0,0.33584716049540253,0.1,0.1,0.0
772,772,12,0,0.0,0.9904048442840576,0.22123356462731308,12.198761902301927,0.20000000000000018,0.0,3,0.33937858528492393,GOOD,49.12153530676407,48.208236100132076,1.205205902503302,0,0.0,80.0,1,1,1,12,0.9904048442840576,1,12,1,0.2588636875152588,0.2701907157897949,0.3026520907878876,0.1682935357093811,1,1,1,0,0.1,0.1072401243372201,0.13213846094770382,0.0
773,773,12,1,6.2,0.6445982456207275,0.4709342579638254,18.62084494194033,0.0,0.0,3,0.4951526054124354,WEAK,7.66491405437654,6.8733221015666555,0.1718330525391664,0,0.0,80.0,1,1,0,2,0.6445982456207275,0,12,1,0.016549842432141304,0.22745591402053833,0.004343503620475531,0.7516506910324097,1,1,0,1,0.1,0.1,0.0,0.2951526054124354
774,774,12,0,0.0,0.999987006187439,0.5435102074243983,20.2970845427425,3.2,0.9813547645953986,3,0.5319401591296098,WEAK,9.490910241211235,8.745809416184054,0.21864523540460135,0,0.0,80.0,1,1,1,12,0.999987006187439,1,12,1,0.8826702833175659,0.020779596641659737,0.07389011234045029,0.02266008034348488,1,0,1,1,0.33194015912960984,0.0,0.1,0.1
775,775,12,0,0.0,0.9970477223396301,0.4855003627318128,18.544675368799165,0.20000000000000018,0.8429142415423037,3,0.5027518829564231,WEAK,6.559536812701587,5.537620922123797,0.13844052305309493,0,0.0,80.0,1,1,1,12,0.9970477223396301,1,12,1,0.1351238340139389,0.03586069867014885,0.7778635621070862,0.051151856780052185,1,0,1,1,0.1,0.0,0.3027518829564232,0.1
776,776,12,1,6.2,0.9999157190322876,0.5775639090097128,21.379845486782514,0.0,0.0,3,0.5483513916783445,GOOD,43.10010652227436,42.53658946217592,1.063414736554398,0,0.0,80.0,1,1,1,12,0.9999157190322876,1,12,1,0.944473147392273,0.020516034215688705,0.021988606080412865,0.013022202998399734,1,1,1,0,0.3483513916783445,0.1,0.1,0.0
777,777,12,0,0.0,0.9999492168426514,0.40159023708664215,16.468670173536616,3.2,0.0,3,0.4572466155747028,GOOD,92.4367514176001,92.26293112774282,2.3065732781935706,0,0.0,80.0,1,1,1,12,0.9999492168426514,1,12,1,0.6275246143341064,0.13354602456092834,0.04637543112039566,0.19255390763282776,1,1,0,1,0.25724661557470285,0.1,0.0,0.1
778,778,12,0,0.0,0.9991732239723206,0.5123220618151071,19.598119586159545,0.20000000000000018,0.0,3,0.5164525849470538,WEAK,15.473260404075717,12.665790721846866,0.3166447680461717,0,0.0,80.0,1,1,1,12,0.9991732239723206,1,12,1,0.010485013015568256,0.009295476600527763,0.8262436985969543,0.15397575497627258,1,0,1,1,0.1,0.0,0.31645258494705386,0.1
779,779,12,1,6.2,0.8459798097610474,0.3733486152751858,16.178756257823824,0.0,0.0,3,0.44087573725403006,GOOD,65.61287751142956,65.12951510086714,1.6282378775216786,0,0.0,80.0,1,1,1,12,0.8459798097610474,1,12,1,0.016801422461867332,0.06713445484638214,0.563245952129364,0.352818101644516,0,1,1,1,0.0,0.1,0.23255979028789212,0.10831594696613792
780,780,12,0,0.0,0.9998632669448853,0.5442724048985506,20.379881059969513,3.2,0.0,3,0.5323130145012507,GOOD,63.74947884059314,63.67217527626728,1.591804381906682,0,0.0,80.0,1,1,1,12,0.9998632669448853,1,12,1,0.8840514421463013,0.016221871599555016,0.03644399344921112,0.06328273564577103,1,0,1,1,0.3323130145012507,0.0,0.1,0.1
781,781,12,0,0.0,0.9999289512634277,0.3341929866257063,14.77201927255637,0.20000000000000018,0.0,3,0.4171167137471067,GOOD,60.363945170182575,59.898030536624745,1.4974507634156187,0,0.0,80.0,1,1,1,12,0.9999289512634277,1,12,1,0.42423203587532043,0.4043934941291809,0.048146478831768036,0.12322799861431122,1,1,0,1,0.16474863290405575,0.1523680808430509,0.0,0.1
782,782,12,1,6.2,0.33498433232307434,0.4418929991399689,17.734278109713863,0.0,0.0,3,0.4796423112496697,GOOD,60.951709965178836,60.187433620858485,1.5046858405214623,0,0.0,80.0,1,1,0,19,0.33498433232307434,0,8,0,0.6995266079902649,0.13427004218101501,0.018575169146060944,0.14762809872627258,1,1,0,1,0.27964231124966976,0.1,0.0,0.1
783,783,12,0,0.0,0.9970887303352356,0.3279154713733289,14.759158599181317,3.2,0.0,3,0.41318056032907047,GOOD,67.63067145355936,66.90850352488232,1.6727125881220581,0,0.0,80.0,1,1,1,12,0.9970887303352356,1,12,1,0.493717759847641,0.32084062695503235,0.06599778681993484,0.11944381892681122,1,1,0,1,0.21104750837757177,0.10213305195149874,0.0,0.1
784,784,12,0,0.0,0.9999837875366211,0.6075960741249926,22.458086878717026,0.20000000000000018,0.0,3,0.5624273168484022,GOOD,70.30943650783658,69.48327321865716,1.737081830466429,0,0.0,80.0,1,1,1,12,0.9999837875366211,1,12,1,0.9991300702095032,0.00010737757838796824,0.0006757646333426237,8.675754361320287e-05,1,1,1,0,0.36242731684840224,0.1,0.1,0.0
785,785,12,1,6.2,0.9789323210716248,0.5775508576217006,21.542729708064513,0.0,0.0,3,0.5483451960114241,WEAK,11.395642054124913,9.270700822863029,0.23176752057157574,0,0.0,80.0,1,1,1,12,0.9789323210716248,1,12,1,0.0012449180940166116,0.027900321409106255,0.02640528231859207,0.9444494247436523,0,1,1,1,0.0,0.1,0.1,0.348345196011424
786,786,12,0,0.0,0.9999704360961914,0.5134740460302735,19.23084970323114,3.2,1.1323167432326218,3,0.5170328948768866,WEAK,3.0569362697026947,2.70733027069513,0.06768325676737826,0,0.0,80.0,1,1,1,12,0.9999704360961914,1,12,1,0.8283247351646423,0.038680437952280045,0.08734100311994553,0.045653801411390305,1,0,1,1,0.3170328948768867,0.0,0.1,0.1
787,787,12,0,0.0,0.971176266670227,0.3995486430781496,16.065445160142588,0.20000000000000018,0.6969644837586477,3,0.4560828654000167,WEAK,19.760814424067597,17.414090378958964,0.4353522594739741,0,0.0,80.0,1,1,1,4,0.971176266670227,0,12,1,0.07220586389303207,0.2211434245109558,0.08276224881410599,0.6238884925842285,0,1,1,1,0.0,0.1,0.1,0.2560828654000167
788,788,12,1,6.2,0.999744713306427,0.4824360248366705,18.673731877290102,0.0,0.0,3,0.5011627592137672,GOOD,84.96073397702943,84.74567492355408,2.118641873088852,0,0.0,80.0,1,1,1,12,0.999744713306427,1,12,1,0.7723453640937805,0.17997555434703827,0.02659345045685768,0.021085619926452637,1,1,1,0,0.30116275921376723,0.1,0.1,0.0
789,789,12,0,0.0,0.9999617338180542,0.6079572884930755,22.469920437086728,3.2,0.0,3,0.5625944728352591,GOOD,80.61415979694223,79.44778355829249,1.9861945889573123,0,0.0,80.0,1,1,1,12,0.9999617338180542,1,12,1,0.9997882843017578,0.00012238997442182153,2.1719359210692346e-05,6.764473073417321e-05,1,1,0,1,0.36259447283525914,0.1,0.0,0.1
790,790,12,0,0.0,0.9999927282333374,0.4481232080869986,17.791453859830323,0.20000000000000018,0.0,3,0.4830116931870424,GOOD,90.31584137302218,89.20958190679357,2.2302395476698393,0,0.0,80.0,1,1,1,12,0.9999927282333374,1,12,1,0.7106926441192627,0.09637434035539627,0.02483031526207924,0.1681026965379715,1,1,0,1,0.28301169318704245,0.1,0.0,0.1
791,791,12,1,6.2,0.9979300498962402,0.36538743412957414,15.471300882827448,0.0,0.0,3,0.43614985286396235,GOOD,107.39640011621339,105.52973515314308,2.638243378828577,0,0.0,80.0,1,1,1,12,0.9979300498962402,1,12,1,0.5632235407829285,0.06729119271039963,0.23417583107948303,0.13530941307544708,1,0,1,1,0.2361498528639623,0.0,0.1,0.1
792,792,12,0,0.0,0.9619154930114746,0.4881576402698951,18.9397774240028,3.2,0.0,3,0.504125855425037,GOOD,84.49522374382315,84.12974926941781,2.1032437317354455,0,0.0,80.0,1,1,1,12,0.9619154930114746,1,12,1,0.0060348003171384335,0.7826502919197083,0.011547905392944813,0.19976700842380524,0,1,1,1,0.0,0.304125855425037,0.1,0.1
793,793,12,0,0.0,0.9998194575309753,0.5833754951425775,21.71744073450646,0.20000000000000018,0.0,3,0.5511033077958094,GOOD,91.8718148162689,91.09968278076286,2.2774920695190715,0,0.0,80.0,1,1,1,12,0.9998194575309753,1,12,1,0.9550391435623169,0.041755542159080505,0.0024183013010770082,0.000786986667662859,1,1,1,0,0.35110330779580945,0.1,0.1,0.0
794,794,12,1,6.2,0.9966603517532349,0.40510089786191217,15.848024075258378,0.0,0.0,3,0.459240868241786,GOOD,67.12189007358612,66.1771122926027,1.6544278073150676,0,0.0,80.0,1,1,1,12,0.9966603517532349,1,12,1,0.1318795084953308,0.6337798237800598,0.09642187505960464,0.13791880011558533,1,1,0,1,0.1,0.25924086824178605,0.0,0.1
795,795,12,0,0.0,0.9970592260360718,0.5105097992991798,19.138612087213577,3.2,0.03391885835740993,3,0.5155383389174695,GOOD,47.486635627069816,46.643245665703596,1.16608114164259,0,0.0,80.0,1,1,1,12,0.9970592260360718,1,12,1,0.8229703903198242,0.062499381601810455,0.07557859271764755,0.03895162045955658,1,1,1,0,0.3155383389174695,0.1,0.1,0.0
796,796,12,0,0.0,0.9981130361557007,0.4894484687806862,18.86605653523391,0.20000000000000018,0.0,3,0.5047919419057901,GOOD,55.98359445265061,55.65630143462635,1.3914075358656588,0,0.0,80.0,1,1,1,12,0.9981130361557007,1,12,1,0.784976065158844,0.1476738005876541,0.019018007442355156,0.0483320951461792,1,1,0,1,0.3047919419057902,0.1,0.0,0.1
797,797,12,1,6.2,0.9998006224632263,0.573998754365997,21.427040255932166,0.0,0.0,3,0.5466563552584749,WEAK,14.747320761664113,12.65942014935161,0.31648550373379025,0,0.0,80.0,1,1,1,12,0.9998006224632263,1,12,1,0.9379940032958984,0.0020896433852612972,0.005082993768155575,0.054833296686410904,1,0,1,1,0.34665635525847494,0.0,0.1,0.1
798,798,12,0,0.0,0.6776379346847534,0.5270051862699184,18.704284682625868,3.2,1.0257184473083505,3,0.5238010576900678,WEAK,7.384252594997401,6.971262107665978,0.17428155269164947,0,0.0,80.0,1,1,0,3,0.6776379346847534,0,12,1,0.02178806997835636,0.018112918362021446,0.10731209069490433,0.8527869582176208,1,0,1,1,0.1,0.0,0.1,0.32380105769006773
799,799,12,0,0.0,0.9644021391868591,0.2779746080223323,12.4250870081765,0.20000000000000018,0.9598116245038525,3,0.3804183781736581,WEAK,2.7771540510239214,2.636272912179921,0.06590682280449803,0,0.0,80.0,1,1,1,12,0.9644021391868591,1,12,1,0.3076571822166443,0.39443355798721313,0.16465160250663757,0.1332576423883438,1,1,1,0,0.11052003117301015,0.1698983470006479,0.1,0.0
800,800,12,1,6.2,0.9980137348175049,0.44897090704082704,17.632582229148447,0.0,0.5607951137010012,3,0.4834683254789003,WEAK,19.079727628684257,15.960660432114052,0.39901651080285133,0,0.0,80.0,1,1,1,12,0.9980137348175049,1,12,1,0.1289597898721695,0.7122126221656799,0.1210944727063179,0.037733059376478195,1,1,1,0,0.1,0.28346832547890033,0.1,0.0
801,801,12,0,0.0,0.9928600192070007,0.37396285746291447,15.46194634399993,3.2,1.5230905801398587,3,0.4412382579308207,WEAK,10.748814492095715,9.508181342445706,0.23770453356114266,0,0.0,80.0,1,1,1,8,0.9928600192070007,0,12,1,0.1907384693622589,0.5784196257591248,0.22873876988887787,0.0021031852811574936,1,1,1,0,0.1,0.24123825793082074,0.1,0.0
802,802,12,0,0.0,0.9998917579650879,0.6058150027600666,22.39926658598155,0.20000000000000018,1.2709746725929938,3,0.561602378696561,WEAK,11.390855855345123,10.084636301874589,0.25211590754686475,0,0.0,80.0,1,1,1,12,0.9998917579650879,1,12,1,0.9958848357200623,0.001639554277062416,0.00040225472184829414,0.0020733794663101435,1,1,0,1,0.3616023786965611,0.1,0.0,0.1
803,803,12,1,6.2,0.9996389150619507,0.40243232385012856,16.377177406764496,0.0,0.9073114696227735,3,0.4577257602998667,WEAK,18.1661614490197,14.54652811880881,0.36366320297022026,0,0.0,80.0,1,1,1,12,0.9996389150619507,1,12,1,0.5443657636642456,0.0054919905960559845,0.01380342710763216,0.4363388121128082,1,0,1,1,0.2095802924956258,0.0,0.1,0.14814546780424093
804,804,12,0,0.0,0.9999231100082397,0.5846466430097212,21.673433806371172,3.2,0.3443392356921866,3,0.5517033952246779,GOOD,70.77467781290731,70.51888935722347,1.7629722339305869,0,0.0,80.0,1,1,1,12,0.9999231100082397,1,12,1,0.016070721670985222,0.01968255080282688,0.006895787548273802,0.9573509097099304,1,1,0,1,0.1,0.1,0.0,0.35170339522467786
805,805,12,0,0.0,0.999734103679657,0.3632683178189461,15.120626809259685,0.20000000000000018,0.0,3,0.4348832572399244,GOOD,62.99784148387384,62.77793223284835,1.5694483058212088,0,0.0,80.0,1,1,1,12,0.999734103679657,1,12,1,0.433908075094223,0.04887121170759201,0.05752748250961304,0.4596933126449585,1,0,1,1,0.15972448983801787,0.0,0.1,0.17515876740190653
806,806,12,1,6.2,0.9720607399940491,0.3703943893306773,15.965413546782719,0.0,0.0,3,0.43912799636806366,GOOD,79.70309942633887,78.23776498560522,1.9559441246401308,0,0.0,80.0,1,1,1,12,0.9720607399940491,1,12,1,0.038349565118551254,0.5720933675765991,0.14222316443920135,0.24733392894268036,0,1,1,1,0.0,0.23912799636806362,0.1,0.1
807,807,12,0,0.0,0.6289596557617188,0.5288213427922887,19.945321231837013,3.2,0.07518986392795846,3,0.5247028386864302,GOOD,45.358241050559194,44.992405442881655,1.1248101360720415,0,0.0,80.0,1,1,0,12,0.6289596557617188,1,12,1,0.8560728430747986,0.016159744933247566,0.02323407121002674,0.10453339666128159,1,0,1,1,0.32470283868643024,0.0,0.1,0.1
808,808,12,0,0.0,0.7164393067359924,0.5556286171430664,19.970657726434492,0.20000000000000018,0.0,3,0.5378376854176428,GOOD,61.01836771318668,59.81504920440291,1.4953762301100728,0,0.0,80.0,1,1,0,14,0.7164393067359924,0,14,0,0.038397811353206635,0.05458742007613182,0.002373231342062354,0.9046415090560913,1,1,0,1,0.1,0.1,0.0,0.3378376854176428
809,809,12,1,6.2,0.9793021082878113,0.2414697397364483,12.753372216384289,0.0,0.0,3,0.3545604447537686,GOOD,55.84941931296726,55.2086693480364,1.3802167337009101,0,0.0,80.0,1,1,1,8,0.9793021082878113,0,12,1,0.13984501361846924,0.27550795674324036,0.24100756645202637,0.34363946318626404,0,1,1,1,0.0,0.10227011422363436,0.1,0.15229033053013422
810,810,12,0,0.0,0.9373254179954529,0.4598760790723275,17.88875689334674,3.2,0.0,3,0.4893046425826979,GOOD,86.43506377622758,85.78380102025336,2.144595025506334,0,0.0,80.0,1,1,1,12,0.9373254179954529,1,12,1,0.04804662987589836,0.7317808866500854,0.0378214530646801,0.18235106766223907,1,1,0,1,0.1,0.28930464258269795,0.0,0.1
811,811,12,0,0.0,0.9999819993972778,0.5739204542468551,21.397929913951934,0.20000000000000018,0.0,3,0.5466190688382203,GOOD,51.08644411539703,50.64874297617249,1.2662185744043124,0,0.0,80.0,1,1,1,12,0.9999819993972778,1,12,1,0.9378517270088196,0.011098566465079784,0.003967615310102701,0.04708210006356239,1,1,0,1,0.34661906883822036,0.1,0.0,0.1
812,812,12,1,6.2,0.9648802280426025,0.4829568858098079,18.649631494890684,0.0,0.0,3,0.5014332258562563,GOOD,109.45891522263197,108.64985708005405,2.7162464270013515,0,0.0,80.0,1,1,1,12,0.9648802280426025,1,12,1,0.7732831835746765,0.023766329512000084,0.13632792234420776,0.06662258505821228,1,0,1,1,0.3014332258562563,0.0,0.1,0.1
813,813,12,0,0.0,0.9960548877716064,0.4084343463434245,16.859043879520694,3.2,0.06559752584314293,3,0.4611264718537259,GOOD,45.53119560058092,45.37609896627428,1.134402474156857,0,0.0,80.0,1,1,1,12,0.9960548877716064,1,12,1,0.6397223472595215,0.19208870828151703,0.028508171439170837,0.13968083262443542,1,1,0,1,0.26112647185372595,0.1,0.0,0.1
814,814,12,0,0.0,0.5228990912437439,0.39823869178343985,16.277025584526957,0.20000000000000018,0.0,3,0.45533460001562237,GOOD,98.23047135988176,97.66454602973198,2.4416136507432995,0,0.0,80.0,1,1,0,12,0.5228990912437439,1,12,1,0.13079215586185455,0.240268275141716,0.007383465301245451,0.6215560436248779,1,1,0,1,0.1,0.1,0.0,0.25533460001562236
815,815,12,1,6.2,0.8971131443977356,0.49634582229891594,18.906540832757862,0.0,0.0,3,0.5083362863685834,GOOD,45.311862323461966,44.53018937987183,1.1132547344967958,0,0.0,80.0,1,1,1,14,0.8971131443977356,0,14,0,0.07411925494670868,0.09868855029344559,0.02978307381272316,0.797409176826477,1,1,0,1,0.1,0.1,0.0,0.30833628636858346
816,816,12,0,0.0,0.6888375878334045,0.42161347194211796,16.43635343932907,3.2,0.022702149478918354,3,0.46850708863169355,GOOD,47.11429944402261,47.09191402084326,1.1772978505210816,0,0.0,80.0,1,1,0,8,0.6888375878334045,0,12,1,0.6632452607154846,0.09278170764446259,0.2282394915819168,0.015733562409877777,1,1,1,0,0.2685070886316936,0.1,0.1,0.0
817,817,12,0,0.0,0.9750646352767944,0.49726205128735,19.254543716391595,0.20000000000000018,0.0,3,0.5088052514327486,GOOD,108.29041385173872,107.78209109250118,2.6945522773125297,0,0.0,80.0,1,1,1,12,0.9750646352767944,1,12,1,0.7990614771842957,0.10913249105215073,0.006146005354821682,0.08566003292798996,1,1,0,1,0.3088052514327486,0.1,0.0,0.1
818,818,12,1,6.2,0.9880544543266296,0.39752752823288423,16.936510681435855,0.0,0.0,3,0.45492785643098954,GOOD,74.09953625440454,72.92057480296293,1.8230143700740733,0,0.0,80.0,1,1,1,12,0.9880544543266296,1,12,1,0.028985070064663887,0.6135540008544922,0.001194819575175643,0.3562661409378052,1,1,0,1,0.1,0.2510735566592922,0.0,0.10385429977169738
819,819,12,0,0.0,0.9999830722808838,0.41559429281755905,17.38993012684714,3.2,0.0,3,0.465150737581054,GOOD,80.05286725290158,78.46927433822756,1.961731858455689,0,0.0,80.0,1,1,1,12,0.9999830722808838,1,12,1,0.33986783027648926,0.006521532312035561,0.0011144352611154318,0.6524962782859802,1,1,0,1,0.1,0.1,0.0,0.265150737581054
820,820,12,0,0.0,0.7477201819419861,0.5130958406786231,19.344036579984188,0.20000000000000018,0.0,3,0.5168424464693466,GOOD,106.45631509967451,106.3461333551878,2.658653333879695,0,0.0,80.0,1,1,0,12,0.7477201819419861,1,12,1,0.1538039743900299,0.01552784163504839,0.0030266698449850082,0.827641487121582,1,1,0,1,0.1,0.1,0.0,0.31684244646934656
821,821,12,1,6.2,0.9998160004615784,0.45080251411571803,17.81450301043777,0.0,0.0,3,0.48445349254693104,GOOD,110.90678591464189,109.43125105722817,2.7357812764307043,0,0.0,80.0,1,1,1,12,0.9998160004615784,1,12,1,0.7154973745346069,0.12672898173332214,0.13007251918315887,0.027701163664460182,1,1,1,0,0.2844534925469311,0.1,0.1,0.0
822,822,12,0,0.0,0.999372661113739,0.5395973300645629,20.23406142198916,3.2,0.0,3,0.5300219096713409,GOOD,61.06538258051884,60.554173985057886,1.5138543496264472,0,0.0,80.0,1,1,1,12,0.999372661113739,1,12,1,0.8755814433097839,0.07552681118249893,0.017391636967658997,0.03150012344121933,1,1,0,1,0.33002190967134093,0.1,0.0,0.1
823,823,12,0,0.0,0.9986757636070251,0.349689794085675,15.667712967978275,0.20000000000000018,0.0,3,0.42667815171486057,GOOD,81.71545681263953,80.96003348337452,2.024000837084363,0,0.0,80.0,1,1,1,12,0.9986757636070251,1,12,1,0.32501527667045593,0.5354669094085693,0.032883577048778534,0.10663428902626038,1,1,0,1,0.1,0.22667815171486058,0.0,0.1
824,824,12,1,6.2,0.9967453479766846,0.5880528447382675,21.833649212802566,0.0,0.0,3,0.5533081969549223,GOOD,64.4384489896936,64.11515756443688,1.6028789391109222,0,0.0,80.0,1,1,1,12,0.9967453479766846,1,12,1,0.0026527622248977423,0.008411798626184464,0.025388631969690323,0.9635468125343323,0,1,1,1,0.0,0.1,0.1,0.3533081969549222
825,825,12,0,0.0,0.999882698059082,0.32781995155945887,14.303941411884665,3.2,0.0,3,0.41312037743408414,GOOD,51.99531823472485,51.08841142039388,1.277210285509847,0,0.0,80.0,1,1,1,12,0.999882698059082,1,12,1,0.438994437456131,0.3753497898578644,0.10569710284471512,0.0799587070941925,1,1,1,0,0.17661151621585527,0.13650886121822883,0.1,0.0
826,826,12,0,0.0,0.9998328685760498,0.3816266188472938,16.359928340793836,0.20000000000000018,0.0,3,0.44573655919113153,GOOD,50.702914047508436,49.99930024383923,1.2499825060959808,0,0.0,80.0,1,1,1,12,0.9998328685760498,1,12,1,0.5920190811157227,0.2271004170179367,0.15553690493106842,0.02534360997378826,1,1,1,0,0.2457365591911315,0.1,0.1,0.0
827,827,12,1,6.2,0.9666573405265808,0.34626562189585675,15.020562470036502,0.0,0.0,3,0.42458399041733696,GOOD,59.00285376418071,58.82513646729111,1.4706284116822779,0,0.0,80.0,1,1,1,12,0.9666573405265808,1,12,1,0.12038427591323853,0.07532939314842224,0.5294230580329895,0.27486327290534973,1,0,1,1,0.1,0.0,0.22458399041733698,0.1
828,828,12,0,0.0,0.98945552110672,0.27387829687569315,12.420631186478541,3.2,0.12218501463314602,3,0.3776049995028793,GOOD,43.78002710851881,43.11259941467416,1.077814985366854,0,0.0,80.0,1,1,1,8,0.98945552110672,0,12,1,0.4026675224304199,0.2901498079299927,0.06048935279250145,0.24669329822063446,1,1,0,1,0.1775854665040799,0.10001953299879943,0.0,0.1
829,829,12,0,0.0,0.9999639987945557,0.37003620064582504,15.355186180472415,0.20000000000000018,0.06337543141444538,3,0.43891561636273657,WEAK,2.807845804572979,2.352383328748026,0.058809583218700646,0,0.0,80.0,1,1,1,12,0.9999639987945557,1,12,1,0.2367929220199585,0.5714585781097412,0.08186934888362885,0.10987914353609085,1,1,0,1,0.1,0.23891561636273653,0.0,0.1
830,830,12,1,6.2,0.9999892711639404,0.6022671115414442,22.29579481044695,0.0,0.0,3,0.5599554815955744,GOOD,87.37062599229334,86.04945057783225,2.151236264445806,0,0.0,80.0,1,1,1,12,0.9999892711639404,1,12,1,0.9894217252731323,0.00805935449898243,0.0023848218843340874,0.0001340882299700752,1,1,1,0,0.35995548159557444,0.1,0.1,0.0
831,831,12,0,0.0,0.9999527931213379,0.3781837979851842,16.01872772239288,3.2,0.19029467400412203,3,0.44372141165671997,GOOD,40.8747776888531,40.388213039835115,1.009705325995878,0,0.0,80.0,1,1,1,12,0.9999527931213379,1,12,1,0.04513286426663399,0.1712443083524704,0.19771519303321838,0.5859075784683228,0,1,1,1,0.0,0.1,0.1,0.24372141165671993
832,832,12,0,0.0,0.946061909198761,0.5933294602517872,21.971989300628152,0.20000000000000018,0.19029467400412203,3,0.5557850784630736,DOWN,0.0,0.0,0.0,1,0.0,80.0,1,1,1,12,0.946061909198761,1,12,1,0.0012400579871609807,0.023874979466199875,0.0017364592058584094,0.9731485247612,0,1,1,1,0.0,0.1,0.1,0.3557850784630736
833,833,12,1,6.2,0.9997122883796692,0.5736320479958759,21.33910802343495,0.0,0.0,3,0.546481708193976,GOOD,55.15930217497726,55.022588859663365,1.3755647214915843,0,0.0,80.0,1,1,1,12,0.9997122883796692,1,12,1,0.9373276829719543,0.04589167609810829,0.007660414557904005,0.009120152331888676,1,1,0,1,0.34648170819397606,0.1,0.0,0.1
834,834,12,0,0.0,0.9632798433303833,0.33229356867131177,14.886363555587883,3.2,0.0,3,0.4159296632016086,GOOD,87.71560794882187,86.32571758597139,2.158142939649285,0,0.0,80.0,1,1,1,12,0.9632798433303833,1,12,1,0.2830066978931427,0.06764205545186996,0.5048035979270935,0.14454762637615204,1,0,1,1,0.1,0.0,0.21592966320160864,0.1
835,835,12,0,0.0,0.9997377991676331,0.4689793546091424,17.984766840870353,0.20000000000000018,0.0,3,0.49412381837009717,GOOD,111.40331958360697,109.60800451510352,2.740200112877588,0,0.0,80.0,1,1,1,12,0.9997377991676331,1,12,1,0.04672083258628845,0.04755781218409538,0.15758520364761353,0.7481361031532288,0,1,1,1,0.0,0.1,0.1,0.29412381837009716
836,836,13,1,6.2,0.9998217225074768,0.3704681095349874,15.548495562174335,0.0,0.0,3,0.43917169437741543,GOOD,84.47019239006089,83.96774348198609,2.0991935870496525,0,0.0,80.0,1,1,1,13,0.9998217225074768,1,13,1,0.0685233399271965,0.09007780253887177,0.26917481422424316,0.5722240209579468,0,1,1,1,0.0,0.1,0.1,0.2391716943774154
837,837,13,0,0.0,0.999863862991333,0.3704681095349874,15.54466453603001,3.2,0.0,3,0.43917169437741543,GOOD,114.5555495383997,112.99325033574084,2.8248312583935213,0,0.0,80.0,1,1,1,13,0.999863862991333,1,13,1,0.0685233399271965,0.09007780253887177,0.26917481422424316,0.5722240209579468,0,1,1,1,0.0,0.1,0.1,0.2391716943774154
838,838,13,0,0.0,0.999863862991333,0.3704681095349874,15.54466453603001,0.20000000000000018,0.0,3,0.43917169437741543,WEAK,9.5044256609374,8.26299905838991,0.20657497645974776,0,0.0,80.0,1,1,1,13,0.999863862991333,1,13,1,0.0685233399271965,0.09007780253887177,0.26917481422424316,0.5722240209579468,0,1,1,1,0.0,0.1,0.1,0.2391716943774154
839,839,13,1,6.2,0.9999593496322632,0.5816185041732315,21.55200726835476,0.0,0.0,3,0.5502727846558644,WEAK,3.9311670354270847,3.595031421940307,0.08987578554850767,0,0.0,80.0,1,1,1,13,0.9999593496322632,1,13,1,0.014941253699362278,0.009210709482431412,0.024003831669688225,0.9518442153930664,1,0,1,1,0.1,0.0,0.1,0.3502727846558644
840,840,13,0,0.0,0.9997513890266418,0.3801701609977373,15.791386920071883,3.2,1.1349195195419963,3,0.44488518107804553,WEAK,3.2127374923941123,2.603219218320143,0.06508048045800358,0,0.0,80.0,1,1,1,13,0.9997513890266418,1,13,1,0.022387821227312088,0.04636481776833534,0.4210320711135864,0.5102153420448303,0,1,1,1,0.0,0.1,0.14635143471734388,0.19853374636070162
841,841,13,0,0.0,0.9490218162536621,0.2588029726402142,13.86291294510328,0.20000000000000018,0.0,3,0.36706549070851474,GOOD,55.83845971335257,54.98377254673915,1.3745943136684788,0,0.0,80.0,1,1,1,13,0.9490218162536621,1,13,1,0.05935834348201752,0.3036051094532013,0.31364956498146057,0.32338690757751465,0,1,1,1,0.0,0.1153046337647344,0.1224277609834197,0.12933309596036063
842,842,13,1,6.2,0.9999470710754395,0.3990291397782567,16.28514124122778,0.0,0.0,3,0.45578626369012604,GOOD,112.02224796923275,110.39635488735689,2.7599088721839227,0,0.0,80.0,1,1,1,13,0.9999470710754395,1,13,1,0.05582632124423981,0.11532410979270935,0.2058860957622528,0.6229634284973145,0,1,1,1,0.0,0.1,0.1,0.255786263690126
843,843,13,0,0.0,0.9996011853218079,0.4768421271988423,18.64377017357757,3.2,0.0,3,0.4982487695093667,GOOD,95.34776490285223,94.1432775079546,2.353581937698865,0,0.0,80.0,1,1,1,13,0.9996011853218079,1,13,1,0.0622057281434536,0.013117117807269096,0.7622770071029663,0.16240012645721436,1,0,1,1,0.1,0.0,0.29824876950936674,0.1
844,844,13,0,0.0,0.9995365142822266,0.2956886459266177,13.371434376211056,0.20000000000000018,0.0,3,0.3923523432701586,GOOD,106.25582819914686,104.72924951860112,2.6182312379650283,0,0.0,80.0,1,1,1,13,0.9995365142822266,1,13,1,0.11942613869905472,0.13847048580646515,0.3667282462120056,0.3753751218318939,0,1,1,1,0.0,0.1,0.14330776431020797,0.14904457895995063
845,845,13,1,6.2,0.9998980760574341,0.3700584587261001,15.750719246346597,0.0,0.0,3,0.4389288167902894,GOOD,65.79706548654221,64.87949427075291,1.621987356768823,0,0.0,80.0,1,1,1,13,0.9998980760574341,1,13,1,0.05117596685886383,0.040088240057229996,0.3563249111175537,0.552410900592804,1,0,1,1,0.1,0.0,0.11131968198772316,0.2276091348025662
846,846,13,0,0.0,0.9989596605300903,0.5999257535702263,22.18560528866545,3.2,0.9326634282363337,3,0.5588659875031143,WEAK,12.575392049519737,10.693462870546647,0.26733657176366615,0,0.0,80.0,1,1,1,13,0.9989596605300903,1,13,1,0.007641129195690155,0.9851575493812561,0.004548600409179926,0.0026527303270995617,1,1,1,0,0.1,0.3588659875031144,0.1,0.0
847,847,13,0,0.0,0.9992548823356628,0.5307884421941602,20.079286542028978,0.20000000000000018,0.6203233901807903,3,0.5256778225814531,WEAK,15.61017457537534,12.493601522221734,0.3123400380555434,0,0.0,80.0,1,1,1,13,0.9992548823356628,1,13,1,0.011060084216296673,0.02767929807305336,0.1016281247138977,0.8596324920654297,0,1,1,1,0.0,0.1,0.1,0.32567782258145306
848,848,13,1,6.2,0.999876856803894,0.39007957310273506,16.8469596310318,0.0,0.49771090727933587,3,0.4506460106297044,WEAK,5.643295031067721,4.9044993160581765,0.12261248290145442,0,0.0,80.0,1,1,1,13,0.999876856803894,1,13,1,0.3086968660354614,0.0022327727638185024,0.08203140646219254,0.6070389747619629,1,0,1,1,0.1,0.0,0.1,0.2506460106297044
849,849,13,0,0.0,0.9998225569725037,0.32844491463425873,14.48122559058822,3.2,1.4081262036552236,3,0.4135139807594881,WEAK,12.288256121120938,11.583388144964495,0.28958470362411237,0,0.0,80.0,1,1,1,13,0.9998225569725037,1,13,1,0.09301207214593887,0.14693741500377655,0.26201626658439636,0.4980342984199524,0,1,1,1,0.0,0.1,0.1,0.21351398075948805
850,850,13,0,0.0,0.9758924841880798,0.5689149159399173,21.112940680591272,0.20000000000000018,1.138819815751754,3,0.5442301360958821,WEAK,12.493608717180095,10.772255516138777,0.26930638790346945,0,0.0,80.0,1,1,1,13,0.9758924841880798,1,13,1,0.04567132890224457,0.9287583827972412,0.0020163366571068764,0.023553941398859024,1,1,0,1,0.1,0.34423013609588216,0.0,0.1
851,851,13,1,6.2,0.5920172333717346,0.47640570585148817,17.863146766574467,0.0,0.819427616474706,3,0.4980207106161004,WEAK,14.963888522047949,12.775687971081918,0.319392199277048,0,0.0,80.0,1,1,0,13,0.5920172333717346,1,13,1,0.06871936470270157,0.7614917755126953,0.08187893778085709,0.08790992945432663,0,1,1,1,0.0,0.29802071061610047,0.1,0.1
852,852,13,0,0.0,0.546669065952301,0.5484641302418947,20.382164255284316,3.2,1.731541172532706,3,0.5343588928862799,WEAK,13.245691424322649,11.515457757680002,0.2878864439420001,0,0.0,80.0,1,1,0,11,0.546669065952301,0,13,1,0.058534350246191025,0.8916489481925964,0.02531290426850319,0.024503793567419052,1,1,1,0,0.1,0.33435889288627996,0.1,0.0
853,853,13,0,0.0,0.9996077418327332,0.45755596078025473,18.28386312229911,0.20000000000000018,1.6446954923265507,3,0.48806878777215795,WEAK,3.8214806015599825,3.4738272082462127,0.08684568020615532,0,0.0,80.0,1,1,1,13,0.9996077418327332,1,13,1,0.004899496212601662,0.005153908859938383,0.2623312175273895,0.7276154160499573,0,1,1,1,0.0,0.1,0.1,0.28806878777215794
854,854,13,1,6.2,0.9638440012931824,0.5444736023764852,20.211519014976513,0.0,1.269100569003049,3,0.532411393676016,WEAK,17.713769877230728,15.023796932940057,0.3755949233235014,0,0.0,80.0,1,1,1,13,0.9638440012931824,1,13,1,0.04801836609840393,0.0386604405939579,0.028905127197504044,0.8844160437583923,1,1,0,1,0.1,0.1,0.0,0.332411393676016
855,855,13,0,0.0,0.9775605201721191,0.45955455258229905,18.23650556166116,3.2,0.29423862209255836,3,0.4891335618070776,GOOD,87.38199603555235,86.99447787641962,2.174861946910491,0,0.0,80.0,1,1,1,11,0.9775605201721191,0,13,1,0.09476640075445175,0.1668248325586319,0.007205248344689608,0.731203556060791,1,1,0,1,0.1,0.1,0.0,0.2891335618070776
856,856,14,0,0.0,0.999796450138092,0.369860490723572,16.25033862114327,0.20000000000000018,0.0,3,0.43881139549718406,GOOD,106.19526820069977,104.93482324003817,2.6233705810009544,0,0.0,80.0,1,1,1,14,0.999796450138092,1,14,1,0.5589861869812012,0.349308580160141,0.008270113728940487,0.08343508839607239,1,1,0,1,0.23159733862489842,0.10721405687228569,0.0,0.1
857,857,14,1,6.2,0.9993051290512085,0.3047193092327794,14.871991723113972,0.0,0.0,3,0.3982987230439171,GOOD,67.08731545686513,66.48856113801949,1.6622140284504874,0,0.0,80.0,1,1,1,14,0.9993051290512085,1,14,1,0.3474714457988739,0.022156203165650368,0.21539469063282013,0.4149776101112366,1,0,1,1,0.12709002836802716,0.0,0.1,0.17120869467588992
858,858,14,0,0.0,0.9998241066932678,0.577718393033911,21.535643432612748,3.2,0.0,3,0.5484247219752509,GOOD,97.86562647737253,96.84830612697172,2.421207653174293,0,0.0,80.0,1,1,1,14,0.9998241066932678,1,14,1,0.9447539448738098,0.04038973152637482,0.0020723934285342693,0.012783939950168133,1,1,0,1,0.348424721975251,0.1,0.0,0.1
859,859,14,0,0.0,0.9999637603759766,0.5098121197224389,19.603842617219634,0.20000000000000018,0.0,3,0.5151859426045412,GOOD,44.03037906308435,43.9044456612998,1.0976111415324952,0,0.0,80.0,1,1,1,14,0.9999637603759766,1,14,1,0.8217104077339172,0.005111995153129101,0.004787967074662447,0.16838958859443665,1,1,0,1,0.31518594260454125,0.1,0.0,0.1
860,860,14,1,6.2,0.999901294708252,0.44442739744619175,17.479658440187922,0.0,0.0,3,0.48101579609009526,GOOD,69.87068346069398,68.55132422256816,1.7137831055642039,0,0.0,80.0,1,1,1,14,0.999901294708252,1,14,1,0.7040677666664124,0.10491809993982315,0.1498611718416214,0.04115293547511101,1,1,1,0,0.2810157960900953,0.1,0.1,0.0
861,861,14,0,0.0,0.9999589920043945,0.6011270068552208,22.225973548720212,3.2,0.0,3,0.5594252266034851,GOOD,58.78721306073849,58.66287794349544,1.466571948587386,0,0.0,80.0,1,1,1,14,0.9999589920043945,1,14,1,0.9873452186584473,0.006016355939209461,0.003984407521784306,0.0026540083345025778,1,1,1,0,0.3594252266034852,0.1,0.1,0.0
862,862,14,0,0.0,0.9996469020843506,0.5909303292929853,21.91017092331069,0.20000000000000018,0.0,3,0.5546602802578559,GOOD,105.25845084408455,104.45144947255187,2.611286236813797,0,0.0,80.0,1,1,1,14,0.9996469020843506,1,14,1,0.968782365322113,0.022984692826867104,0.0031409396324306726,0.005092009902000427,1,1,0,1,0.3546602802578559,0.1,0.0,0.1
863,863,14,1,6.2,0.980487048625946,0.606329663949143,22.415561703212347,0.0,0.0,3,0.5618408785574178,GOOD,104.2163980901503,103.98541126111877,2.5996352815279695,0,0.0,80.0,1,1,1,14,0.980487048625946,1,14,1,0.9968225359916687,0.00040866577182896435,0.0021614835131913424,0.0006073390832170844,1,0,1,1,0.36184087855741787,0.0,0.1,0.1
864,864,14,0,0.0,0.9999616146087646,0.6010148822171822,22.256998566366022,3.2,0.0,3,0.559373051043623,GOOD,116.72768506968886,115.78887213845141,2.8947218034612856,0,0.0,80.0,1,1,1,14,0.9999616146087646,1,14,1,0.9871410131454468,0.0010551990708336234,0.00017925571592058986,0.011624469421803951,1,1,0,1,0.35937305104362305,0.1,0.0,0.1
865,865,14,0,0.0,0.9999336004257202,0.2866279284657459,13.499136388041482,0.20000000000000018,0.0,3,0.38629419239049956,GOOD,113.86421522063029,111.85185586726662,2.7962963966816656,0,0.0,80.0,1,1,1,14,0.9999336004257202,1,14,1,0.19722653925418854,0.12104380130767822,0.25687259435653687,0.42485707998275757,1,0,1,1,0.1,0.0,0.1,0.18629419239049952
866,866,14,1,6.2,0.9998225569725037,0.5952073399490991,22.071331824018344,0.0,0.0,3,0.5566639097591208,GOOD,84.18024962752077,83.82376124975875,2.095594031243969,0,0.0,80.0,1,1,1,14,0.9998225569725037,1,14,1,0.9765666723251343,0.0009468042990192771,0.011471586301922798,0.011014886200428009,1,0,1,1,0.3566639097591209,0.0,0.1,0.1
867,867,14,0,0.0,0.7709959745407104,0.5174519071656389,19.740979697158643,3.2,0.0,3,0.519031746782282,GOOD,79.88800307137012,79.83387448332212,1.9958468620830532,0,0.0,80.0,1,1,0,14,0.7709959745407104,1,14,1,0.8355125784873962,0.13916300237178802,0.009416216053068638,0.015908190980553627,1,1,0,1,0.3190317467822821,0.1,0.0,0.1
868,868,14,0,0.0,0.7825878858566284,0.5811928687977085,21.579985008813594,0.20000000000000018,0.0,3,0.5500713997035459,GOOD,116.03970158421649,114.11541407485394,2.8528853518713486,0,0.0,80.0,1,1,0,14,0.7825878858566284,1,14,1,0.9510703086853027,0.01112944632768631,0.006260297726839781,0.031539954245090485,1,1,0,1,0.35007139970354595,0.1,0.0,0.1
869,869,14,1,6.2,0.9997085928916931,0.4750334866301277,18.234776768184414,0.0,0.0,3,0.4973029543025481,GOOD,44.26600679466725,43.43349475433145,1.0858373688582863,0,0.0,80.0,1,1,1,14,0.9997085928916931,1,14,1,0.7590230703353882,0.048938073217868805,0.039464060217142105,0.15257476270198822,1,1,0,1,0.29730295430254816,0.1,0.0,0.1
870,870,14,0,0.0,0.9999557733535767,0.36017278628135235,15.915083811938132,3.2,0.9527934564415113,3,0.433026399786423,WEAK,11.58347575483165,9.88826174233955,0.24720654355848876,0,0.0,80.0,1,1,1,14,0.9999557733535767,1,14,1,0.537948727607727,0.0958833247423172,0.017419707030057907,0.34874826669692993,1,1,0,1,0.22338090169268535,0.1,0.0,0.10964549809373761
871,871,14,0,0.0,0.9997208714485168,0.4075124054543515,16.472525595880796,0.20000000000000018,0.7301240966438536,3,0.4606057375766407,WEAK,9.555776607777656,8.906774391906307,0.22266935979765767,0,0.0,80.0,1,1,1,14,0.9997208714485168,1,14,1,0.638078510761261,0.23163127899169922,0.054910801351070404,0.07537934184074402,1,1,0,1,0.26060573757664074,0.1,0.0,0.1
872,872,14,1,6.2,0.9999113082885742,0.5451864623633221,20.559352240439992,0.0,0.0,3,0.5327598133522231,GOOD,58.618571734095,57.637718021917024,1.4409429505479256,0,0.0,80.0,1,1,1,14,0.9999113082885742,1,14,1,0.8857079148292542,0.011615532450377941,0.005252130329608917,0.09742443263530731,1,1,0,1,0.33275981335222315,0.1,0.0,0.1
873,873,14,0,0.0,0.9999507665634155,0.48001189241193454,18.696203563496077,3.2,0.0,3,0.4999020585103042,GOOD,58.135892153176854,57.49800879744741,1.4374502199361854,0,0.0,80.0,1,1,1,14,0.9999507665634155,1,14,1,0.7679814100265503,0.10156852006912231,0.015081501565873623,0.1153685674071312,1,1,0,1,0.29990205851030427,0.1,0.0,0.1
874,874,14,0,0.0,0.7607741951942444,0.47672711077100016,18.39363828842924,0.20000000000000018,0.0,3,0.4981886759831695,GOOD,53.05653477742297,52.45878262205626,1.3114695655514066,0,0.0,80.0,1,1,0,14,0.7607741951942444,1,14,1,0.7620700597763062,0.14928148686885834,0.0228678397834301,0.06578060239553452,1,1,0,1,0.29818867598316956,0.1,0.0,0.1
875,875,14,1,6.2,0.9981986880302429,0.6067165290773024,22.43244840602196,0.0,0.0,3,0.5620200896340641,GOOD,90.09274286723753,88.44908124372634,2.2112270310931588,0,0.0,80.0,1,1,1,14,0.9981986880302429,1,14,1,0.9975274205207825,0.0017181591829285026,4.1722167225088924e-05,0.0007126250420697033,1,1,0,1,0.3620200896340642,0.1,0.0,0.1
876,876,14,0,0.0,0.9999562501907349,0.5084037984394085,19.328703559477972,3.2,0.0,3,0.5144738674481653,GOOD,113.07469278504512,111.03371726888648,2.775842931722162,0,0.0,80.0,1,1,1,14,0.9999562501907349,1,14,1,0.8191673159599304,0.02195673994719982,0.04578741267323494,0.11308857053518295,1,0,1,1,0.3144738674481653,0.0,0.1,0.1
877,877,14,0,0.0,0.999413251876831,0.3185140994111066,14.405708790962418,0.20000000000000018,0.0,3,0.4072145219849156,GOOD,90.50287338448682,89.38037229607848,2.234509307401962,0,0.0,80.0,1,1,1,14,0.999413251876831,1,14,1,0.29084062576293945,0.08746323734521866,0.48059266805648804,0.14110349118709564,1,0,1,1,0.1,0.0,0.20721452198491555,0.1
878,878,14,1,6.2,0.9997305274009705,0.5591562470309143,20.851808032183143,0.0,0.0,3,0.5395423225872322,GOOD,95.23964409742504,95.20824891905063,2.3802062229762657,0,0.0,80.0,1,1,1,14,0.9997305274009705,1,14,1,0.9110419154167175,0.012652578763663769,0.02129399962723255,0.055011507123708725,1,0,1,1,0.33954232258723227,0.0,0.1,0.1
879,879,14,0,0.0,0.999445378780365,0.3557970369624515,15.611750683545225,3.2,0.9389053658822195,3,0.4303879366470116,WEAK,12.540867706380435,10.443785364711218,0.26109463411778044,0,0.0,80.0,1,1,1,14,0.999445378780365,1,14,1,0.10100923478603363,0.3082883656024933,0.044446177780628204,0.5462562441825867,1,1,0,1,0.1,0.1,0.0,0.2303879366470116
880,880,14,0,0.0,0.9998880624771118,0.5679217863106745,21.058573047136946,0.20000000000000018,0.8903551189315579,3,0.5437549093597877,WEAK,2.2231498504843272,1.9420098780264614,0.04855024695066154,0,0.0,80.0,1,1,1,14,0.9998880624771118,1,14,1,0.9269546866416931,0.01588793471455574,0.03812312334775925,0.019034214317798615,1,0,1,1,0.3437549093597877,0.0,0.1,0.1
881,881,14,1,6.2,0.999954104423523,0.44370509916701234,17.254067750998964,0.0,0.6686106342611025,3,0.4806247556579414,WEAK,9.865807189606132,8.869779386818221,0.22174448467045554,0,0.0,80.0,1,1,1,14,0.999954104423523,1,14,1,0.70277339220047,0.07863804697990417,0.16236528754234314,0.056223269551992416,1,1,1,0,0.2806247556579414,0.1,0.1,0.0
882,882,14,0,0.0,0.9915870428085327,0.36377274278229715,15.858687929867635,3.2,1.6117631704509225,3,0.43518508630358,WEAK,11.49580774094929,10.273898552407198,0.25684746381018,0,0.0,80.0,1,1,1,14,0.9915870428085327,1,14,1,0.036847133189439774,0.1164269968867302,0.5603647828102112,0.28636112809181213,0,1,1,1,0.0,0.1,0.23518508630357995,0.1
883,883,14,0,0.0,0.999911904335022,0.5264579487794966,20.041932901868567,0.20000000000000018,1.6117631704509225,3,0.5235290318785065,DOWN,0.0,0.0,0.0,1,0.0,80.0,1,1,1,14,0.999911904335022,1,14,1,0.8517969846725464,0.10383930802345276,0.005321729462593794,0.039041947573423386,1,1,0,1,0.32352903187850657,0.1,0.0,0.1
884,884,14,1,6.2,0.9996757507324219,0.5677652982712985,21.22801779879677,0.0,0.0,3,0.5436799897105187,GOOD,65.57324541016696,65.18772656815047,1.6296931642037618,0,0.0,80.0,1,1,1,14,0.9996757507324219,1,14,1,0.926670491695404,0.04638150334358215,0.003374784253537655,0.023573188111186028,1,1,0,1,0.3436799897105187,0.1,0.0,0.1
885,885,14,0,0.0,0.9999841451644897,0.5957655685329206,22.065231327947167,3.2,0.0,3,0.5569248884629631,GOOD,79.94242055793183,78.9131771375897,1.9728294284397425,0,0.0,80.0,1,1,1,14,0.9999841451644897,1,14,1,0.9775828719139099,0.002580250147730112,0.009845276363193989,0.009991603903472424,1,0,1,1,0.3569248884629631,0.0,0.1,0.1
886,886,14,0,0.0,0.9999814033508301,0.4367936232945824,17.6289757067865,0.20000000000000018,0.0,3,0.47686678223161016,WEAK,7.133979538889613,6.035947831916694,0.15089869579791737,0,0.0,80.0,1,1,1,14,0.9999814033508301,1,14,1,0.6903941035270691,0.017758412286639214,0.0226802509278059,0.2691672146320343,1,0,1,1,0.2768667822316102,0.0,0.1,0.1
887,887,14,1,6.2,0.44059139490127563,0.42877997951695634,17.395659535454183,0.0,0.0,3,0.4724721087458729,GOOD,60.99107781868996,60.42542249836392,1.5106355624590981,0,0.0,80.0,1,1,0,36,0.44059139490127563,0,14,1,0.23769797384738922,0.06462737172842026,0.6760550737380981,0.021619582548737526,1,1,1,0,0.1,0.1,0.2724721087458729,0.0
888,888,14,0,0.0,0.9395714998245239,0.38040717386131817,15.398590876107301,3.2,0.0,3,0.44502383883222046,GOOD,89.41355684429112,88.20055356144287,2.205013839036072,0,0.0,80.0,1,1,1,14,0.9395714998245239,1,14,1,0.0674770250916481,0.3921303451061249,0.0007482375367544591,0.5396443605422974,1,1,0,1,0.1,0.1293691647957062,0.0,0.21565467403651425
889,889,14,0,0.0,0.9998375177383423,0.5574659813330193,20.70262261552143,0.20000000000000018,0.0,3,0.5387262178542356,GOOD,81.32596038744097,80.3436327894358,2.008590819735895,0,0.0,80.0,1,1,1,14,0.9998375177383423,1,14,1,0.907974898815155,0.03972027823328972,0.032441891729831696,0.019862892106175423,1,1,1,0,0.3387262178542356,0.1,0.1,0.0
890,890,14,1,6.2,0.9953163862228394,0.3546112217159637,15.27256857758987,0.0,0.0,3,0.42967013060593917,GOOD,43.300242600525,43.21368380845682,1.0803420952114207,0,0.0,80.0,1,1,1,14,0.9953163862228394,1,14,1,0.0676124170422554,0.5441603660583496,0.26547107100486755,0.12275611609220505,0,1,1,1,0.0,0.2296701306059392,0.1,0.1
891,891,14,0,0.0,0.8858122229576111,0.418748852698978,15.621844469009162,3.2,0.0,3,0.4669127587807536,GOOD,119.6444239668621,119.60660857793204,2.990165214448301,0,0.0,80.0,1,1,1,14,0.8858122229576111,1,14,1,0.2827119827270508,0.04936464875936508,0.009794879704713821,0.6581284999847412,1,1,0,1,0.1,0.1,0.0,0.2669127587807536
892,892,14,0,0.0,0.999961256980896,0.47120054567862546,18.096865209313503,0.20000000000000018,0.0,3,0.49529257656539105,GOOD,100.08070023060463,98.4258161561913,2.460645403904783,0,0.0,80.0,1,1,1,14,0.999961256980896,1,14,1,0.7521294951438904,0.04260033741593361,0.04530923813581467,0.15996100008487701,1,0,1,1,0.2952925765653911,0.0,0.1,0.1
893,893,14,1,6.2,0.999771773815155,0.6080348420736634,22.473206504232266,0.0,0.0,3,0.5626303551457904,GOOD,89.59327841472842,88.34484097471903,2.208621024367976,0,0.0,80.0,1,1,1,14,0.999771773815155,1,14,1,0.9999296069145203,3.403114533284679e-05,3.0619270546594635e-05,5.752510787715437e-06,1,1,1,0,0.36263035514579045,0.1,0.1,0.0
894,894,14,0,0.0,0.9178861379623413,0.357404519533852,15.852250813640264,3.2,0.0,3,0.43135908222321895,GOOD,49.78316297622549,48.86099739176889,1.2215249347942223,0,0.0,80.0,1,1,1,14,0.9178861379623413,1,14,1,0.5490981340408325,0.2836677134037018,0.029306713491678238,0.13792744278907776,1,1,0,1,0.23135908222321896,0.1,0.0,0.1
895,895,14,0,0.0,0.9999024868011475,0.4165740682193011,16.766401956851126,0.20000000000000018,0.0,3,0.46569871786842243,GOOD,106.89598007662202,106.73191521445008,2.6682978803612523,0,0.0,80.0,1,1,1,14,0.9999024868011475,1,14,1,0.6542453169822693,0.11520563066005707,0.047646746039390564,0.18290233612060547,1,1,0,1,0.2656987178684225,0.1,0.0,0.1
896,896,14,1,6.2,0.8765157461166382,0.3593696107506277,15.933222076741128,0.0,0.0,3,0.43254331176279026,GOOD,40.31153171049061,39.95255211440012,0.9988138028600031,0,0.0,80.0,1,1,1,14,0.8765157461166382,1,14,1,0.17602579295635223,0.026075249537825584,0.5525733828544617,0.24532566964626312,1,0,1,1,0.1,0.0,0.23254331176279028,0.1
897,897,14,0,0.0,0.9998297691345215,0.6005823450950734,22.21700538756359,3.2,0.0,3,0.5591717306071735,GOOD,53.279432918962186,52.79875635970307,1.3199689089925768,0,0.0,80.0,1,1,1,14,0.9998297691345215,1,14,1,0.9863532781600952,0.0023907688446342945,0.0020148535259068012,0.009241108782589436,1,1,0,1,0.35917173060717356,0.1,0.0,0.1
898,898,14,0,0.0,0.6799117922782898,0.3752086527352946,16.1714661692174,0.20000000000000018,0.0,3,0.4419726029109884,GOOD,101.41288261589932,99.60138423809568,2.490034605952392,0,0.0,80.0,1,1,0,14,0.6799117922782898,1,14,1,0.5806291103363037,0.1034439206123352,0.030016912147402763,0.2859099805355072,1,1,0,1,0.2419726029109884,0.1,0.0,0.1
899,899,14,1,6.2,0.9962155222892761,0.5720430582743876,21.35225864345447,0.0,0.0,3,0.5457242923551682,GOOD,49.95283109812191,49.65771896860029,1.2414429742150075,0,0.0,80.0,1,1,1,14,0.9962155222892761,1,14,1,0.9344406723976135,0.0033705246169120073,0.020770855247974396,0.041417960077524185,1,0,1,1,0.3457242923551682,0.0,0.1,0.1
900,900,14,0,0.0,0.9997923970222473,0.5928407776718954,21.982817696022877,3.2,0.032112216637463886,3,0.5555561513221823,GOOD,47.098759440631135,46.71551133450144,1.167887783362536,0,0.0,80.0,1,1,1,14,0.9997923970222473,1,14,1,0.9722591042518616,0.017431342974305153,0.0021999552845954895,0.008109703660011292,1,1,0,1,0.3555561513221823,0.1,0.0,0.1
901,901,14,0,0.0,0.9993298053741455,0.5200143603568831,19.88490577370409,0.20000000000000018,0.0,3,0.5203152980152016,WEAK,19.11196714645074,16.977533547587015,0.4244383386896754,0,0.0,80.0,1,1,1,14,0.9993298053741455,1,14,1,0.8401443958282471,0.1509515345096588,0.004048421047627926,0.004855717997997999,1,1,0,1,0.32031529801520164,0.1,0.0,0.1
902,902,14,1,6.2,0.9997977614402771,0.5964228104186802,22.104390655354788,0.0,0.0,3,0.5572320004275036,WEAK,10.221420770371981,8.555134150735837,0.21387835376839592,0,0.0,80.0,1,1,1,14,0.9997977614402771,1,14,1,0.9787793755531311,0.004331456031650305,0.0011997196124866605,0.015689395368099213,1,1,0,1,0.3572320004275037,0.1,0.0,0.1
903,903,14,0,0.0,0.9999810457229614,0.49672278924931806,18.61539366200992,3.2,0.0,3,0.5085292864912945,GOOD,51.53257191370868,50.8995470334502,1.272488675836255,0,0.0,80.0,1,1,1,14,0.9999810457229614,1,14,1,0.7980889678001404,0.07208279520273209,0.051469169557094574,0.07835906744003296,1,1,0,1,0.3085292864912945,0.1,0.0,0.1
904,904,14,0,0.0,0.9979954957962036,0.29893946281461237,14.28742518312199,0.20000000000000018,0.0,3,0.39450321910831654,GOOD,93.2841839415319,92.62891305813623,2.3157228264534058,0,0.0,80.0,1,1,1,14,0.9979954957962036,1,14,1,0.3246370255947113,0.1849953532218933,0.0655732974410057,0.4247942566871643,1,1,0,1,0.11420783732103901,0.1,0.0,0.18029538178727753
905,905,14,1,6.2,0.9992603659629822,0.6047552869197237,22.36358536173389,0.0,0.0,3,0.5611109750320316,GOOD,105.54075084479892,104.50046141551977,2.6125115353879944,0,0.0,80.0,1,1,1,14,0.9992603659629822,1,14,1,0.9939541816711426,0.004574994556605816,0.0006979304598644376,0.0007728500640951097,1,1,0,1,0.3611109750320316,0.1,0.0,0.1
906,906,14,0,0.0,0.9999828338623047,0.5558533557025424,20.704925790640267,3.2,0.0,3,0.5379464456964018,GOOD,61.69103089880723,61.081202995540465,1.5270300748885117,0,0.0,80.0,1,1,1,14,0.9999828338623047,1,14,1,0.905049204826355,0.04963088780641556,0.028872888535261154,0.016446977853775024,1,1,1,0,0.33794644569640186,0.1,0.1,0.0
907,907,14,0,0.0,0.9988768696784973,0.21813173984044604,11.784172706442906,0.20000000000000018,0.0,3,0.33699104330165564,GOOD,108.8708934816795,107.07873134544671,2.676968283636168,0,0.0,80.0,1,1,1,14,0.9988768696784973,1,14,1,0.2828526496887207,0.19594807922840118,0.2383299320936203,0.2828693091869354,1,0,1,1,0.11848908734914346,0.0,0.1,0.11850195595251214
908,908,14,1,6.2,0.9986321330070496,0.604086419491334,22.343744425031844,0.0,0.0,3,0.5608005910679634,GOOD,110.19815849794075,108.08324367833148,2.7020810919582874,0,0.0,80.0,1,1,1,14,0.9986321330070496,1,14,1,0.9927356839179993,0.000661347177810967,0.0018248683772981167,0.0047780899330973625,1,0,1,1,0.36080059106796347,0.0,0.1,0.1
909,909,14,0,0.0,0.9995872378349304,0.5780098444095491,21.51582544221757,3.2,0.0,3,0.5485630410832065,GOOD,114.54594326362523,113.23734018746443,2.8309335046866106,0,0.0,80.0,1,1,1,14,0.9995872378349304,1,14,1,0.9452837109565735,0.019204704090952873,0.004075449891388416,0.03143613412976265,1,1,0,1,0.34856304108320657,0.1,0.0,0.1
910,910,14,0,0.0,0.9999672174453735,0.4784036734765881,18.58346123243187,0.20000000000000018,0.0,3,0.49906392670127964,GOOD,84.82991167742983,84.24865312432739,2.106216328108185,0,0.0,80.0,1,1,1,14,0.9999672174453735,1,14,1,0.7650869488716125,0.05911828204989433,0.020318791270256042,0.15547601878643036,1,1,0,1,0.2990639267012797,0.1,0.0,0.1
911,911,14,1,6.2,0.999150276184082,0.34642246182296954,14.975352564604167,0.0,0.0,3,0.424680136524515,GOOD,59.3051470382023,59.20737895750593,1.4801844739376484,0,0.0,80.0,1,1,1,14,0.999150276184082,1,14,1,0.5296998023986816,0.17958979308605194,0.07878395169973373,0.2119264155626297,1,1,0,1,0.22468013652451493,0.1,0.0,0.1
912,912,14,0,0.0,0.9998776912689209,0.29886022585487776,13.938970329300023,3.2,0.0,3,0.3944509320882911,GOOD,111.02093405711099,109.62173285257559,2.74054332131439,0,0.0,80.0,1,1,1,14,0.9998776912689209,1,14,1,0.44618818163871765,0.2922073006629944,0.10081662237644196,0.16078785061836243,1,1,0,1,0.1944509320882911,0.1,0.0,0.1
913,913,14,0,0.0,0.8197208642959595,0.5604813804821522,20.861948894524577,0.20000000000000018,0.0,3,0.5401812696519134,GOOD,74.28743346007332,73.59744936179756,1.839936234044939,0,0.0,80.0,1,1,1,14,0.8197208642959595,1,14,1,0.9134467244148254,0.055480506271123886,0.020576035603880882,0.0104967737570405,1,1,1,0,0.3401812696519134,0.1,0.1,0.0
914,914,14,1,6.2,0.9995002746582031,0.3628147575381562,16.12343894544584,0.0,0.0,3,0.4346116847285405,GOOD,105.83487017544778,105.41495347216934,2.635373836804234,0,0.0,80.0,1,1,1,14,0.9995002746582031,1,14,1,0.5586690902709961,0.09589990228414536,0.01685274764895439,0.32857832312583923,1,1,0,1,0.23461168472854046,0.1,0.0,0.1
915,915,14,0,0.0,0.9999284744262695,0.5508355450873547,20.537154298320786,3.2,0.0,3,0.5355128606202748,GOOD,100.79880091969221,99.63987871724726,2.4909969679311814,0,0.0,80.0,1,1,1,14,0.9999284744262695,1,14,1,0.06258787214756012,0.023230131715536118,0.018233537673950195,0.8959484696388245,1,1,0,1,0.1,0.1,0.0,0.33551286062027474
916,916,14,0,0.0,0.9999104738235474,0.44531900067554053,17.238481024176814,0.20000000000000018,0.0,3,0.4814980574835622,GOOD,63.284028196052006,62.168182414306834,1.5542045603576709,0,0.0,80.0,1,1,1,14,0.9999104738235474,1,14,1,0.7056657075881958,0.15697534382343292,0.07733136415481567,0.06002749875187874,1,1,1,0,0.28149805748356227,0.1,0.1,0.0
917,917,14,1,6.2,0.998594343662262,0.3643417520312897,15.905850652618252,0.0,0.0,3,0.4355253091307375,GOOD,103.89998622094086,102.51898976768877,2.5629747441922195,0,0.0,80.0,1,1,1,14,0.998594343662262,1,14,1,0.3203202784061432,0.08374698460102081,0.5613721013069153,0.034560658037662506,1,1,1,0,0.1,0.1,0.23552530913073746,0.0
918,918,14,0,0.0,0.9998204112052917,0.36232093479006994,15.942387717226678,3.2,0.0,3,0.4343158116812921,GOOD,119.44790901741088,118.4441575290158,2.961103938225395,0,0.0,80.0,1,1,1,14,0.9998204112052917,1,14,1,0.2894476056098938,0.02924010343849659,0.123517245054245,0.5577951073646545,1,0,1,1,0.1,0.0,0.1,0.23431581168129204
919,919,14,0,0.0,0.9998120665550232,0.43020140833899917,17.524172137630867,0.20000000000000018,0.0,3,0.47325459608220566,GOOD,99.56638076144269,98.66456789434709,2.4666141973586773,0,0.0,80.0,1,1,1,14,0.9998120665550232,1,14,1,0.6785973310470581,0.014613000676035881,0.022789372131228447,0.28400030732154846,1,0,1,1,0.2732545960822057,0.0,0.1,0.1
920,920,14,1,6.2,0.9999270439147949,0.5993197963757267,22.171424405058566,0.0,0.0,3,0.5585836738830815,WEAK,9.099666732306705,7.872850687702538,0.19682126719256346,0,0.0,80.0,1,1,1,14,0.9999270439147949,1,14,1,0.9840540885925293,0.007314644753932953,0.0026678305584937334,0.005963370203971863,1,1,0,1,0.35858367388308154,0.1,0.0,0.1
921,921,14,0,0.0,0.9999016523361206,0.3444121321454648,14.579456071468236,3.2,0.0,3,0.4234461096045221,GOOD,58.0620155253013,57.08576524318945,1.4271441310797364,0,0.0,80.0,1,1,1,14,0.9999016523361206,1,14,1,0.5261532068252563,0.10982783138751984,0.2591556906700134,0.10486328601837158,1,1,1,0,0.22344610960452208,0.1,0.1,0.0
922,922,14,0,0.0,0.999982476234436,0.40804795491540385,16.533822640629428,0.20000000000000018,0.0,3,0.46090830034424435,GOOD,71.52672715322066,71.17484280976082,1.7793710702440206,0,0.0,80.0,1,1,1,14,0.999982476234436,1,14,1,0.6390333771705627,0.16844883561134338,0.05138486996293068,0.14113299548625946,1,1,0,1,0.2609083003442444,0.1,0.0,0.1
923,923,14,1,6.2,0.9998438358306885,0.49963223252023437,19.271826625056597,0.0,0.0,3,0.5100164106473941,GOOD,104.4653569080498,102.59508412695953,2.5648771031739885,0,0.0,80.0,1,1,1,14,0.9998438358306885,1,14,1,0.8033365607261658,0.009554608725011349,0.01954580657184124,0.1675630658864975,1,0,1,1,0.31001641064739416,0.0,0.1,0.1
924,924,14,0,0.0,0.9999382495880127,0.5531611473608689,20.80520600390365,3.2,0.0,3,0.5366421252529823,GOOD,85.98565849920924,85.18208233446192,2.1295520583615484,0,0.0,80.0,1,1,1,14,0.9999382495880127,1,14,1,0.900165855884552,0.007665753364562988,0.0036610448732972145,0.08850739151239395,1,1,0,1,0.3366421252529823,0.1,0.0,0.1
925,925,14,0,0.0,0.9999668598175049,0.31215711138238994,14.884504313359837,0.20000000000000018,0.0,3,0.40313039407934176,GOOD,75.78205495266153,75.17785247825138,1.8794463119562845,0,0.0,80.0,1,1,1,14,0.9999668598175049,1,14,1,0.19640958309173584,0.3654693067073822,0.024409616366028786,0.4137114882469177,1,1,0,1,0.1,0.13598979530594535,0.0,0.1671405987733964
926,926,14,1,6.2,0.9583051204681396,0.5995014590402792,22.176689618957624,0.0,0.0,3,0.5586683249414988,GOOD,86.55993030051313,85.69262886394037,2.1423157215985094,0,0.0,80.0,1,1,1,14,0.9583051204681396,1,14,1,0.9843848943710327,0.002684143139049411,0.0057913013733923435,0.007139632944017649,1,0,1,1,0.3586683249414988,0.0,0.1,0.1
927,927,14,0,0.0,0.8393686413764954,0.5565417364380004,20.745635869995223,3.2,0.0,3,0.5382794448467094,GOOD,105.42682479664646,103.85459879400236,2.5963649698500593,0,0.0,80.0,1,1,1,14,0.8393686413764954,1,14,1,0.906298041343689,0.012926408089697361,0.011239556595683098,0.069535993039608,1,1,0,1,0.33827944484670947,0.1,0.0,0.1
928,928,14,0,0.0,0.9993144273757935,0.5089914661561333,19.25409967605972,0.20000000000000018,0.0,3,0.5147711236500413,GOOD,104.04616940122564,102.2697877588914,2.556744693972285,0,0.0,80.0,1,1,1,14,0.9993144273757935,1,14,1,0.8202284574508667,0.10156228393316269,0.028369685634970665,0.04983958601951599,1,1,0,1,0.31477112365004134,0.1,0.0,0.1
929,929,14,1,6.2,0.999942421913147,0.5672597823395767,21.08560047685973,0.0,0.0,3,0.5434379001524877,GOOD,86.61459693846069,86.1203532719146,2.153008831797865,0,0.0,80.0,1,1,1,14,0.999942421913147,1,14,1,0.9257524609565735,0.04255657270550728,0.01259315200150013,0.019097844138741493,1,1,0,1,0.34343790015248776,0.1,0.0,0.1
930,930,14,0,0.0,0.5060611367225647,0.2859458720223147,13.35871415297543,3.2,0.0,3,0.38583430808800323,GOOD,59.10282634869466,58.30918943071266,1.4577297357678165,0,0.0,80.0,1,1,0,14,0.5060611367225647,1,14,1,0.13035811483860016,0.25344473123550415,0.42366963624954224,0.19252748787403107,0,1,1,1,0.0,0.1,0.18583430808800325,0.1
931,931,14,0,0.0,0.9977018237113953,0.3056228198830091,14.600320424741572,0.20000000000000018,0.0,3,0.3988887755369659,GOOD,80.89150107439545,79.35675233882216,1.9839188084705541,0,0.0,80.0,1,1,1,14,0.9977018237113953,1,14,1,0.4580085277557373,0.27051588892936707,0.05986226350069046,0.21161329746246338,1,1,0,1,0.1988887755369659,0.1,0.0,0.1
932,932,14,1,6.2,0.9884393215179443,0.47216793472832824,18.61622921035488,0.0,0.0,3,0.4958007412406199,GOOD,110.05907887705662,107.88663464685655,2.6971658661714137,0,0.0,80.0,1,1,1,14,0.9884393215179443,1,14,1,0.7538690567016602,0.08676286786794662,0.00685839494690299,0.15250959992408752,1,1,0,1,0.29580074124061995,0.1,0.0,0.1
933,933,14,0,0.0,0.9990031123161316,0.5213118675861782,19.89008696054234,3.2,0.0,3,0.5209640226580824,GOOD,53.26928237786743,52.39603027487225,1.3099007568718064,0,0.0,80.0,1,1,1,14,0.9990031123161316,1,14,1,0.8424901962280273,0.13719229400157928,0.014127572067081928,0.006190014071762562,1,1,1,0,0.32096402265808244,0.1,0.1,0.0
934,934,14,0,0.0,0.9999854564666748,0.3369815153113729,14.741640617259746,0.20000000000000018,0.0,3,0.41885332358741445,GOOD,71.46415069594462,70.2196262758091,1.7554906568952278,0,0.0,80.0,1,1,1,14,0.9999854564666748,1,14,1,0.2845131754875183,0.08420974016189575,0.11822071671485901,0.5130563378334045,1,0,1,1,0.1,0.0,0.1,0.2188533235874144
935,935,14,1,6.2,0.9997089505195618,0.5509081250718452,20.53801855850173,0.0,0.0,3,0.5355481399656437,GOOD,82.61923418703024,81.97833361260975,2.0494583403152435,0,0.0,80.0,1,1,1,14,0.9997089505195618,1,14,1,0.062292296439409256,0.02323836460709572,0.018389234319329262,0.8960800766944885,1,1,0,1,0.1,0.1,0.0,0.3355481399656437
936,936,14,0,0.0,0.9999821186065674,0.4626158727198482,18.22302597415558,3.2,0.0,3,0.49076003788555056,GOOD,96.76467231585767,95.85817057058536,2.396454264264634,0,0.0,80.0,1,1,1,14,0.9999821186065674,1,14,1,0.7367013692855835,0.04991215094923973,0.0184326134622097,0.19495390355587006,1,1,0,1,0.2907600378855506,0.1,0.0,0.1
937,937,14,0,0.0,0.8311417102813721,0.3203125090021604,15.020613567191056,0.20000000000000018,0.0,3,0.4083625208807735,GOOD,58.39584142549059,58.196838314509044,1.4549209578627262,0,0.0,80.0,1,1,1,15,0.8311417102813721,0,14,1,0.4276160001754761,0.36988556385040283,0.021644460037350655,0.1808539479970932,1,1,0,1,0.17258121817439373,0.1357813027063798,0.0,0.1
938,938,14,1,6.2,0.9668983221054077,0.46369100107437117,17.857823282113372,0.0,0.0,3,0.4913299749144808,GOOD,117.75954741614163,117.17721097277621,2.9294302743194054,0,0.0,80.0,1,1,1,14,0.9668983221054077,1,14,1,0.06970056146383286,0.7386326789855957,0.14498084783554077,0.046685900539159775,1,1,1,0,0.1,0.29132997491448087,0.1,0.0
939,939,14,0,0.0,0.9995607733726501,0.4856483228144903,18.958833030924815,3.2,0.0,3,0.5028284859306109,GOOD,51.159907836975194,50.27938079346202,1.2569845198365506,0,0.0,80.0,1,1,1,14,0.9995607733726501,1,14,1,0.15044128894805908,0.005047913640737534,0.06638075411319733,0.778130054473877,1,0,1,1,0.1,0.0,0.1,0.30282848593061096
940,940,14,0,0.0,0.9996746778488159,0.3274873886895878,14.89654608222173,0.20000000000000018,0.0,3,0.41291077554833244,GOOD,80.25428213799103,78.66384694974384,1.9665961737435962,0,0.0,80.0,1,1,1,14,0.9996746778488159,1,14,1,0.4963509738445282,0.14372678101062775,0.06197035685181618,0.29795193672180176,1,1,0,1,0.2129107755483324,0.1,0.0,0.1
941,941,14,1,6.2,0.9993213415145874,0.44058658328201067,17.85206923887827,0.0,0.0,3,0.47893277733645545,GOOD,84.51888724086353,83.65292524416135,2.091323131104034,0,0.0,80.0,1,1,1,14,0.9993213415145874,1,14,1,0.6971863508224487,0.03577461466193199,0.00791768915951252,0.2591213583946228,1,1,0,1,0.2789327773364555,0.1,0.0,0.1
942,942,15,0,0.0,0.9981064796447754,0.5074894622403047,19.340649265017273,3.2,0.0,3,0.5140110328171157,GOOD,68.42252316422216,67.860991341532,1.6965247835383002,0,0.0,80.0,1,1,1,15,0.9981064796447754,1,15,1,0.018165381625294685,0.040955979377031326,0.1233622282743454,0.8175164461135864,0,1,1,1,0.0,0.1,0.1,0.3140110328171156
943,943,15,0,0.0,0.9962105751037598,0.37082385009040886,15.198811512671885,0.20000000000000018,0.0,3,0.4393825002354146,GOOD,99.26521853086294,97.7073325037894,2.442683312594735,0,0.0,80.0,1,1,1,15,0.9962105751037598,1,15,1,0.0927225798368454,0.15734654664993286,0.1770763397216797,0.5728545188903809,0,1,1,1,0.0,0.1,0.1,0.2393825002354146
944,944,15,1,6.2,0.9995274543762207,0.4083300873644771,17.11315681082973,0.0,0.0,3,0.4610676133811104,GOOD,71.47656591906573,70.20013026385566,1.7550032565963916,0,0.0,80.0,1,1,1,15,0.9995274543762207,1,15,1,0.3216215670108795,0.010047041811048985,0.02879500389099121,0.639536440372467,1,0,1,1,0.1,0.0,0.1,0.2610676133811104
945,945,15,0,0.0,0.9980058073997498,0.34705142486523566,15.511137034495892,3.2,0.0,3,0.42506548535426925,GOOD,63.90072564981058,63.191373554186846,1.5797843388546713,0,0.0,80.0,1,1,1,15,0.9980058073997498,1,15,1,0.3612414002418518,0.4961546063423157,0.014344258233904839,0.12825971841812134,1,1,0,1,0.12122262022621633,0.2038428651280529,0.0,0.1
946,946,15,0,0.0,0.9994458556175232,0.3176957668185604,14.84019117681685,0.20000000000000018,0.0,3,0.4066910738374099,GOOD,61.76361513421355,61.19534357091608,1.5298835892729021,0,0.0,80.0,1,1,1,15,0.9994458556175232,1,15,1,0.17074082791805267,0.03763324022293091,0.4669397473335266,0.3246862292289734,1,0,1,1,0.1,0.0,0.19887119548699397,0.1078198783504159
947,947,15,1,6.2,0.9975946545600891,0.6003038846853269,22.198142491658235,0.0,0.0,3,0.5590420854027178,GOOD,82.37001927675871,81.20580814353117,2.030145203588279,0,0.0,80.0,1,1,1,15,0.9975946545600891,1,15,1,0.006336902268230915,0.004929606802761555,0.9858461618423462,0.00288726226426661,1,1,1,0,0.1,0.1,0.35904208540271787,0.0
948,948,15,0,0.0,0.9998369216918945,0.5622802006443057,21.092100336833607,3.2,0.03381440340769504,3,0.5410474095469842,GOOD,47.44874646868247,46.6474238636922,1.166185596592305,0,0.0,80.0,1,1,1,15,0.9998369216918945,1,15,1,0.001002314267680049,0.004922723397612572,0.07736332714557648,0.9167116284370422,0,1,1,1,0.0,0.1,0.1,0.3410474095469841
949,949,15,0,0.0,0.9998131394386292,0.35850920968436295,15.903156387986549,0.20000000000000018,0.0,3,0.43202520486262197,GOOD,101.18496004889029,100.45528472231273,2.5113821180578184,0,0.0,80.0,1,1,1,15,0.9998131394386292,1,15,1,0.026698969304561615,0.5510516166687012,0.16414529085159302,0.2581041753292084,0,1,1,1,0.0,0.232025204862622,0.1,0.1
950,950,15,1,6.2,0.9993426203727722,0.4952199846479482,19.087370466051283,0.0,0.0,3,0.507759441549938,GOOD,56.50183227242766,56.29089725493531,1.4072724313733829,0,0.0,80.0,1,1,1,15,0.9993426203727722,1,15,1,0.1379043012857437,0.05206609517335892,0.014650539495050907,0.795379102230072,1,1,0,1,0.1,0.1,0.0,0.30775944154993806
951,951,15,0,0.0,0.9984490871429443,0.44240172275941436,17.54752224443248,3.2,0.13893073323739102,3,0.4799183228480405,GOOD,42.63488117586884,42.44277067050436,1.061069266762609,0,0.0,80.0,1,1,1,15,0.9984490871429443,1,15,1,0.7004380226135254,0.17369642853736877,0.026762358844280243,0.09910315275192261,1,1,0,1,0.2799183228480405,0.1,0.0,0.1
952,952,15,0,0.0,0.9992252588272095,0.43989563522107605,17.326834131695744,0.20000000000000018,0.0,3,0.4785570878258399,GOOD,106.99067826443404,106.81781264680312,2.670445316170078,0,0.0,80.0,1,1,1,15,0.9992252588272095,1,15,1,0.042495664209127426,0.18439777195453644,0.07715781778097153,0.6959487795829773,0,1,1,1,0.0,0.1,0.1,0.2785570878258399
953,953,15,1,6.2,0.9812994599342346,0.37029214807095917,16.23065310671475,0.0,0.0,3,0.4390673851661716,GOOD,103.80137632425432,101.99588778701487,2.549897194675372,0,0.0,80.0,1,1,1,15,0.9812994599342346,1,15,1,0.5719121694564819,0.09693258255720139,0.31207671761512756,0.01907852478325367,1,1,1,0,0.23906738516617163,0.1,0.1,0.0
954,954,15,0,0.0,0.9990766048431396,0.5250502943819194,19.893871715530945,3.2,0.0,3,0.5228286518936194,GOOD,93.93224538351717,92.94578165464169,2.3236445413660425,0,0.0,80.0,1,1,1,15,0.9990766048431396,1,15,1,0.03744745999574661,0.1011461615562439,0.012155579403042793,0.8492507338523865,1,1,0,1,0.1,0.1,0.0,0.3228286518936193
955,955,15,0,0.0,0.7627946734428406,0.28914077278224937,14.339059913592791,0.20000000000000018,0.0,3,0.38798380257575965,GOOD,113.52877316532842,113.30053037538917,2.8325132593847293,0,0.0,80.0,1,1,0,15,0.7627946734428406,1,15,1,0.23814792931079865,0.36124294996261597,0.3660864531993866,0.03452274203300476,1,1,1,0,0.1,0.1423670865086395,0.14561671606712015,0.0
956,956,15,1,6.2,0.995238184928894,0.34222187667452325,15.094663590368999,0.0,0.0,3,0.42209752996116245,GOOD,45.79639788766975,44.9310244160562,1.123275610401405,0,0.0,80.0,1,1,1,15,0.995238184928894,1,15,1,0.28350844979286194,0.06504107266664505,0.12915974855422974,0.5222907662391663,1,0,1,1,0.1,0.0,0.1,0.22209752996116247
957,957,15,0,0.0,0.9880207180976868,0.32675036798401147,14.42875146140575,3.2,0.0,3,0.41244587946810474,GOOD,94.02755765409508,92.44578834691116,2.311144708672779,0,0.0,80.0,1,1,1,15,0.9880207180976868,1,15,1,0.08071877807378769,0.10733526945114136,0.47056347131729126,0.3413824737071991,0,1,1,1,0.0,0.1,0.19698813496442827,0.11545774450367646
958,958,15,0,0.0,0.9991306662559509,0.5483770997191953,20.3612512976106,0.20000000000000018,0.0,3,0.5343164950554844,DOWN,0.0,0.0,0.0,1,0.0,80.0,1,1,1,15,0.9991306662559509,1,15,1,0.025666991248726845,0.02787567675113678,0.054966118186712265,0.891491174697876,0,1,1,1,0.0,0.1,0.1,0.33431649505548433
959,959,15,1,6.2,0.9794661998748779,0.529877815918925,20.05812148364141,0.0,0.0,3,0.5252266997895941,GOOD,103.96100845745829,102.11586086908758,2.55289652172719,0,0.0,80.0,1,1,1,15,0.9794661998748779,1,15,1,0.8579845428466797,0.010885723866522312,0.0944964662194252,0.03663330525159836,1,0,1,1,0.3252266997895942,0.0,0.1,0.1
960,960,15,0,0.0,0.9980226755142212,0.5755717611949649,21.32577400460046,3.2,0.0,3,0.5474048811550861,GOOD,100.32724481484587,99.61547253201164,2.490386813300291,0,0.0,80.0,1,1,1,15,0.9980226755142212,1,15,1,0.9408524632453918,0.02047494240105152,0.010011309757828712,0.028661295771598816,1,1,0,1,0.34740488115508616,0.1,0.0,0.1
961,961,15,0,0.0,0.9982103109359741,0.36842377241904073,15.442308188322027,0.20000000000000018,0.0,3,0.4379582876171487,GOOD,81.12385568310918,80.70242982364755,2.017560745591189,0,0.0,80.0,1,1,1,15,0.9982103109359741,1,15,1,0.5686014890670776,0.20189255475997925,0.07291353493928909,0.15659238398075104,1,1,0,1,0.23795828761714868,0.1,0.0,0.1
962,962,16,1,6.2,0.9026511311531067,0.4228292773205148,16.55767270929203,0.0,0.0,3,0.4691821185097505,GOOD,49.35577864713666,49.25378704525166,1.2313446761312916,0,0.0,80.0,1,1,1,36,0.9026511311531067,0,16,1,0.11012469977140427,0.15186557173728943,0.6654175519943237,0.07259214669466019,1,1,1,0,0.1,0.1,0.2691821185097505,0.0
963,963,16,0,0.0,0.9871765971183777,0.3910299390646447,16.224320505225798,3.2,0.0,3,0.4511946398302854,GOOD,68.11286811196305,67.8177576158599,1.6954439403964976,0,0.0,80.0,1,1,1,36,0.9871765971183777,0,16,1,0.4154396653175354,0.006123756058514118,0.5399511456489563,0.03848540037870407,1,0,1,1,0.1396800493237573,0.0,0.21151459050652807,0.1
964,964,16,0,0.0,0.9975000023841858,0.29754534731394705,13.386428824191485,0.20000000000000018,0.0,3,0.3935822537665802,GOOD,94.94796526131735,93.92410661546303,2.348102665386576,0,0.0,80.0,1,1,1,16,0.9975000023841858,1,16,1,0.38877588510513306,0.13283812999725342,0.1208726093173027,0.3575133681297302,1,1,0,1,0.1571293593583323,0.1,0.0,0.1364528944082479
965,965,16,1,6.2,0.8039295077323914,0.4798059845409732,18.547118767583946,0.0,0.0,3,0.49979482699034034,WEAK,8.937456165945584,7.3700100576798535,0.18425025144199636,0,0.0,80.0,1,1,1,36,0.8039295077323914,0,16,1,0.038506876677274704,0.16840624809265137,0.7676107883453369,0.025476085022091866,1,1,1,0,0.1,0.1,0.2997948269903403,0.0
966,966,16,0,0.0,0.735725998878479,0.3354237532606127,14.937647054870526,3.2,0.0,3,0.4178840870313062,GOOD,99.18648752308036,97.22567498149513,2.4306418745373786,0,0.0,80.0,1,1,0,16,0.735725998878479,1,16,1,0.0434185229241848,0.37229761481285095,0.45908424258232117,0.1251995712518692,0,1,1,1,0.0,0.1319114960667722,0.18597259096453403,0.1
967,967,16,0,0.0,0.5961025953292847,0.580844094492771,21.52722744301706,0.20000000000000018,0.0,3,0.5499063257913487,GOOD,86.37317754480475,85.29046201374098,2.1322615503435247,0,0.0,80.0,1,1,0,36,0.5961025953292847,0,16,1,0.9504361748695374,0.02112172171473503,0.009279035963118076,0.019163034856319427,1,1,0,1,0.3499063257913487,0.1,0.0,0.1
968,968,16,1,6.2,0.8977830410003662,0.37668689773788305,15.657056555780082,0.0,0.0,3,0.44284238768438816,GOOD,94.35881746064831,92.90494551396564,2.322623637849141,0,0.0,80.0,1,1,1,36,0.8977830410003662,0,16,1,0.04876983165740967,0.5026205778121948,0.42087554931640625,0.027734074741601944,1,1,1,0,0.1,0.1954465606772208,0.14739582700716736,0.0
969,969,16,0,0.0,0.8432824015617371,0.45469898679451765,18.12971354031481,3.2,1.2,3,0.48654265389372975,DOWN,0.0,0.0,0.0,1,0.0,80.0,1,1,1,16,0.8432824015617371,1,16,1,0.72248774766922,0.006454187445342541,0.003008788451552391,0.26804935932159424,1,1,0,1,0.2865426538937298,0.1,0.0,0.1
970,970,16,0,0.0,0.7399802803993225,0.3844224696450764,16.54854628485305,0.20000000000000018,1.1332271212750546,3,0.44736634429101707,WEAK,3.103473183921961,2.6709151489978167,0.06677287872494542,0,0.0,80.0,1,1,0,16,0.7399802803993225,1,16,1,0.08307597786188126,0.5969846844673157,0.012793694622814655,0.30714571475982666,1,1,0,1,0.1,0.24736634429101703,0.0,0.1
971,971,16,1,6.2,0.9093598127365112,0.3722301192890654,16.00386951730728,0.0,0.0,3,0.44021484338284433,GOOD,59.5812034844888,59.18942142854642,1.4797355357136606,0,0.0,80.0,1,1,1,36,0.9093598127365112,0,16,1,0.1353752166032791,0.25121548771858215,0.5753473043441772,0.0380619652569294,1,1,1,0,0.1,0.1,0.2402148433828443,0.0
972,972,16,0,0.0,0.6737672090530396,0.38465475697259643,14.673587799667205,3.2,0.0,3,0.4475014844654832,GOOD,54.70464991028004,54.52330077170788,1.3630825192926972,0,0.0,80.0,1,1,0,38,0.6737672090530396,0,38,0,0.03338555619120598,0.4661353826522827,0.4750863015651703,0.02539270743727684,1,1,1,0,0.1,0.17114740155630434,0.17635408290917884,0.0
973,973,16,0,0.0,0.5885544419288635,0.5607379739951409,20.59208851497204,0.20000000000000018,0.0,3,0.5403049054712262,GOOD,109.85919490831047,108.33543595662441,2.70838589891561,0,0.0,80.0,1,1,0,16,0.5885544419288635,1,16,1,0.9139124155044556,0.03219330310821533,0.010025887750089169,0.04386838525533676,1,1,0,1,0.34030490547122627,0.1,0.0,0.1
974,974,16,1,6.2,0.9794332981109619,0.4528127707762049,18.21159081801933,0.0,0.0,3,0.48553244901482884,GOOD,42.26338445104916,41.79115511955227,1.0447788779888068,0,0.0,80.0,1,1,1,16,0.9794332981109619,1,16,1,0.00901547446846962,0.7191033959388733,0.0024643188808113337,0.2694167494773865,1,1,0,1,0.1,0.2855324490148289,0.0,0.1
975,975,16,0,0.0,0.8853117823600769,0.4528127707762049,18.21130779883869,3.2,0.0,3,0.48553244901482884,GOOD,87.7381080345543,86.975481072191,2.174387026804775,0,0.0,80.0,1,1,1,16,0.8853117823600769,1,16,1,0.00901547446846962,0.7191033959388733,0.0024643188808113337,0.2694167494773865,1,1,0,1,0.1,0.2855324490148289,0.0,0.1
976,976,16,0,0.0,0.8876022100448608,0.5681972760991063,21.271924237463278,0.20000000000000018,0.0,3,0.5438867767812239,WEAK,7.180562269304622,6.090037314641595,0.15225093286603988,0,0.0,80.0,1,1,1,36,0.8876022100448608,0,16,1,0.006623008754104376,0.9274550080299377,0.0007023215875960886,0.0652196928858757,1,1,0,1,0.1,0.3438867767812239,0.0,0.1
977,977,16,1,6.2,0.37462368607521057,0.5825365634886451,21.69248892677747,0.0,0.0,3,0.5507069041493127,GOOD,116.46884273511402,114.1842889892919,2.8546072247322978,0,0.0,80.0,1,1,0,16,0.37462368607521057,1,16,1,0.0010391178075224161,0.9535135626792908,0.0010327431373298168,0.04441459849476814,1,1,0,1,0.1,0.3507069041493127,0.0,0.1
978,978,16,0,0.0,0.9990917444229126,0.4986301255594349,17.822426437700813,3.2,0.0,3,0.5095046867315893,GOOD,77.21699772508586,76.87725306700453,1.9219313266751135,0,0.0,80.0,1,1,1,36,0.9990917444229126,0,36,0,0.8015289306640625,0.1855657696723938,0.0033674966543912888,0.009537766687572002,1,1,0,1,0.3095046867315894,0.1,0.0,0.1
979,979,16,0,0.0,0.82384192943573,0.4815524033063865,18.22981538003624,0.20000000000000018,0.0,3,0.5007035883174915,GOOD,98.90832777176178,98.46926571385855,2.461731642846464,0,0.0,80.0,1,1,1,16,0.82384192943573,1,16,1,0.7707545161247253,0.05144188553094864,0.12254144251346588,0.05526212975382805,1,0,1,1,0.30070358831749155,0.0,0.1,0.1
980,980,16,1,6.2,0.9810515642166138,0.43213564851267305,17.69253663183487,0.0,0.0,3,0.4743173092855638,GOOD,77.0239150253428,75.7508475057999,1.8937711876449974,0,0.0,80.0,1,1,1,16,0.9810515642166138,1,16,1,0.03355148807168007,0.6820575594902039,0.0056108757853507996,0.278780072927475,1,1,0,1,0.1,0.27431730928556386,0.0,0.1
981,981,16,0,0.0,0.9835257530212402,0.3712562716942709,16.30878057711405,3.2,0.0,3,0.4396386098786814,GOOD,91.45340348320441,90.26482489380182,2.2566206223450456,0,0.0,80.0,1,1,1,16,0.9835257530212402,1,16,1,0.014728679321706295,0.5736209750175476,0.23970596492290497,0.17194439470767975,0,1,1,1,0.0,0.23963860987868138,0.1,0.1
982,982,16,0,0.0,0.5325794816017151,0.5525947480893314,20.66169455245027,0.20000000000000018,0.0,3,0.5363673124275562,GOOD,69.73690078636272,69.67321386097916,1.741830346524479,0,0.0,80.0,1,1,0,36,0.5325794816017151,0,16,1,0.8991386294364929,0.026723135262727737,0.0128284627571702,0.06130974739789963,1,1,0,1,0.33636731242755624,0.1,0.0,0.1
983,983,16,1,6.2,0.9916525483131409,0.5433920835660703,20.51071107057065,0.0,0.0,3,0.5318823513483002,GOOD,74.63985721358512,73.98565624561446,1.8496414061403617,0,0.0,80.0,1,1,1,16,0.9916525483131409,1,16,1,0.00857332069426775,0.8824562430381775,0.005144617520272732,0.10382579267024994,1,1,0,1,0.1,0.33188235134830024,0.0,0.1
984,984,16,0,0.0,0.8410290479660034,0.29230090851513885,14.878257496241147,3.2,0.0,3,0.3900982563162466,GOOD,56.75418251675431,56.08695545519209,1.4021738863798023,0,0.0,80.0,1,1,1,16,0.8410290479660034,1,16,1,0.3357418179512024,0.25311651825904846,0.012421532534062862,0.3987201452255249,1,1,0,1,0.12403676133019512,0.1,0.0,0.16606149498605152
985,985,16,0,0.0,0.9989451766014099,0.3793885098883627,16.068914944847876,0.20000000000000018,0.0,3,0.4444275913448035,GOOD,45.13670812523715,44.44385296085545,1.1110963240213863,0,0.0,80.0,1,1,1,36,0.9989451766014099,0,16,1,0.5880457162857056,0.04315544664859772,0.08153146505355835,0.28726738691329956,1,0,1,1,0.2444275913448035,0.0,0.1,0.1
986,986,16,1,6.2,0.48500463366508484,0.4838232523050709,18.987540772321974,0.0,0.0,3,0.5018827797473943,GOOD,70.41884671194435,69.81138799294196,1.7452846998235492,0,0.0,80.0,1,1,0,16,0.48500463366508484,1,16,1,0.001981838373467326,0.7748432159423828,0.0009605750092305243,0.22221429646015167,1,1,0,1,0.1,0.3018827797473943,0.0,0.1
987,987,16,0,0.0,0.9004454016685486,0.38789988539085246,16.434835878983968,3.2,0.0,3,0.44938518634391866,GOOD,65.66695167518537,64.6713931301312,1.61678482825328,0,0.0,80.0,1,1,1,36,0.9004454016685486,0,16,1,0.26732465624809265,0.6031639575958252,0.026847831904888153,0.1026635468006134,1,1,0,1,0.1,0.24938518634391862,0.0,0.1
988,988,16,0,0.0,0.9695103764533997,0.5433920835660703,20.51048795116217,0.20000000000000018,0.0,3,0.5318823513483002,WEAK,13.89562752664639,12.30107422316368,0.307526855579092,0,0.0,80.0,1,1,1,16,0.9695103764533997,1,16,1,0.00857332069426775,0.8824562430381775,0.005144617520272732,0.10382579267024994,1,1,0,1,0.1,0.33188235134830024,0.0,0.1
989,989,16,1,6.2,0.37462368607521057,0.5825365634886451,21.69248892677747,0.0,0.0,3,0.5507069041493127,WEAK,10.24215265552494,9.093350916453364,0.2273337729113341,0,0.0,80.0,1,1,0,16,0.37462368607521057,1,16,1,0.0010391178075224161,0.9535135626792908,0.0010327431373298168,0.04441459849476814,1,1,0,1,0.1,0.3507069041493127,0.0,0.1
990,990,16,0,0.0,0.5549672245979309,0.5995051249977282,22.17255469235954,3.2,1.0196913554842846,3,0.5586700330700992,WEAK,7.7190020265672885,7.212345780628612,0.18030864451571532,0,0.0,80.0,1,1,0,36,0.5549672245979309,0,16,1,0.004933858290314674,0.9843915700912476,0.0022756962571293116,0.008398893289268017,1,1,0,1,0.1,0.35867003307009926,0.0,0.1
991,991,16,0,0.0,0.8643896579742432,0.4063985124113495,16.98480214374631,0.20000000000000018,0.9257522799072206,3,0.45997579772368424,WEAK,4.229423860327435,3.757563023082559,0.09393907557706399,0,0.0,80.0,1,1,1,16,0.8643896579742432,1,16,1,0.005339945200830698,0.6221998333930969,0.005158675834536552,0.36730149388313293,1,1,0,1,0.1,0.25211357321462047,0.0,0.1078622245090638
992,992,16,1,6.2,0.7003613114356995,0.2834782557410721,14.024445256511992,0.0,0.48292051309928724,3,0.3841658909489122,WEAK,18.75280126170164,17.713270672317336,0.4428317668079334,0,0.0,80.0,1,1,0,27,0.7003613114356995,0,16,1,0.21630427241325378,0.06915802508592606,0.32433760166168213,0.39020007848739624,1,0,1,1,0.1,0.0,0.11976896144091226,0.16439692950799992
993,993,16,0,0.0,0.7227122187614441,0.4264739463791574,17.17524938172559,3.2,1.440516689880678,3,0.4711998884227624,WEAK,10.239233359701391,9.69615292874437,0.24240382321860926,0,0.0,80.0,1,1,0,16,0.7227122187614441,1,16,1,0.03281166031956673,0.03434033319354057,0.6719317436218262,0.2609163522720337,0,1,1,1,0.0,0.1,0.27119988842276244,0.1
994,994,16,0,0.0,0.8446474671363831,0.38515618721838585,15.952487870792591,0.20000000000000018,1.3457240669539434,3,0.447793067625163,WEAK,4.132734542386428,3.791704917069382,0.09479262292673456,0,0.0,80.0,1,1,1,36,0.8446474671363831,0,16,1,0.04452785477042198,0.5053045749664307,0.013135554268956184,0.43703198432922363,1,1,0,1,0.1,0.19374042689459595,0.0,0.15405264073056704
995,995,16,1,6.2,0.570593535900116,0.4997050228541914,19.210146869654395,0.0,1.1449641170977058,3,0.5100535608855077,WEAK,9.223514036879532,8.030397994249503,0.20075994985623757,0,0.0,80.0,1,1,0,16,0.570593535900116,1,16,1,0.014139849692583084,0.15085004270076752,0.03154226392507553,0.803467869758606,0,1,1,1,0.0,0.1,0.1,0.31005356088550773
996,996,16,0,0.0,0.999138355255127,0.49641949817167536,19.20110983204647,3.2,1.0237025447929937,3,0.5083740128167149,GOOD,52.949548850299266,52.85046289218848,1.321261572304712,0,0.0,80.0,1,1,1,16,0.999138355255127,1,16,1,0.00668195728212595,0.07404710352420807,0.12172887474298477,0.7975420355796814,0,1,1,1,0.0,0.1,0.1,0.30837401281671495
997,997,16,0,0.0,0.9817937612533569,0.5631860019517528,20.99459779297055,0.20000000000000018,0.0,3,0.541483032423181,GOOD,66.32598963210158,65.59852918101144,1.6399632295252862,0,0.0,80.0,1,1,1,16,0.9817937612533569,1,16,1,0.010493873618543148,0.011503142304718494,0.0596470981836319,0.9183558821678162,0,1,1,1,0.0,0.1,0.1,0.3414830324231809
998,998,16,1,6.2,0.5658386945724487,0.38515618721838585,15.953264315994657,0.0,0.0,3,0.447793067625163,GOOD,41.93834832700679,41.14876086682706,1.0287190216706765,0,0.0,80.0,1,1,0,16,0.5658386945724487,1,16,1,0.04452785477042198,0.5053045749664307,0.013135554268956184,0.43703198432922363,1,1,0,1,0.1,0.19374042689459595,0.0,0.15405264073056704
999,999,16,0,0.0,0.6809221506118774,0.5663246719449668,21.07332785454265,3.2,0.0,3,0.5429897950290682,GOOD,50.14869983693735,50.00171718064309,1.2500429295160773,0,0.0,80.0,1,1,0,16,0.6809221506118774,1,16,1,0.011471772566437721,0.9240543842315674,0.029869409278035164,0.03460438549518585,0,1,1,1,0.0,0.34298979502906823,0.1,0.1
1000,1000,16,0,0.0,0.544825553894043,0.5482499885019813,20.41835138410459,0.20000000000000018,0.0,3,0.5342545654487403,WEAK,13.11788432305993,11.26113315841039,0.28152832896025975,0,0.0,80.0,1,1,0,34,0.544825553894043,0,16,1,0.027032330632209778,0.8912607431411743,0.06010843440890312,0.021598560735583305,1,1,1,0,0.1,0.3342545654487403,0.1,0.0
1001,1001,16,0,0.0,0.697890043258667,0.6063672845438866,22.41346892318232,0.0,0.0,3,0.5618583083991391,DOWN,0.0,0.0,0.0,1,0.0,80.0,1,1,0,16,0.697890043258667,1,16,1,0.9968910813331604,0.0016147398855537176,0.00046457626740448177,0.0010296182008460164,1,1,0,1,0.36185830839913913,0.1,0.0,0.1
1002,1002,16,1,6.2,0.8844939470291138,0.41246932537867836,16.99982480081127,0.0,0.0,3,0.4633986397728582,GOOD,117.96007140338313,117.47876329668826,2.9369690824172068,0,0.0,80.0,1,1,1,16,0.8844939470291138,1,16,1,0.024548780173063278,0.6469194293022156,0.283311665058136,0.04522010684013367,0,1,1,1,0.0,0.26339863977285827,0.1,0.1
1003,1003,16,0,0.0,0.970282256603241,0.5111694437400373,19.41351506309714,3.2,0.0,3,0.5158713023752598,GOOD,73.60668522422333,73.04145681870564,1.8260364204676411,0,0.0,80.0,1,1,1,16,0.970282256603241,1,16,1,0.021083150058984756,0.8241617679595947,0.023800784721970558,0.1309543251991272,0,1,1,1,0.0,0.31587130237525984,0.1,0.1
1004,1004,16,0,0.0,0.627468466758728,0.3911927937011918,16.54617756434432,0.20000000000000018,0.0,3,0.45128858594892934,WEAK,4.686099111924616,3.7509395252285938,0.09377348813071484,0,0.0,80.0,1,1,0,36,0.627468466758728,0,16,1,0.036152470856904984,0.3294949531555176,0.6090185642242432,0.025334056466817856,1,1,1,0,0.1,0.1,0.25128858594892933,0.0
1005,1005,16,1,6.2,0.42410725355148315,0.3705844389078536,16.496421162526644,0.0,0.0,3,0.4392406403360113,WEAK,13.67794826999398,11.008204125983028,0.2752051031495757,0,0.0,80.0,1,1,0,16,0.42410725355148315,1,16,1,0.5724301934242249,0.33274590969085693,0.0003021150187123567,0.09452177584171295,1,1,0,1,0.23924064033601125,0.1,0.0,0.1
1006,1006,16,0,0.0,0.529952347278595,0.5956967449830364,22.044796052885125,3.2,0.0,3,0.5568927192198075,GOOD,113.82914903401524,112.53647929788104,2.8134119824470263,0,0.0,80.0,1,1,0,36,0.529952347278595,0,16,1,0.007497887592762709,0.977457582950592,0.012555334717035294,0.002489199163392186,1,1,1,0,0.1,0.3568927192198076,0.1,0.0
1007,1007,16,0,0.0,0.6924058794975281,0.5093214128844238,19.622437228248824,0.20000000000000018,0.0,3,0.5149379432757345,GOOD,51.93473471090787,51.38070801654102,1.2845177004135255,0,0.0,80.0,1,1,0,16,0.6924058794975281,1,16,1,0.002376226708292961,0.8208242654800415,0.039000656455755234,0.13779884576797485,0,1,1,1,0.0,0.31493794327573454,0.1,0.1
1008,1008,16,1,6.2,0.5078644752502441,0.4623417092549148,17.642358346861336,0.0,0.0,3,0.49061459495882,GOOD,76.49978459101455,76.26265793621629,1.9065664484054072,0,0.0,80.0,1,1,0,27,0.5078644752502441,0,16,1,0.06908049434423447,0.7362089157104492,0.13482610881328583,0.059884458780288696,1,1,1,0,0.1,0.29061459495882,0.1,0.0
1009,1009,16,0,0.0,0.9847819209098816,0.4561120594579942,18.131166432258333,3.2,0.0,3,0.4872980842101073,GOOD,108.35142327947989,108.27672365677415,2.706918091419354,0,0.0,80.0,1,1,1,16,0.9847819209098816,1,16,1,0.013860167935490608,0.2369232475757599,0.024192938581109047,0.7250236868858337,0,1,1,1,0.0,0.1,0.1,0.2872980842101073
1010,1010,16,0,0.0,0.8888147473335266,0.5389906793207282,20.34674813556185,0.20000000000000018,0.0,3,0.5297238831687501,GOOD,119.95120292116215,119.93325103347293,2.9983312758368235,0,0.0,80.0,1,1,1,16,0.8888147473335266,1,16,1,0.008079844526946545,0.09057831764221191,0.02685915119946003,0.8744826316833496,0,1,1,1,0.0,0.1,0.1,0.32972388316875
1011,1011,16,1,6.2,0.6203020811080933,0.2578420847338662,12.59415718517532,0.0,0.0,3,0.36638343365527803,GOOD,93.93154407145076,93.81884343699602,2.3454710859249004,0,0.0,80.0,1,1,0,16,0.6203020811080933,1,16,1,0.1585291624069214,0.3620588779449463,0.29437515139579773,0.1850368082523346,0,1,1,1,0.0,0.157235693358136,0.10914774029714205,0.1
1012,1012,16,0,0.0,0.8129894137382507,0.5962293150982629,22.092671041324397,3.2,0.0,3,0.5571416027020447,GOOD,94.72000828488449,93.6058237455627,2.340145593639068,0,0.0,80.0,1,1,1,16,0.8129894137382507,1,16,1,0.005812724120914936,0.9784271121025085,0.0015546658542007208,0.014205507934093475,1,1,0,1,0.1,0.35714160270204476,0.0,0.1
1013,1013,16,0,0.0,0.8466851115226746,0.2578420847338662,12.593309796301511,0.20000000000000018,0.0,3,0.36638343365527803,GOOD,95.78258367893112,94.64412256330799,2.3661030640827,0,0.0,80.0,1,1,1,16,0.8466851115226746,1,16,1,0.1585291624069214,0.3620588779449463,0.29437515139579773,0.1850368082523346,0,1,1,1,0.0,0.157235693358136,0.10914774029714205,0.1
1014,1014,16,1,6.2,0.6376848816871643,0.5598615640305159,20.744191750361516,0.0,0.0,3,0.5398825033902739,GOOD,85.05084348680879,83.55070443291339,2.088767610822835,0,0.0,80.0,1,1,0,36,0.6376848816871643,0,16,1,0.037811778485774994,0.021870169788599014,0.9123218655586243,0.027996163815259933,1,0,1,1,0.1,0.0,0.3398825033902739,0.1
1015,1015,16,0,0.0,0.5014906525611877,0.3876280916476684,16.610187257890917,3.2,0.0,3,0.44922772111988807,GOOD,77.74332059150777,77.24330027137754,1.9310825067844384,0,0.0,80.0,1,1,0,16,0.5014906525611877,1,16,1,0.015049268491566181,0.6026808619499207,0.3414992690086365,0.04077056795358658,0,1,1,1,0.0,0.24922772111988803,0.1,0.1
1016,1016,16,0,0.0,0.6809221506118774,0.5663246719449668,21.07332785454265,0.20000000000000018,0.0,3,0.5429897950290682,GOOD,59.570170620722294,59.55684268492075,1.4889210671230189,0,0.0,80.0,1,1,0,16,0.6809221506118774,1,16,1,0.011471772566437721,0.9240543842315674,0.029869409278035164,0.03460438549518585,0,1,1,1,0.0,0.34298979502906823,0.1,0.1
1017,1017,16,1,6.2,0.4911176562309265,0.5482499885019813,20.418655816195663,0.0,0.0,3,0.5342545654487403,WEAK,6.004680538317319,4.970486054273577,0.12426215135683943,0,0.0,80.0,1,1,0,27,0.4911176562309265,0,16,1,0.027032330632209778,0.8912607431411743,0.06010843440890312,0.021598560735583305,1,1,1,0,0.1,0.3342545654487403,0.1,0.0
1018,1018,16,0,0.0,0.9221627116203308,0.5319353034531974,20.18406658372094,3.2,1.0424047036174593,3,0.5262454255812868,WEAK,7.104820692900331,6.303811855301628,0.15759529638254072,0,0.0,80.0,1,1,1,16,0.9221627116203308,1,16,1,0.8617081642150879,0.03449943661689758,0.00570961507037282,0.09808279573917389,1,1,0,1,0.3262454255812869,0.1,0.0,0.1
1019,1019,16,0,0.0,0.8816103339195251,0.4997050228541914,19.209526450494863,0.20000000000000018,0.7124012651925458,3,0.5100535608855077,WEAK,16.3703146296775,13.200137536996538,0.3300034384249135,0,0.0,80.0,1,1,1,16,0.8816103339195251,1,16,1,0.014139849692583084,0.15085004270076752,0.03154226392507553,0.803467869758606,0,1,1,1,0.0,0.1,0.1,0.31005356088550773
1020,1020,16,1,6.2,0.489574134349823,0.4264739463791574,17.189365105506873,0.0,0.613123439983243,3,0.4711998884227624,WEAK,4.764401605059618,3.9711130083721087,0.09927782520930273,0,0.0,80.0,1,1,0,16,0.489574134349823,1,16,1,0.03281166031956673,0.03434033319354057,0.6719317436218262,0.2609163522720337,0,1,1,1,0.0,0.1,0.27119988842276244,0.1
1021,1021,16,0,0.0,0.9932536482810974,0.39995732101976855,16.515109317604168,3.2,0.0,3,0.4563160577431303,GOOD,113.07048852496811,111.8993528540189,2.7974838213504727,0,0.0,80.0,1,1,1,16,0.9932536482810974,1,16,1,0.040596213191747665,0.07743680477142334,0.2573506832122803,0.624616265296936,0,1,1,1,0.0,0.1,0.1,0.25631605774313027
1022,1022,16,0,0.0,0.9847819209098816,0.4561120594579942,18.131166432258333,0.20000000000000018,0.0,3,0.4872980842101073,GOOD,52.562039786735426,52.54962559148123,1.3137406397870308,0,0.0,80.0,1,1,1,16,0.9847819209098816,1,16,1,0.013860167935490608,0.2369232475757599,0.024192938581109047,0.7250236868858337,0,1,1,1,0.0,0.1,0.1,0.2872980842101073
1023,1023,16,1,6.2,0.4534294605255127,0.3441827097493032,15.277374025299933,0.0,0.0,3,0.42330505155854303,GOOD,113.12160506250495,111.31785348559524,2.7829463371398813,0,0.0,80.0,1,1,0,16,0.4534294605255127,1,16,1,0.05424785986542702,0.5257485508918762,0.219636470079422,0.20036715269088745,0,1,1,1,0.0,0.22330505155854305,0.1,0.1
1024,1024,16,0,0.0,0.544825553894043,0.5482499885019813,20.41835138410459,3.2,1.1178934363874733,3,0.5342545654487403,WEAK,3.813707380184715,3.2842625445010665,0.08210656361252666,0,0.0,80.0,1,1,0,34,0.544825553894043,0,16,1,0.027032330632209778,0.8912607431411743,0.06010843440890312,0.021598560735583305,1,1,1,0,0.1,0.3342545654487403,0.1,0.0
1025,1025,16,0,0.0,0.9924055933952332,0.4813499423318392,18.863415307550014,0.20000000000000018,0.8524334805593824,3,0.5005983208604606,WEAK,11.772950703903334,10.618398233123635,0.2654599558280909,0,0.0,80.0,1,1,1,16,0.9924055933952332,1,16,1,0.7703900337219238,0.002765312558040023,0.0029430980794131756,0.22390158474445343,1,0,1,1,0.3005983208604607,0.0,0.1,0.1
1026,1026,16,1,6.2,0.3515303432941437,0.5715159157121311,21.24396340537252,0.0,0.5680902481105004,3,0.5454727896039535,WEAK,12.329215436442755,11.373729297955279,0.284343232448882,0,0.0,80.0,1,1,0,16,0.3515303432941437,1,16,1,0.010075539350509644,0.02659558318555355,0.9334830045700073,0.029845869168639183,0,1,1,1,0.0,0.1,0.34547278960395356,0.1
1027,1027,16,0,0.0,0.7752684950828552,0.48948856019737214,18.49821409336819,3.2,1.448960386766611,3,0.504812615593587,WEAK,13.714620770792626,12.765194453755573,0.3191298613438893,0,0.0,80.0,1,1,0,36,0.7752684950828552,0,16,1,0.020327530801296234,0.07192043960094452,0.12270376086235046,0.7850483059883118,0,1,1,1,0.0,0.1,0.1,0.30481261559358697
1028,1028,16,0,0.0,0.5643438100814819,0.5715159157121311,21.153375230612177,0.20000000000000018,1.448960386766611,3,0.5454727896039535,DOWN,0.0,0.0,0.0,1,0.0,80.0,1,1,0,16,0.5643438100814819,1,16,1,0.010075539350509644,0.02659558318555355,0.9334830045700073,0.029845869168639183,0,1,1,1,0.0,0.1,0.34547278960395356,0.1
1029,1029,16,0,0.0,0.9924055933952332,0.4813499423318392,18.863415307550014,0.0,1.448960386766611,3,0.5005983208604606,DOWN,0.0,0.0,0.0,1,0.0,80.0,1,1,1,16,0.9924055933952332,1,16,1,0.7703900337219238,0.002765312558040023,0.0029430980794131756,0.22390158474445343,1,0,1,1,0.3005983208604607,0.0,0.1,0.1
1030,1030,16,0,0.0,0.9666646122932434,0.5786001682713372,21.444529773919825,0.0,1.448960386766611,3,0.5488430944559806,DOWN,0.0,0.0,0.0,1,0.0,80.0,1,1,1,16,0.9666646122932434,1,16,1,0.9463567733764648,0.01592077873647213,0.01051435898989439,0.027208048850297928,1,1,0,1,0.3488430944559806,0.1,0.0,0.1
1031,1031,16,0,0.0,0.6381313800811768,0.5824111856372564,21.58117659116393,0.0,1.448960386766611,3,0.5506476373424826,DOWN,0.0,0.0,0.0,1,0.0,80.0,1,1,0,16,0.6381313800811768,1,16,1,0.010898257605731487,0.9532855749130249,0.008611808530986309,0.027204329147934914,1,1,0,1,0.1,0.3506476373424826,0.0,0.1
1032,1032,16,0,0.0,0.9709302186965942,0.4024941729277119,16.24929398758853,0.0,1.448960386766611,3,0.45776093246018024,DOWN,0.0,0.0,0.0,1,0.0,80.0,1,1,1,16,0.9709302186965942,1,16,1,0.006005347240716219,0.48378852009773254,0.49705326557159424,0.01315284427255392,0,1,1,1,0.0,0.17510893196613173,0.18265200049404853,0.1
1033,1033,16,0,0.0,0.4803038239479065,0.35033172738793233,12.027074168938245,0.0,1.448960386766611,3,0.4270696034160949,DOWN,0.0,0.0,0.0,1,0.0,80.0,1,1,0,20,0.4803038239479065,0,36,0,0.37857216596603394,0.48615434765815735,0.0342785008251667,0.10099504888057709,1,1,0,1,0.1307479627793703,0.19632164063672455,0.0,0.1
1034,1034,16,0,0.0,0.8512125611305237,0.36949790034414104,15.887244971281152,0.0,1.448960386766611,3,0.43859624977490197,DOWN,0.0,0.0,0.0,1,0.0,80.0,1,1,1,16,0.8512125611305237,1,16,1,0.5705046653747559,0.27932414412498474,0.033883046358823776,0.1162882149219513,1,1,0,1,0.238596249774902,0.1,0.0,0.1
1035,1035,16,0,0.0,0.8888147473335266,0.5389906793207282,20.34674813556185,0.0,1.448960386766611,3,0.5297238831687501,DOWN,0.0,0.0,0.0,1,0.0,80.0,1,1,1,16,0.8888147473335266,1,16,1,0.008079844526946545,0.09057831764221191,0.02685915119946003,0.8744826316833496,0,1,1,1,0.0,0.1,0.1,0.32972388316875
1036,1036,16,1,6.2,0.7996167540550232,0.3213747674637585,14.678949485166777,0.0,0.2644792247298373,3,0.40903909060955057,GOOD,47.96077142923657,47.37924648147094,1.1844811620367737,0,0.0,80.0,1,1,0,16,0.7996167540550232,1,16,1,0.0708935484290123,0.485613077878952,0.26274749636650085,0.18074586987495422,0,1,1,1,0.0,0.20903909060955053,0.1,0.1
1037,1037,16,0,0.0,0.76432204246521,0.5598615640305159,20.709672931059195,3.2,0.0,3,0.5398825033902739,GOOD,59.30347613516241,59.231473193696964,1.4807868298424243,0,0.0,80.0,1,1,0,36,0.76432204246521,0,16,1,0.037811778485774994,0.021870169788599014,0.9123218655586243,0.027996163815259933,1,0,1,1,0.1,0.0,0.3398825033902739,0.1
1038,1038,16,0,0.0,0.6177754998207092,0.32550269130031556,14.103899810642883,0.20000000000000018,0.0,3,0.41165767639450734,GOOD,52.82704999542944,52.182129635803676,1.304553240895092,0,0.0,80.0,1,1,0,16,0.6177754998207092,1,16,1,0.1647907942533493,0.22573678195476532,0.11660952866077423,0.4928629696369171,1,1,0,1,0.1,0.1,0.0,0.21165767639450736
1039,1039,16,1,6.2,0.7503541707992554,0.5793260058850487,21.584757497493726,0.0,0.0,3,0.5491872406607659,GOOD,105.75045766174898,105.09577030871343,2.6273942577178357,0,0.0,80.0,1,1,0,36,0.7503541707992554,0,16,1,0.001975634368136525,0.9476762413978577,0.009468014352023602,0.04088008403778076,0,1,1,1,0.0,0.3491872406607659,0.1,0.1
1040,1040,16,0,0.0,0.5966532230377197,0.3744347374551612,15.158033004321664,3.2,0.0,3,0.44151655544187607,GOOD,85.04086080690871,84.23656614620982,2.1059141536552457,0,0.0,80.0,1,1,0,36,0.5966532230377197,0,16,1,0.1011311486363411,0.5792564749717712,0.11511214822530746,0.20450033247470856,0,1,1,1,0.0,0.24151655544187609,0.1,0.1
1041,1041,16,0,0.0,0.9004454016685486,0.38789988539085246,16.434835878983968,0.20000000000000018,0.0,3,0.44938518634391866,GOOD,56.80696990588268,55.694413081047756,1.392360327026194,0,0.0,80.0,1,1,1,36,0.9004454016685486,0,16,1,0.26732465624809265,0.6031639575958252,0.026847831904888153,0.1026635468006134,1,1,0,1,0.1,0.24938518634391862,0.0,0.1
1042,1042,16,1,6.2,0.5917181968688965,0.5361065356015586,19.888962281278545,0.0,0.0,3,0.5283047036047227,GOOD,106.33769129624953,105.07419538303441,2.6268548845758604,0,0.0,80.0,1,1,0,16,0.5917181968688965,1,16,1,0.04515166953206062,0.8692595362663269,0.035416606813669205,0.05017224699258804,1,1,0,1,0.1,0.32830470360472275,0.0,0.1
1043,1043,16,0,0.0,0.897291362285614,0.32887879530171016,14.226338816121842,3.2,0.0,3,0.4137870197081358,GOOD,99.65400005282399,99.48562286917868,2.4871405717294675,0,0.0,80.0,1,1,1,16,0.897291362285614,1,16,1,0.08914485573768616,0.09413715451955795,0.45077160000801086,0.3659464120864868,0,1,1,1,0.0,0.1,0.18357473878069266,0.1302122809274431
1044,1044,16,0,0.0,0.4083302319049835,0.5880237184258033,21.6363753705496,0.20000000000000018,0.0,3,0.553294494081841,GOOD,87.19881777944109,87.00567184278383,2.1751417960695956,0,0.0,80.0,1,1,0,16,0.4083302319049835,1,16,1,0.005163836758583784,0.024637755006551743,0.963493824005127,0.006704579573124647,0,1,1,1,0.0,0.1,0.353294494081841,0.1
1045,1045,16,1,6.2,0.3875653147697449,0.6013697764166406,22.23183380642057,0.0,0.0,3,0.5595381791958819,GOOD,100.06690667491699,99.48064287455996,2.4870160718639993,0,0.0,80.0,1,1,0,36,0.3875653147697449,0,16,1,0.0027853676583617926,0.9877873659133911,0.003988694865256548,0.0054386332631111145,0,1,1,1,0.0,0.35953817919588194,0.1,0.1
1046,1046,16,0,0.0,0.9695103764533997,0.5433920835660703,20.51048795116217,3.2,0.0,3,0.5318823513483002,GOOD,100.96584168241408,99.55597436816659,2.488899359204165,0,0.0,80.0,1,1,1,16,0.9695103764533997,1,16,1,0.00857332069426775,0.8824562430381775,0.005144617520272732,0.10382579267024994,1,1,0,1,0.1,0.33188235134830024,0.0,0.1
1047,1047,16,0,0.0,0.803465723991394,0.30245646205799936,13.63494006644321,0.20000000000000018,0.0,3,0.3968170830575325,GOOD,96.71556152172943,94.88154880746184,2.3720387201865463,0,0.0,80.0,1,1,1,16,0.803465723991394,1,16,1,0.11976231634616852,0.183883398771286,0.45247167348861694,0.2438826560974121,0,1,1,1,0.0,0.1,0.1968170830575325,0.1
1048,1048,16,1,6.2,0.5078644752502441,0.4623417092549148,17.642358346861336,0.0,0.0,3,0.49061459495882,GOOD,66.09301136028529,65.78280742614335,1.644570185653584,0,0.0,80.0,1,1,0,27,0.5078644752502441,0,16,1,0.06908049434423447,0.7362089157104492,0.13482610881328583,0.059884458780288696,1,1,1,0,0.1,0.29061459495882,0.1,0.0
1049,1049,16,0,0.0,0.6026743650436401,0.40858616912503276,15.478283056984532,3.2,0.0,3,0.4612121686119701,GOOD,99.38661238831571,98.44394511595253,2.4610986278988136,0,0.0,80.0,1,1,0,16,0.6026743650436401,1,16,1,0.6399930715560913,0.231874018907547,0.01748463325202465,0.1106482595205307,1,1,0,1,0.26121216861197016,0.1,0.0,0.1
1050,1050,16,0,0.0,0.8150311708450317,0.5483384338710072,20.171563231091973,0.20000000000000018,0.0,3,0.5342976575031101,GOOD,65.13239104626739,64.94834089037623,1.6237085222594059,0,0.0,80.0,1,1,1,16,0.8150311708450317,1,16,1,0.8914210796356201,0.05513240769505501,0.01151121687144041,0.041935309767723083,1,1,0,1,0.33429765750311013,0.1,0.0,0.1
1051,1051,16,1,6.2,0.4447973668575287,0.34321661712286694,14.786760047050326,0.0,0.0,3,0.42271054280706444,GOOD,108.77442409935897,107.46387293684052,2.686596823421013,0,0.0,80.0,1,1,0,27,0.4447973668575287,0,16,1,0.5240447521209717,0.09458795189857483,0.08845987915992737,0.2929074466228485,1,1,0,1,0.2227105428070644,0.1,0.0,0.1
1052,1052,16,0,0.0,0.8510167002677917,0.4338313414248116,17.367251265157844,3.2,0.0,3,0.4752470046659818,GOOD,103.19247853884701,103.05944809454157,2.5764862023635393,0,0.0,80.0,1,1,1,16,0.8510167002677917,1,16,1,0.6850917935371399,0.129631906747818,0.010803468525409698,0.1744728684425354,1,1,0,1,0.27524700466598184,0.1,0.0,0.1
1053,1053,16,0,0.0,0.9170093536376953,0.3702234032567895,15.9914301500437,0.20000000000000018,0.0,3,0.43902662679877613,GOOD,58.40825232458714,57.25718388501058,1.4314295971252646,0,0.0,80.0,1,1,1,36,0.9170093536376953,0,16,1,0.1561570018529892,0.2601279318332672,0.571790337562561,0.011924727819859982,1,1,1,0,0.1,0.1,0.23902662679877615,0.0
1054,1054,16,1,6.2,0.47683286666870117,0.5613792838171737,21.027223157259655,0.0,0.0,3,0.5406137875539299,GOOD,89.42287491108434,89.41395951252505,2.2353489878131265,0,0.0,80.0,1,1,0,36,0.47683286666870117,0,16,1,0.018859803676605225,0.9150763750076294,0.00458926847204566,0.061474524438381195,1,1,0,1,0.1,0.3406137875539299,0.0,0.1
1055,1055,16,0,0.0,0.9626911878585815,0.5823948618335315,21.651011337334694,3.2,0.0,3,0.5506399205204506,GOOD,90.84330343784626,90.1534042779105,2.2538351069477627,0,0.0,80.0,1,1,1,16,0.9626911878585815,1,16,1,0.0299422275274992,0.0032171441707760096,0.9532558917999268,0.013584814965724945,1,0,1,1,0.1,0.0,0.3506399205204507,0.1
1056,1056,16,0,0.0,0.9592398405075073,0.5161111718338283,19.574993098067747,0.20000000000000018,0.0,3,0.5183588962802592,WEAK,15.765035944551643,13.91883024900753,0.3479707562251883,0,0.0,80.0,1,1,1,16,0.9592398405075073,1,16,1,0.018897706642746925,0.12839584052562714,0.019616803154349327,0.8330895900726318,0,1,1,1,0.0,0.1,0.1,0.31835889628025915
1057,1057,16,1,6.2,0.9921579360961914,0.5673937945310331,21.26140009038484,0.0,0.0,3,0.5435020885591284,WEAK,19.55727782887199,17.22708442805801,0.43067711070145026,0,0.0,80.0,1,1,1,23,0.9921579360961914,0,23,0,0.0010134225012734532,0.07279930263757706,0.00019148174033034593,0.9259958267211914,1,1,0,1,0.1,0.1,0.0,0.34350208855912845
1058,1058,16,0,0.0,0.9975000023841858,0.29754534731394705,13.386428824191485,3.2,0.7770562183821272,3,0.3935822537665802,WEAK,18.535963071103314,16.91775126471491,0.4229437816178727,0,0.0,80.0,1,1,1,16,0.9975000023841858,1,16,1,0.38877588510513306,0.13283812999725342,0.1208726093173027,0.3575133681297302,1,1,0,1,0.1571293593583323,0.1,0.0,0.1364528944082479
1059,1059,16,0,0.0,0.9592398405075073,0.5161111718338283,19.574993098067747,0.20000000000000018,0.6969887738654623,3,0.5183588962802592,WEAK,3.755804721913688,3.2026977806665973,0.08006744451666493,0,0.0,80.0,1,1,1,16,0.9592398405075073,1,16,1,0.018897706642746925,0.12839584052562714,0.019616803154349327,0.8330895900726318,0,1,1,1,0.0,0.1,0.1,0.31835889628025915
1060,1060,16,1,6.2,0.9810515642166138,0.43213564851267305,17.69253663183487,0.0,0.4110188433091468,3,0.4743173092855638,WEAK,13.06291194654367,11.43879722225262,0.28596993055631553,0,0.0,80.0,1,1,1,16,0.9810515642166138,1,16,1,0.03355148807168007,0.6820575594902039,0.0056108757853507996,0.278780072927475,1,1,0,1,0.1,0.27431730928556386,0.0,0.1
1061,1061,16,0,0.0,0.6210132837295532,0.43892068607500345,17.84991435334262,3.2,1.5025062502401316,3,0.47802647602842474,WEAK,4.729946758030002,4.340503722760606,0.10851259306901516,0,0.0,80.0,1,1,0,16,0.6210132837295532,1,16,1,0.010688292793929577,0.694202721118927,0.004791524726897478,0.29031744599342346,1,1,0,1,0.1,0.2780264760284248,0.0,0.1
1062,1062,17,0,0.0,0.9923391342163086,0.5343355729498036,20.116525802878165,0.20000000000000018,1.2206005951167531,3,0.5274313866591327,WEAK,12.760028131340686,11.276226204935138,0.28190565512337845,0,0.0,80.0,1,1,1,17,0.9923391342163086,1,17,1,0.8660531044006348,0.09758517146110535,0.021945476531982422,0.014416218735277653,1,1,1,0,0.32743138665913274,0.1,0.1,0.0
1063,1063,17,1,6.2,0.9621714353561401,0.367615974722017,16.016131349628512,0.0,0.8207858835091328,3,0.4374778953909012,WEAK,17.89056797860244,15.992588464304813,0.39981471160762033,0,0.0,80.0,1,1,1,17,0.9621714353561401,1,17,1,0.5671704411506653,0.27910110354423523,0.12277057021856308,0.030957870185375214,1,1,1,0,0.23747789539090122,0.1,0.1,0.0
1064,1064,17,0,0.0,0.9974835515022278,0.29718357920500826,13.517249213955276,3.2,1.8045348456127122,3,0.39334291409139976,WEAK,9.374619377881903,8.650041515856826,0.21625103789642064,0,0.0,80.0,1,1,1,17,0.9974835515022278,1,17,1,0.33938467502593994,0.40608909726142883,0.11445918679237366,0.140066996216774,1,1,0,1,0.12459948397851486,0.16874343011288492,0.0,0.1
1065,1065,17,0,0.0,0.9993128776550293,0.29560339009361813,13.3917072834968,0.20000000000000018,1.565932984696481,3,0.39229577576605534,WEAK,10.072248720839443,9.544074436649248,0.23860186091623123,0,0.0,80.0,1,1,1,17,0.9993128776550293,1,17,1,0.13711737096309662,0.2620922327041626,0.16028791666030884,0.44050243496894836,0,1,1,1,0.0,0.1,0.1,0.1922957757660553
1066,1066,17,0,0.0,0.9999891519546509,0.5493613217913274,20.655862219061554,0.0,1.565932984696481,3,0.5347957732163237,DOWN,0.0,0.0,0.0,1,0.0,80.0,1,1,1,17,0.9999891519546509,1,17,1,0.8932754993438721,0.006737065967172384,0.07087428867816925,0.029113102704286575,1,0,1,1,0.3347957732163237,0.0,0.1,0.1
1067,1067,17,0,0.0,0.9999984502792358,0.4625478138770566,17.85739886730303,0.0,1.565932984696481,3,0.49072393688818117,DOWN,0.0,0.0,0.0,1,0.0,80.0,1,1,1,17,0.9999984502792358,1,17,1,0.7365791201591492,0.044723350554704666,0.1545843929052353,0.06411314010620117,1,0,1,1,0.2907239368881812,0.0,0.1,0.1
1068,1068,17,0,0.0,0.9992327690124512,0.4917939768451251,18.97430836849935,0.0,1.565932984696481,3,0.5060000144276207,DOWN,0.0,0.0,0.0,1,0.0,80.0,1,1,1,17,0.9992327690124512,1,17,1,0.16482803225517273,0.016413982957601547,0.7892029881477356,0.029554937034845352,1,0,1,1,0.1,0.0,0.3060000144276207,0.1
1069,1069,17,0,0.0,0.4755288064479828,0.3559780424417012,14.515493906912539,0.0,1.565932984696481,3,0.4304973988702354,DOWN,0.0,0.0,0.0,1,0.0,80.0,1,1,0,33,0.4755288064479828,0,17,1,0.018471987918019295,0.10419204086065292,0.3642804026603699,0.5130555629730225,0,1,1,1,0.0,0.1,0.1202688749129435,0.21022852395729189
1070,1070,17,0,0.0,0.9999427795410156,0.37159907234097744,15.422210822139704,0.0,1.565932984696481,3,0.4398415338937819,DOWN,0.0,0.0,0.0,1,0.0,80.0,1,1,1,17,0.9999427795410156,1,17,1,0.04335888847708702,0.5091779232025146,0.4029897451400757,0.044473450630903244,0,1,1,1,0.0,0.20134305416233914,0.13849847973144278,0.1
1071,1071,17,1,6.2,0.9864248037338257,0.3882952309520328,16.354861550614718,0.0,1.2869212662226202,3,0.44961413355460933,WEAK,12.997256211500575,11.160468738954426,0.2790117184738607,0,0.0,80.0,1,1,1,17,0.9864248037338257,1,17,1,0.26861727237701416,0.603866696357727,0.09234876185655594,0.035167232155799866,1,1,1,0,0.1,0.24961413355460935,0.1,0.0
1072,1072,17,0,0.0,0.999686598777771,0.40647695509939086,16.249385108402656,3.2,2.34709751622741,3,0.46002018764633046,WEAK,5.9951405260472095,5.592949999808403,0.13982374999521008,0,0.0,80.0,1,1,1,17,0.999686598777771,1,17,1,0.22197920083999634,0.6362325549125671,0.07226744294166565,0.06952083855867386,1,1,1,0,0.1,0.2600201876463305,0.1,0.0
1073,1073,17,0,0.0,0.9996829032897949,0.392335247590041,16.517776386869013,0.20000000000000018,2.0115731726347033,3,0.45194708545336615,WEAK,16.05654183855404,13.420973743708268,0.3355243435927067,0,0.0,80.0,1,1,1,17,0.9996829032897949,1,17,1,0.36686328053474426,0.591427206993103,0.027296781539916992,0.014412729069590569,1,1,1,0,0.11130244021662433,0.24064464523674187,0.1,0.0
1074,1074,17,1,6.2,0.9991466999053955,0.4802579952201828,18.62780645611901,0.0,1.8860115354438374,3,0.5000301923517407,WEAK,5.69467730837364,5.022465487634645,0.12556163719086613,0,0.0,80.0,1,1,1,17,0.9991466999053955,1,17,1,0.07507015019655228,0.768424391746521,0.0204690583050251,0.13603641092777252,1,1,0,1,0.1,0.3000301923517408,0.0,0.1
1075,1075,17,0,0.0,0.999667763710022,0.4078469115904662,16.6291974431632,3.2,2.706435574167429,3,0.46079474266984755,WEAK,18.543568303434004,15.183038451056326,0.3795759612764082,0,0.0,80.0,1,1,1,17,0.999667763710022,1,17,1,0.6386749148368835,0.04416489601135254,0.11927890032529831,0.1978812962770462,1,0,1,1,0.2607947426698476,0.0,0.1,0.1
1076,1076,17,0,0.0,0.9999531507492065,0.3549089224933116,15.164305784516099,0.20000000000000018,2.706435574167429,3,0.4298504496273454,DOWN,0.0,0.0,0.0,1,0.0,80.0,1,1,1,17,0.9999531507492065,1,17,1,0.544686496257782,0.2437242716550827,0.07578011602163315,0.13580915331840515,1,1,0,1,0.22985044962734544,0.1,0.0,0.1
1077,1077,17,0,0.0,0.9999845027923584,0.5149072837162967,19.71197110386217,0.0,2.706435574167429,3,0.517753977718475,DOWN,0.0,0.0,0.0,1,0.0,80.0,1,1,1,17,0.9999845027923584,1,17,1,0.14248999953269958,0.019863303750753403,0.8309141993522644,0.006732545793056488,1,1,1,0,0.1,0.1,0.317753977718475,0.0
1078,1078,17,0,0.0,0.997989296913147,0.36161930988527774,15.284131301552083,0.0,2.706435574167429,3,0.43389508736260196,DOWN,0.0,0.0,0.0,1,0.0,80.0,1,1,1,17,0.997989296913147,1,17,1,0.22556836903095245,0.5565534830093384,0.0756550133228302,0.14222320914268494,1,1,0,1,0.1,0.23389508736260192,0.0,0.1
1079,1079,17,1,6.2,0.999896764755249,0.3831763129411242,16.23155617772454,0.0,2.6395351405354073,3,0.44664065687643417,WEAK,2.8545229537956986,2.676017345280867,0.06690043363202168,0,0.0,80.0,1,1,1,17,0.999896764755249,1,17,1,0.35716068744659424,0.5807734131813049,0.026328513398766518,0.03573746979236603,1,1,0,1,0.10815807066353891,0.23848258621289523,0.0,0.1
1080,1080,17,0,0.0,0.9999879598617554,0.5309315764237145,19.986289581278818,3.2,3.6861043894771095,3,0.5257486958449747,WEAK,6.638367642913951,6.1372300423319075,0.1534307510582977,0,0.0,80.0,1,1,1,17,0.9999879598617554,1,17,1,0.8598915338516235,0.018136698752641678,0.053318288177251816,0.0686534196138382,1,0,1,1,0.3257486958449748,0.0,0.1,0.1
1081,1081,17,0,0.0,0.9994908571243286,0.5040641938504662,19.024068727326224,0.20000000000000018,3.6861043894771095,3,0.5122734532707103,DOWN,0.0,0.0,0.0,1,0.0,80.0,1,1,1,17,0.9994908571243286,1,17,1,0.1163489893078804,0.811333417892456,0.03660985454916954,0.03570776805281639,1,1,1,0,0.1,0.3122734532707103,0.1,0.0
1082,1082,17,1,6.2,0.9999591112136841,0.40885213485154687,16.624887701850422,0.0,0.8117599421721329,3,0.46136225528041597,GOOD,116.75034178521848,114.97377789219907,2.874344447304977,0,0.0,80.0,1,1,1,17,0.9999591112136841,1,17,1,0.6404673457145691,0.2336108386516571,0.046062108129262924,0.07985972613096237,1,1,0,1,0.261362255280416,0.1,0.0,0.1
1083,1083,17,0,0.0,0.999984622001648,0.40317356956361994,16.654854287987998,3.2,0.0,3,0.4581471120985598,GOOD,94.08151680715027,93.45780466410076,2.336445116602519,0,0.0,80.0,1,1,1,17,0.999984622001648,1,17,1,0.26118457317352295,0.07314697653055191,0.03532307222485542,0.630345344543457,1,1,0,1,0.1,0.1,0.0,0.2581471120985598
1084,1084,17,0,0.0,0.9522064328193665,0.4500038374795303,17.855385955236383,0.20000000000000018,0.0,3,0.48402415464310533,GOOD,54.93536946250123,53.90510557483406,1.3476276393708515,0,0.0,80.0,1,1,1,17,0.9522064328193665,1,17,1,0.22477680444717407,0.7140649557113647,0.022702064365148544,0.03845606744289398,1,1,0,1,0.1,0.2840241546431054,0.0,0.1
1085,1085,17,1,6.2,0.9997263550758362,0.3480724922325054,14.787679860911087,0.0,0.0,3,0.42569032320033084,GOOD,60.41492098348337,59.55562409829751,1.4888906024574378,0,0.0,80.0,1,1,1,17,0.9997263550758362,1,17,1,0.07827872037887573,0.3976740539073944,0.06204313412308693,0.4620041251182556,1,1,0,1,0.1,0.14317635020572797,0.0,0.1825139729946029
1086,1086,17,0,0.0,0.9993641972541809,0.374635375770889,15.9165227187233,3.2,0.0,3,0.44163483142622206,GOOD,76.10391346746442,75.1412807971098,1.878532019927745,0,0.0,80.0,1,1,1,17,0.9993641972541809,1,17,1,0.18219855427742004,0.19060254096984863,0.047586552798748016,0.5796123147010803,1,1,0,1,0.1,0.1,0.0,0.24163483142622208
1087,1087,17,0,0.0,0.9999921321868896,0.45112582338193524,17.3665211343203,0.20000000000000018,0.0,3,0.48462718304936414,GOOD,93.8662645921564,93.3582402898232,2.3339560072455803,0,0.0,80.0,1,1,1,17,0.9999921321868896,1,17,1,0.11447632312774658,0.7160772681236267,0.06055303290486336,0.10889334231615067,1,1,0,1,0.1,0.2846271830493642,0.0,0.1
1088,1088,17,1,6.2,0.9999890327453613,0.3423750199059761,14.80922781202796,0.0,0.0,3,0.4221919630673505,GOOD,52.97439479550277,52.62224524405469,1.3155561311013673,0,0.0,80.0,1,1,1,17,0.9999890327453613,1,17,1,0.5225607752799988,0.08581654727458954,0.1471712589263916,0.2444514036178589,1,0,1,1,0.22219196306735053,0.0,0.1,0.1
1089,1089,17,0,0.0,0.9999438524246216,0.39940210183843644,16.26634095732205,3.2,0.0,3,0.45599921966751034,GOOD,76.33432093618154,76.04361006454734,1.9010902516136836,0,0.0,80.0,1,1,1,17,0.9999438524246216,1,17,1,0.6236275434494019,0.18899798393249512,0.05772489309310913,0.12964950501918793,1,1,0,1,0.2559992196675104,0.1,0.0,0.1
1090,1090,17,0,0.0,0.9994451403617859,0.31103088370489335,14.264887616082591,0.20000000000000018,0.0,3,0.4024025124430224,GOOD,83.33908573305827,83.12427523152053,2.078106880788013,0,0.0,80.0,1,1,1,17,0.9994451403617859,1,17,1,0.21922028064727783,0.4674748182296753,0.08959157019853592,0.22371333837509155,1,1,0,1,0.1,0.20240251244302235,0.0,0.1
1091,1091,17,1,6.2,0.9991143345832825,0.3690572732190315,16.09531228200925,0.0,0.0,3,0.4383346582289157,GOOD,115.51577006900773,114.5297375710349,2.8632434392758728,0,0.0,80.0,1,1,1,17,0.9991143345832825,1,17,1,0.569723904132843,0.1330239176750183,0.2700739800930023,0.02717810682952404,1,1,1,0,0.23833465822891567,0.1,0.1,0.0
1092,1092,17,0,0.0,0.9998094439506531,0.3315070955640564,14.42776451496631,3.2,0.004394908195241243,3,0.4154371600199927,GOOD,47.86532729006915,47.82420367219035,1.1956050918047587,0,0.0,80.0,1,1,1,17,0.9998094439506531,1,17,1,0.09802161902189255,0.36077412962913513,0.07936989516019821,0.4618344008922577,1,1,0,1,0.1,0.1260569710684396,0.0,0.1893801889515531
1093,1093,17,0,0.0,0.9995495676994324,0.42172567039594333,16.858510159114665,0.20000000000000018,0.0,3,0.468569423302849,GOOD,100.88172583851971,99.18074243189949,2.4795185607974872,0,0.0,80.0,1,1,1,17,0.9995495676994324,1,17,1,0.14519375562667847,0.6634457111358643,0.0490691252052784,0.1422913819551468,1,1,0,1,0.1,0.26856942330284905,0.0,0.1
1094,1094,17,1,6.2,0.9979982972145081,0.39672909952949326,16.75054478413447,0.0,0.0,3,0.4544707685559447,GOOD,102.15256439654644,101.3832764535505,2.5345819113387624,0,0.0,80.0,1,1,1,17,0.9979982972145081,1,17,1,0.018862750381231308,0.6188687086105347,0.1379995197057724,0.22426900267601013,0,1,1,1,0.0,0.25447076855594475,0.1,0.1
1095,1095,17,0,0.0,0.9999940395355225,0.5073457524939017,19.498572810176135,3.2,0.0,3,0.5139382494089033,GOOD,53.84191370746375,52.769365820713666,1.3192341455178418,0,0.0,80.0,1,1,1,17,0.9999940395355225,1,17,1,0.09939444065093994,0.07564149796962738,0.00770700303837657,0.8172569870948792,1,1,0,1,0.1,0.1,0.0,0.31393824940890336
1096,1096,17,0,0.0,0.9999746084213257,0.5372286398451731,19.946404121959247,0.20000000000000018,0.0,3,0.5288573018628359,GOOD,106.16064116863996,104.80285838273092,2.620071459568273,0,0.0,80.0,1,1,1,17,0.9999746084213257,1,17,1,0.87129145860672,0.0334775373339653,0.04083753749728203,0.05439341440796852,1,0,1,1,0.3288573018628359,0.0,0.1,0.1
1097,1097,17,1,6.2,0.986063539981842,0.3671437727203424,15.887966914195992,0.0,0.0,3,0.4371968353554566,GOOD,96.93736959374371,95.27308197471262,2.3818270493678155,0,0.0,80.0,1,1,1,17,0.986063539981842,1,17,1,0.03957222402095795,0.1896039843559265,0.5663340091705322,0.2044898420572281,0,1,1,1,0.0,0.1,0.23719683535545663,0.1
1098,1098,17,0,0.0,0.9999839067459106,0.4028857649477464,15.854066285833532,3.2,0.2103410783782187,3,0.4579835592228195,GOOD,40.06596934677483,39.58635686487125,0.9896589216217813,0,0.0,80.0,1,1,1,17,0.9999839067459106,1,17,1,0.09258082509040833,0.6298325657844543,0.1666659116744995,0.11092062294483185,0,1,1,1,0.0,0.25798355922281957,0.1,0.1
1099,1099,17,0,0.0,0.8265950679779053,0.3460606722904662,15.246946308059993,0.20000000000000018,0.0,3,0.4244583192622745,GOOD,49.90298648937102,49.717208894746776,1.2429302223686696,0,0.0,80.0,1,1,1,17,0.8265950679779053,1,17,1,0.5290614366531372,0.179826021194458,0.058732133358716965,0.23238036036491394,1,1,0,1,0.22445831926227447,0.1,0.0,0.1
1100,1100,17,1,6.2,0.9998101592063904,0.35894497076505766,15.401653573001596,0.0,0.0,3,0.43228768430984144,GOOD,45.61866967093626,45.56674357958,1.1391685894895,0,0.0,80.0,1,1,1,17,0.9998101592063904,1,17,1,0.551822304725647,0.06386921554803848,0.09916877001523972,0.2851397395133972,1,0,1,1,0.2322876843098414,0.0,0.1,0.1
1101,1101,17,0,0.0,0.6662067770957947,0.22684939662103903,12.33511466258063,3.2,0.0,3,0.34365901478176614,GOOD,64.9682199482957,63.691944348427064,1.5922986087106767,0,0.0,80.0,1,1,0,17,0.6662067770957947,1,17,1,0.29170092940330505,0.2587241530418396,0.15555700659751892,0.2940179109573364,1,1,0,1,0.12095199613232754,0.1,0.0,0.12270701864943859
1102,1102,17,0,0.0,0.9999910593032837,0.3615196046649796,15.334461988666739,0.20000000000000018,0.0,3,0.43383526673562056,WEAK,4.566283081888049,3.8482869154218236,0.09620717288554559,0,0.0,80.0,1,1,1,17,0.9999910593032837,1,17,1,0.5563770532608032,0.07205593585968018,0.20215044915676117,0.169416606426239,1,0,1,1,0.23383526673562058,0.0,0.1,0.1
1103,1103,17,1,6.2,0.9996798038482666,0.28032411356601,13.046272237123588,0.0,0.0,3,0.3820226872756377,WEAK,14.431647315892764,13.501835762022335,0.3375458940505584,0,0.0,80.0,1,1,1,17,0.9996798038482666,1,17,1,0.41389039158821106,0.24740880727767944,0.1904621124267578,0.1482386589050293,1,1,1,0,0.18202268727563767,0.1,0.1,0.0
1104,1104,17,0,0.0,0.999996542930603,0.3863085233045388,16.197924685034042,3.2,1.1273932312545318,3,0.4484624359846022,WEAK,3.379495906115867,2.9042707498187252,0.07260676874546813,0,0.0,80.0,1,1,1,17,0.999996542930603,1,17,1,0.6003357172012329,0.04363664239645004,0.12868352234363556,0.22734412550926208,1,0,1,1,0.24846243598460224,0.0,0.1,0.1
1105,1105,17,0,0.0,0.9992676377296448,0.5360762512413927,20.07050804295961,0.20000000000000018,1.1273932312545318,3,0.5282897815744786,DOWN,0.0,0.0,0.0,1,0.0,80.0,1,1,1,17,0.9992676377296448,1,17,1,0.031577013432979584,0.8692046999931335,0.07705827802419662,0.022160017862915993,1,1,1,0,0.1,0.32828978157447863,0.1,0.0
1106,1106,17,0,0.0,0.9998602867126465,0.3447289270792735,15.085630160309229,0.0,1.1273932312545318,3,0.42364081056987,DOWN,0.0,0.0,0.0,1,0.0,80.0,1,1,1,17,0.9998602867126465,1,17,1,0.5267120003700256,0.28394588828086853,0.06872860342264175,0.12061351537704468,1,1,0,1,0.22364081056986998,0.1,0.0,0.1
1107,1107,17,0,0.0,0.999980092048645,0.43911326301954773,17.426972433792862,0.0,1.1273932312545318,3,0.47813133185521184,DOWN,0.0,0.0,0.0,1,0.0,80.0,1,1,1,17,0.999980092048645,1,17,1,0.17699755728244781,0.6945475935935974,0.09232055395841599,0.036134280264377594,1,1,1,0,0.1,0.2781313318552119,0.1,0.0
1108,1108,17,0,0.0,0.9996615648269653,0.3173749846032209,14.01496124212242,0.0,1.1273932312545318,3,0.4064857009216172,DOWN,0.0,0.0,0.0,1,0.0,80.0,1,1,1,17,0.9996615648269653,1,17,1,0.11441598832607269,0.47859442234039307,0.2732245922088623,0.13376499712467194,0,1,1,1,0.0,0.2064857009216172,0.1,0.1
1109,1109,17,0,0.0,0.9999715089797974,0.4001887264369016,16.94681263092891,0.0,1.1273932312545318,3,0.4564480452490894,DOWN,0.0,0.0,0.0,1,0.0,80.0,1,1,1,17,0.9999715089797974,1,17,1,0.33449074625968933,0.009779473766684532,0.030701439827680588,0.6250283718109131,1,0,1,1,0.1,0.0,0.1,0.2564480452490894
1110,1110,17,1,6.2,0.9999572038650513,0.2600141162410336,12.549220482418555,0.0,0.0,3,0.3679233829241205,GOOD,109.3604480685278,108.56282044379401,2.7140705110948504,0,0.0,80.0,1,1,1,17,0.9999572038650513,1,17,1,0.24656358361244202,0.378686785697937,0.2068287581205368,0.16792085766792297,1,1,1,0,0.1,0.16792338292412048,0.1,0.0
1111,1111,17,0,0.0,0.9996743202209473,0.318081384833608,14.365845569378862,3.2,0.0,3,0.4069378190898274,GOOD,80.57873420486564,79.06866455083403,1.9767166137708507,0,0.0,80.0,1,1,1,17,0.9996743202209473,1,17,1,0.4403930902481079,0.35209891200065613,0.07133878767490387,0.1361691951751709,1,1,0,1,0.18170872649706107,0.12522909259276638,0.0,0.1
1112,1112,17,0,0.0,0.9999243021011353,0.5609393889757989,21.010087072382035,0.20000000000000018,0.0,3,0.5404019345083683,GOOD,79.3210538442272,79.04537052677381,1.9761342631693453,0,0.0,80.0,1,1,1,17,0.9999243021011353,1,17,1,0.914277970790863,0.0035622608847916126,0.06260797381401062,0.01955176703631878,1,0,1,1,0.3404019345083683,0.0,0.1,0.1
1113,1113,17,1,6.2,0.9980120658874512,0.39323976442594794,15.46935566418961,0.0,0.0,3,0.4524677605725431,GOOD,46.44359573704905,45.76829572479115,1.144207393119779,0,0.0,80.0,1,1,1,17,0.9980120658874512,1,17,1,0.1689182072877884,0.6126595139503479,0.1061796247959137,0.11224263906478882,1,1,0,1,0.1,0.25246776057254317,0.0,0.1
1114,1114,17,0,0.0,0.9979547262191772,0.35415501280609024,15.097529749281954,3.2,0.0,3,0.4293936553911043,GOOD,51.46390714019929,51.167147140187424,1.2791786785046857,0,0.0,80.0,1,1,1,17,0.9979547262191772,1,17,1,0.48007896542549133,0.39318692684173584,0.0792931616306305,0.04744092747569084,1,1,1,0,0.19103479322104114,0.13835886217006318,0.1,0.0
1115,1115,17,0,0.0,0.8435075283050537,0.24644274802804567,13.385587603888178,0.20000000000000018,0.0,3,0.3581928791961289,GOOD,42.148462154114235,41.68193653114261,1.0420484132785652,0,0.0,80.0,1,1,1,17,0.8435075283050537,1,17,1,0.34627771377563477,0.2743171453475952,0.2842111587524414,0.09519399702548981,1,1,1,0,0.15164914019833994,0.1,0.10654373899778896,0.0
1116,1116,17,1,6.2,0.999968409538269,0.31436711122231553,14.314270729247378,0.0,0.0,3,0.40455491198717464,GOOD,91.83019847080564,91.11749778548433,2.2779374446371086,0,0.0,80.0,1,1,1,17,0.999968409538269,1,17,1,0.4331303536891937,0.07135915011167526,0.14449286460876465,0.35101768374443054,1,0,1,1,0.17869488547068327,0.0,0.1,0.1258600265164914
1117,1117,17,0,0.0,0.9999580383300781,0.4670197141132684,18.203631823703127,3.2,0.015468256019732118,3,0.49309038408909045,GOOD,47.527944530897976,47.38126975921071,1.1845317439802678,0,0.0,80.0,1,1,1,17,0.9999580383300781,1,17,1,0.7446138262748718,0.12952011823654175,0.02754332683980465,0.09832271188497543,1,1,0,1,0.2930903840890905,0.1,0.0,0.1
1118,1118,17,0,0.0,0.9966086149215698,0.301357805664515,14.281285136506856,0.20000000000000018,0.0,3,0.3960957193142547,WEAK,15.707139460758142,12.747743738117268,0.31869359345293174,0,0.0,80.0,1,1,1,17,0.9966086149215698,1,17,1,0.06911280006170273,0.43186792731285095,0.3230118155479431,0.1760074645280838,0,1,1,1,0.0,0.18381716700607517,0.11227855230817957,0.1
1119,1119,17,0,0.0,0.999524712562561,0.5199296583729804,19.506809124816527,0.0,0.0,3,0.520272920788583,DOWN,0.0,0.0,0.0,1,0.0,80.0,1,1,1,17,0.999524712562561,1,17,1,0.09392160922288895,0.8399912714958191,0.03489431366324425,0.0311928391456604,1,1,1,0,0.1,0.32027292078858305,0.1,0.0
1120,1120,17,0,0.0,0.9999138116836548,0.3766228042260147,15.36828314129445,0.0,0.0,3,0.4428047111266632,DOWN,0.0,0.0,0.0,1,0.0,80.0,1,1,1,17,0.9999138116836548,1,17,1,0.08981392532587051,0.5831377506256104,0.1609112024307251,0.16613711416721344,0,1,1,1,0.0,0.24280471112666321,0.1,0.1
1121,1121,17,0,0.0,0.9996880292892456,0.34214848123344216,15.419623527064413,0.0,0.0,3,0.422052264451076,DOWN,0.0,0.0,0.0,1,0.0,80.0,1,1,1,17,0.9996880292892456,1,17,1,0.5221613645553589,0.04142623394727707,0.17078952491283417,0.2656228542327881,1,0,1,1,0.22205226445107604,0.0,0.1,0.1
1122,1122,17,1,6.2,0.99922776222229,0.47602541738542764,18.62808391148212,0.0,0.0,3,0.497821899665599,WEAK,2.0650924061289366,1.942455515395952,0.048561387884898805,0,0.0,80.0,1,1,1,17,0.99922776222229,1,17,1,0.7608075737953186,0.1763119399547577,0.05001873895525932,0.012861689552664757,1,1,1,0,0.297821899665599,0.1,0.1,0.0
1123,1123,17,0,0.0,0.9997305274009705,0.5633428169778361,21.002621454783164,3.2,0.01766858294969431,3,0.5415584131726608,GOOD,47.62827625462882,47.29325668201223,1.1823314170503056,0,0.0,80.0,1,1,1,17,0.9997305274009705,1,17,1,0.9186405539512634,0.04837946593761444,0.022623974829912186,0.010355982929468155,1,1,1,0,0.3415584131726609,0.1,0.1,0.0
1124,1124,17,0,0.0,0.9991088509559631,0.37728967793170226,15.721764256205212,0.20000000000000018,0.0,3,0.4431965676654459,GOOD,103.2519045280396,102.03309163496334,2.550827290874084,0,0.0,80.0,1,1,1,17,0.9991088509559631,1,17,1,0.08079957962036133,0.5843209624290466,0.27000612020492554,0.06487340480089188,1,1,1,0,0.1,0.24319656766544592,0.1,0.0
1125,1125,17,1,6.2,0.9995173215866089,0.21958900050764446,11.718298336375494,0.0,0.0,3,0.3381148282496355,GOOD,99.83212817185402,99.12371555851473,2.4780928889628684,0,0.0,80.0,1,1,1,17,0.9995173215866089,1,17,1,0.2764056622982025,0.20150141417980194,0.2294304519891739,0.29266253113746643,1,0,1,1,0.11279948635662654,0.0,0.1,0.12531534189300897
1126,1126,17,0,0.0,0.9999629259109497,0.3554396302552075,15.989913828016329,3.2,0.0,3,0.43017171480061056,GOOD,62.44708964261995,62.034188793813115,1.550854719845328,0,0.0,80.0,1,1,1,17,0.9999629259109497,1,17,1,0.01680336892604828,0.5456244945526123,0.19391025602817535,0.24366183578968048,0,1,1,1,0.0,0.23017171480061058,0.1,0.1
1127,1127,17,0,0.0,0.9998351335525513,0.4276883574574732,17.341789477991078,0.20000000000000018,0.0,3,0.4718702969940717,GOOD,104.94961225500685,103.35453263960997,2.5838633159902495,0,0.0,80.0,1,1,1,17,0.9998351335525513,1,17,1,0.27825337648391724,0.6741030216217041,0.023908190429210663,0.02373543567955494,1,1,1,0,0.1,0.2718702969940717,0.1,0.0
1128,1128,17,1,6.2,0.9999939203262329,0.5618144652222217,21.05021139333673,0.0,0.0,3,0.540823288953172,GOOD,51.12040628098122,50.29447032754645,1.2573617581886614,0,0.0,80.0,1,1,1,17,0.9999939203262329,1,17,1,0.06289341300725937,0.003831438720226288,0.9158662557601929,0.017408933490514755,1,0,1,1,0.1,0.0,0.34082328895317204,0.1
1129,1129,17,0,0.0,0.9999945163726807,0.46210951591613214,17.596001323170597,3.2,0.0,3,0.4904913833332689,GOOD,55.58701491851135,54.86650277908824,1.3716625694772062,0,0.0,80.0,1,1,1,17,0.9999945163726807,1,17,1,0.7357918620109558,0.13384652137756348,0.06754601746797562,0.06281567364931107,1,1,1,0,0.29049138333326896,0.1,0.1,0.0
1130,1130,17,0,0.0,0.9996515512466431,0.5525613889568497,20.54681810032435,0.20000000000000018,0.0,3,0.536351122427251,GOOD,75.148004948498,74.97948830762871,1.874487207690718,0,0.0,80.0,1,1,1,17,0.9996515512466431,1,17,1,0.02399655058979988,0.05589674040675163,0.8990781307220459,0.021028554067015648,1,1,1,0,0.1,0.1,0.33635112242725107,0.0
1131,1131,17,1,6.2,0.9999940395355225,0.5294490210438003,20.027892530380015,0.0,0.0,3,0.5250141412604311,GOOD,47.99454471778909,47.83687938699663,1.1959219846749158,0,0.0,80.0,1,1,1,17,0.9999940395355225,1,17,1,0.8572086095809937,0.01222209818661213,0.025569265708327293,0.10499999672174454,1,0,1,1,0.32501414126043116,0.0,0.1,0.1
1132,1132,17,0,0.0,0.9999046325683594,0.36872137278463224,15.657098111742089,3.2,0.0,3,0.43813513591863795,GOOD,116.3286623256006,115.66590375793791,2.891647593948448,0,0.0,80.0,1,1,1,17,0.9999046325683594,1,17,1,0.5691287517547607,0.25484803318977356,0.11769665777683258,0.05832662060856819,1,1,1,0,0.2381351359186379,0.1,0.1,0.0
1133,1133,17,0,0.0,0.9996304512023926,0.31837735276914236,14.07145971015251,0.20000000000000018,0.0,3,0.40712709854492324,GOOD,65.76644850368288,64.58495367075851,1.614623841768963,0,0.0,80.0,1,1,1,17,0.9996304512023926,1,17,1,0.4803527593612671,0.23566259443759918,0.11139380931854248,0.17259083688259125,1,1,0,1,0.20712709854492325,0.1,0.0,0.1
1134,1134,17,1,6.2,0.9999599456787109,0.428421279015364,17.364004653584068,0.0,0.0,3,0.47227444158606435,GOOD,113.53279191466494,112.85176567619726,2.8212941419049318,0,0.0,80.0,1,1,1,17,0.9999599456787109,1,17,1,0.6754136085510254,0.02332783117890358,0.2569292485713959,0.04432937875390053,1,0,1,1,0.2722744415860644,0.0,0.1,0.1
1135,1135,17,0,0.0,0.9995098114013672,0.44943834686669637,17.30667820540852,3.2,0.0,3,0.4837199381722105,GOOD,84.49747621793396,83.91353614301009,2.097838403575252,0,0.0,80.0,1,1,1,17,0.9995098114013672,1,17,1,0.12808680534362793,0.7130508422851562,0.09687727689743042,0.061985038220882416,1,1,1,0,0.1,0.28371993817221053,0.1,0.0
1136,1136,17,0,0.0,0.9998041987419128,0.2746157719420778,14.337430717308802,0.20000000000000018,0.0,3,0.3781130482685955,GOOD,110.35387271293268,109.31086637152983,2.732771659288246,0,0.0,80.0,1,1,1,17,0.9998041987419128,1,17,1,0.26562944054603577,0.3748883605003357,0.31959909200668335,0.03988310694694519,1,1,1,0,0.1,0.1580882003730947,0.1200248478955008,0.0
1137,1137,17,1,6.2,0.9999810457229614,0.3643571043812379,15.321773015413926,0.0,0.0,3,0.43553448494779035,WEAK,11.954234114199306,10.870725537161698,0.27176813842904246,0,0.0,80.0,1,1,1,17,0.9999810457229614,1,17,1,0.5613992810249329,0.07671317458152771,0.23709826171398163,0.12478923797607422,1,0,1,1,0.2355344849477903,0.0,0.1,0.1
1138,1138,17,0,0.0,0.9999734163284302,0.38615637496846295,15.367630455636707,3.2,1.1446046911904868,3,0.448374113401693,WEAK,2.671585263252697,2.2158123523805298,0.055395308809513245,0,0.0,80.0,1,1,1,17,0.9999734163284302,1,17,1,0.6000653505325317,0.14426864683628082,0.10332345962524414,0.15234245359897614,1,1,0,1,0.24837411340169294,0.1,0.0,0.1
1139,1139,17,0,0.0,0.9999698400497437,0.26208698613624337,13.244982303686577,0.20000000000000018,0.0,3,0.3693870406297658,GOOD,64.6998790802404,63.96836083557481,1.5992090208893703,0,0.0,80.0,1,1,1,17,0.9999698400497437,1,17,1,0.3822702467441559,0.21478794515132904,0.11925448477268219,0.2836873531341553,1,1,0,1,0.16938704062976576,0.1,0.0,0.1
1140,1140,17,1,6.2,0.9998905658721924,0.2577054225600124,13.406938066535329,0.0,0.0,3,0.36628632500643576,GOOD,46.34535193451586,45.70011678289689,1.1425029195724223,0,0.0,80.0,1,1,1,17,0.9998905658721924,1,17,1,0.24670778214931488,0.35132163763046265,0.3048017621040344,0.09716884791851044,1,1,1,0,0.1,0.14967327086983964,0.11661305413659612,0.0
1141,1141,17,0,0.0,0.9999971389770508,0.36829851726136625,15.826094478103796,3.2,0.0,3,0.4378838336842822,GOOD,78.16662929979012,77.63713537932897,1.9409283844832244,0,0.0,80.0,1,1,1,17,0.9999971389770508,1,17,1,0.5683795809745789,0.1845685988664627,0.20149117708206177,0.045560646802186966,1,1,1,0,0.2378838336842822,0.1,0.1,0.0
1142,1142,17,0,0.0,0.9999237060546875,0.37351924213114385,15.93393274474778,0.20000000000000018,0.0,3,0.44097646971290183,GOOD,55.10231182909323,54.26099728587115,1.3565249321467787,0,0.0,80.0,1,1,1,17,0.9999237060546875,1,17,1,0.5776329636573792,0.2815774381160736,0.04474107548594475,0.096048504114151,1,1,0,1,0.24097646971290185,0.1,0.0,0.1
1143,1143,17,1,6.2,0.9999939203262329,0.5618144652222217,21.05021139333673,0.0,0.0,3,0.540823288953172,WEAK,4.523235359659971,3.645943987991472,0.09114859969978681,0,0.0,80.0,1,1,1,17,0.9999939203262329,1,17,1,0.06289341300725937,0.003831438720226288,0.9158662557601929,0.017408933490514755,1,0,1,1,0.1,0.0,0.34082328895317204,0.1
1144,1144,17,0,0.0,0.9995546936988831,0.3010527607107473,14.202267190492762,3.2,0.9142630107547269,3,0.39589519755916447,WEAK,13.549887296538628,11.429479569810919,0.28573698924527297,0,0.0,80.0,1,1,1,17,0.9995546936988831,1,17,1,0.32542356848716736,0.07379881292581558,0.1720086634159088,0.428769052028656,1,0,1,1,0.11397184273028352,0.0,0.1,0.18192335482888097
1145,1145,17,0,0.0,0.9997586607933044,0.5838456245374197,21.652903376433436,0.20000000000000018,0.5466736024217747,3,0.5513253240521249,WEAK,16.756599947342387,14.70357633331809,0.3675894083329523,0,0.0,80.0,1,1,1,17,0.9997586607933044,1,17,1,0.006665168330073357,0.9558941125869751,0.017847716808319092,0.01959299109876156,0,1,1,1,0.0,0.3513253240521249,0.1,0.1
1146,1146,17,1,6.2,0.9997968077659607,0.46330369642770713,17.486369801456746,0.0,0.36382774527002537,3,0.49112473679790136,WEAK,7.828886044341486,7.31383428606997,0.18284585715174928,0,0.0,80.0,1,1,1,17,0.9997968077659607,1,17,1,0.7379369139671326,0.07991981506347656,0.07280711084604263,0.10933616012334824,1,1,0,1,0.2911247367979014,0.1,0.0,0.1
1147,1147,17,0,0.0,0.9999945163726807,0.49521198471470473,19.074992649304363,3.2,1.5046520721022438,3,0.5077553402836654,WEAK,2.604979445352517,2.367026926711261,0.05917567316778153,0,0.0,80.0,1,1,1,17,0.9999945163726807,1,17,1,0.7953646779060364,0.015508655458688736,0.11320137977600098,0.07592527568340302,1,0,1,1,0.30775534028366547,0.0,0.1,0.1
1148,1148,17,0,0.0,0.9999990463256836,0.44962407852482567,17.95906605056619,0.20000000000000018,0.1408453089671977,3,0.4838198771592317,GOOD,55.25817258581745,54.552270525401845,1.3638067631350461,0,0.0,80.0,1,1,1,17,0.9999990463256836,1,17,1,0.7133839130401611,0.015280485153198242,0.11072440445423126,0.16061115264892578,1,0,1,1,0.28381987715923174,0.0,0.1,0.1
1149,1149,17,1,6.2,0.9999980926513672,0.39943731488248835,16.244520420092936,0.0,0.0,3,0.4560193206717801,GOOD,73.68439303965697,73.55150769252069,1.8387876923130173,0,0.0,80.0,1,1,1,17,0.9999980926513672,1,17,1,0.6236902475357056,0.05936085060238838,0.1149379163980484,0.20201095938682556,1,0,1,1,0.2560193206717801,0.0,0.1,0.1
1150,1150,17,0,0.0,0.999994158744812,0.45961659498002483,18.119810618674926,3.2,0.0,3,0.4891665785562618,GOOD,68.21958974866348,67.23660119189343,1.6809150297973359,0,0.0,80.0,1,1,1,17,0.999994158744812,1,17,1,0.7313149571418762,0.02071516215801239,0.08605051785707474,0.16191937029361725,1,0,1,1,0.2891665785562618,0.0,0.1,0.1
1151,1151,17,0,0.0,0.9997584223747253,0.41294031262177505,16.579500339020328,0.20000000000000018,0.0,3,0.463663135294269,GOOD,79.32526138695991,78.55266176756771,1.9638165441891928,0,0.0,80.0,1,1,1,17,0.9997584223747253,1,17,1,0.08302763104438782,0.055581215769052505,0.21363137662410736,0.6477597951889038,1,0,1,1,0.1,0.0,0.1,0.263663135294269
1152,1152,17,1,6.2,0.9949563145637512,0.5931503902969121,22.00856169904356,0.0,0.0,3,0.555701202702666,WEAK,15.61329599066211,13.668707844313035,0.3417176961078259,0,0.0,80.0,1,1,1,17,0.9949563145637512,1,17,1,0.9728226065635681,0.02137487195432186,0.0010207800660282373,0.004781742580235004,1,1,0,1,0.35570120270266603,0.1,0.0,0.1
1153,1153,17,0,0.0,0.9999855756759644,0.37685669392360815,16.463048134331597,3.2,1.1499335875498677,3,0.44294218472688374,WEAK,2.476623823489342,2.0026564980052917,0.0500664124501323,0,0.0,80.0,1,1,1,17,0.9999855756759644,1,17,1,0.32226651906967163,0.08291755616664886,0.5835527181625366,0.011263254098594189,1,1,1,0,0.1,0.1,0.24294218472688375,0.0
1154,1154,17,0,0.0,0.9991497993469238,0.3372380922184213,14.804727513520813,0.20000000000000018,1.0177808736743894,3,0.41901275019790973,WEAK,6.606903473853388,5.286108555019135,0.1321527138754784,0,0.0,80.0,1,1,1,17,0.9991497993469238,1,17,1,0.3961980640888214,0.4392460584640503,0.04957889765501022,0.11497695744037628,1,1,0,1,0.1461347698963713,0.17287798030153842,0.0,0.1
1155,1155,17,1,6.2,0.9933295249938965,0.3263802371906927,13.726285863127918,0.0,0.9506948529216798,3,0.41221221151905907,WEAK,2.8525479193871837,2.6834408301083856,0.06708602075270964,0,0.0,80.0,1,1,1,17,0.9933295249938965,1,17,1,0.20384477078914642,0.1565520018339157,0.49440503120422363,0.14519818127155304,1,1,1,0,0.1,0.1,0.21221221151905909,0.0
1156,1156,17,0,0.0,0.9999898672103882,0.3343093765729719,14.507939993041497,3.2,0.0,3,0.41718934238984495,GOOD,87.96951196102953,87.84360207814584,2.196090051953646,0,0.0,80.0,1,1,1,17,0.9999898672103882,1,17,1,0.40390393137931824,0.4249822795391083,0.10376790910959244,0.06734593957662582,1,1,1,0,0.15201867989489418,0.1651706624949508,0.1,0.0
1157,1157,17,0,0.0,0.9998061060905457,0.35299319088283765,15.617126583342976,0.20000000000000018,0.0,3,0.42868875391312733,WEAK,18.864317720408202,16.37596122323928,0.40939903058098204,0,0.0,80.0,1,1,1,17,0.9998061060905457,1,17,1,0.5413013100624084,0.04066441208124161,0.26226118206977844,0.15577314794063568,1,0,1,1,0.2286887539131273,0.0,0.1,0.1
1158,1158,17,1,6.2,0.999931812286377,0.43413165949816596,17.584750175973575,0.0,0.0,3,0.47541147016152674,WEAK,7.254099227454496,6.8217847905124485,0.1705446197628112,0,0.0,80.0,1,1,1,17,0.999931812286377,1,17,1,0.2671656608581543,0.6856292486190796,0.030581792816519737,0.016623301431536674,1,1,1,0,0.1,0.2754114701615268,0.1,0.0
1159,1159,17,0,0.0,0.9964442849159241,0.5703745369504336,21.17822007977267,3.2,1.110216000530744,3,0.5449278334652661,WEAK,3.832147797482314,3.5913599787702353,0.08978399946925589,0,0.0,80.0,1,1,1,17,0.9964442849159241,1,17,1,0.034043338149785995,0.02215484529733658,0.9314095973968506,0.012392190285027027,1,1,1,0,0.1,0.1,0.344927833465266,0.0
1160,1160,17,0,0.0,0.999990701675415,0.49672616056242924,19.005897581991807,0.20000000000000018,1.061007409541411,3,0.5085310122109303,WEAK,2.224381877081877,1.9683436395733198,0.049208590989333,0,0.0,80.0,1,1,1,17,0.999990701675415,1,17,1,0.7980950474739075,0.02331172116100788,0.11255898326635361,0.06603433936834335,1,0,1,1,0.3085310122109304,0.0,0.1,0.1
1161,1161,17,1,6.2,0.9998838901519775,0.5749791825203987,21.29359016493343,0.0,0.7081506644571314,3,0.5471230188269545,WEAK,16.4242807655949,14.114269803371185,0.35285674508427967,0,0.0,80.0,1,1,1,17,0.9998838901519775,1,17,1,0.9397755861282349,0.03069913759827614,0.01574268937110901,0.013782594352960587,1,1,1,0,0.3471230188269545,0.1,0.1,0.0
1162,1162,18,0,0.0,0.9960320591926575,0.5503432504508687,20.755784332487238,3.2,1.7165261342920788,3,0.5352735069321891,WEAK,9.317039667807986,7.6649812066021035,0.1916245301650526,0,0.0,80.0,1,1,1,34,0.9960320591926575,0,18,1,0.0013329641660675406,0.8950558304786682,0.09991879016160965,0.0036924087908118963,0,1,1,1,0.0,0.33527350693218916,0.1,0.1
1163,1163,18,0,0.0,0.9861396551132202,0.3050363600101448,15.113214610089976,0.20000000000000018,1.594973336700349,3,0.3985058777682714,WEAK,6.014650303969315,4.862111903669198,0.12155279759172995,0,0.0,80.0,1,1,1,18,0.9861396551132202,1,18,1,0.022287815809249878,0.23112086951732635,0.45698270201683044,0.2896086275577545,0,1,1,1,0.0,0.1,0.19850587776827142,0.1
1164,1164,18,1,6.2,0.9310529232025146,0.2987478624369404,14.331115543940939,0.0,1.5385214508889309,3,0.39437677363921786,WEAK,2.471626715380276,2.2580754324567143,0.05645188581141786,0,0.0,80.0,1,1,1,18,0.9310529232025146,1,18,1,0.06028519198298454,0.33008500933647156,0.1907152682542801,0.4189144968986511,0,1,1,1,0.0,0.11787245596822751,0.1,0.17650431767099037
1165,1165,18,0,0.0,0.9999723434448242,0.33431303259218215,11.746250325456074,3.2,2.557197536624671,4,0.4171916235823375,WEAK,8.324294299206754,7.252956570570396,0.18132391426425992,0,0.0,80.0,1,1,1,18,0.9999723434448242,1,18,1,0.21795934438705444,0.34808939695358276,0.21864256262779236,0.21530872583389282,1,1,1,1,0.1,0.11719162358233756,0.1,0.1
1166,1166,18,0,0.0,0.9961069226264954,0.3266711279546191,15.096117132002238,0.20000000000000018,2.398905002142628,3,0.4123958654382962,WEAK,7.262088087974584,6.3317013792817205,0.15829253448204303,0,0.0,80.0,1,1,1,18,0.9961069226264954,1,18,1,0.49491626024246216,0.1584240049123764,0.046650826930999756,0.30000895261764526,1,1,0,1,0.21239586543829622,0.1,0.0,0.1
1167,1167,18,1,6.2,0.9998698234558105,0.3475537451746711,14.989455846166972,0.0,2.0100211363574902,3,0.42537299283751323,WEAK,16.791915068717607,15.555354631405502,0.38888386578513756,0,0.0,80.0,1,1,1,18,0.9998698234558105,1,18,1,0.07985285669565201,0.3561081290245056,0.5024106502532959,0.061628371477127075,1,1,1,0,0.1,0.1179213757872068,0.20745161705030643,0.0
1168,1168,18,0,0.0,0.9999905824661255,0.3603409474046073,15.54661642868111,3.2,1.2309866322515686,3,0.43312747586854017,GOOD,80.23962025900815,79.16138016423686,1.9790345041059216,0,0.0,80.0,1,1,1,18,0.9999905824661255,1,18,1,0.016198256984353065,0.4636443853378296,0.09672960638999939,0.4234277606010437,0,1,1,1,0.0,0.17864876829624945,0.1,0.15447870757229074
1169,1169,18,0,0.0,0.9999933242797852,0.27777877793057154,13.836172866942746,0.20000000000000018,0.0,3,0.38028435425739937,GOOD,87.16998823242531,85.82085874066846,2.1455214685167117,0,0.0,80.0,1,1,1,18,0.9999933242797852,1,18,1,0.22249090671539307,0.40946751832962036,0.08907540142536163,0.27896615862846375,1,1,0,1,0.1,0.1802843542573994,0.0,0.1
1170,1170,18,1,6.2,0.991466760635376,0.29974400511794874,13.799491743142728,0.0,0.0,3,0.3950337299678891,GOOD,42.62941362131752,42.53042871296383,1.0632607178240958,0,0.0,80.0,1,1,1,18,0.991466760635376,1,18,1,0.3021324574947357,0.4477318525314331,0.1383349895477295,0.11180075258016586,1,1,1,0,0.1,0.19503372996788912,0.1,0.0
1171,1171,18,0,0.0,0.948613166809082,0.39392020978384007,16.6819152784719,3.2,0.0,3,0.45285905685637223,GOOD,66.31549203811942,65.65831699618221,1.6414579249045553,0,0.0,80.0,1,1,1,18,0.948613166809082,1,18,1,0.32601115107536316,0.04387032240629196,0.6138700842857361,0.0162484310567379,1,1,1,0,0.1,0.1,0.2528590568563722,0.0
1172,1172,18,0,0.0,0.9985427856445312,0.32733905436464816,14.735188813430335,0.20000000000000018,0.0,3,0.41281725167466143,GOOD,84.84795800531137,84.03238390834568,2.100809597708642,0,0.0,80.0,1,1,1,18,0.9985427856445312,1,18,1,0.07348450273275375,0.23483262956142426,0.49609023332595825,0.19559261202812195,0,1,1,1,0.0,0.1,0.21281725167466145,0.1
1173,1173,18,1,6.2,0.9997567534446716,0.42083984454298606,16.964220526337026,0.0,0.0,3,0.46807705453169135,GOOD,93.3569730850725,92.76310296465346,2.3190775741163363,0,0.0,80.0,1,1,1,18,0.9997567534446716,1,18,1,0.04013049975037575,0.6618632078170776,0.18075954914093018,0.1172468364238739,0,1,1,1,0.0,0.2680770545316914,0.1,0.1
1174,1174,18,0,0.0,0.9551575183868408,0.3014079910281061,13.893417741130605,3.2,0.0,3,0.3961286990144689,GOOD,86.81182573130427,85.77627790204365,2.1444069475510914,0,0.0,80.0,1,1,1,18,0.9551575183868408,1,18,1,0.34505122900009155,0.40994155406951904,0.08994933217763901,0.1550578624010086,1,1,0,1,0.1267436473248715,0.16938505168959742,0.0,0.1
1175,1175,18,0,0.0,0.6378870010375977,0.3299934311323967,14.170167112029217,0.20000000000000018,0.0,3,0.41448762995218597,GOOD,66.42543086203402,65.5033860812633,1.6375846520315827,0,0.0,80.0,1,1,0,18,0.6378870010375977,1,18,1,0.08881422877311707,0.09196930378675461,0.3923459053039551,0.42687052488327026,0,1,1,1,0.0,0.1,0.1464026690665174,0.16808496088566857
1176,1176,18,1,6.2,0.9999547004699707,0.45278725494189215,17.53252150771975,0.0,0.0,3,0.4855187690339928,GOOD,50.80406437438198,50.35592997344544,1.258898249336136,0,0.0,80.0,1,1,1,18,0.9999547004699707,1,18,1,0.08400167524814606,0.7190576195716858,0.05140559747815132,0.1455351710319519,1,1,0,1,0.1,0.28551876903399287,0.0,0.1
1177,1177,18,0,0.0,0.9991877675056458,0.33874158188092096,15.62385666329524,3.2,0.1457338189310251,3,0.4199457419937984,GOOD,42.904454088358015,42.170647242758996,1.0542661810689749,0,0.0,80.0,1,1,1,18,0.9991877675056458,1,18,1,0.1465413123369217,0.5036266446113586,0.01464911550283432,0.33518287539482117,1,1,0,1,0.1,0.21217877619983458,0.0,0.10776696579396383
1178,1178,18,0,0.0,0.9427659511566162,0.589307337831645,21.79211949111501,0.20000000000000018,0.0,3,0.5538980686985077,GOOD,80.57989059693728,79.89603093655904,1.9974007734139763,0,0.0,80.0,1,1,1,18,0.9427659511566162,1,18,1,0.007917143404483795,0.9658291935920715,0.01199984923005104,0.014253770932555199,0,1,1,1,0.0,0.3538980686985077,0.1,0.1
1179,1179,18,1,6.2,0.9949166774749756,0.39310353256182506,16.44168253469453,0.0,0.0,3,0.45238937853748085,GOOD,113.23175496717056,112.2015153297725,2.805037883244313,0,0.0,80.0,1,1,1,18,0.9949166774749756,1,18,1,0.035843025892972946,0.6124171614646912,0.15237464010715485,0.19936519861221313,0,1,1,1,0.0,0.2523893785374809,0.1,0.1
1180,1180,18,0,0.0,0.9999949932098389,0.37117005225262717,14.681843796616771,3.2,1.0531810030170374,3,0.43958755673914773,WEAK,7.161390217625922,5.8727598793185045,0.1468189969829626,0,0.0,80.0,1,1,1,18,0.9999949932098389,1,18,1,0.13197371363639832,0.5734681487083435,0.14043670892715454,0.15412142872810364,0,1,1,1,0.0,0.2395875567391477,0.1,0.1
1181,1181,18,0,0.0,0.9999291896820068,0.39765630552684716,16.525531271032804,0.20000000000000018,1.0531810030170374,3,0.4550015364032804,DOWN,0.0,0.0,0.0,1,0.0,80.0,1,1,1,18,0.9999291896820068,1,18,1,0.1136210635304451,0.22943879663944244,0.036420952528715134,0.62051922082901,1,1,0,1,0.1,0.1,0.0,0.2550015364032804
1182,1182,19,0,0.0,0.9997339844703674,0.41162230829205765,16.48429346025012,0.0,1.0531810030170374,3,0.4629225943380111,DOWN,0.0,0.0,0.0,1,0.0,80.0,1,1,1,19,0.9997339844703674,1,19,1,0.22561967372894287,0.6454082727432251,0.060179080814123154,0.068792924284935,1,1,0,1,0.1,0.26292259433801113,0.0,0.1
1183,1183,19,1,6.2,0.9992389678955078,0.3922443598441584,16.488366309155527,0.0,0.0,3,0.45189473375757916,GOOD,94.81979456845761,93.77871481863936,2.344467870465984,0,0.0,80.0,1,1,1,19,0.9992389678955078,1,19,1,0.1376374363899231,0.6108888387680054,0.2202455997467041,0.03122813068330288,1,1,1,0,0.1,0.2518947337575792,0.1,0.0
1184,1184,19,0,0.0,0.9982031583786011,0.5610164990994746,21.03645790935044,3.2,0.9746867076278659,3,0.5404390766924022,WEAK,9.906897112588853,9.012531694885363,0.22531329237213407,0,0.0,80.0,1,1,1,19,0.9982031583786011,1,19,1,0.9144179224967957,0.07593049108982086,0.003121569287031889,0.0065299877896904945,1,1,0,1,0.34043907669240225,0.1,0.0,0.1
1185,1185,19,0,0.0,0.999924898147583,0.3054205897118682,14.977423645755362,0.20000000000000018,0.0,3,0.3987567816397878,GOOD,95.89068549493436,94.02252471270921,2.3505631178177304,0,0.0,80.0,1,1,1,19,0.999924898147583,1,19,1,0.21437203884124756,0.45765477418899536,0.032381802797317505,0.2955913841724396,1,1,0,1,0.1,0.1987567816397878,0.0,0.1
1186,1186,19,1,6.2,0.511410117149353,0.26394574291338085,14.178946241764194,0.0,0.0,3,0.3706945981064134,GOOD,99.23562838225014,97.39593804234623,2.4348984510586558,0,0.0,80.0,1,1,0,37,0.511410117149353,0,35,0,0.36241665482521057,0.29556116461753845,0.04489041864871979,0.2971317768096924,1,1,0,1,0.15449528892684292,0.10754819896776505,0.0,0.10865111021180546
1187,1187,19,0,0.0,0.9614302515983582,0.378956282966414,14.571917558344474,3.2,0.0,3,0.44417435711689524,GOOD,48.81360360849065,48.13806521813454,1.2034516304533636,0,0.0,80.0,1,1,1,19,0.9614302515983582,1,19,1,0.01658163219690323,0.06548306345939636,0.5872785449028015,0.3306567966938019,0,1,1,1,0.0,0.1,0.24417435711689525,0.1
1188,1188,19,0,0.0,0.9998457431793213,0.5026573546844837,19.380152456182394,0.20000000000000018,0.0,3,0.511558078198456,GOOD,45.506193225299654,44.74676516548012,1.118669129137003,0,0.0,80.0,1,1,1,19,0.9998457431793213,1,19,1,0.029618943110108376,0.8087945580482483,0.15436622500419617,0.007220313884317875,1,1,1,0,0.1,0.31155807819845605,0.1,0.0
1189,1189,19,1,6.2,0.9952822327613831,0.35881920274982404,15.526576362205136,0.0,0.0,3,0.4322119446676628,GOOD,112.575789866929,110.59897952845472,2.7649744882113683,0,0.0,80.0,1,1,1,19,0.9952822327613831,1,19,1,0.02280299924314022,0.3928234875202179,0.09352004528045654,0.4908534586429596,0,1,1,1,0.0,0.13658572639244007,0.1,0.19562621827522267
1190,1190,19,0,0.0,0.9999717473983765,0.43531316301069456,17.769688966681024,3.2,0.0,3,0.47605795453708943,GOOD,81.2719116995537,80.86277159855175,2.021569289963794,0,0.0,80.0,1,1,1,19,0.9999717473983765,1,19,1,0.6877439022064209,0.2609683573246002,0.04608806222677231,0.005199771840125322,1,1,1,0,0.2760579545370895,0.1,0.1,0.0
1191,1191,19,0,0.0,0.9999943971633911,0.4133891884670476,16.565623181334338,0.20000000000000018,0.0,3,0.4639150732213133,GOOD,48.06491022414241,47.431562604584464,1.1857890651146117,0,0.0,80.0,1,1,1,19,0.9999943971633911,1,19,1,0.23090054094791412,0.6485607624053955,0.05728103220462799,0.06325766444206238,1,1,0,1,0.1,0.26391507322131336,0.0,0.1
1192,1192,19,1,6.2,0.9999762773513794,0.39719722283920905,16.694825596506973,0.0,0.0,3,0.45473881750813044,GOOD,80.89383700005784,80.805853668978,2.02014634172445,0,0.0,80.0,1,1,1,19,0.9999762773513794,1,19,1,0.06078793480992317,0.295939564704895,0.023570513352751732,0.6197019815444946,1,1,0,1,0.1,0.1,0.0,0.25473881750813043
1193,1193,19,0,0.0,0.9993904829025269,0.40162473562096984,16.64994912551624,3.2,0.0,3,0.4572662549954961,GOOD,58.56643685358303,57.84017608971398,1.4460044022428495,0,0.0,80.0,1,1,1,19,0.9993904829025269,1,19,1,0.6275860667228699,0.2593129277229309,0.07998273521661758,0.03311820328235626,1,1,1,0,0.25726625499549616,0.1,0.1,0.0
1194,1194,19,0,0.0,0.9999058246612549,0.3394665034160853,15.419645007079431,0.20000000000000018,0.0,3,0.42039485280598643,GOOD,44.58423636324209,43.82605138734657,1.0956512846836641,0,0.0,80.0,1,1,1,19,0.9999058246612549,1,19,1,0.29960066080093384,0.5174341201782227,0.038274988532066345,0.14469027519226074,1,1,0,1,0.1,0.2203948528059864,0.0,0.1
1195,1195,19,1,6.2,0.6439173817634583,0.4001842323035261,16.29539062654386,0.0,0.0,3,0.4564454822781483,GOOD,67.38152594304182,66.49343195168684,1.6623357987921712,0,0.0,80.0,1,1,0,33,0.6439173817634583,0,31,0,0.523908257484436,0.45180830359458923,0.004253550432622433,0.02002992108464241,1,1,0,1,0.19878183340768366,0.15766364887046466,0.0,0.1
1196,1196,19,0,0.0,0.9999843835830688,0.5479559434528285,20.51609229928932,3.2,0.0,3,0.5341112768187958,GOOD,52.33527057517052,51.781916760802034,1.2945479190200508,0,0.0,80.0,1,1,1,19,0.9999843835830688,1,19,1,0.04525646194815636,0.890727698802948,0.013961996883153915,0.050053831189870834,1,1,0,1,0.1,0.3341112768187958,0.0,0.1
1197,1197,19,0,0.0,0.6059055328369141,0.33113675730146297,14.655030747516168,0.20000000000000018,0.0,3,0.4152050454278986,GOOD,110.27777243167903,108.23920011669695,2.705980002917424,0,0.0,80.0,1,1,0,5,0.6059055328369141,0,19,1,0.49875408411026,0.32302460074424744,0.09718262404203415,0.08103868365287781,1,1,1,0,0.21268834942691447,0.10251669600098409,0.1,0.0
1198,1198,19,1,6.2,0.9980504512786865,0.407688051291096,16.395376053631757,0.0,0.0,3,0.4607049919345877,GOOD,85.00224966047828,84.05430696741475,2.1013576741853686,0,0.0,80.0,1,1,1,19,0.9980504512786865,1,19,1,0.5202869772911072,0.0047363596968352795,0.00290306331589818,0.4720735549926758,1,1,0,1,0.1939733049784941,0.1,0.0,0.1667316869560936
1199,1199,19,0,0.0,0.9999896287918091,0.43480036209214734,17.49774702532537,3.2,1.048362511998186,3,0.4757774726748486,WEAK,6.462230416961292,6.0654995200725565,0.15163748800181392,0,0.0,80.0,1,1,1,19,0.9999896287918091,1,19,1,0.6868260502815247,0.09750024974346161,0.023892974480986595,0.19178074598312378,1,1,0,1,0.27577747267484864,0.1,0.0,0.1
1200,1200,19,0,0.0,0.9999219179153442,0.5544062074372467,20.855045964684248,0.20000000000000018,0.8698778830931944,3,0.5372457252533733,WEAK,7.91814076058186,7.13938515619967,0.17848462890499175,0,0.0,80.0,1,1,1,19,0.9999219179153442,1,19,1,0.07727012038230896,0.018300926312804222,0.0020048723090440035,0.9024240970611572,1,1,0,1,0.1,0.1,0.0,0.33724572525337326
1201,1201,19,1,6.2,0.9998487234115601,0.42297211115687244,16.327371874133284,0.0,0.0,3,0.46926135784697237,GOOD,87.69915276383463,87.23604212402124,2.180901053100531,0,0.0,80.0,1,1,1,19,0.9998487234115601,1,19,1,0.13440188765525818,0.08943058550357819,0.1104947179555893,0.665672779083252,1,0,1,1,0.1,0.0,0.1,0.26926135784697236
1202,1202,20,0,0.0,0.9810412526130676,0.31698793605108455,13.881930031221659,3.2,0.12701264243399724,3,0.4062377644017056,GOOD,43.234554511440294,42.91949430264011,1.0729873575660027,0,0.0,80.0,1,1,1,20,0.9810412526130676,1,20,1,0.43710651993751526,0.10521252453327179,0.35292965173721313,0.10475136339664459,1,1,1,0,0.18008822303604857,0.1,0.12614954136565704,0.0
1203,1203,20,0,0.0,0.9963361024856567,0.4019466690348267,16.300557925886377,0.20000000000000018,0.0,3,0.4574494854907286,GOOD,66.93366460778978,66.02460609931089,1.6506151524827724,0,0.0,80.0,1,1,1,20,0.9963361024856567,1,20,1,0.018403852358460426,0.48383647203445435,0.001968973083421588,0.49579066038131714,1,1,0,1,0.1,0.17532352205490384,0.0,0.18212596343582474
1204,1204,20,1,6.2,0.9919473528862,0.5220023882564225,19.965345165152254,0.0,0.0,3,0.5213089384389515,GOOD,66.24806473521596,65.1594225631726,1.628985564079315,0,0.0,80.0,1,1,1,20,0.9919473528862,1,20,1,0.002170223742723465,0.8437387347221375,0.14455626904964447,0.009534821845591068,0,1,1,1,0.0,0.3213089384389516,0.1,0.1
1205,1205,20,0,0.0,0.9999154806137085,0.5411861030911223,19.98594316123896,3.2,0.0,3,0.5308016258836966,GOOD,84.73937829607613,84.7376962803435,2.1184424070085877,0,0.0,80.0,1,1,1,20,0.9999154806137085,1,20,1,0.03865642100572586,0.8784594535827637,0.03852782025933266,0.04435628652572632,1,1,0,1,0.1,0.33080162588369666,0.0,0.1
1206,1206,20,0,0.0,0.7458310127258301,0.39396319164535915,15.823793817355005,0.20000000000000018,0.0,3,0.45288376261384644,GOOD,119.26926752848507,117.4032189173735,2.9350804729343376,0,0.0,80.0,1,1,0,20,0.7458310127258301,1,20,1,0.1398281753063202,0.08102121204137802,0.6139465570449829,0.16520404815673828,1,0,1,1,0.1,0.0,0.2528837626138465,0.1
1207,1207,20,1,6.2,0.9995309114456177,0.27586374751548925,13.107071922142763,0.0,0.0,3,0.37897123087848406,WEAK,18.241457688524495,17.273448332294414,0.43183620830736036,0,0.0,80.0,1,1,1,20,0.9995309114456177,1,20,1,0.2683987617492676,0.40614190697669983,0.18538759648799896,0.14007174968719482,1,1,1,0,0.1,0.17897123087848407,0.1,0.0
1208,1208,20,0,0.0,0.9996114373207092,0.5971486031259172,22.07860710601158,3.2,0.9896007740436554,3,0.557570947856826,WEAK,10.120623392200782,8.415969038253783,0.21039922595634458,0,0.0,80.0,1,1,1,20,0.9996114373207092,1,20,1,0.005881974473595619,0.9801007509231567,0.009575214236974716,0.004442023113369942,1,1,1,0,0.1,0.3575709478568261,0.1,0.0
1209,1209,20,0,0.0,0.9978587031364441,0.5101525662997222,19.583299657452116,0.20000000000000018,0.0,3,0.5153579314730041,GOOD,63.05594409604514,62.108435495958624,1.5527108873989657,0,0.0,80.0,1,1,1,20,0.9978587031364441,1,20,1,0.009957863949239254,0.1608017086982727,0.006915152072906494,0.8223252296447754,1,1,0,1,0.1,0.1,0.0,0.31535793147300406
1210,1210,20,1,6.2,0.9907021522521973,0.6045042082201351,22.357052830842292,0.0,0.0,3,0.5609944835827112,GOOD,89.57716809716992,89.0374545707231,2.2259363642680774,0,0.0,80.0,1,1,1,20,0.9907021522521973,1,20,1,0.0013111061416566372,0.00457406509667635,0.0006180922500789165,0.9934967756271362,1,1,0,1,0.1,0.1,0.0,0.36099448358271113
1211,1211,20,0,0.0,0.9993826150894165,0.3474240921958001,16.084664382111352,3.2,0.0,3,0.4252936439298848,GOOD,117.3411170913626,116.31036413633313,2.9077591034083285,0,0.0,80.0,1,1,1,20,0.9993826150894165,1,20,1,9.99999993922529e-09,0.1647743433713913,0.5314673781394958,0.30375829339027405,0,1,1,1,0.0,0.1,0.22529364392988474,0.1
1212,1212,20,0,0.0,0.8321145176887512,0.5334200299442742,20.250884037517803,0.20000000000000018,0.0,3,0.5269793363316939,GOOD,84.18662001925597,83.49712766664398,2.0874281916660995,0,0.0,80.0,1,1,1,20,0.8321145176887512,1,20,1,0.003971620928496122,0.8643956780433655,0.12544620037078857,0.006186497863382101,0,1,1,1,0.0,0.32697933633169396,0.1,0.1
1213,1213,20,1,6.2,0.9995357990264893,0.3713763849371588,15.476858961544098,0.0,0.0,3,0.43970972268229935,GOOD,74.58683382140464,73.35359285488376,1.8338398213720941,0,0.0,80.0,1,1,1,20,0.9995357990264893,1,20,1,0.19040527939796448,0.5738338828086853,0.07491940259933472,0.16084140539169312,1,1,0,1,0.1,0.23970972268229937,0.0,0.1
1214,1214,20,0,0.0,0.9999817609786987,0.3665309116502975,16.086825187596506,3.2,0.0,3,0.43683178377358867,GOOD,114.56882078522894,113.2758057677199,2.831895144192998,0,0.0,80.0,1,1,1,20,0.9999817609786987,1,20,1,0.36386242508888245,0.5370126962661743,0.0932503491640091,0.00587458023801446,1,1,1,0,0.11682573985930189,0.22000604391428683,0.1,0.0
1215,1215,20,0,0.0,0.9993698000907898,0.37540885540527497,16.349387233967025,0.20000000000000018,0.0,3,0.4420905003720367,GOOD,96.41920470334703,94.80259482421093,2.3700648706052734,0,0.0,80.0,1,1,1,20,0.9993698000907898,1,20,1,0.06862109899520874,0.5724891424179077,0.34816205501556396,0.010727668181061745,1,1,1,0,0.1,0.23708849403121282,0.10500200634082382,0.0
1216,1216,20,1,6.2,0.9933132529258728,0.3029497243912305,14.68458403632284,0.0,0.0,3,0.39714052660402155,GOOD,95.99848174578091,94.55902415799112,2.363975603949778,0,0.0,80.0,1,1,1,20,0.9933132529258728,1,20,1,0.051125697791576385,0.2666209936141968,0.2289193570613861,0.45333394408226013,0,1,1,1,0.0,0.1,0.1,0.1971405266040215
1217,1217,20,0,0.0,0.9995587468147278,0.4328169239461152,17.451803168617275,3.2,0.0,3,0.4746910501138195,GOOD,99.69068445834476,99.27468453811383,2.481867113452846,0,0.0,80.0,1,1,1,20,0.9995587468147278,1,20,1,0.2647692561149597,0.6832765340805054,0.024077553302049637,0.02787667326629162,1,1,0,1,0.1,0.27469105011381956,0.0,0.1
1218,1218,20,0,0.0,0.996405839920044,0.5953562230749258,22.060117007979613,0.20000000000000018,0.0,3,0.5567335264080676,GOOD,87.06148436840698,87.05716972163547,2.176429243040887,0,0.0,80.0,1,1,1,20,0.996405839920044,1,20,1,0.006349062081426382,0.976837694644928,0.014761470258235931,0.002051801420748234,1,1,1,0,0.1,0.35673352640806766,0.1,0.0
1219,1219,20,1,6.2,0.9457828998565674,0.29864111579478364,14.473535095536496,0.0,0.0,3,0.3943063092729787,GOOD,88.80196067559297,88.57260948660787,2.214315237165197,0,0.0,80.0,1,1,1,20,0.9457828998565674,1,20,1,0.2246745377779007,0.44580551981925964,0.2674182057380676,0.06210171803832054,1,1,1,0,0.1,0.19430630927297868,0.1,0.0
1220,1220,20,0,0.0,0.9382839202880859,0.5528194183291985,20.705319964619513,3.2,0.0,3,0.5364763376463446,GOOD,97.36455731524357,95.88792732800981,2.397198183200245,0,0.0,80.0,1,1,1,20,0.9382839202880859,1,20,1,0.02416488341987133,0.8995460867881775,0.010206958279013634,0.06608211994171143,1,1,0,1,0.1,0.33647633764634466,0.0,0.1
1221,1221,20,0,0.0,0.8929007649421692,0.5786200386708239,21.485116402695645,0.20000000000000018,0.0,3,0.5488525186132054,GOOD,108.33620053559937,107.43911703229615,2.685977925807404,0,0.0,80.0,1,1,1,20,0.8929007649421692,1,20,1,0.006319527048617601,0.04237549006938934,0.004912099335342646,0.9463928937911987,1,1,0,1,0.1,0.1,0.0,0.34885251861320543
1222,1222,21,1,6.2,0.9998212456703186,0.3804676439454108,15.880230921891236,0.0,0.0,3,0.44505920824879974,GOOD,40.0513842959899,39.5348230772276,0.9883705769306901,0,0.0,80.0,1,1,1,21,0.9998212456703186,1,21,1,0.011125948280096054,0.4481126368045807,0.05696482956409454,0.4837965965270996,0,1,1,1,0.0,0.16209410775958613,0.1,0.18296510048921363
1223,1223,21,0,0.0,0.9579523801803589,0.35895761315937436,15.747422300536709,3.2,0.0,3,0.4322952970411612,GOOD,85.36874923910338,84.52093713641013,2.113023428410253,0,0.0,80.0,1,1,1,21,0.9579523801803589,1,21,1,0.026229143142700195,0.3511790931224823,0.08978508412837982,0.5328066945075989,0,1,1,1,0.0,0.11146378403823587,0.1,0.22083151300292533
1224,1224,21,0,0.0,0.9990542531013489,0.4661437050312809,17.922269274334713,0.20000000000000018,0.0,3,0.4926277115407584,GOOD,94.50981737321935,93.9842028390159,2.3496050709753975,0,0.0,80.0,1,1,1,21,0.9990542531013489,1,21,1,0.08258366584777832,0.12822619080543518,0.04615060240030289,0.7430395483970642,1,1,0,1,0.1,0.1,0.0,0.2926277115407584
1225,1225,21,1,6.2,0.9983758926391602,0.4431344898212143,16.97593042140999,0.0,0.0,3,0.4803156120325796,WEAK,14.730809495516134,11.81129799748835,0.29528244993720876,0,0.0,80.0,1,1,1,21,0.9983758926391602,1,21,1,0.08898681402206421,0.07533799856901169,0.1339242309331894,0.7017509341239929,1,0,1,1,0.1,0.0,0.1,0.2803156120325796
1226,1226,21,0,0.0,0.9663184881210327,0.37239385139518094,16.25626086702166,3.2,1.2,3,0.4403116509426497,DOWN,0.0,0.0,0.0,1,0.0,80.0,1,1,1,21,0.9663184881210327,1,21,1,0.020060395821928978,0.3078525960445404,0.09644941985607147,0.5756375789642334,0,1,1,1,0.0,0.1,0.1,0.2403116509426497
1227,1227,21,0,0.0,0.999950647354126,0.38430223802197827,16.710997481633115,0.20000000000000018,1.2,3,0.4472963798739529,DOWN,0.0,0.0,0.0,1,0.0,80.0,1,1,1,21,0.999950647354126,1,21,1,9.99999993922529e-09,0.5919123888015747,0.05956214293837547,0.3485254645347595,0,1,1,1,0.0,0.2444688093363984,0.1,0.10282757053755445
1228,1228,21,0,0.0,0.9975716471672058,0.3556133281175912,15.925443741307417,0.0,1.2,3,0.43027681110188487,DOWN,0.0,0.0,0.0,1,0.0,80.0,1,1,1,21,0.9975716471672058,1,21,1,0.017534837126731873,0.3366300165653229,0.53989177942276,0.10594339668750763,0,1,1,1,0.0,0.1036539108582088,0.22662290024367612,0.1
1229,1229,21,0,0.0,0.9987868666648865,0.2545850061379246,12.6120364298291,0.0,1.2,3,0.3640619890786194,DOWN,0.0,0.0,0.0,1,0.0,80.0,1,1,1,21,0.9987868666648865,1,21,1,0.27144405245780945,0.19978050887584686,0.15946343541145325,0.36931195855140686,1,1,0,1,0.1,0.1,0.0,0.16406198907861938
1230,1230,21,1,6.2,0.9999265670776367,0.5116432585939312,19.195608810162955,0.0,0.0,3,0.5161103335552435,GOOD,83.46811339390061,82.19042270669583,2.0547605676673957,0,0.0,80.0,1,1,1,21,0.9999265670776367,1,21,1,0.09577414393424988,0.041469331830739975,0.8250175714492798,0.037738945335149765,1,1,1,0,0.1,0.1,0.31611033355524354,0.0
1231,1231,21,0,0.0,0.9997604489326477,0.41305686016487825,17.30781702886478,3.2,0.0,3,0.46372856240949445,GOOD,109.45913027245263,109.21907348535728,2.7304768371339323,0,0.0,80.0,1,1,1,21,0.9997604489326477,1,21,1,0.0032086388673633337,0.6479677557945251,0.14013712108135223,0.2086864709854126,0,1,1,1,0.0,0.2637285624094945,0.1,0.1
1232,1232,21,0,0.0,0.9952219128608704,0.5053055501333408,19.443137307421363,0.20000000000000018,0.0,3,0.5129038519812537,GOOD,80.47715348749259,79.78130730364892,1.994532682591223,0,0.0,80.0,1,1,1,21,0.9952219128608704,1,21,1,0.007795821409672499,0.813573956489563,0.09447421878576279,0.08415597677230835,0,1,1,1,0.0,0.3129038519812537,0.1,0.1
1233,1233,21,1,6.2,0.9998620748519897,0.5395968364657124,20.43132917996793,0.0,0.0,3,0.5300216672514374,GOOD,52.28226352357044,51.40641296283104,1.285160324070776,0,0.0,80.0,1,1,1,21,0.9998620748519897,1,21,1,0.00325588695704937,0.8755805492401123,0.10649693012237549,0.014666708186268806,0,1,1,1,0.0,0.33002166725143744,0.1,0.1
1234,1234,21,0,0.0,0.9993168115615845,0.4135785105117892,17.224008922454267,3.2,0.1029171114404015,3,0.46402129188774444,GOOD,43.89779414021821,43.88331554238393,1.0970828885595985,0,0.0,80.0,1,1,1,21,0.9993168115615845,1,21,1,0.010015411302447319,0.6488986015319824,0.304887056350708,0.036198876798152924,0,1,1,1,0.0,0.2640212918877445,0.1,0.1
1235,1235,21,0,0.0,0.9985879063606262,0.3889221461256527,16.052274905165508,0.20000000000000018,0.0,3,0.44997694543056255,GOOD,53.1502980739555,52.400744989764725,1.3100186247441181,0,0.0,80.0,1,1,1,21,0.9985879063606262,1,21,1,0.0077490839175879955,0.041543424129486084,0.453006386756897,0.4977010488510132,0,1,1,1,0.0,0.1,0.16206071344102288,0.1879162319895397
1236,1236,21,1,6.2,0.9544273614883423,0.5115653470711883,19.657269850416682,0.0,0.0,3,0.516071036181309,GOOD,58.26373667656845,57.57368784491791,1.439342196122948,0,0.0,80.0,1,1,1,21,0.9544273614883423,1,21,1,0.004288405645638704,0.1535789519548416,0.8248768448829651,0.017255788668990135,0,1,1,1,0.0,0.1,0.31607103618130905,0.1
1237,1237,21,0,0.0,0.9995751976966858,0.495541033996785,19.27030280525201,3.2,0.0,3,0.5079240041999141,GOOD,64.28661212755097,63.143859103647834,1.578596477591196,0,0.0,80.0,1,1,1,21,0.9995751976966858,1,21,1,0.0020352390129119158,0.012016133405268192,0.7959579825401306,0.18999068439006805,0,1,1,1,0.0,0.1,0.30792400419991417,0.1
1238,1238,21,0,0.0,0.9990307092666626,0.3815194910315807,16.15510924553327,0.20000000000000018,0.0,3,0.4456739926232398,GOOD,110.871095611536,110.37162619486651,2.7592906548716627,0,0.0,80.0,1,1,1,21,0.9990307092666626,1,21,1,0.015061828307807446,0.5545406937599182,0.3797084093093872,0.050689030438661575,0,1,1,1,0.0,0.22389480861357405,0.12177918400966575,0.1
1239,1239,21,1,6.2,0.999428927898407,0.5007275290862298,19.369911025593527,0.0,0.0,3,0.5105751350149536,GOOD,77.67617107654536,76.93035543552031,1.923258885888008,0,0.0,80.0,1,1,1,21,0.999428927898407,1,21,1,0.004663750063627958,0.8053125143051147,0.18549606204032898,0.00452768849208951,1,1,1,0,0.1,0.3105751350149536,0.1,0.0
1240,1240,21,0,0.0,0.7697388529777527,0.5744147495883769,21.2926517334048,3.2,1.2,3,0.5468544090374159,DOWN,0.0,0.0,0.0,1,0.0,80.0,1,1,0,33,0.7697388529777527,0,21,1,0.006722075864672661,0.05212440714240074,0.9387499094009399,0.0024035642854869366,1,1,1,0,0.1,0.1,0.34685440903741593,0.0
1241,1241,21,0,0.0,0.9849737882614136,0.38551802202720453,15.632186696018064,0.20000000000000018,0.0,3,0.44800335774664923,GOOD,108.15720284812726,106.28893417744655,2.657223354436164,0,0.0,80.0,1,1,1,21,0.9849737882614136,1,21,1,0.08332598954439163,0.21291495859622955,0.10482797771692276,0.598931074142456,0,1,1,1,0.0,0.1,0.1,0.24800335774664925
1242,1242,21,1,6.2,0.9849652051925659,0.42078625768141376,16.955617796226544,0.0,0.0,3,0.46804725272089587,GOOD,67.5229734607323,66.82177965153274,1.6705444912883185,0,0.0,80.0,1,1,1,21,0.9849652051925659,1,21,1,0.13689680397510529,0.6617674827575684,0.04066668823361397,0.1606689840555191,1,1,0,1,0.1,0.2680472527208959,0.0,0.1
1243,1243,21,0,0.0,0.6967175006866455,0.5313692331477896,20.23991484304773,3.2,0.0,3,0.5259653433973738,GOOD,103.92859587519516,102.8928868088224,2.57232217022056,0,0.0,80.0,1,1,0,21,0.6967175006866455,1,21,1,0.0005532270297408104,0.0022720075212419033,0.8606836199760437,0.13649114966392517,0,1,1,1,0.0,0.1,0.3259653433973738,0.1
1244,1244,21,0,0.0,0.9991458654403687,0.5637059192979902,21.07036504733113,0.20000000000000018,0.0,3,0.541732915655316,WEAK,13.208444198408788,11.52901825674713,0.2882254564186783,0,0.0,80.0,1,1,1,21,0.9991458654403687,1,21,1,0.006256007589399815,0.9192997217178345,0.059960078448057175,0.014484141021966934,0,1,1,1,0.0,0.34173291565531605,0.1,0.1
1245,1245,21,1,6.2,0.9938761591911316,0.4619233449722132,18.44873529206651,0.0,0.0,3,0.4903925707795195,WEAK,11.070793359744217,9.015213257046494,0.22538033142616234,0,0.0,80.0,1,1,1,21,0.9938761591911316,1,21,1,0.0009913401445373893,0.7354574799537659,0.20422331988811493,0.05932790786027908,0,1,1,1,0.0,0.2903925707795195,0.1,0.1
1246,1246,21,0,0.0,0.9996364116668701,0.5070711032989509,19.067016814339034,3.2,0.7958466276476865,3,0.5137991215715052,WEAK,19.5202763074263,16.166134894092536,0.4041533723523134,0,0.0,80.0,1,1,1,21,0.9996364116668701,1,21,1,0.03828529268503189,0.8167611360549927,0.0995190218091011,0.04543452709913254,0,1,1,1,0.0,0.31379912157150525,0.1,0.1
1247,1247,21,0,0.0,0.9988412261009216,0.42673212756072776,17.378573591255268,0.20000000000000018,0.5754721959468474,3,0.4713424956541245,WEAK,10.69234098267928,8.814977268033568,0.2203744317008392,0,0.0,80.0,1,1,1,21,0.9988412261009216,1,21,1,0.019557764753699303,0.1097908765077591,0.19825804233551025,0.6723933219909668,0,1,1,1,0.0,0.1,0.1,0.2713424956541245
1248,1248,21,1,6.2,0.5063714981079102,0.37471867587185015,16.45239390274842,0.0,0.2105162884081208,3,0.4416839274055243,WEAK,15.715067214155154,14.598236301549063,0.3649559075387266,0,0.0,80.0,1,1,0,29,0.5063714981079102,0,21,1,0.003070865059271455,0.34744709730148315,0.5716675519943237,0.077814482152462,0,1,1,1,0.0,0.10476934882510458,0.23691457858041973,0.1
1249,1249,21,0,0.0,0.99947589635849,0.4097815118146092,17.27373796972612,3.2,1.1845805914913567,3,0.4618863274609015,WEAK,10.023187940475191,9.037427876670556,0.2259356969167639,0,0.0,80.0,1,1,1,21,0.99947589635849,1,21,1,0.0006489148363471031,0.6421247720718384,0.06599551439285278,0.29123085737228394,0,1,1,1,0.0,0.26188632746090157,0.1,0.1
1250,1250,21,0,0.0,0.9947239756584167,0.5284377990616403,20.077759994584994,0.20000000000000018,0.8026197076860653,3,0.5245125258423629,WEAK,16.761885406106565,15.278435352211659,0.3819608838052915,0,0.0,80.0,1,1,1,21,0.9947239756584167,1,21,1,0.006575018633157015,0.8553788661956787,0.0925847515463829,0.04546136036515236,0,1,1,1,0.0,0.3245125258423629,0.1,0.1
1251,1251,21,1,6.2,0.9968767166137695,0.5012779200939302,18.912233381735536,0.0,0.7331608258931855,3,0.5108556656101305,WEAK,3.3268172440097334,2.7783552717151876,0.06945888179287969,0,0.0,80.0,1,1,1,21,0.9968767166137695,1,21,1,0.038573008030653,0.8063055276870728,0.09832519292831421,0.05679625645279884,0,1,1,1,0.0,0.31085566561013056,0.1,0.1
1252,1252,21,0,0.0,0.771587073802948,0.5431317524309501,20.54524411184517,3.2,1.7389429288799803,3,0.5317549275887001,WEAK,9.230577959044677,7.768715880528208,0.19421789701320522,0,0.0,80.0,1,1,0,21,0.771587073802948,1,21,1,0.0019057802855968475,0.10055557638406754,0.015554140321910381,0.881984531879425,0,1,1,1,0.0,0.1,0.1,0.33175492758870007
1253,1253,21,0,0.0,0.999894380569458,0.510059823459219,19.192508300760373,0.20000000000000018,1.7389429288799803,3,0.5153110847706203,DOWN,0.0,0.0,0.0,1,0.0,80.0,1,1,1,21,0.999894380569458,1,21,1,0.0427858866751194,0.8221577405929565,0.034934982657432556,0.1001213788986206,1,1,0,1,0.1,0.3153110847706203,0.0,0.1
1254,1254,21,0,0.0,0.9983986020088196,0.3444814738871895,15.530976056955087,0.0,1.7389429288799803,3,0.4234887344284768,DOWN,0.0,0.0,0.0,1,0.0,80.0,1,1,1,21,0.9983986020088196,1,21,1,0.036311086267232895,0.5262755155563354,0.3211435079574585,0.11626997590065002,0,1,1,1,0.0,0.2234887344284768,0.1,0.1
1255,1255,21,1,6.2,0.9991726279258728,0.5098208001892341,19.29841391392268,0.0,1.515759676366942,3,0.5151903285687613,WEAK,10.71584325704116,8.927330100521532,0.2231832525130383,0,0.0,80.0,1,1,1,21,0.9991726279258728,1,21,1,0.05772193893790245,0.8217260837554932,0.02684939280152321,0.09370258450508118,1,1,0,1,0.1,0.3151903285687614,0.0,0.1
1256,1256,21,0,0.0,0.9999743700027466,0.5565342785566756,20.915724175629215,3.2,2.344862162668231,3,0.5382758382549615,WEAK,16.469889325559723,14.835900547948443,0.3708975136987111,0,0.0,80.0,1,1,1,21,0.9999743700027466,1,21,1,0.0026222788728773594,0.07933944463729858,0.011753760278224945,0.906284511089325,0,1,1,1,0.0,0.1,0.1,0.33827583825496144
1257,1257,21,0,0.0,0.8722851276397705,0.48048455460976175,18.62603992812623,0.20000000000000018,2.2608480779538667,3,0.5001481218592494,WEAK,3.5624079803130204,3.3605633885745774,0.08401408471436445,0,0.0,80.0,1,1,1,21,0.8722851276397705,1,21,1,0.02043943852186203,0.12033703178167343,0.09039133787155151,0.7688322067260742,0,1,1,1,0.0,0.1,0.1,0.30014812185924933
1258,1258,21,0,0.0,0.9998373985290527,0.3822719757495059,15.791992088922719,0.0,2.2608480779538667,3,0.44611328560471863,DOWN,0.0,0.0,0.0,1,0.0,80.0,1,1,1,21,0.9998373985290527,1,21,1,0.02489144168794155,0.5141757130622864,0.03918568417429924,0.4217471182346344,0,1,1,1,0.0,0.20002279958219252,0.1,0.14609048602252608
1259,1259,21,0,0.0,0.9995610117912292,0.3429719303603421,15.78109399593947,0.0,2.2608480779538667,3,0.4225598360663312,DOWN,0.0,0.0,0.0,1,0.0,80.0,1,1,1,21,0.9995610117912292,1,21,1,0.01640559732913971,0.5236132740974426,0.22460992634296417,0.2353712022304535,0,1,1,1,0.0,0.2225598360663312,0.1,0.1
1260,1260,21,0,0.0,0.9956715106964111,0.4013157815460572,16.988210959446373,0.0,2.2608480779538667,3,0.45709034270735033,DOWN,0.0,0.0,0.0,1,0.0,80.0,1,1,1,21,0.9956715106964111,1,21,1,0.008497364819049835,0.26733240485191345,0.097134530544281,0.6270357370376587,0,1,1,1,0.0,0.1,0.1,0.2570903427073503
1261,1261,21,0,0.0,0.9354416131973267,0.3585180735379359,15.542338845138538,0.0,2.2608480779538667,3,0.43203054556849896,DOWN,0.0,0.0,0.0,1,0.0,80.0,1,1,1,21,0.9354416131973267,1,21,1,0.053162477910518646,0.22828221321105957,0.1674879789352417,0.5510672926902771,0,1,1,1,0.0,0.1,0.1,0.23203054556849892
1262,1262,21,1,6.2,0.9501170516014099,0.3216170160455867,14.734886710232233,0.0,2.0942185317215922,3,0.4091932260358738,WEAK,7.16303998424274,6.665181849290973,0.16662954623227433,0,0.0,80.0,1,1,1,21,0.9501170516014099,1,21,1,0.05621616169810295,0.1433541178703308,0.46637117862701416,0.3340585231781006,0,1,1,1,0.0,0.1,0.1966819502570896,0.11251127577878423
1263,1263,21,0,0.0,0.921335756778717,0.38472496972468284,16.027859204873216,3.2,3.173560487788738,3,0.44754232482495626,WEAK,5.960869768578941,4.826321757314163,0.12065804393285406,0,0.0,80.0,1,1,1,21,0.921335756778717,1,21,1,0.1494332253932953,0.05348838120698929,0.5975220799446106,0.19955632090568542,1,0,1,1,0.1,0.0,0.24754232482495622,0.1
1264,1264,21,0,0.0,0.9991477727890015,0.5721930238380076,21.355204578065283,0.20000000000000018,1.8935083108879234,3,0.5457958206141551,GOOD,51.45573901944972,51.20208707603258,1.2800521769008146,0,0.0,80.0,1,1,1,21,0.9991477727890015,1,21,1,0.003440616186708212,0.9347131252288818,0.04638367146253586,0.015462644398212433,0,1,1,1,0.0,0.34579582061415515,0.1,0.1
1265,1265,21,1,6.2,0.9012559056282043,0.47615839935482757,18.736183298273353,0.0,0.4609972459334293,3,0.4978914303160346,GOOD,58.06227492637682,57.30044259817976,1.432511064954494,0,0.0,80.0,1,1,1,21,0.9012559056282043,1,21,1,0.00530136376619339,0.21107304096221924,0.022578708827495575,0.761046826839447,0,1,1,1,0.0,0.1,0.1,0.2978914303160346
1266,1266,21,0,0.0,0.9998433589935303,0.35459442560014803,15.69160330604944,3.2,0.0,3,0.4296599548496576,GOOD,89.20195055226986,87.61369566875221,2.1903423917188056,0,0.0,80.0,1,1,1,21,0.9998433589935303,1,21,1,0.1654057502746582,0.5441306829452515,0.25310641527175903,0.03735709562897682,1,1,1,0,0.1,0.2296599548496576,0.1,0.0
1267,1267,21,0,0.0,0.9989625215530396,0.3680651813423853,16.306172780445067,0.20000000000000018,0.0,3,0.43774510082195095,GOOD,95.56262330291051,94.86405422283252,2.3716013555708133,0,0.0,80.0,1,1,1,21,0.9989625215530396,1,21,1,0.0028072919230908155,0.09289821982383728,0.3472032845020294,0.557091236114502,0,1,1,1,0.0,0.1,0.10646687663546056,0.23127822418649038
1268,1268,21,1,6.2,0.976927638053894,0.39913619032015835,16.767848340011316,0.0,0.0,3,0.45584739819088604,GOOD,65.64672499599249,64.38068503883477,1.6095171259708694,0,0.0,80.0,1,1,1,21,0.976927638053894,1,21,1,0.021164869889616966,0.6231540441513062,0.3330501914024353,0.022630928084254265,0,1,1,1,0.0,0.2558473981908861,0.1,0.1
1269,1269,21,0,0.0,0.990588903427124,0.5516368560684785,20.44950931127125,3.2,0.0,3,0.5359022294559515,GOOD,62.200889554721215,61.63994294009546,1.5409985735023866,0,0.0,80.0,1,1,1,21,0.990588903427124,1,21,1,0.029245911166071892,0.04714104160666466,0.026211516931653023,0.8974015116691589,1,1,0,1,0.1,0.1,0.0,0.3359022294559515
1270,1270,21,0,0.0,0.9237422943115234,0.58009274678954,21.46363405998528,0.20000000000000018,0.0,3,0.5495505465392163,GOOD,93.47548565646188,92.4273397250252,2.31068349312563,0,0.0,80.0,1,1,1,21,0.9237422943115234,1,21,1,0.012198648415505886,0.02271800860762596,0.016013195738196373,0.949070155620575,0,1,1,1,0.0,0.1,0.1,0.34955054653921636
1271,1271,21,1,6.2,0.9918890595436096,0.46283554195121307,18.283724772050025,0.0,0.0,3,0.4908765406820845,GOOD,93.79516577734321,92.58946694435166,2.3147366736087913,0,0.0,80.0,1,1,1,21,0.9918890595436096,1,21,1,0.014476792886853218,0.13115878403186798,0.11726851016283035,0.7370959520339966,0,1,1,1,0.0,0.1,0.1,0.29087654068208446
1272,1272,21,0,0.0,0.9993708729743958,0.34673075687114496,15.878542883452631,3.2,0.010632684266473902,3,0.42486906432409244,GOOD,48.511094640992624,47.57469262934104,1.189367315733526,0,0.0,80.0,1,1,1,21,0.9993708729743958,1,21,1,0.013991346582770348,0.2673013210296631,0.1884634643793106,0.5302438139915466,0,1,1,1,0.0,0.1,0.1,0.22486906432409245
1273,1273,21,0,0.0,0.9997298121452332,0.5970105785047851,22.118850983371683,0.20000000000000018,0.0,3,0.5575065058017148,GOOD,73.25467273171432,72.39170218235544,1.8097925545588862,0,0.0,80.0,1,1,1,21,0.9997298121452332,1,21,1,0.004238434601575136,0.9798494577407837,0.0014157902915030718,0.014496308751404285,1,1,0,1,0.1,0.35750650580171484,0.0,0.1
1274,1274,21,1,6.2,0.9989147186279297,0.3462929501500637,15.152376746985734,0.0,0.0,3,0.4246007447665411,GOOD,105.77018191232854,105.31188915818586,2.632797228954647,0,0.0,80.0,1,1,1,21,0.9989147186279297,1,21,1,0.08566645532846451,0.5294712781906128,0.3190075755119324,0.06585469841957092,1,1,1,0,0.1,0.22460074476654104,0.1,0.0
1275,1275,21,0,0.0,0.998958945274353,0.5797746928505256,21.584949970605084,3.2,0.0,3,0.5493998717707255,GOOD,82.75027546108885,82.29254725479012,2.0573136813697532,0,0.0,80.0,1,1,1,21,0.998958945274353,1,21,1,0.0029002001974731684,0.9484919309616089,0.012296300381422043,0.036311570554971695,0,1,1,1,0.0,0.3493998717707255,0.1,0.1
1276,1276,21,0,0.0,0.9892654418945312,0.49123325541217483,19.071300770849717,0.20000000000000018,0.0,3,0.5057114728987424,GOOD,105.26666842612846,104.89516100207891,2.622379025051973,0,0.0,80.0,1,1,1,21,0.9892654418945312,1,21,1,0.008438018150627613,0.06938757747411728,0.13398198783397675,0.7881923913955688,0,1,1,1,0.0,0.1,0.1,0.30571147289874234
1277,1277,21,1,6.2,0.999405026435852,0.500063547318924,19.2083507849436,0.0,0.0,3,0.5102365027040415,GOOD,100.47021846607046,99.76684008558284,2.4941710021395713,0,0.0,80.0,1,1,1,21,0.999405026435852,1,21,1,0.014939564280211926,0.8041146397590637,0.09689654409885406,0.084049291908741,0,1,1,1,0.0,0.3102365027040416,0.1,0.1
1278,1278,21,0,0.0,0.9985419511795044,0.3635985942119749,16.19996570027582,3.2,0.0,3,0.43508090596760995,GOOD,59.76540698245752,58.738423953459744,1.4684605988364936,0,0.0,80.0,1,1,1,21,0.9985419511795044,1,21,1,0.01234577689319849,0.31722018122673035,0.11037759482860565,0.5600565075874329,0,1,1,1,0.0,0.1,0.1,0.23508090596760997
1279,1279,21,0,0.0,0.9998496770858765,0.35513184265126674,15.568891745184798,0.20000000000000018,0.0,3,0.42998542409847373,GOOD,56.81540558008191,56.46400260753555,1.4116000651883889,0,0.0,80.0,1,1,1,21,0.9998496770858765,1,21,1,0.028802616521716118,0.3594200313091278,0.09575051814317703,0.5160268545150757,0,1,1,1,0.0,0.11758873188921956,0.1,0.2123966922092542
1280,1280,21,1,6.2,0.9997914433479309,0.5221796339652975,19.83074863597181,0.0,0.0,3,0.5213974360513856,GOOD,65.4124176644166,65.30391648742135,1.6325979121855339,0,0.0,80.0,1,1,1,21,0.9997914433479309,1,21,1,0.012223775498569012,0.8440592288970947,0.03601667284965515,0.10770029574632645,0,1,1,1,0.0,0.3213974360513856,0.1,0.1
1281,1281,21,0,0.0,0.9128406047821045,0.27816372197377137,14.3511946593851,3.2,0.0,3,0.38054776083787845,GOOD,73.36423067169183,72.07380248645977,1.8018450621614943,0,0.0,80.0,1,1,1,21,0.9128406047821045,1,21,1,0.044210873544216156,0.3120371401309967,0.2532704770565033,0.39048153162002563,0,1,1,1,0.0,0.11344450335314174,0.1,0.16710325748473673
1282,1282,21,0,0.0,0.8659550547599792,0.23328970520638692,12.719803400179972,0.20000000000000018,0.0,3,0.34850315461222214,GOOD,57.01397654080245,55.9782085600771,1.3994552140019276,0,0.0,80.0,1,1,1,21,0.8659550547599792,1,21,1,0.13177762925624847,0.28921493887901306,0.28905773162841797,0.2899496555328369,0,1,1,1,0.0,0.11602393142712406,0.11590650827998639,0.1165727149051117
1283,1283,21,1,6.2,0.99996018409729,0.39408781394822695,16.638306540955003,0.0,0.0,3,0.45295538726808243,GOOD,94.3560666636753,93.90226388965408,2.347556597241352,0,0.0,80.0,1,1,1,21,0.99996018409729,1,21,1,0.023092538118362427,0.3353268802165985,0.027412261813879013,0.6141682863235474,0,1,1,1,0.0,0.1,0.1,0.2529553872680824
1284,1284,21,0,0.0,0.9997696280479431,0.3987876837629963,16.795752340048896,3.2,0.0,3,0.45564834269950827,GOOD,56.8976795550372,56.75135179930388,1.4187837949825972,0,0.0,80.0,1,1,1,21,0.9997696280479431,1,21,1,0.018631229177117348,0.1253782957792282,0.6225335001945496,0.23345689475536346,0,1,1,1,0.0,0.1,0.2556483426995083,0.1
1285,1285,21,0,0.0,0.9997937083244324,0.37260668008869147,15.836057776789561,0.20000000000000018,0.0,3,0.4404374553397632,GOOD,86.06572840562802,85.44617104781072,2.1361542761952683,0,0.0,80.0,1,1,1,21,0.9997937083244324,1,21,1,0.005959287751466036,0.4463045597076416,0.07962881773710251,0.4681072533130646,0,1,1,1,0.0,0.16377579239505016,0.1,0.176661662944713
1286,1286,21,1,6.2,0.979004979133606,0.3688502855257832,16.076748607573393,0.0,0.0,3,0.4382117198511726,GOOD,63.700378830344434,63.2597626376037,1.5814940659400927,0,0.0,80.0,1,1,1,21,0.979004979133606,1,21,1,0.028239186853170395,0.56935715675354,0.2850848138332367,0.11731880903244019,0,1,1,1,0.0,0.23821171985117254,0.1,0.1
1287,1287,21,0,0.0,0.9966213703155518,0.4955204067853756,18.886457058048727,3.2,0.0,3,0.5079134327596837,GOOD,110.26517847150865,109.55499556203004,2.7388748890507513,0,0.0,80.0,1,1,1,21,0.9966213703155518,1,21,1,0.02968829683959484,0.08516397327184677,0.08922696113586426,0.7959207892417908,0,1,1,1,0.0,0.1,0.1,0.30791343275968364
1288,1288,21,0,0.0,0.9997183680534363,0.5261966585642438,20.088752667425656,0.20000000000000018,0.0,3,0.5233990974828461,GOOD,62.25298271138144,62.18657790081884,1.5546644475204712,0,0.0,80.0,1,1,1,21,0.9997183680534363,1,21,1,0.0013539110077545047,0.8513243198394775,0.10736754536628723,0.03995427489280701,0,1,1,1,0.0,0.3233990974828461,0.1,0.1
1289,1289,21,1,6.2,0.9969737529754639,0.3479331973929688,15.207653092068034,0.0,0.0,3,0.42560513634956865,GOOD,53.68027865889203,53.22323132082573,1.3305807830206433,0,0.0,80.0,1,1,1,21,0.9969737529754639,1,21,1,0.02844826504588127,0.4202592968940735,0.4391075670719147,0.11218486726284027,0,1,1,1,0.0,0.1570385877188368,0.16856654863073187,0.1
1290,1290,21,0,0.0,0.9980756044387817,0.3852374678960671,16.757941345435917,3.2,0.0,3,0.44784031469683105,GOOD,54.75772673432847,54.65417401327058,1.3663543503317646,0,0.0,80.0,1,1,1,21,0.9980756044387817,1,21,1,0.001668690936639905,0.5984326004981995,0.3151358366012573,0.08476290106773376,0,1,1,1,0.0,0.24784031469683107,0.1,0.1
1291,1291,21,0,0.0,0.9626560807228088,0.4746225530691725,18.594337737368086,0.20000000000000018,0.0,3,0.49708780874495356,GOOD,116.18287260402548,114.75350820630895,2.868837705157724,0,0.0,80.0,1,1,1,21,0.9626560807228088,1,21,1,0.01274084858596325,0.21265460550785065,0.016320686787366867,0.7582838535308838,0,1,1,1,0.0,0.1,0.1,0.29708780874495355
1292,1292,21,1,6.2,0.9707682132720947,0.4562714984738161,18.20946126844476,0.0,0.0,3,0.48738324698623425,GOOD,43.11286566193719,42.59527563511591,1.0648818908778979,0,0.0,80.0,1,1,1,21,0.9707682132720947,1,21,1,0.008516091853380203,0.00866798684000969,0.7253098487854004,0.2575061023235321,0,1,1,1,0.0,0.1,0.2873832469862343,0.1
1293,1293,21,0,0.0,0.9997819066047668,0.37036422162126664,15.466592881062443,3.2,0.0,3,0.4391101130578342,GOOD,83.40352568380212,82.14921921321032,2.053730480330258,0,0.0,80.0,1,1,1,21,0.9997819066047668,1,21,1,0.07428624480962753,0.5720399022102356,0.13386906683444977,0.21980485320091248,0,1,1,1,0.0,0.23911011305783422,0.1,0.1
1294,1294,21,0,0.0,0.677470326423645,0.5443714417715676,20.592469473114747,0.20000000000000018,0.0,3,0.5323614426577863,GOOD,63.95291958532195,63.89231238342297,1.5973078095855744,0,0.0,80.0,1,1,0,21,0.677470326423645,1,21,1,0.0011342999059706926,0.03875158727169037,0.88423091173172,0.07588323205709457,0,1,1,1,0.0,0.1,0.33236144265778633,0.1
1295,1295,21,1,6.2,0.9986913800239563,0.35357878082177124,15.707494078956753,0.0,0.0,3,0.42904418824082624,GOOD,74.4021255716417,73.08767025656255,1.8271917564140638,0,0.0,80.0,1,1,1,21,0.9986913800239563,1,21,1,0.009250115603208542,0.4964312016963959,0.11877075582742691,0.37554797530174255,0,1,1,1,0.0,0.20119302048361679,0.1,0.12785116775720942
1296,1296,21,0,0.0,0.9997748732566833,0.5328698150716328,19.79867163341369,3.2,0.0,3,0.5267074805135801,GOOD,85.9244404625457,84.74846856932076,2.118711714233019,0,0.0,80.0,1,1,1,21,0.9997748732566833,1,21,1,0.03544509783387184,0.05029027909040451,0.05086488276720047,0.8633996844291687,0,1,1,1,0.0,0.1,0.1,0.32670748051358
1297,1297,21,0,0.0,0.9997575879096985,0.4690490845485115,18.48902140488179,0.20000000000000018,0.0,3,0.4941605512698647,GOOD,52.24803006427017,51.901858867026554,1.297546471675664,0,0.0,80.0,1,1,1,21,0.9997575879096985,1,21,1,0.01050357986241579,0.7482614517211914,0.05094222351908684,0.19029274582862854,0,1,1,1,0.0,0.29416055126986473,0.1,0.1
1298,1298,21,1,6.2,0.9441008567810059,0.36877149838635204,15.97357497153385,0.0,0.0,3,0.4381649159132337,GOOD,75.12280897824775,74.01971306099713,1.8504928265249285,0,0.0,80.0,1,1,1,21,0.9441008567810059,1,21,1,0.035575736314058304,0.21887269616127014,0.5692175626754761,0.17633390426635742,0,1,1,1,0.0,0.1,0.23816491591323366,0.1
1299,1299,21,0,0.0,0.4007166028022766,0.29664071733901964,14.17610063456914,3.2,0.0,3,0.3929834923634963,GOOD,100.66978212788342,98.6719959243389,2.466799898108473,0,0.0,80.0,1,1,0,21,0.4007166028022766,1,34,0,0.2424934208393097,0.06545205414295197,0.24974165856838226,0.44231289625167847,1,0,1,1,0.1,0.0,0.1,0.19298349236349624
1300,1300,21,0,0.0,0.9974900484085083,0.3677330012738346,15.842225994146478,0.20000000000000018,0.0,3,0.43754752301768807,GOOD,108.17433560059604,106.37352204453126,2.6593380511132816,0,0.0,80.0,1,1,1,21,0.9974900484085083,1,21,1,0.04352306202054024,0.10881146788597107,0.2802877426147461,0.5673777461051941,0,1,1,1,0.0,0.1,0.1,0.23754752301768808
1301,1301,21,1,6.2,0.9995167255401611,0.46822299758006214,17.74073535483086,0.0,0.0,3,0.4937252029212362,GOOD,104.14414533247124,102.1973096140143,2.554932740350358,0,0.0,80.0,1,1,1,21,0.9995167255401611,1,21,1,0.06305429339408875,0.08526584506034851,0.10490331798791885,0.7467765212059021,0,1,1,1,0.0,0.1,0.1,0.29372520292123616
1302,1302,21,0,0.0,0.9998947381973267,0.5992173439856815,22.191490694453826,3.2,0.0,3,0.5585359275223367,GOOD,91.06296191300348,90.125123187942,2.25312807969855,0,0.0,80.0,1,1,1,21,0.9998947381973267,1,21,1,0.0009184757363982499,0.010216029360890388,0.00499801617115736,0.9838675260543823,0,1,1,1,0.0,0.1,0.1,0.35853592752233665
1303,1303,21,1,6.2,0.4595903754234314,0.5893750515252771,20.642271204115765,0.20000000000000018,0.0,3,0.5539298903002183,GOOD,74.50876822972059,73.28723158966218,1.8321807897415547,0,0.0,80.0,1,1,0,27,0.4595903754234314,0,21,1,0.0038663267623633146,0.028193702921271324,0.0019875196740031242,0.9659523963928223,1,1,0,1,0.1,0.1,0.0,0.35392989030021826
1304,1304,21,0,0.0,0.9123786091804504,0.5688880385004516,21.16044217913597,3.4000000000000004,0.0,3,0.5442172803200044,GOOD,116.95088810948724,116.36865817254744,2.909216454313686,0,0.0,80.0,1,1,1,21,0.9123786091804504,1,21,1,0.010540001094341278,0.03861704096198082,0.9287095665931702,0.022133447229862213,0,1,1,1,0.0,0.1,0.3442172803200044,0.1
1305,1305,21,0,0.0,0.9920617341995239,0.48157816169844647,18.891374484887862,0.40000000000000036,0.0,3,0.5007169795359543,GOOD,100.55355981179889,98.6706371032642,2.466765927581605,0,0.0,80.0,1,1,1,21,0.9920617341995239,1,21,1,0.0036522215232253075,0.7708008885383606,0.019054247066378593,0.20649272203445435,0,1,1,1,0.0,0.30071697953595433,0.1,0.1
1306,1306,21,1,6.2,0.9992735981941223,0.4439024441066491,17.792811933379674,0.0,0.0,3,0.4807316265498115,GOOD,85.88206893667586,84.88729146001054,2.1221822865002635,0,0.0,80.0,1,1,1,21,0.9992735981941223,1,21,1,0.01768941804766655,0.7031270265579224,0.05944977328181267,0.21973372995853424,0,1,1,1,0.0,0.28073162654981154,0.1,0.1
1307,1307,21,0,0.0,0.9464060068130493,0.4000744304599995,17.070523245370836,3.2,0.0,3,0.4563828586292018,GOOD,117.99701619390169,117.3951902003748,2.93487975500937,0,0.0,80.0,1,1,1,36,0.9464060068130493,0,21,1,0.000281554035609588,0.34934496879577637,0.6248248219490051,0.025548599660396576,0,1,1,1,0.0,0.1,0.25638285862920185,0.1
1308,1308,21,0,0.0,0.9998444318771362,0.28496079933920465,14.726699390638341,0.20000000000000018,0.0,3,0.3851691424478947,GOOD,103.663600384425,102.74884062935607,2.5687210157339018,0,0.0,80.0,1,1,1,21,0.9998444318771362,1,21,1,0.016776040196418762,0.33797138929367065,0.26533573865890503,0.379916787147522,0,1,1,1,0.0,0.12841062786185334,0.1,0.15675851458604131
1309,1309,21,1,6.2,0.9978139400482178,0.39388842477523256,16.054995026638082,0.0,0.0,3,0.45284078612662015,GOOD,55.116830737574944,54.17268383539289,1.3543170958848223,0,0.0,80.0,1,1,1,21,0.9978139400482178,1,21,1,0.02591313049197197,0.5007809996604919,0.012346701696515083,0.46095916628837585,1,1,0,1,0.1,0.18786586162431348,0.0,0.1649749245023067
1310,1310,21,0,0.0,0.9995104074478149,0.5140258038386729,19.69910825751755,3.2,0.03665162423222479,3,0.5173106112908161,GOOD,47.21095856306134,46.53393503071101,1.1633483757677752,0,0.0,80.0,1,1,1,21,0.9995104074478149,1,21,1,0.005959378555417061,0.018636416643857956,0.14608260989189148,0.829321563243866,0,1,1,1,0.0,0.1,0.1,0.31731061129081617
1311,1311,21,0,0.0,0.9762997031211853,0.30590756311033784,14.729134993520635,0.20000000000000018,0.0,3,0.3990745509878011,GOOD,110.11158006007034,109.42983129003476,2.735745782250869,0,0.0,80.0,1,1,1,4,0.9762997031211853,0,21,1,0.025009997189044952,0.20986640453338623,0.39283132553100586,0.37229228019714355,0,1,1,1,0.0,0.1,0.15623587605397624,0.14283867493382488
1312,1312,21,1,6.2,0.9137529730796814,0.4526011330385471,18.15090103963824,0.0,0.0,3,0.48541897054727223,GOOD,46.788675484394744,46.30999819734869,1.1577499549337174,0,0.0,80.0,1,1,1,21,0.9137529730796814,1,21,1,0.006482842843979597,0.718723714351654,0.015426108613610268,0.2593673765659332,0,1,1,1,0.0,0.2854189705472723,0.1,0.1
1313,1313,21,0,0.0,0.9980944991111755,0.27932713625298833,13.128422151510081,3.2,0.0,3,0.38134274720245187,GOOD,100.10497156825143,99.17479099262152,2.479369774815538,0,0.0,80.0,1,1,1,21,0.9980944991111755,1,21,1,0.16791872680187225,0.3478546142578125,0.1269303858280182,0.35729628801345825,1,1,0,1,0.1,0.13744888521675847,0.0,0.14389386198569337
1314,1314,21,0,0.0,0.9493562579154968,0.5387790424770981,20.000321974244002,0.20000000000000018,0.0,3,0.5296198738582807,GOOD,60.93239325063553,60.593430313108314,1.5148357578277079,0,0.0,80.0,1,1,1,21,0.9493562579154968,1,21,1,0.05012080818414688,0.03249235451221466,0.04328756779432297,0.8740993142127991,1,0,1,1,0.1,0.0,0.1,0.32961987385828073
1315,1315,21,1,6.2,0.7293722033500671,0.3153490123551162,14.909326369030067,0.0,0.0,3,0.4051862172575921,WEAK,4.971414837580622,3.985948854822973,0.09964872137057433,0,0.0,80.0,1,1,0,21,0.7293722033500671,1,21,1,0.04773406684398651,0.272179514169693,0.2050447314977646,0.4750416874885559,0,1,1,1,0.0,0.1,0.1,0.20518621725759204
1316,1316,21,0,0.0,0.9755606651306152,0.5075608045827238,19.49143035405253,3.2,1.1180621238029425,3,0.514047161116465,WEAK,3.5910242375149544,3.2775150478822996,0.0819378761970575,0,0.0,80.0,1,1,1,21,0.9755606651306152,1,21,1,0.008525890298187733,0.817645251750946,0.051697373390197754,0.12213139981031418,0,1,1,1,0.0,0.314047161116465,0.1,0.1
1317,1317,21,0,0.0,0.9996590614318848,0.3859454811465046,16.690383152415404,0.20000000000000018,0.0,3,0.448251660102125,GOOD,103.20238153311327,102.14444790839376,2.553611197709844,0,0.0,80.0,1,1,1,21,0.9996590614318848,1,21,1,0.0067084780894219875,0.04920017346739769,0.3455214500427246,0.5985698699951172,0,1,1,1,0.0,0.1,0.10065083172168582,0.2476008283804392
1318,1318,21,1,6.2,0.5199390053749084,0.5954877180578207,22.04972570327513,0.0,0.0,3,0.5567950052511857,GOOD,92.963968370525,91.79142029669646,2.2947855074174117,0,0.0,80.0,1,1,0,21,0.5199390053749084,1,21,1,0.003113439306616783,0.010427193716168404,0.977077066898346,0.00938227865844965,0,1,1,1,0.0,0.1,0.3567950052511858,0.1
1319,1319,21,0,0.0,0.9999769926071167,0.5287296335917087,20.032598291955487,3.2,0.7908324819683978,3,0.5246573392328022,WEAK,19.302689301470835,16.366700721264085,0.4091675180316021,0,0.0,80.0,1,1,1,21,0.9999769926071167,1,21,1,0.010463899001479149,0.8559069037437439,0.02682439610362053,0.10680481046438217,0,1,1,1,0.0,0.32465733923280227,0.1,0.1
1320,1320,21,0,0.0,0.9999551773071289,0.37412237328619624,15.474824547844129,0.20000000000000018,0.4345347125260036,3,0.44133235414713645,WEAK,16.263651806033213,14.251910777695768,0.3562977694423942,0,0.0,80.0,1,1,1,21,0.9999551773071289,1,21,1,0.07879278808832169,0.24951209127902985,0.5787025094032288,0.09299254417419434,0,1,1,1,0.0,0.1,0.24133235414713647,0.1
1321,1321,21,1,6.2,0.7485650181770325,0.6069228129657096,22.435230089679614,0.0,0.363268378364418,3,0.5621156250538404,WEAK,3.4086621383042637,2.850653366463425,0.07126633416158562,0,0.0,80.0,1,1,0,21,0.7485650181770325,1,21,1,0.0008191883098334074,0.0009822985157370567,0.0002952653157990426,0.9979032874107361,1,1,0,1,0.1,0.1,0.0,0.36211562505384043
1322,1322,22,0,0.0,0.9843747019767761,0.601744066736268,22.1505842946471,3.2,1.563268378364418,3,0.5597122793545637,DOWN,0.0,0.0,0.0,1,0.0,80.0,1,1,1,22,0.9843747019767761,1,22,1,0.0032649149652570486,0.9884690642356873,0.0034836074337363243,0.0047823963686823845,0,1,1,1,0.0,0.35971227935456374,0.1,0.1
1323,1323,22,0,0.0,0.999932050704956,0.39813875743608446,16.642394152989866,0.20000000000000018,0.0,3,0.45527746541010355,GOOD,106.88926276734836,104.89475182284433,2.6223687955711084,0,0.0,80.0,1,1,1,22,0.999932050704956,1,22,1,0.028706863522529602,0.21443504095077515,0.13547998666763306,0.6213781237602234,0,1,1,1,0.0,0.1,0.1,0.25527746541010354
1324,1324,22,1,6.2,0.999983549118042,0.5367090112061071,20.396564131834296,0.0,0.0,3,0.5286014742101309,GOOD,81.9848950087363,80.46348782478479,2.01158719561962,0,0.0,80.0,1,1,1,22,0.999983549118042,1,22,1,0.06453020125627518,0.8703504800796509,9.99999993922529e-09,0.06511940807104111,1,1,0,1,0.1,0.328601474210131,0.0,0.1
1325,1325,22,0,0.0,0.9995416402816772,0.4306473888744079,17.58036856200889,3.2,1.1034604381256825,3,0.47349983896315095,WEAK,4.301882918341694,3.8615824749727,0.0965395618743175,0,0.0,80.0,1,1,1,22,0.9995416402816772,1,22,1,0.6793950796127319,0.019232507795095444,0.011294525116682053,0.29007789492607117,1,1,0,1,0.273499838963151,0.1,0.0,0.1
1326,1326,22,0,0.0,0.9919050931930542,0.5156718823857563,19.33751262959876,0.20000000000000018,0.9685369686388854,3,0.5181382480164511,WEAK,5.9880529889467455,5.396938779471886,0.13492346948679715,0,0.0,80.0,1,1,1,22,0.9919050931930542,1,22,1,0.8322957754135132,0.0396866574883461,0.03511292487382889,0.09290462732315063,1,1,0,1,0.3181382480164512,0.1,0.0,0.1
1327,1327,22,1,6.2,0.9995181560516357,0.24172503445684412,12.312469699847412,0.0,0.0,3,0.3547478253700379,GOOD,52.28173447449591,51.693743248209394,1.2923435812052348,0,0.0,80.0,1,1,1,22,0.9995181560516357,1,22,1,0.3471701443195343,0.25240465998649597,0.22759202122688293,0.17283309996128082,1,1,1,0,0.15474782537003792,0.1,0.1,0.0
1328,1328,22,0,0.0,0.9989458918571472,0.3737591877086463,15.479761586178892,3.2,0.0,3,0.44111808673593017,GOOD,91.91294648766696,90.48211840169189,2.2620529600422974,0,0.0,80.0,1,1,1,22,0.9989458918571472,1,22,1,0.4233787953853607,0.04744414985179901,0.4935995042324066,0.035577643662691116,1,1,1,0,0.14984007126339444,0.1,0.19127801547253573,0.0
1329,1329,22,0,0.0,0.9999040365219116,0.4449202880092602,17.99033577912311,0.20000000000000018,0.0,3,0.48128245657157664,GOOD,61.87925729929244,61.859974856355755,1.546499371408894,0,0.0,80.0,1,1,1,22,0.9999040365219116,1,22,1,0.21451714634895325,0.7049511075019836,0.00512878829613328,0.07540296018123627,1,1,0,1,0.1,0.2812824565715767,0.0,0.1
1330,1330,22,1,6.2,0.999756395816803,0.38043632336514205,15.137745278294826,0.0,0.0,3,0.4450408889517853,GOOD,64.99102497616298,64.75938805095406,1.6189847012738516,0,0.0,80.0,1,1,1,22,0.999756395816803,1,22,1,0.5899057388305664,0.15554238855838776,0.14270539581775665,0.1118464320898056,1,1,1,0,0.24504088895178525,0.1,0.1,0.0
1331,1331,22,0,0.0,0.9999924898147583,0.5145393944481391,19.189940385566516,3.2,0.0,3,0.5175689830866029,GOOD,52.595808693215325,51.8951277994138,1.2973781949853451,0,0.0,80.0,1,1,1,22,0.9999924898147583,1,22,1,0.06745206564664841,0.8302494883537292,0.058610133826732635,0.04368830844759941,1,1,1,0,0.1,0.317568983086603,0.1,0.0
1332,1332,22,0,0.0,0.9999862909317017,0.32168824128793155,14.469352966361377,0.20000000000000018,0.0,3,0.40923853345402905,GOOD,114.8546911518434,113.02122369993074,2.8255305924982688,0,0.0,80.0,1,1,1,22,0.9999862909317017,1,22,1,0.4861634075641632,0.2641843557357788,0.1632997840642929,0.08635247498750687,1,1,1,0,0.20923853345402907,0.1,0.1,0.0
1333,1333,22,1,6.2,0.9998447895050049,0.2948839601995946,13.651824907156598,0.0,0.0,3,0.39181810662007543,GOOD,51.0045077994569,50.42910368970046,1.2607275922425116,0,0.0,80.0,1,1,1,22,0.9998447895050049,1,22,1,0.39507535099983215,0.10146327316761017,0.1582479476928711,0.3452134132385254,1,0,1,1,0.16247218718888587,0.0,0.1,0.1293459194311896
1334,1334,22,0,0.0,0.9999933242797852,0.39251464611499787,16.47979882060296,3.2,0.0,3,0.4520504019086632,GOOD,74.47079179286823,73.88953441083429,1.8472383602708573,0,0.0,80.0,1,1,1,22,0.9999933242797852,1,22,1,0.08268424868583679,0.6113696098327637,0.03223699703812599,0.27370914816856384,1,1,0,1,0.1,0.25205040190866324,0.0,0.1
1335,1335,22,0,0.0,0.9999879598617554,0.3891787155232391,15.95144082570895,0.20000000000000018,0.0,3,0.45012534438494234,GOOD,62.386073471582975,61.5303480976928,1.5382587024423202,0,0.0,80.0,1,1,1,22,0.9999879598617554,1,22,1,0.24568651616573334,0.6054372787475586,0.0833435133099556,0.06553269922733307,1,1,1,0,0.1,0.2501253443849424,0.1,0.0
1336,1336,22,1,6.2,0.999708354473114,0.3185857156401539,15.470748258726505,0.0,0.0,3,0.40726029943938236,GOOD,101.4813594079182,100.20725668687764,2.5051814171719413,0,0.0,80.0,1,1,1,22,0.999708354473114,1,22,1,0.48071831464767456,0.27950379252433777,0.010724807158112526,0.2290530800819397,1,1,0,1,0.20726029943938232,0.1,0.0,0.1
1337,1337,22,0,0.0,0.9999722242355347,0.34921636472995254,14.727269969772216,3.2,0.15318919237974793,3,0.42638922366697485,GOOD,42.48673440064243,41.872432304810076,1.046810807620252,0,0.0,80.0,1,1,1,22,0.9999722242355347,1,22,1,0.4340302050113678,0.0739498883485794,0.06381569057703018,0.428204208612442,1,1,0,1,0.16497298072775843,0.1,0.0,0.16141624293921644
1338,1338,22,0,0.0,0.9929254055023193,0.2767802509070766,13.446816694167067,0.20000000000000018,0.0,3,0.37960023780139796,GOOD,61.65928405311095,61.254993945146644,1.5313748486286662,0,0.0,80.0,1,1,1,22,0.9929254055023193,1,22,1,0.35491177439689636,0.34447595477104187,0.10246623307466507,0.1981460154056549,1,1,0,1,0.1433782640164038,0.13622197378499412,0.0,0.1
1339,1339,22,1,6.2,0.9999768733978271,0.46102508493427724,18.12265912593587,0.0,0.0,3,0.4899155279838584,WEAK,13.238520412110088,11.631537919415978,0.29078844798539943,0,0.0,80.0,1,1,1,22,0.9999768733978271,1,22,1,0.1832120567560196,0.7338442206382751,0.022957459092140198,0.059986259788274765,1,1,0,1,0.1,0.28991552798385845,0.0,0.1
1340,1340,22,0,0.0,0.9919601082801819,0.3820713079997054,16.247755487028606,3.2,0.9922825888321931,3,0.44599618010647524,WEAK,9.447361849741826,8.308696446712275,0.2077174111678069,0,0.0,80.0,1,1,1,22,0.9919601082801819,1,22,1,0.592808723449707,0.11786894500255585,0.2552652657032013,0.03405705466866493,1,1,1,0,0.24599618010647525,0.1,0.1,0.0
1341,1341,22,0,0.0,0.9999510049819946,0.5717283898903096,21.389776608675533,0.20000000000000018,0.7822425449976516,3,0.5455741762053475,WEAK,9.9173594106496,8.401601753381664,0.2100400438345416,0,0.0,80.0,1,1,1,22,0.9999510049819946,1,22,1,0.02841886505484581,0.9338690042495728,0.037712108343839645,9.99999993922529e-09,1,1,1,0,0.1,0.3455741762053476,0.1,0.0
1342,1342,22,1,6.2,0.9999819993972778,0.5918668899897588,21.953338662966818,0.0,0.0,3,0.5550996445353434,GOOD,103.60219258369239,103.01584656590121,2.5753961641475307,0,0.0,80.0,1,1,1,22,0.9999819993972778,1,22,1,0.023881448432803154,0.9704867005348206,0.0022311934735625982,0.0034006095957010984,1,1,0,1,0.1,0.3550996445353435,0.0,0.1
1343,1343,22,0,0.0,0.9672159552574158,0.29880029793852114,14.640778158721407,3.2,0.0,3,0.3944113821489682,GOOD,91.4180251744048,90.22478582588634,2.2556196456471587,0,0.0,80.0,1,1,1,28,0.9672159552574158,0,22,1,0.21705088019371033,0.40754613280296326,0.0338313952088356,0.34157153964042664,1,1,0,1,0.1,0.16897703020590113,0.0,0.1254343519430671
1344,1344,22,1,6.2,0.883613646030426,0.35341776493617544,13.71300967040629,0.20000000000000018,0.0,3,0.4289464861156286,GOOD,116.72814704556279,115.54138560210558,2.8885346400526397,0,0.0,80.0,1,1,1,30,0.883613646030426,0,34,0,0.0531887449324131,0.07519172877073288,0.412584513425827,0.45903509855270386,0,1,1,1,0.0,0.1,0.1503788643614102,0.1785676217542184
1345,1345,22,0,0.0,0.9982432126998901,0.5607611272173799,20.907175936211154,3.4000000000000004,0.0,3,0.5403160601201012,GOOD,96.43594649876621,95.98025274993009,2.3995063187482524,0,0.0,80.0,1,1,1,22,0.9982432126998901,1,22,1,0.9139544367790222,0.04964034631848335,0.011934312991797924,0.024470889940857887,1,1,0,1,0.3403160601201013,0.1,0.0,0.1
1346,1346,22,0,0.0,0.9999786615371704,0.3341717234399319,14.862053873310499,0.40000000000000036,0.0,3,0.4171034439125938,GOOD,73.92136785255744,73.51081163516415,1.8377702908791038,0,0.0,80.0,1,1,1,22,0.9999786615371704,1,22,1,0.3380679786205292,0.49050992727279663,0.0616489052772522,0.10977314412593842,1,1,0,1,0.1109833182587314,0.20612012565386237,0.0,0.1
1347,1347,22,1,6.2,0.9999353885650635,0.4383327067305317,17.17831260632159,0.0,0.0,3,0.4777061859436002,GOOD,71.27684911426448,70.4160178503554,1.7604004462588851,0,0.0,80.0,1,1,1,22,0.9999353885650635,1,22,1,0.05280693992972374,0.17608876526355743,0.07795451581478119,0.6931498050689697,0,1,1,1,0.0,0.1,0.1,0.2777061859436002
1348,1348,22,0,0.0,0.9999362230300903,0.4052529636846693,16.59299996538817,3.2,0.0,3,0.459327054533228,GOOD,104.34334927013498,103.43026909227514,2.5857567273068787,0,0.0,80.0,1,1,1,22,0.9999362230300903,1,22,1,0.04290848597884178,0.6340508460998535,0.21460241079330444,0.10843830555677414,0,1,1,1,0.0,0.259327054533228,0.1,0.1
1349,1349,22,0,0.0,0.9999045133590698,0.36788636365845234,15.868067818628901,0.20000000000000018,0.0,3,0.4376387527093515,GOOD,46.51539849926543,46.07818594749425,1.1519546486873562,0,0.0,80.0,1,1,1,22,0.9999045133590698,1,22,1,0.5676494240760803,0.19650261104106903,0.04199371114373207,0.19385428726673126,1,1,0,1,0.23763875270935145,0.1,0.0,0.1
1350,1350,22,1,6.2,0.9659417271614075,0.5964021841613218,22.0530948341315,0.0,0.0,3,0.5572223648889044,GOOD,94.07279934524519,93.42612396311951,2.335653099077988,0,0.0,80.0,1,1,1,22,0.9659417271614075,1,22,1,0.0049381982535123825,0.9787418246269226,0.004855193663388491,0.011464787647128105,1,1,0,1,0.1,0.35722236488890446,0.0,0.1
1351,1351,22,0,0.0,0.9999878406524658,0.46708269483442605,17.726707877873864,3.2,1.0305006047051046,3,0.4931236312306117,WEAK,7.834235862825549,6.779975811795816,0.1694993952948954,0,0.0,80.0,1,1,1,22,0.9999878406524658,1,22,1,0.10775543749332428,0.062059223651885986,0.08545829355716705,0.7447270154953003,1,0,1,1,0.1,0.0,0.1,0.2931236312306117
1352,1352,22,0,0.0,0.995962917804718,0.4440765012436766,17.985342765731197,0.20000000000000018,0.7409545464771492,3,0.48082586636641333,WEAK,13.162027321052125,11.581842329118215,0.28954605822795537,0,0.0,80.0,1,1,1,22,0.995962917804718,1,22,1,0.06011664494872093,0.703438937664032,0.004051893018186092,0.23239244520664215,1,1,0,1,0.1,0.2808258663664134,0.0,0.1
1353,1353,22,1,6.2,0.9999798536300659,0.347594066855957,14.959105101315524,0.0,0.6087470702475994,3,0.4253976670886812,WEAK,5.666408283443237,5.2882990491819895,0.13220747622954973,0,0.0,80.0,1,1,1,22,0.9999798536300659,1,22,1,0.35140353441238403,0.07510347664356232,0.06628765165805817,0.5072053670883179,1,1,0,1,0.11502991276271171,0.1,0.0,0.21036775432596946
1354,1354,22,0,0.0,0.9999886751174927,0.5944832643499888,22.028951996709978,3.2,0.0,3,0.5563252131527537,GOOD,119.92320140044426,118.93428895371498,2.973357223842875,0,0.0,80.0,1,1,1,22,0.9999886751174927,1,22,1,0.01719675026834011,0.9752486348152161,0.0024312930181622505,0.005123333539813757,1,1,0,1,0.1,0.3563252131527538,0.0,0.1
1355,1355,22,0,0.0,0.9963721036911011,0.552602668813955,20.72164780242396,0.20000000000000018,0.0,3,0.5363711564765359,GOOD,116.23430325008114,116.18785619864431,2.904696404966108,0,0.0,80.0,1,1,1,22,0.9963721036911011,1,22,1,0.03508291766047478,0.05722005292773247,0.8991529941558838,0.00854404829442501,1,1,1,0,0.1,0.1,0.3363711564765359,0.0
1356,1356,22,1,6.2,0.99429851770401,0.47751311387443485,18.126185740327905,0.0,0.0,3,0.49859920075315833,GOOD,97.39820687765247,95.61660034938316,2.3904150087345792,0,0.0,80.0,1,1,1,22,0.99429851770401,1,22,1,0.7634843587875366,0.12231339514255524,0.05172552540898323,0.06247672811150551,1,1,0,1,0.2985992007531584,0.1,0.0,0.1
1357,1357,22,0,0.0,0.999967098236084,0.5386247301266313,20.39074440422975,3.2,0.0,3,0.5295440238958125,GOOD,77.09006039200094,75.58766447932516,1.889691611983129,0,0.0,80.0,1,1,1,22,0.999967098236084,1,22,1,0.05879947543144226,0.0631541907787323,0.004226598422974348,0.8738198280334473,1,1,0,1,0.1,0.1,0.0,0.3295440238958125
1358,1358,22,0,0.0,0.999941349029541,0.3093385121873199,14.992737565769565,0.20000000000000018,0.0,3,0.40130624918742586,GOOD,118.95137620304064,116.93065032282153,2.9232662580705386,0,0.0,80.0,1,1,1,22,0.999941349029541,1,22,1,0.2890033721923828,0.21109412610530853,0.03539120778441429,0.4645112156867981,1,1,0,1,0.1,0.1,0.0,0.20130624918742587
1359,1359,22,1,6.2,0.9999145269393921,0.4656685476441559,18.458135442718252,0.0,0.0,3,0.4923765707716969,WEAK,6.58590363375566,6.115876181680656,0.15289690454201643,0,0.0,80.0,1,1,1,22,0.9999145269393921,1,22,1,0.023574020713567734,0.22741016745567322,0.006830089725553989,0.7421857118606567,1,1,0,1,0.1,0.1,0.0,0.2923765707716969
1360,1360,22,0,0.0,0.9999974966049194,0.39701891808929823,15.900247486018486,3.2,0.9541108262551474,3,0.4546367382536729,WEAK,11.28546988375016,9.835566949794101,0.24588917374485253,0,0.0,80.0,1,1,1,22,0.9999974966049194,1,22,1,0.6193845868110657,0.17101071774959564,0.08062230050563812,0.12898239493370056,1,1,0,1,0.25463673825367295,0.1,0.0,0.1
1361,1361,22,0,0.0,0.9999526739120483,0.28099056982832354,12.997008253685607,0.20000000000000018,0.9541108262551474,3,0.3824765373979083,DOWN,0.0,0.0,0.0,1,0.0,80.0,1,1,1,22,0.9999526739120483,1,22,1,0.3976612687110901,0.31125205755233765,0.14496414363384247,0.14612245559692383,1,1,0,1,0.17064272158101754,0.11183381581689078,0.0,0.1
1362,1362,22,0,0.0,0.3713042438030243,0.2947398607888206,11.875497693366675,0.0,0.9541108262551474,3,0.39172236106386005,DOWN,0.0,0.0,0.0,1,0.0,80.0,1,1,0,32,0.3713042438030243,0,23,0,0.19622531533241272,0.4389956593513489,0.2927030920982361,0.07207591086626053,1,1,1,0,0.1,0.19172236106386006,0.1,0.0
1363,1363,22,1,6.2,0.4178020656108856,0.489402224496643,19.012664429189194,0.0,0.7401885794349838,3,0.5047680943560963,WEAK,9.201198015521769,8.556889872806545,0.21392224682016364,0,0.0,80.0,1,1,0,23,0.4178020656108856,0,22,1,0.784892737865448,0.132788747549057,0.07300057262182236,0.009317870251834393,1,1,1,0,0.3047680943560963,0.1,0.1,0.0
1364,1364,22,0,0.0,0.9999971389770508,0.4844514988538606,19.016624504545806,3.2,1.845324093623557,3,0.5022085224980655,WEAK,4.580301263771693,3.7945794324570645,0.09486448581142662,0,0.0,80.0,1,1,1,22,0.9999971389770508,1,22,1,0.052378445863723755,0.7759745717048645,9.99999993922529e-09,0.1716470569372177,1,1,0,1,0.1,0.3022085224980655,0.0,0.1
1365,1365,22,0,0.0,0.9995899796485901,0.3226425709438807,14.841293574657616,0.20000000000000018,1.5873110851311,3,0.40984511335732465,WEAK,11.546210316995333,10.32052033969829,0.25801300849245723,0,0.0,80.0,1,1,1,22,0.9995899796485901,1,22,1,0.14900322258472443,0.4878390431404114,0.06054455414414406,0.30261313915252686,1,1,0,1,0.1,0.20984511335732467,0.0,0.1
1366,1366,22,1,6.2,0.9999940395355225,0.36085009104158305,15.4306980776812,0.0,1.2472575436757998,3,0.4334333615270317,WEAK,16.632296258523695,13.602141658212004,0.3400535414553001,0,0.0,80.0,1,1,1,22,0.9999940395355225,1,22,1,0.06897646933794022,0.5205569267272949,0.042815592139959335,0.3676510155200958,1,1,0,1,0.1,0.2126322318034163,0.0,0.1208011297236154
1367,1367,22,0,0.0,0.9999889135360718,0.40145458347147367,16.97541184072807,3.2,2.081388268461784,3,0.4571693821292177,WEAK,16.757932192754616,14.634771008560632,0.3658692752140158,0,0.0,80.0,1,1,1,22,0.9999889135360718,1,22,1,0.34519973397254944,0.00960125494748354,0.01791609451174736,0.627282977104187,1,0,1,1,0.1,0.0,0.1,0.2571693821292177
1368,1368,22,0,0.0,0.9999959468841553,0.46281626306053253,17.736323357722537,0.20000000000000018,1.6893846258075453,3,0.4908663171222471,WEAK,17.577773401197803,15.680145706169546,0.39200364265423865,0,0.0,80.0,1,1,1,22,0.9999959468841553,1,22,1,0.13647890090942383,0.07253456115722656,0.05392516776919365,0.7370613217353821,1,1,0,1,0.1,0.1,0.0,0.2908663171222471
1369,1369,22,1,6.2,0.9999876022338867,0.4106022263940093,17.050763546779596,0.0,1.526100956480328,3,0.46234863141696547,WEAK,7.48840421512849,6.53134677308869,0.16328366932721727,0,0.0,80.0,1,1,1,22,0.9999876022338867,1,22,1,0.6435886025428772,0.21899430453777313,0.01801164261996746,0.11940548568964005,1,1,0,1,0.2623486314169655,0.1,0.0,0.1
1370,1370,22,0,0.0,0.9999758005142212,0.5224004531959643,19.916906003070185,3.2,2.4186748624795085,3,0.5215076686263105,WEAK,13.888300615588225,12.297043760032778,0.3074260940008195,0,0.0,80.0,1,1,1,22,0.9999758005142212,1,22,1,0.05140214040875435,0.8444585204124451,0.006421673111617565,0.09771761298179626,1,1,0,1,0.1,0.3215076686263105,0.0,0.1
1371,1371,22,0,0.0,0.9999939203262329,0.38657836268415025,16.099936471126554,0.20000000000000018,2.023440034413229,3,0.4486190358180171,WEAK,17.603157123449765,15.809393122651178,0.39523482806627946,0,0.0,80.0,1,1,1,22,0.9999939203262329,1,22,1,0.14034242928028107,0.20774215459823608,0.05110014230012894,0.6008152365684509,1,1,0,1,0.1,0.1,0.0,0.24861903581801706
1372,1372,22,0,0.0,0.9995848536491394,0.5232797254999161,19.88244597490201,0.0,2.023440034413229,3,0.521946368917531,DOWN,0.0,0.0,0.0,1,0.0,80.0,1,1,1,22,0.9995848536491394,1,22,1,0.08503784239292145,0.05838875100016594,0.01052482146769762,0.8460485339164734,1,1,0,1,0.1,0.1,0.0,0.3219463689175309
1373,1373,22,1,6.2,0.9995408058166504,0.2968010509192573,14.091894943876042,0.0,0.0,3,0.39308968132364985,GOOD,84.80459809889844,83.89444955208708,2.097361238802177,0,0.0,80.0,1,1,1,22,0.9995408058166504,1,22,1,0.4425927698612213,0.2090136557817459,0.08785026520490646,0.26054325699806213,1,1,0,1,0.19308968132364981,0.1,0.0,0.1
1374,1374,22,0,0.0,0.9999866485595703,0.3833367547313412,15.229084631293965,3.2,0.0,3,0.44673415473167255,GOOD,51.10811094006638,50.17800754042726,1.2544501885106816,0,0.0,80.0,1,1,1,22,0.9999866485595703,1,22,1,0.1772390604019165,0.11840570718050003,0.10929909348487854,0.5950561165809631,1,1,0,1,0.1,0.1,0.0,0.24673415473167257
1375,1375,22,0,0.0,0.8610662221908569,0.29666314895650325,13.759735059709293,0.20000000000000018,0.0,3,0.3929983505542627,GOOD,86.8887507131493,86.00219647553729,2.1500549118884322,0,0.0,80.0,1,1,1,22,0.8610662221908569,1,22,1,0.1574718952178955,0.33301523327827454,0.0982276126742363,0.41128531098365784,1,1,0,1,0.1,0.12057750996062144,0.0,0.17242084059364124
1376,1376,22,1,6.2,0.9999750852584839,0.5335635221443213,20.106495716688872,0.0,0.0,3,0.5270502113789725,GOOD,79.76725294452785,79.34680029240384,1.9836700073100961,0,0.0,80.0,1,1,1,22,0.9999750852584839,1,22,1,0.07562550157308578,0.8646554350852966,0.014676300808787346,0.0450427420437336,1,1,0,1,0.1,0.3270502113789725,0.0,0.1
1377,1377,22,0,0.0,0.8907046914100647,0.43304846526100965,16.417357027013377,3.2,0.0,3,0.47481800436193256,GOOD,91.9281279349712,91.01308062714793,2.275327015678698,0,0.0,80.0,1,1,1,22,0.8907046914100647,1,22,1,0.6836908459663391,0.022483404725790024,0.008677532896399498,0.2851482033729553,1,1,0,1,0.2748180043619326,0.1,0.0,0.1
1378,1378,22,0,0.0,0.9997442364692688,0.5916439746330353,21.949272953039586,0.20000000000000018,0.0,3,0.5549951008527475,GOOD,45.843301980940716,45.673078744835266,1.1418269686208817,0,0.0,80.0,1,1,1,22,0.9997442364692688,1,22,1,0.002763400785624981,0.9700810313224792,0.025146648287773132,0.0020089060999453068,1,1,1,0,0.1,0.35499510085274755,0.1,0.0
1379,1379,22,1,6.2,0.9867343902587891,0.3137074940817024,15.085122304266193,0.0,0.0,3,0.4041302627932518,GOOD,88.66406055770919,88.34874550954578,2.2087186377386447,0,0.0,80.0,1,1,1,22,0.9867343902587891,1,22,1,0.3379569947719574,0.4447086751461029,0.019580204039812088,0.19775409996509552,1,1,0,1,0.11768470898313649,0.18644555381011532,0.0,0.1
1380,1380,22,0,0.0,0.9942891597747803,0.3012624221879782,13.972315729665059,3.2,0.0,3,0.39603302975378873,GOOD,56.78085284907305,56.67736242521947,1.4169340606304868,0,0.0,80.0,1,1,1,22,0.9942891597747803,1,22,1,0.45038479566574097,0.25134047865867615,0.19745516777038574,0.10081953555345535,1,1,1,0,0.19603302975378875,0.1,0.1,0.0
1381,1381,22,0,0.0,0.9983012080192566,0.5483331732005131,20.50636484124837,0.20000000000000018,0.0,3,0.5342950945141877,GOOD,63.62620608613864,63.08484552774847,1.5771211381937118,0,0.0,80.0,1,1,1,22,0.9983012080192566,1,22,1,0.891411542892456,0.03484559431672096,0.015427974984049797,0.05831494554877281,1,1,0,1,0.3342950945141877,0.1,0.0,0.1
1382,1382,22,1,6.2,0.9998341798782349,0.4849421889433239,18.647697993985158,0.0,0.0,3,0.502462796018178,WEAK,18.99864594483993,16.011345718728357,0.40028364296820895,0,0.0,80.0,1,1,1,22,0.9998341798782349,1,22,1,0.1171235740184784,0.07851222902536392,0.027505943551659584,0.7768582701683044,1,1,0,1,0.1,0.1,0.0,0.30246279601817805
1383,1383,22,0,0.0,0.9999892711639404,0.6066673619553907,22.420598299134795,3.2,0.0,3,0.5619973166677847,GOOD,87.4672100329118,85.73697228324659,2.143424307081165,0,0.0,80.0,1,1,1,22,0.9999892711639404,1,22,1,0.0007433152641169727,0.001052901498042047,0.000765971199143678,0.9974378347396851,0,1,1,1,0.0,0.1,0.1,0.3619973166677847
1384,1384,22,0,0.0,0.9999971389770508,0.3641361072983902,16.381159653933093,0.20000000000000018,0.0,3,0.43540238041480894,WEAK,3.9080448653589714,3.4805239242371697,0.08701309810592925,0,0.0,80.0,1,1,1,22,0.9999971389770508,1,22,1,0.12584438920021057,0.3131476044654846,9.99999993922529e-09,0.5610080361366272,1,1,0,1,0.1,0.1,0.0,0.2354023804148089
1385,1385,22,1,6.2,0.9999861717224121,0.2286246625499942,11.755675461929966,0.0,0.0,3,0.34500108842610766,WEAK,4.3351059242883,3.6665469867818836,0.0916636746695471,0,0.0,80.0,1,1,1,22,0.9999861717224121,1,22,1,0.2583692669868469,0.2057829201221466,0.21113409101963043,0.32471370697021484,1,0,1,1,0.1,0.0,0.1,0.14500108842610768
1386,1386,22,0,0.0,0.9999730587005615,0.28325495806367795,14.44210445628621,3.2,1.0078509745835573,3,0.384014556147867,WEAK,8.207584456255361,7.685961016657705,0.19214902541644263,0,0.0,80.0,1,1,1,22,0.9999730587005615,1,22,1,0.24780361354351044,0.3269346058368683,0.03816348686814308,0.3870983421802521,1,1,0,1,0.1,0.12161597524728718,0.0,0.16239858090057982
1387,1387,22,0,0.0,0.9851924180984497,0.44734051436872874,17.796462066497448,0.20000000000000018,0.9005880313452898,3,0.4825896937998284,WEAK,4.847021545737016,4.290517729530703,0.10726294323826757,0,0.0,80.0,1,1,1,22,0.9851924180984497,1,22,1,0.14041557908058167,0.7092893719673157,0.022658374160528183,0.1276366412639618,1,1,0,1,0.1,0.28258969379982846,0.0,0.1
1388,1388,22,1,6.2,0.9994717240333557,0.45109073156270474,16.986679981961085,0.0,0.0,3,0.4846083337845314,GOOD,116.30799119601166,115.97073865211829,2.8992684663029573,0,0.0,80.0,1,1,1,22,0.9994717240333557,1,22,1,0.7160143256187439,0.09840851277112961,0.08790338784456253,0.0976736918091774,1,1,0,1,0.28460833378453143,0.1,0.0,0.1
1389,1389,22,0,0.0,0.9999547004699707,0.3836659525411314,16.596692653763032,3.2,0.0,3,0.44692593433999617,GOOD,55.758386025519,55.67322980720639,1.39183074518016,0,0.0,80.0,1,1,1,22,0.9999547004699707,1,22,1,0.2945343852043152,0.0988827794790268,0.010942014865577221,0.5956408381462097,1,1,0,1,0.1,0.1,0.0,0.24692593433999613
1390,1390,22,0,0.0,0.9991742968559265,0.5671137882956302,21.022673237305707,0.20000000000000018,0.0,3,0.5433679641155976,GOOD,44.38192859123489,44.25819409716527,1.1064548524291318,0,0.0,80.0,1,1,1,22,0.9991742968559265,1,22,1,0.9254873394966125,0.04024141654372215,0.016653159633278847,0.017618026584386826,1,1,0,1,0.34336796411559767,0.1,0.0,0.1
1391,1391,22,1,6.2,0.9999673366546631,0.562967783711507,20.849522999517593,0.0,0.0,3,0.5413781177748207,GOOD,92.14524168460594,91.98428271723637,2.2996070679309093,0,0.0,80.0,1,1,1,22,0.9999673366546631,1,22,1,0.02069683186709881,0.03147502243518829,0.029868319630622864,0.9179597496986389,0,1,1,1,0.0,0.1,0.1,0.34137811777482074
1392,1392,22,0,0.0,0.9999943971633911,0.4918039970861286,19.1936956386858,3.2,0.0,3,0.5060051692449882,GOOD,86.49976182826816,86.09455252414172,2.152363813103543,0,0.0,80.0,1,1,1,22,0.9999943971633911,1,22,1,0.1687667965888977,0.7892210483551025,0.0006557973683811724,0.04135630279779434,1,1,0,1,0.1,0.3060051692449882,0.0,0.1
1393,1393,22,0,0.0,0.9967057108879089,0.4018498918113641,16.970908363186595,0.20000000000000018,0.0,3,0.45739441182102336,GOOD,45.74678957868869,45.545383774545634,1.138634594363641,0,0.0,80.0,1,1,1,22,0.9967057108879089,1,22,1,0.2814269959926605,0.6279871463775635,0.009902342222630978,0.08068349957466125,1,1,0,1,0.1,0.2573944118210234,0.0,0.1
1394,1394,22,1,6.2,0.9995414018630981,0.30722590937428673,14.107600774006974,0.0,0.0,3,0.39993355691285015,GOOD,119.23537431402578,116.8595735601151,2.9214893390028775,0,0.0,80.0,1,1,1,22,0.9995414018630981,1,22,1,0.3013230860233307,0.46081334352493286,0.14079487323760986,0.09706874191761017,1,1,1,0,0.1,0.1999335569128501,0.1,0.0
1395,1395,22,0,0.0,0.999420166015625,0.32475882631856734,14.226551365784792,3.2,0.9745397696527641,3,0.41118703070297524,WEAK,9.615554953405896,9.018409213889433,0.22546023034723583,0,0.0,80.0,1,1,1,22,0.999420166015625,1,22,1,0.08503927290439606,0.44309738278388977,0.3643818795681,0.1074814721941948,0,1,1,1,0.0,0.18050953873143524,0.13067749197154,0.1
1396,1396,22,0,0.0,0.9999850988388062,0.30220207677300154,14.430173127537103,0.20000000000000018,0.8257494945638261,3,0.39665017364486266,WEAK,6.278858756677591,5.951611003557522,0.14879027508893805,0,0.0,80.0,1,1,1,22,0.9999850988388062,1,22,1,0.45202702283859253,0.3020417094230652,0.0687115490436554,0.17721976339817047,1,1,0,1,0.19665017364486267,0.1,0.0,0.1
1397,1397,22,1,6.2,0.9998124241828918,0.5525267479353254,20.481258180544586,0.0,0.0,3,0.536334309777692,GOOD,76.25535480392529,75.73733317010584,1.8934333292526462,0,0.0,80.0,1,1,1,22,0.9998124241828918,1,22,1,0.027414096519351006,0.047787345945835114,0.025783274322748184,0.8990153074264526,1,1,0,1,0.1,0.1,0.0,0.3363343097776921
1398,1398,22,0,0.0,0.9999834299087524,0.3331000091218148,14.608713759566614,3.2,0.0,3,0.4164340654450421,GOOD,97.28799765269977,96.59313642759312,2.4148284106898283,0,0.0,80.0,1,1,1,22,0.9999834299087524,1,22,1,0.3504677712917328,0.10137996822595596,0.07244271785020828,0.47570955753326416,1,1,0,1,0.11907342361120549,0.1,0.0,0.1973606418338366
1399,1399,22,0,0.0,0.9999889135360718,0.4209095468925025,17.170082004623428,0.20000000000000018,0.0,3,0.46811581597509155,GOOD,59.27817282104939,58.63987317402773,1.4659968293506933,0,0.0,80.0,1,1,1,22,0.9999889135360718,1,22,1,0.26828983426094055,0.6619877219200134,0.025386886671185493,0.04433555155992508,1,1,0,1,0.1,0.2681158159750916,0.0,0.1
1400,1400,22,1,6.2,0.9998883008956909,0.4722184473789204,18.518718706513315,0.0,0.0,3,0.49582726097860963,GOOD,79.62404931086736,79.38124929428434,1.9845312323571087,0,0.0,80.0,1,1,1,22,0.9998883008956909,1,22,1,0.04519406333565712,0.7539598941802979,0.01398189552128315,0.1868642121553421,1,1,0,1,0.1,0.2958272609786097,0.0,0.1
1401,1401,22,0,0.0,0.997840404510498,0.5080368795679239,19.153679846320404,3.2,0.0,3,0.5142881840967196,GOOD,88.97787016336125,88.5084477591288,2.2127111939782202,0,0.0,80.0,1,1,1,22,0.997840404510498,1,22,1,0.818504810333252,0.04335526376962662,0.10686783492565155,0.03127210959792137,1,1,1,0,0.31428818409671966,0.1,0.1,0.0
1402,1402,22,0,0.0,0.9999215602874756,0.5607488445211561,20.726992811208937,0.20000000000000018,0.0,3,0.5403101426500319,GOOD,114.38146001080585,114.28308451870869,2.8570771129677173,0,0.0,80.0,1,1,1,22,0.9999215602874756,1,22,1,0.02913046069443226,0.9139321446418762,0.024938838556408882,0.031998518854379654,1,1,0,1,0.1,0.3403101426500319,0.0,0.1
1403,1403,22,1,6.2,0.9998342990875244,0.5240672663252779,19.868073405698496,0.0,0.0,3,0.5223389883048069,GOOD,83.86110734666121,83.4407805922944,2.08601951480736,0,0.0,80.0,1,1,1,22,0.9998342990875244,1,22,1,0.8474727869033813,0.11246300488710403,0.026857124641537666,0.013207079842686653,1,1,1,0,0.3223389883048069,0.1,0.1,0.0
1404,1404,22,0,0.0,0.9998167157173157,0.5773092075152942,21.46184784639379,3.2,0.0414811424974888,3,0.5482304688522656,GOOD,47.019022646610836,46.34075430010044,1.1585188575025112,0,0.0,80.0,1,1,1,22,0.9998167157173157,1,22,1,0.030395669862627983,0.9440101981163025,0.006549902725964785,0.01904415152966976,1,1,0,1,0.1,0.3482304688522656,0.0,0.1
1405,1405,22,0,0.0,0.9951115250587463,0.34337649039656,15.028130459254317,0.20000000000000018,0.0,3,0.422808982461372,GOOD,55.47082878612447,55.12149738298513,1.3780374345746285,0,0.0,80.0,1,1,1,22,0.9951115250587463,1,22,1,0.5243266820907593,0.22236435115337372,0.0712355375289917,0.18207336962223053,1,1,0,1,0.222808982461372,0.1,0.0,0.1
1406,1406,22,1,6.2,0.9978286623954773,0.3049668480356515,15.02347445476393,0.0,0.0,3,0.3984604692328458,GOOD,103.71733186268341,101.75314902272868,2.543828725568217,0,0.0,80.0,1,1,1,22,0.9978286623954773,1,22,1,0.22824804484844208,0.40242984890937805,0.008745682425796986,0.36057642102241516,1,1,0,1,0.1,0.16290134069095327,0.0,0.1355591285418925
1407,1407,22,0,0.0,0.9961704611778259,0.33033137340689095,14.775619269201643,3.2,0.0,3,0.4146998115228134,GOOD,93.03372088256701,92.14053948225504,2.303513487056376,0,0.0,80.0,1,1,1,22,0.9961704611778259,1,22,1,0.12730392813682556,0.36130496859550476,0.05272231623530388,0.45866885781288147,1,1,0,1,0.1,0.12679211610071994,0.0,0.18790769542209343
1408,1408,22,0,0.0,0.9999881982803345,0.3745668167161702,14.98506272779601,0.20000000000000018,0.0,3,0.44159441952988787,GOOD,80.87017194162632,80.29589656213032,2.007397414053258,0,0.0,80.0,1,1,1,22,0.9999881982803345,1,22,1,0.17453578114509583,0.5794907212257385,0.11473686993122101,0.13123662769794464,1,1,0,1,0.1,0.2415944195298879,0.0,0.1
1409,1409,22,1,6.2,0.9992675185203552,0.5308723930040838,20.0038042191043,0.0,0.0,3,0.5257193921886869,GOOD,83.69115947207708,83.48357222926111,2.087089305731528,0,0.0,80.0,1,1,1,22,0.9992675185203552,1,22,1,0.06932298839092255,0.016763975843787193,0.05412854626774788,0.8597844243049622,1,0,1,1,0.1,0.0,0.1,0.32571939218868684
1410,1410,22,0,0.0,0.9995193481445312,0.28427630856306824,13.567549968853921,3.2,0.0,3,0.384706266083116,GOOD,65.0660328875584,63.96403060245502,1.5991007650613756,0,0.0,80.0,1,1,1,22,0.9995193481445312,1,22,1,0.175749734044075,0.30916211009025574,0.1079089418053627,0.4071792662143707,1,1,0,1,0.1,0.10919189782009703,0.0,0.17551436826301894
1411,1411,22,0,0.0,0.9971047043800354,0.2320639275975687,12.03274727027017,0.20000000000000018,0.0,3,0.34758637608041887,GOOD,105.72441861111142,104.78899095881576,2.619724773970394,0,0.0,80.0,1,1,1,22,0.9971047043800354,1,22,1,0.18404367566108704,0.28199559450149536,0.21829967200756073,0.3156610429286957,0,1,1,1,0.0,0.1111871236907502,0.1,0.13639925238966866
1412,1412,22,1,6.2,0.9985516667366028,0.5986824172284321,22.154015565071727,0.0,0.0,3,0.5582865668143522,GOOD,50.82255428089519,49.88269256130651,1.247067314032663,0,0.0,80.0,1,1,1,22,0.9985516667366028,1,22,1,0.004982346668839455,0.9828934669494629,0.002534729428589344,0.009589443914592266,1,1,0,1,0.1,0.3582865668143522,0.0,0.1
1413,1413,22,0,0.0,0.9999932050704956,0.46986394990168084,17.806940174080005,3.2,0.0,3,0.49458961039026883,GOOD,60.78385965010451,60.49028624329976,1.512257156082494,0,0.0,80.0,1,1,1,22,0.9999932050704956,1,22,1,0.07837998867034912,0.7497263550758362,0.06115976721048355,0.11073385924100876,1,1,0,1,0.1,0.2945896103902689,0.0,0.1
1414,1414,22,0,0.0,0.9999305009841919,0.36713293715427514,15.669108278474116,0.20000000000000018,0.0,3,0.4371903837818507,GOOD,69.3379338334374,68.34290739582019,1.708572684895505,0,0.0,80.0,1,1,1,22,0.9999305009841919,1,22,1,0.09949421882629395,0.5663148164749146,0.05507975444197655,0.27911117672920227,1,1,0,1,0.1,0.23719038378185073,0.0,0.1
1415,1415,22,1,6.2,0.9994055032730103,0.28017037658908767,14.068355323034996,0.0,0.0,3,0.38191791735962893,WEAK,14.042673742225379,12.187988441271395,0.3046997110317849,0,0.0,80.0,1,1,1,22,0.9994055032730103,1,22,1,0.05988358333706856,0.3447595238685608,0.2330581098794937,0.3622988164424896,0,1,1,1,0.0,0.1349817295975081,0.1,0.14693618776212083
1416,1416,22,0,0.0,0.9999958276748657,0.4929965243504102,19.129264358023338,3.2,0.8523177884510179,3,0.5066182789493515,WEAK,16.907500406677094,13.907288461959281,0.34768221154898205,0,0.0,80.0,1,1,1,22,0.9999958276748657,1,22,1,0.12769919633865356,0.7913705706596375,0.0075122276321053505,0.07341799885034561,1,1,0,1,0.1,0.30661827894935156,0.0,0.1
1417,1417,22,0,0.0,0.9999785423278809,0.4885943992963483,18.747918289888165,0.20000000000000018,0.42562198905458815,3,0.504351327969242,WEAK,19.161564475761743,17.06783197585719,0.42669579939642976,0,0.0,80.0,1,1,1,22,0.9999785423278809,1,22,1,0.11376989632844925,0.783437192440033,0.026907505467534065,0.0758853405714035,1,1,0,1,0.1,0.304351327969242,0.0,0.1
1418,1418,22,1,6.2,0.9938826560974121,0.4848236394617481,18.475694538896093,0.0,0.016004895082304293,3,0.5024013759703689,WEAK,19.4027578054802,16.384683758891352,0.40961709397228385,0,0.0,80.0,1,1,1,22,0.9938826560974121,1,22,1,0.03969799727201462,0.10933125764131546,0.776644766330719,0.07432599365711212,0,1,1,1,0.0,0.1,0.302401375970369,0.1
1419,1419,22,0,0.0,0.9999812841415405,0.4915909901465693,18.79634975717938,3.2,0.923521502304766,3,0.5058955785480904,WEAK,12.550465193130755,11.699335711101527,0.2924833927775382,0,0.0,80.0,1,1,1,22,0.9999812841415405,1,22,1,0.028933105990290642,0.7888371348381042,0.06948693841695786,0.11274279654026031,0,1,1,1,0.0,0.30589557854809046,0.1,0.1
1420,1420,22,0,0.0,0.9999945163726807,0.5083161551469397,19.503502347168396,0.20000000000000018,0.7741746539675772,3,0.514429520683642,WEAK,7.063673129729893,5.973873933487552,0.1493468483371888,0,0.0,80.0,1,1,1,22,0.9999945163726807,1,22,1,0.09203355759382248,0.07977772504091263,0.009179575368762016,0.8190090656280518,1,1,0,1,0.1,0.1,0.0,0.31442952068364194
1421,1421,22,0,0.0,0.9999879598617554,0.41744597980923176,17.00346682863504,0.0,0.7741746539675772,3,0.466185829156068,DOWN,0.0,0.0,0.0,1,0.0,80.0,1,1,1,22,0.9999879598617554,1,22,1,0.6558020114898682,0.24987024068832397,0.03198603168129921,0.06234167516231537,1,1,0,1,0.26618582915606803,0.1,0.0,0.1
1422,1422,23,1,6.2,0.7298442721366882,0.5254066835007679,19.951060644396815,0.0,0.0,3,0.5230060623591818,GOOD,71.42862708809334,70.50417095619322,1.7626042739048307,0,0.0,80.0,1,1,0,23,0.7298442721366882,1,23,1,0.01208006776869297,0.8498953580856323,0.009836104698479176,0.12818849086761475,1,1,0,1,0.1,0.32300606235918183,0.0,0.1
1423,1423,23,0,0.0,0.9999070167541504,0.2876989651520313,13.872677517405593,3.2,0.0,3,0.38701524821257044,GOOD,53.98551532997722,53.95412640852968,1.348853160213242,0,0.0,80.0,1,1,1,23,0.9999070167541504,1,23,1,0.1973765343427658,0.37005940079689026,0.3540143072605133,0.07854975014925003,1,1,1,0,0.1,0.14890362531738915,0.13811162289518128,0.0
1424,1424,23,1,6.2,0.7703364491462708,0.4184669491717161,16.099801990819376,0.20000000000000018,0.0,3,0.4667555684830904,GOOD,91.93672212655363,90.88131759355473,2.2720329398388683,0,0.0,80.0,1,1,0,36,0.7703364491462708,0,23,1,0.3162882924079895,0.6576250791549683,0.009319222532212734,0.01676730066537857,1,1,0,1,0.1,0.26675556848309045,0.0,0.1
1425,1425,23,0,0.0,0.9963834285736084,0.5954699388149512,22.055599838810586,3.4000000000000004,0.0,3,0.5567866931842712,GOOD,76.05547550939093,75.49346958730558,1.8873367396826397,0,0.0,80.0,1,1,1,23,0.9963834285736084,1,23,1,0.9770447015762329,0.009086362086236477,0.0026107553858309984,0.011258270591497421,1,1,0,1,0.35678669318427125,0.1,0.0,0.1
1426,1426,23,0,0.0,0.9697503447532654,0.34801815670545394,15.040737820840459,0.40000000000000036,0.0,3,0.42565709591099565,GOOD,98.34169950883114,97.73266537104648,2.443316634276162,0,0.0,80.0,1,1,1,23,0.9697503447532654,1,23,1,0.10751701146364212,0.5325158834457397,0.07469180226325989,0.28527534008026123,1,1,0,1,0.1,0.22565709591099561,0.0,0.1
1427,1427,23,1,6.2,0.9523316025733948,0.5124583050190366,19.70215186326206,0.0,0.0,3,0.5165212512048147,GOOD,113.85788282156932,112.62986638965101,2.8157466597412757,0,0.0,80.0,1,1,1,33,0.9523316025733948,0,23,1,0.002756744157522917,0.006589947734028101,0.8264898061752319,0.1641635000705719,0,1,1,1,0.0,0.1,0.3165212512048148,0.1
1428,1428,23,0,0.0,0.9432408809661865,0.47862011383383035,17.55825754484315,3.2,0.05759261498087098,3,0.4991768076906517,GOOD,45.85967889340411,45.69629540076516,1.142407385019129,0,0.0,80.0,1,1,1,23,0.9432408809661865,1,23,1,0.07496318966150284,0.1111847460269928,0.04837559536099434,0.7654764652252197,1,1,0,1,0.1,0.1,0.0,0.2991768076906517
1429,1429,23,0,0.0,0.9988678693771362,0.37301488203232797,16.409207701654772,0.20000000000000018,0.0,3,0.4406786456098676,GOOD,101.18503586846721,99.49338177735164,2.487334544433791,0,0.0,80.0,1,1,1,23,0.9988678693771362,1,23,1,0.5767386555671692,0.009652511216700077,0.10049708187580109,0.3131117522716522,1,0,1,1,0.24067864560986754,0.0,0.1,0.1
1430,1430,23,1,6.2,0.9978240728378296,0.5199070402804402,19.74974911990142,0.0,0.0,3,0.5202616041528989,GOOD,57.54174007384728,57.16978187700795,1.4292445469251989,0,0.0,80.0,1,1,1,23,0.9978240728378296,1,23,1,0.8399503827095032,0.02557981200516224,0.013656903989613056,0.12081288546323776,1,1,0,1,0.32026160415289895,0.1,0.0,0.1
1431,1431,23,0,0.0,0.9863424897193909,0.25323614454882176,12.400214460721593,3.2,0.0,3,0.3630962577802276,GOOD,89.74369550400155,88.5110587411713,2.2127764685292823,0,0.0,80.0,1,1,1,23,0.9863424897193909,1,23,1,0.31572601199150085,0.3302333354949951,0.16493047773838043,0.18911010026931763,1,1,0,1,0.12634788892840648,0.13674836885182115,0.0,0.1
1432,1432,23,0,0.0,0.9998805522918701,0.4972979767196327,18.902750590108987,0.20000000000000018,0.0,3,0.5088236307947176,GOOD,63.60321123972305,62.765227496791354,1.569130687419784,0,0.0,80.0,1,1,1,23,0.9998805522918701,1,23,1,0.08361750841140747,0.08554387092590332,0.03171234950423241,0.7991262674331665,1,1,0,1,0.1,0.1,0.0,0.30882363079471753
1433,1433,23,1,6.2,0.7945888638496399,0.29586311128279785,13.8130599231893,0.0,0.0,3,0.39246807615009716,GOOD,64.46697923300536,63.2970129132084,1.58242532283021,0,0.0,80.0,1,1,0,23,0.7945888638496399,1,23,1,0.36241358518600464,0.3800831735134125,0.0883718803524971,0.1691313236951828,1,1,0,1,0.1403742763535261,0.1520937997965711,0.0,0.1
1434,1434,23,0,0.0,0.9905043244361877,0.4956408306925891,19.246164536794023,3.2,0.0,3,0.5079751468723217,GOOD,96.96008214656412,95.54858824642419,2.388714706160605,0,0.0,80.0,1,1,1,23,0.9905043244361877,1,23,1,0.03122139535844326,0.16872254014015198,0.7961379289627075,0.003918120637536049,1,1,1,0,0.1,0.1,0.30797514687232175,0.0
1435,1435,23,0,0.0,0.9995373487472534,0.332620890812941,15.456240328841051,0.20000000000000018,0.0,3,0.416134466259689,GOOD,81.48644738810829,80.96229015326543,2.0240572538316357,0,0.0,80.0,1,1,1,23,0.9995373487472534,1,23,1,0.37558120489120483,0.44952279329299927,0.0018342400435358286,0.17306175827980042,1,1,0,1,0.1349405713101585,0.1811938949495305,0.0,0.1
1436,1436,23,1,6.2,0.9988600015640259,0.37196280721967717,15.322864352621636,0.0,0.0,3,0.440056747800455,GOOD,101.66482254659141,100.64753258344652,2.516188314586163,0,0.0,80.0,1,1,1,23,0.9988600015640259,1,23,1,0.46708405017852783,0.4458937644958496,0.042374592274427414,0.044647540897130966,1,1,0,1,0.17629575334078454,0.1637609944596705,0.0,0.1
1437,1437,23,0,0.0,0.6651095151901245,0.3417782424008464,13.505270062473315,3.2,0.0,3,0.4218238512892267,GOOD,61.43004816618087,60.7057801207618,1.517644503019045,0,0.0,80.0,1,1,0,33,0.6651095151901245,0,33,0,0.1607016623020172,0.24033476412296295,0.07745497673749924,0.5215086340904236,1,1,0,1,0.1,0.1,0.0,0.2218238512892267
1438,1438,23,1,6.2,0.8684579133987427,0.3085871627274884,13.907062020484776,0.20000000000000018,0.0,3,0.4008185883645814,GOOD,65.438760369321,64.8059021407835,1.6201475535195877,0,0.0,80.0,1,1,1,32,0.8684579133987427,0,23,1,0.3455275297164917,0.2220471203327179,0.006800033617764711,0.4256252646446228,1,1,0,1,0.12439989965552828,0.1,0.0,0.1764186887090531
1439,1439,23,0,0.0,0.9991288781166077,0.599720596258017,22.17405314078222,3.4000000000000004,0.8657102711060843,3,0.5587704213042227,WEAK,16.367813155491262,13.371589155756624,0.3342897288939156,0,0.0,80.0,1,1,1,23,0.9991288781166077,1,23,1,0.984783947467804,0.003015721682459116,0.009459040127694607,0.0027412790805101395,1,1,1,0,0.35877042130422276,0.1,0.1,0.0
1440,1440,23,0,0.0,0.9998040795326233,0.3646457611552385,16.102371642743666,0.40000000000000036,0.4036107035041444,3,0.43570697381622203,WEAK,19.93709467342206,18.483982704077597,0.46209956760193993,0,0.0,80.0,1,1,1,23,0.9998040795326233,1,23,1,0.2723270654678345,0.5619103312492371,0.020683255046606064,0.14507931470870972,1,1,0,1,0.1,0.23570697381622205,0.0,0.1
1441,1441,23,1,6.2,0.9900081157684326,0.44363810783368235,17.309498176875376,0.0,0.1830396165252803,3,0.4805884715261155,WEAK,10.626920881332488,8.822843479154564,0.2205710869788641,0,0.0,80.0,1,1,1,23,0.9900081157684326,1,23,1,0.13003771007061005,0.7026533484458923,0.11519556492567062,0.0521133691072464,1,1,1,0,0.1,0.28058847152611555,0.1,0.0
1442,1442,23,0,0.0,0.8022252321243286,0.2623914246417624,9.446972988993528,3.2,1.3830396165252803,3,0.3696015171329432,DOWN,0.0,0.0,0.0,1,0.0,80.0,1,1,1,23,0.8022252321243286,1,23,1,0.18847893178462982,0.30438652634620667,0.14475210011005402,0.3623824417591095,1,1,0,1,0.1,0.11437766513517139,0.0,0.1552238519977718
1443,1443,23,0,0.0,0.9961563944816589,0.32927561496710767,14.52295909164052,0.20000000000000018,1.3830396165252803,3,0.414036578708319,DOWN,0.0,0.0,0.0,1,0.0,80.0,1,1,1,23,0.9961563944816589,1,23,1,0.40650510787963867,0.41110241413116455,0.05975605919957161,0.12263644486665726,1,1,0,1,0.15557310721408038,0.1584634714942386,0.0,0.1
1444,1444,23,0,0.0,0.9962551593780518,0.33702029830216496,15.142987742103166,0.0,1.3830396165252803,3,0.4188774256768343,DOWN,0.0,0.0,0.0,1,0.0,80.0,1,1,1,23,0.9962551593780518,1,23,1,0.5131246447563171,0.05412958934903145,0.1580476611852646,0.2746981382369995,1,0,1,1,0.2188774256768343,0.0,0.1,0.1
1445,1445,23,1,6.2,0.5890007019042969,0.384136458807398,15.940535968180358,0.0,1.1387389069099956,3,0.44719989274241156,WEAK,11.185866507363215,9.772028384611385,0.24430070961528463,0,0.0,80.0,1,1,0,36,0.5890007019042969,0,23,1,0.3912201225757599,0.5488491058349609,0.031318727880716324,0.028612012043595314,1,1,1,0,0.12772323850451386,0.21947665423789767,0.1,0.0
1446,1446,23,0,0.0,0.9993040561676025,0.472301772703397,18.631068917283685,3.2,0.36699041406142574,3,0.49587100465829537,GOOD,80.24366438621422,78.86993971394278,1.9717484928485698,0,0.0,80.0,1,1,1,23,0.9993040561676025,1,23,1,0.0033088293857872486,0.7541097402572632,0.11376755684614182,0.12881381809711456,0,1,1,1,0.0,0.2958710046582954,0.1,0.1
1447,1447,23,0,0.0,0.9996351003646851,0.5786517131973228,21.588847419995947,0.20000000000000018,0.0,3,0.5488675409115826,GOOD,103.65668977000038,102.84716214111484,2.571179053527871,0,0.0,80.0,1,1,1,23,0.9996351003646851,1,23,1,0.9464504718780518,0.048546191304922104,0.00012422345753293484,0.00487907137721777,1,1,0,1,0.3488675409115827,0.1,0.0,0.1
1448,1448,23,1,6.2,0.9955304265022278,0.6002670965405331,22.220196089086688,0.0,0.0,3,0.5590249553817368,GOOD,42.67868551976804,42.35176854519676,1.058794213629919,0,0.0,80.0,1,1,1,23,0.9955304265022278,1,23,1,0.9857791662216187,0.0012162188068032265,0.004582987166941166,0.008421649225056171,1,0,1,1,0.35902495538173684,0.0,0.1,0.1
1449,1449,23,0,0.0,0.9929176568984985,0.47717404957552545,18.79081287562704,3.2,0.0,3,0.4984221509460517,GOOD,60.41671196792653,60.37896242334105,1.5094740605835264,0,0.0,80.0,1,1,1,23,0.9929176568984985,1,23,1,0.7628742456436157,0.0021048057824373245,0.0021626907400786877,0.23285821080207825,1,0,1,1,0.29842215094605173,0.0,0.1,0.1
1450,1450,23,0,0.0,0.9984991550445557,0.3328600183172049,15.468613415846917,0.20000000000000018,0.0,3,0.416284022888217,GOOD,74.80702006790746,74.18510712922868,1.8546276782307172,0,0.0,80.0,1,1,1,23,0.9984991550445557,1,23,1,0.02513602189719677,0.5058003664016724,0.2905321419239044,0.1785314828157425,0,1,1,1,0.0,0.216284022888217,0.1,0.1
1451,1451,23,1,6.2,0.9988963603973389,0.39799000806932683,16.697384307528928,0.0,0.0,3,0.45519240893161034,GOOD,83.02643191984137,82.29907590515654,2.0574768976289137,0,0.0,80.0,1,1,1,23,0.9988963603973389,1,23,1,0.24308687448501587,0.02455412596464157,0.11124575883150101,0.6211133003234863,1,0,1,1,0.1,0.0,0.1,0.2551924089316103
1452,1452,23,0,0.0,0.7050511240959167,0.5835702156952604,21.72725915696831,3.2,0.0,3,0.5511952744522945,GOOD,86.46970787491057,86.45877006692594,2.1614692516731484,0,0.0,80.0,1,1,0,36,0.7050511240959167,0,36,0,0.000902789062820375,0.0430133193731308,0.0006906471680849791,0.9553932547569275,1,1,0,1,0.1,0.1,0.0,0.3511952744522946
1453,1453,23,0,0.0,0.9997912049293518,0.5946559619524858,22.063299897013056,0.20000000000000018,0.0,3,0.556406013622476,GOOD,45.6869917556065,45.274963851346,1.13187409628365,0,0.0,80.0,1,1,1,23,0.9997912049293518,1,23,1,0.9755629897117615,0.02319600246846676,0.00021262290829326957,0.00102848035749048,1,1,0,1,0.35640601362247604,0.1,0.0,0.1
1454,1454,23,1,6.2,0.992924690246582,0.4620914963477791,17.66288622084293,0.0,0.0,3,0.49048182009244845,GOOD,81.90258954959003,81.44355811798506,2.0360889529496267,0,0.0,80.0,1,1,1,36,0.992924690246582,0,36,0,0.12352321296930313,0.05796977877616882,0.7357594966888428,0.08274749666452408,1,0,1,1,0.1,0.0,0.2904818200924485,0.1
1455,1455,23,0,0.0,0.9318890571594238,0.5633363487302546,19.982434814888222,3.2,0.0,3,0.5415553041031512,GOOD,71.70878671699361,70.79269899873574,1.7698174749683937,0,0.0,80.0,1,1,1,23,0.9318890571594238,1,23,1,0.9186288118362427,0.03238881751894951,0.036655623465776443,0.012326691299676895,1,1,1,0,0.34155530410315127,0.1,0.1,0.0
1456,1456,23,0,0.0,0.9999810457229614,0.351727455016672,15.860516399936774,0.20000000000000018,0.0,3,0.42791948409619596,GOOD,41.5524920395214,41.216619477045256,1.0304154869261315,0,0.0,80.0,1,1,1,23,0.9999810457229614,1,23,1,0.3038196563720703,0.021524474024772644,0.1355905532836914,0.5390653610229492,1,0,1,1,0.1,0.0,0.1,0.22791948409619592
1457,1457,23,1,6.2,0.9808412194252014,0.3018721318922434,14.952514568515609,0.0,0.0,3,0.39643358275155993,GOOD,76.76377210094003,75.28681507329959,1.88217037683249,0,0.0,80.0,1,1,1,23,0.9808412194252014,1,23,1,0.21984758973121643,0.4386672079563141,0.3173709809780121,0.024114184081554413,1,1,1,0,0.1,0.18803985945251409,0.10839372329904584,0.0
1458,1458,23,0,0.0,0.9932689070701599,0.4120413364998336,16.447858583664114,3.2,0.0,3,0.463158160145953,GOOD,119.65358405003161,118.94748410370777,2.9736871025926943,0,0.0,80.0,1,1,1,23,0.9932689070701599,1,23,1,0.646155834197998,0.21947568655014038,0.06223500892519951,0.07213352620601654,1,1,0,1,0.26315816014595306,0.1,0.0,0.1
1459,1459,23,0,0.0,0.5412397384643555,0.40156768142651594,16.264006706077176,0.20000000000000018,0.0,3,0.4572337745702124,GOOD,84.44467740372912,83.41147928813322,2.0852869822033306,0,0.0,80.0,1,1,0,23,0.5412397384643555,1,23,1,0.013034608215093613,0.4247254729270935,0.5540608167648315,0.008179091848433018,1,1,1,0,0.1,0.14180087208799755,0.2154329024822149,0.0
1460,1460,23,1,6.2,0.9994314312934875,0.5794908597926091,21.534060460698488,0.0,0.0,3,0.5492653738896038,WEAK,13.771769595520105,11.226436243270285,0.28066090608175714,0,0.0,80.0,1,1,1,23,0.9994314312934875,1,23,1,0.9479759335517883,0.012594137340784073,0.005982629954814911,0.033447377383708954,1,1,0,1,0.3492653738896039,0.1,0.0,0.1
1461,1461,23,0,0.0,0.9934606552124023,0.4397710362064915,17.744175501190796,3.2,1.1093021497783566,3,0.4784893081529695,WEAK,4.292950191045501,3.6279140088657367,0.09069785022164342,0,0.0,80.0,1,1,1,23,0.9934606552124023,1,23,1,0.26054850220680237,0.029441889375448227,0.6957256197929382,0.014284037984907627,1,1,1,0,0.1,0.1,0.27848930815296946,0.0
1462,1462,23,0,0.0,0.999536395072937,0.37752048456372467,16.337687490351602,0.20000000000000018,0.7251062224077971,3,0.44333210949643675,WEAK,18.538363873682165,15.367837094822379,0.3841959273705595,0,0.0,80.0,1,1,1,23,0.999536395072937,1,23,1,0.29231786727905273,0.5847305059432983,0.021055929362773895,0.10189566016197205,1,1,0,1,0.1,0.24333210949643672,0.0,0.1
1463,1463,23,1,6.2,0.9277102947235107,0.4177045910306213,16.71824481096793,0.0,0.0,3,0.4663302097779556,GOOD,50.71325149228468,50.642647487467826,1.2660661871866958,0,0.0,80.0,1,1,1,33,0.9277102947235107,0,23,1,0.6562637686729431,0.20689542591571808,0.05296541005373001,0.08387536555528641,1,1,0,1,0.26633020977795563,0.1,0.0,0.1
1464,1464,23,0,0.0,0.9997047781944275,0.4912948686899136,18.85764679419248,3.2,0.05526815921060346,3,0.5057431865135402,GOOD,46.46174073658824,45.78927363157586,1.1447318407893965,0,0.0,80.0,1,1,1,23,0.9997047781944275,1,23,1,0.14661824703216553,0.0413854718208313,0.023692840710282326,0.7883034348487854,1,1,0,1,0.1,0.1,0.0,0.30574318651354027
1465,1465,23,0,0.0,0.9983940720558167,0.4727034727303549,18.53004177858757,0.20000000000000018,0.0,3,0.49608183285289775,GOOD,106.8708014042514,106.27276140095464,2.656819035023866,0,0.0,80.0,1,1,1,23,0.9983940720558167,1,23,1,0.7548321485519409,0.2126430869102478,0.018702836707234383,0.01382193062454462,1,1,1,0,0.2960818328528978,0.1,0.1,0.0
1466,1466,23,1,6.2,0.9887352585792542,0.32044063644627746,14.55333349754602,0.0,0.0,3,0.4084441867747134,GOOD,49.39837487284355,48.52440894229983,1.2131102235574958,0,0.0,80.0,1,1,1,23,0.9887352585792542,1,23,1,0.48397335410118103,0.29887884855270386,0.07892771065235138,0.13822008669376373,1,1,0,1,0.2084441867747134,0.1,0.0,0.1
1467,1467,23,0,0.0,0.9797502756118774,0.5511130425341346,20.56035582881542,3.2,0.00021608690587693324,3,0.5356477327630438,GOOD,48.188980108032396,47.99135652376492,1.199783913094123,0,0.0,80.0,1,1,1,23,0.9797502756118774,1,23,1,0.006463890429586172,0.02366797626018524,0.07341647893190384,0.8964516520500183,0,1,1,1,0.0,0.1,0.1,0.3356477327630438
1468,1468,23,0,0.0,0.9989074468612671,0.5100752696606548,19.563213053494223,0.20000000000000018,0.0,3,0.5153188873245482,GOOD,48.46516221477462,47.86959565064364,1.196739891266091,0,0.0,80.0,1,1,1,23,0.9989074468612671,1,23,1,0.8221856355667114,0.008482641540467739,0.16477888822555542,0.004552766680717468,1,1,1,0,0.31531888732454827,0.1,0.1,0.0
1469,1469,23,1,6.2,0.9993116855621338,0.5559169322132761,20.610082268178367,0.0,0.0,3,0.5379772090081135,GOOD,100.08649283862968,99.70604228730151,2.492651057182538,0,0.0,80.0,1,1,1,23,0.9993116855621338,1,23,1,0.9051645398139954,0.023427773267030716,0.023569902405142784,0.0478377565741539,1,0,1,1,0.33797720900811357,0.0,0.1,0.1
1470,1470,23,0,0.0,0.9842457175254822,0.5122698935835583,19.35889643858087,3.2,0.0,3,0.5164262898624332,GOOD,75.90451070177741,75.59711968067606,1.8899279920169016,0,0.0,80.0,1,1,1,23,0.9842457175254822,1,23,1,0.09776245057582855,0.049758583307266235,0.8261494636535645,0.026329485699534416,1,1,1,0,0.1,0.1,0.31642628986243315,0.0
1471,1471,23,1,6.2,0.7501111030578613,0.4078101887399397,15.135587354217009,0.20000000000000018,0.0,3,0.460773997045809,GOOD,68.53542397243368,67.91949071518589,1.6979872678796473,0,0.0,80.0,1,1,0,33,0.7501111030578613,0,33,0,0.0030873448122292757,0.4859030246734619,0.00428134435787797,0.5067282915115356,0,1,1,1,0.0,0.1745045183241055,0.1,0.18626947872170355
1472,1472,23,0,0.0,0.9989116191864014,0.36091003753252726,15.67774543791492,3.4000000000000004,0.0,3,0.43346936225242005,GOOD,85.40402292385534,85.08713268097027,2.127178317024257,0,0.0,80.0,1,1,1,23,0.9989116191864014,1,23,1,0.09669093787670135,0.49715039134025574,0.0149674192070961,0.3911912739276886,1,1,0,1,0.1,0.1985501103697894,0.0,0.13491925188263065
1473,1473,23,0,0.0,0.9962630867958069,0.6076863214562556,22.452014925100904,0.40000000000000036,0.0,3,0.5624690844649969,GOOD,45.6935058038315,44.80166489950481,1.1200416224876202,0,0.0,80.0,1,1,1,23,0.9962630867958069,1,23,1,0.9992945194244385,0.0003477908903732896,0.00023780381889082491,0.00011989250924671069,1,1,1,0,0.3624690844649969,0.1,0.1,0.0
1474,1474,23,1,6.2,0.9046053290367126,0.5374710167111255,20.366933880481398,0.0,0.0,3,0.5289765884303542,GOOD,54.538365424954094,54.52299144645942,1.3630747861614856,0,0.0,80.0,1,1,1,23,0.9046053290367126,1,23,1,0.871730387210846,0.003655624808743596,0.08241944015026093,0.04219462350010872,1,0,1,1,0.32897658843035427,0.0,0.1,0.1
1475,1475,23,0,0.0,0.9265539646148682,0.44147607387978105,17.914945304290885,3.2,0.0,3,0.47941598701837107,GOOD,52.22506112417659,51.99693021972897,1.2999232554932243,0,0.0,80.0,1,1,1,23,0.9265539646148682,1,23,1,0.6987797021865845,0.0901743620634079,0.0037816432304680347,0.20726434886455536,1,1,0,1,0.2794159870183711,0.1,0.0,0.1
1476,1476,23,0,0.0,0.9995997548103333,0.34655659791983434,15.488638580390269,0.20000000000000018,0.0,3,0.42476234745049946,GOOD,88.25637280406795,87.94490255587097,2.1986225638967745,0,0.0,80.0,1,1,1,23,0.9995997548103333,1,23,1,0.5299364924430847,0.31853005290031433,0.04188515245914459,0.10964833945035934,1,1,0,1,0.22476234745049947,0.1,0.0,0.1
1477,1477,23,1,6.2,0.7094951272010803,0.33469363713400674,14.493721792643095,0.0,0.0,3,0.41742903559455025,GOOD,60.46245227399946,59.281982310577696,1.4820495577644426,0,0.0,80.0,1,1,0,23,0.7094951272010803,1,23,1,0.10178886353969574,0.06846438348293304,0.4082713723182678,0.42147544026374817,1,0,1,1,0.1,0.0,0.15459749797908842,0.1628315376154618
1478,1478,23,0,0.0,0.9992033839225769,0.36549177343607164,15.42498635147778,3.2,0.0,3,0.4362121214597421,GOOD,98.5854737734252,97.06134821237458,2.4265337053093647,0,0.0,80.0,1,1,1,23,0.9992033839225769,1,23,1,0.5177240371704102,0.058066148310899734,0.04337508603930473,0.38083475828170776,1,1,0,1,0.20895018301185966,0.1,0.0,0.12726193844788244
1479,1479,23,0,0.0,0.9984028935432434,0.5275148687339465,19.880076191762008,0.20000000000000018,0.0,3,0.5240542883059052,GOOD,53.74954913850813,53.33642294535285,1.3334105736338213,0,0.0,80.0,1,1,1,23,0.9984028935432434,1,23,1,0.8537090420722961,0.019000928848981857,0.01929021254181862,0.10799982398748398,1,0,1,1,0.3240542883059052,0.0,0.1,0.1
1480,1480,23,1,6.2,0.8783005475997925,0.4383803392656746,16.98710872335484,0.0,0.0,3,0.4777321408155607,GOOD,82.95999507347994,81.8727100125155,2.0468177503128877,0,0.0,80.0,1,1,1,33,0.8783005475997925,0,23,1,0.06667766720056534,0.6932350993156433,0.15884219110012054,0.08124510943889618,0,1,1,1,0.0,0.27773214081556075,0.1,0.1
1481,1481,23,0,0.0,0.9957064986228943,0.41809006981559355,17.08321381929177,3.2,0.0,3,0.4665453366315535,GOOD,106.2498230670016,105.23772009835783,2.6309430024589457,0,0.0,80.0,1,1,1,23,0.9957064986228943,1,23,1,0.6569520831108093,0.1575499176979065,0.15835006535053253,0.02714790403842926,1,1,1,0,0.26654533663155355,0.1,0.1,0.0
1482,1482,23,0,0.0,0.9998774528503418,0.5191069657642409,19.360686884819263,0.20000000000000018,0.0,3,0.5198611399532842,GOOD,97.44046856702235,96.92726451044747,2.423181612761187,0,0.0,80.0,1,1,1,23,0.9998774528503418,1,23,1,0.8385040760040283,0.04273014888167381,0.07866522669792175,0.040100518614053726,1,1,1,0,0.31986113995328425,0.1,0.1,0.0
1483,1483,23,1,6.2,0.9774317741394043,0.2627453818650414,13.516512538827117,0.0,0.0,3,0.36985072313811956,GOOD,41.662945958067326,41.49981752440756,1.037495438110189,0,0.0,80.0,1,1,1,23,0.9774317741394043,1,23,1,0.09602786600589752,0.23639953136444092,0.3726663887500763,0.29490622878074646,0,1,1,1,0.0,0.1,0.1622899256879877,0.10756079745013186
1484,1484,23,0,0.0,0.9996390342712402,0.5449799832974069,20.387848250892034,3.2,0.0,3,0.5326589174444506,GOOD,67.22065695141379,67.01921972248442,1.6754804930621106,0,0.0,80.0,1,1,1,23,0.9996390342712402,1,23,1,0.8853337168693542,0.03652237355709076,0.0628889724612236,0.015255014412105083,1,1,1,0,0.33265891744445064,0.1,0.1,0.0
1485,1485,23,0,0.0,0.9710279107093811,0.3649916111826404,15.314923286224463,0.20000000000000018,0.0,3,0.43591354903431867,GOOD,82.46051215488556,81.06498090916972,2.026624522729243,0,0.0,80.0,1,1,1,32,0.9710279107093811,0,23,1,0.040400873869657516,0.062155336141586304,0.4100877046585083,0.4873560667037964,0,1,1,1,0.0,0.1,0.14488615803223984,0.1910273910020788
1486,1486,23,1,6.2,0.9956474900245667,0.33561809716244,14.725137081728196,0.0,0.0,3,0.4180051301341047,GOOD,42.43847272997195,42.04365222502067,1.051091305625517,0,0.0,80.0,1,1,1,23,0.9956474900245667,1,23,1,0.5106553435325623,0.2723270654678345,0.08380431681871414,0.13321328163146973,1,1,0,1,0.2180051301341047,0.1,0.0,0.1
1487,1487,23,0,0.0,0.9885022640228271,0.3193719093327439,14.931260393108627,3.2,1.0584813019727999,3,0.40776250052833696,WEAK,7.022176461454276,5.6607479210880065,0.14151869802720016,0,0.0,80.0,1,1,1,23,0.9885022640228271,1,23,1,0.15680493414402008,0.3149111568927765,0.04780519753694534,0.4804787039756775,1,1,0,1,0.1,0.10103358659055472,0.0,0.20672891393778223
1488,1488,23,0,0.0,0.9983718991279602,0.4836728781906477,18.235864606903043,0.20000000000000018,0.9116813663480611,3,0.501804780144021,WEAK,7.0964313749752,5.871997424989553,0.14679993562473884,0,0.0,80.0,1,1,1,23,0.9983718991279602,1,23,1,0.7745724320411682,0.05467335507273674,0.11467258632183075,0.05608160421252251,1,0,1,1,0.301804780144021,0.0,0.1,0.1
1489,1489,23,1,6.2,0.9952250719070435,0.4019597066002426,17.04997884702977,0.0,0.6631600778322038,3,0.4574569043595605,WEAK,11.212803000285628,9.940851540634291,0.2485212885158573,0,0.0,80.0,1,1,1,23,0.9952250719070435,1,23,1,0.07935380190610886,0.28745344281196594,0.005010010674595833,0.6281827688217163,1,1,0,1,0.1,0.1,0.0,0.2574569043595605
1490,1490,23,0,0.0,0.8213170766830444,0.43463441598919555,17.454804016535356,3.2,1.5228166110676025,3,0.47568667128743725,WEAK,16.275429788510383,13.61373867058405,0.34034346676460125,0,0.0,80.0,1,1,1,36,0.8213170766830444,0,23,1,0.025757092982530594,0.6865290403366089,0.23627912998199463,0.0514347180724144,0,1,1,1,0.0,0.2756866712874373,0.1,0.1
1491,1491,23,0,0.0,0.9981949925422668,0.49424777572989315,19.03137531428003,0.20000000000000018,1.5228166110676025,3,0.5072607835882675,DOWN,0.0,0.0,0.0,1,0.0,80.0,1,1,1,23,0.9981949925422668,1,23,1,0.7936262488365173,0.08569866418838501,0.01675545424222946,0.1039196103811264,1,1,0,1,0.3072607835882676,0.1,0.0,0.1
1492,1492,23,1,6.2,0.9950820207595825,0.412828673644134,17.308608585625038,0.0,1.1838024946248953,3,0.46360045507654013,WEAK,16.524613600758485,13.560564657708287,0.3390141164427072,0,0.0,80.0,1,1,1,23,0.9950820207595825,1,23,1,0.30371126532554626,0.6475605964660645,0.045900724828243256,0.002827436663210392,1,1,1,0,0.1,0.2636004550765402,0.1,0.0
1493,1493,23,0,0.0,0.9486508369445801,0.3441446575562744,13.427042799378146,3.2,2.322503980615081,3,0.42328165100658455,WEAK,2.7571959569550977,2.451940560392585,0.06129851400981462,0,0.0,80.0,1,1,1,23,0.9486508369445801,1,23,1,0.07144887745380402,0.5256814360618591,0.3120058476924896,0.09086388349533081,0,1,1,1,0.0,0.22328165100658456,0.1,0.1
1494,1494,23,0,0.0,0.9793331027030945,0.5431518515146706,20.509578482201594,0.20000000000000018,2.170322732247633,3,0.531764766534669,WEAK,7.203859061501184,6.087249934697907,0.1521812483674477,0,0.0,80.0,1,1,1,23,0.9793331027030945,1,23,1,0.021914441138505936,0.09366624802350998,0.00239836354739964,0.8820209503173828,1,1,0,1,0.1,0.1,0.0,0.331764766534669
1495,1495,23,1,6.2,0.5192698836326599,0.36365570153224674,15.541006867282325,0.0,0.4806535111349747,3,0.43511507184381826,GOOD,68.42915458561902,67.58676884450632,1.6896692211126583,0,0.0,80.0,1,1,0,23,0.5192698836326599,1,23,1,0.2699659764766693,0.5601575970649719,0.10990333557128906,0.059973105788230896,1,1,1,0,0.1,0.23511507184381822,0.1,0.0
1496,1496,23,0,0.0,0.9916408061981201,0.5660891833932558,21.130151010515537,3.2,0.0,3,0.5428768905574833,GOOD,111.72855297179471,111.37934766518595,2.784483691629649,0,0.0,80.0,1,1,1,23,0.9916408061981201,1,23,1,0.0554262213408947,0.9236267805099487,0.014180831611156464,0.0067662438377738,1,1,1,0,0.1,0.3428768905574834,0.1,0.0
1497,1497,23,0,0.0,0.9591360688209534,0.3772618636317822,16.071066842797798,0.20000000000000018,0.0,3,0.4431802308423357,GOOD,57.311144694637974,56.17147971568631,1.4042869928921577,0,0.0,80.0,1,1,1,23,0.9591360688209534,1,23,1,0.5842716097831726,0.3243218958377838,0.051673807203769684,0.039732713252305984,1,1,1,0,0.24318023084233567,0.1,0.1,0.0
1498,1498,23,1,6.2,0.9896687865257263,0.4131301815475382,17.191897589762238,0.0,0.0,3,0.46376971862054606,GOOD,46.7475915550649,46.686560485159845,1.1671640121289961,0,0.0,80.0,1,1,1,23,0.9896687865257263,1,23,1,0.6480985879898071,0.011710524559020996,0.31130602955818176,0.028884930536150932,1,0,1,1,0.2637697186205461,0.0,0.1,0.1
1499,1499,23,0,0.0,0.9660870432853699,0.27174904999478466,12.158749387353048,3.2,0.0,3,0.3761343041824168,GOOD,87.19141978327615,85.7796525817174,2.144491314542935,0,0.0,80.0,1,1,1,33,0.9660870432853699,0,33,0,0.356743723154068,0.3312501311302185,0.10055109113454819,0.2114550918340683,1,1,0,1,0.14688872340597936,0.12924558077643739,0.0,0.1
1500,1500,23,0,0.0,0.9998327493667603,0.48063756659041385,18.535858886811823,0.20000000000000018,0.0,3,0.500227752476172,GOOD,75.58686074254894,74.69601259066505,1.8674003147666263,0,0.0,80.0,1,1,1,23,0.9998327493667603,1,23,1,0.1221340224146843,0.027699289843440056,0.08105908334255219,0.7691076397895813,1,0,1,1,0.1,0.0,0.1,0.30022775247617206
1501,1501,23,1,6.2,0.9988237023353577,0.3184554026100081,15.08708607138303,0.0,0.0,3,0.4071769988562062,GOOD,95.0449386481016,94.1481217515427,2.3537030437885678,0,0.0,80.0,1,1,1,23,0.9988237023353577,1,23,1,0.41661468148231506,0.3767172396183014,0.19271062314510345,0.013957394286990166,1,1,1,0,0.1663417142480473,0.14083528460815886,0.1,0.0
1502,1502,23,0,0.0,0.9998782873153687,0.4030555378301732,16.224134976717824,3.2,0.0,3,0.45808004438846417,GOOD,119.78485940373074,118.94565184806676,2.973641296201669,0,0.0,80.0,1,1,1,23,0.9998782873153687,1,23,1,0.48285362124443054,0.009203164838254452,0.008709706366062164,0.4992334842681885,1,1,0,1,0.1743860181695054,0.1,0.0,0.18369402621895878
1503,1503,23,0,0.0,0.9806486964225769,0.4340507276941022,17.18336652688651,0.20000000000000018,0.0,3,0.4753671544562913,GOOD,50.05000364413238,49.49593590461886,1.2373983976154717,0,0.0,80.0,1,1,1,32,0.9806486964225769,0,33,0,0.023918772116303444,0.2655256688594818,0.6854844093322754,0.025071101263165474,0,1,1,1,0.0,0.1,0.27536715445629134,0.1
1504,1504,23,1,6.2,0.9952096343040466,0.4004647631968888,16.298330987701423,0.0,0.0,3,0.4566054393879688,GOOD,115.1986074963994,113.75298917921079,2.8438247294802697,0,0.0,80.0,1,1,1,33,0.9952096343040466,0,33,0,0.4413246214389801,0.016674334183335304,0.5350144505500793,0.006986609660089016,1,1,1,0,0.15159669614402685,0.1,0.205008743243942,0.0
1505,1505,23,0,0.0,0.9963834285736084,0.5954699388149512,22.055599838810586,3.2,0.0,3,0.5567866931842712,GOOD,103.8431601017615,103.30610431416059,2.582652607854015,0,0.0,80.0,1,1,1,23,0.9963834285736084,1,23,1,0.9770447015762329,0.009086362086236477,0.0026107553858309984,0.011258270591497421,1,1,0,1,0.35678669318427125,0.1,0.0,0.1
1506,1506,23,0,0.0,0.6352627873420715,0.32626068986665774,13.964149489419771,0.20000000000000018,0.0,3,0.4121367115737079,GOOD,40.24488838912744,39.74611146359902,0.9936527865899756,0,0.0,80.0,1,1,0,27,0.6352627873420715,0,36,0,0.16034862399101257,0.028803644701838493,0.380347341299057,0.43050047755241394,1,0,1,1,0.1,0.0,0.14022983363834257,0.17190687793536533
1507,1507,23,1,6.2,0.9998759031295776,0.3466018608928695,14.772489739639447,0.0,0.0,3,0.42479008516934413,WEAK,16.18147913660966,13.300445599199806,0.33251113997999515,0,0.0,80.0,1,1,1,23,0.9998759031295776,1,23,1,0.5300163626670837,0.23544304072856903,0.09363875538110733,0.14090178906917572,1,1,0,1,0.2247900851693441,0.1,0.0,0.1
1508,1508,24,0,0.0,0.9997748732566833,0.3112615211951825,13.944553521767538,3.2,0.834915229526684,3,0.40255168075990333,WEAK,16.83630102980227,14.603390818932642,0.36508477047331606,0,0.0,80.0,1,1,1,24,0.9997748732566833,1,24,1,0.24478720128536224,0.11296529322862625,0.1743687391281128,0.4678787887096405,1,0,1,1,0.1,0.0,0.1,0.2025516807599033
1509,1509,24,0,0.0,0.9996638298034668,0.46111094597573965,18.298568171480454,0.20000000000000018,0.7645420875371456,3,0.4899611466502759,WEAK,3.060476108044463,2.814925679581534,0.07037314198953835,0,0.0,80.0,1,1,1,24,0.9996638298034668,1,24,1,0.2274806648492813,0.7339984178543091,0.03471585735678673,0.003805066691711545,1,1,1,0,0.1,0.28996114665027595,0.1,0.0
1510,1510,24,1,6.2,0.9999707937240601,0.32612507757032655,14.914166152178643,0.0,0.700408341683945,3,0.41205104907031254,WEAK,3.0584190408229577,2.5653498341280243,0.06413374585320061,0,0.0,80.0,1,1,1,24,0.9999707937240601,1,24,1,0.15682551264762878,0.032630786299705505,0.38385358452796936,0.42669010162353516,1,0,1,1,0.1,0.0,0.14249480195223868,0.16955624711807385
1511,1511,24,0,0.0,0.9975050091743469,0.46336869640647776,18.351350093109005,3.2,1.4665390061834984,3,0.49115918717905954,WEAK,18.566522503306487,17.354773420017857,0.43386933550044643,0,0.0,80.0,1,1,1,24,0.9975050091743469,1,24,1,0.20385603606700897,0.04838921129703522,0.7380536794662476,0.009701046161353588,1,1,1,0,0.1,0.1,0.29115918717905953,0.0
1512,1512,24,0,0.0,0.7524206042289734,0.3773205489645884,14.837333661358002,0.20000000000000018,1.4665390061834984,3,0.4432146991659247,DOWN,0.0,0.0,0.0,1,0.0,80.0,1,1,0,24,0.7524206042289734,1,24,1,0.1046251505613327,0.13229285180568695,0.5843757390975952,0.1787063032388687,0,1,1,1,0.0,0.1,0.24321469916592472,0.1
1513,1513,24,1,6.2,0.9960556030273438,0.5925403599791401,21.970331473268587,0.0,0.0,3,0.5554153714935013,GOOD,77.92449727422522,76.61497450689367,1.9153743626723418,0,0.0,80.0,1,1,1,24,0.9960556030273438,1,24,1,0.022574789822101593,0.003252931870520115,0.002459928160533309,0.9717123508453369,1,1,0,1,0.1,0.1,0.0,0.35541537149350133
1514,1514,24,0,0.0,0.9999914169311523,0.2765309166993742,13.128576083715636,3.2,0.16405500134339146,3,0.3794292200909363,GOOD,41.458485839118694,41.437799946264334,1.0359449986566085,0,0.0,80.0,1,1,1,24,0.9999914169311523,1,24,1,0.12741291522979736,0.3727761507034302,0.17376376688480377,0.32604721188545227,0,1,1,1,0.0,0.15574385283593853,0.1,0.12368536725499779
1515,1515,24,0,0.0,0.9999563694000244,0.41374865539326167,16.01190994276642,0.20000000000000018,0.0,3,0.4641167305134716,GOOD,104.92773956773304,104.66032771660726,2.6165081929151817,0,0.0,80.0,1,1,1,24,0.9999563694000244,1,24,1,0.11503215879201889,0.6492022275924683,0.13800889253616333,0.09775673598051071,1,1,1,0,0.1,0.2641167305134716,0.1,0.0
1516,1516,24,1,6.2,0.999907374382019,0.28631002436168024,13.562786043709982,0.0,0.0,3,0.38607991009802567,GOOD,85.48374840398333,85.08317908014399,2.1270794770036,0,0.0,80.0,1,1,1,24,0.999907374382019,1,24,1,0.2991807460784912,0.16410160064697266,0.11496185511350632,0.42175576090812683,1,1,0,1,0.10171783332868817,0.1,0.0,0.1843620767693375
1517,1517,24,0,0.0,0.9113457798957825,0.37328905172711263,15.946334349258034,3.2,0.0,3,0.44084056748299605,GOOD,115.97083105413999,114.19408043856632,2.854852010964158,0,0.0,80.0,1,1,1,24,0.9113457798957825,1,24,1,0.5772247910499573,0.04355480149388313,0.10698600113391876,0.2722344398498535,1,0,1,1,0.240840567482996,0.0,0.1,0.1
1518,1518,24,0,0.0,0.9999954700469971,0.5734962727804382,21.3339859159138,0.20000000000000018,0.0,3,0.5464170299189082,GOOD,81.56688460573363,80.20909075288891,2.005227268822223,0,0.0,80.0,1,1,1,24,0.9999954700469971,1,24,1,0.043845921754837036,0.937080979347229,0.007722510956227779,0.011350596323609352,1,1,0,1,0.1,0.3464170299189082,0.0,0.1
1519,1519,24,1,6.2,0.9999542236328125,0.3018464216920517,14.538092610728652,0.0,0.0,3,0.396416700431652,GOOD,45.467831231650194,44.87133592550969,1.1217833981377423,0,0.0,80.0,1,1,1,24,0.9999542236328125,1,24,1,0.30978238582611084,0.05774620175361633,0.18627353012561798,0.44619789719581604,1,0,1,1,0.10341952465866436,0.0,0.1,0.19299717577298767
1520,1520,24,0,0.0,0.9989069700241089,0.35676972878706675,15.458539067496613,3.2,0.0,3,0.43097584078098117,GOOD,111.39851353117444,109.85775145089274,2.7464437862723186,0,0.0,80.0,1,1,1,24,0.9989069700241089,1,24,1,0.05651518329977989,0.12086976319551468,0.27463921904563904,0.5479757785797119,0,1,1,1,0.0,0.1,0.1,0.23097584078098113
1521,1521,24,0,0.0,0.9999774694442749,0.29219070142577075,14.532959456833922,0.20000000000000018,0.0,3,0.39002470942463574,WEAK,7.649959813638242,6.709598093687522,0.16773995234218808,0,0.0,80.0,1,1,1,24,0.9999774694442749,1,24,1,0.051636889576911926,0.296028733253479,0.4345495104789734,0.2177848219871521,0,1,1,1,0.0,0.1,0.1900247094246357,0.1
1522,1522,24,1,6.2,0.9999257326126099,0.3663512914002942,15.45216282240439,0.0,0.0,3,0.43672473489044117,WEAK,6.37002173829477,5.533782336932927,0.1383445584233232,0,0.0,80.0,1,1,1,24,0.9999257326126099,1,24,1,0.41022443771362305,0.03247036412358284,0.0670548677444458,0.4902503192424774,1,0,1,1,0.14451279825066612,0.0,0.1,0.192211936639775
1523,1523,24,0,0.0,0.9874891638755798,0.3073280000000001,11.121449509410395,3.2,0.7888468119151852,4,0.4,WEAK,19.61855578004674,16.446127523392587,0.4111531880848147,0,0.0,80.0,1,1,1,24,0.9874891638755798,1,24,1,0.24701625108718872,0.21744459867477417,0.25561437010765076,0.27992475032806396,1,1,1,1,0.1,0.1,0.1,0.1
1524,1524,24,0,0.0,0.9998725652694702,0.5375031071910679,20.124779942828045,0.20000000000000018,0.0,3,0.5289923798485888,GOOD,78.02667611066482,77.10787956690983,1.9276969891727458,0,0.0,80.0,1,1,1,24,0.9998725652694702,1,24,1,0.05207144841551781,0.871788501739502,0.055140990763902664,0.020999040454626083,1,1,1,0,0.1,0.32899237984858887,0.1,0.0
1525,1525,24,1,6.2,0.9999885559082031,0.31972371238462527,14.31894575201425,0.0,0.0,3,0.4079870234198134,GOOD,74.55728455848627,74.13379050918996,1.8533447627297492,0,0.0,80.0,1,1,1,24,0.9999885559082031,1,24,1,0.4827151298522949,0.09505008161067963,0.14371904730796814,0.27851566672325134,1,0,1,1,0.20798702341981343,0.0,0.1,0.1
1526,1526,24,0,0.0,0.9970716238021851,0.5004848642800739,18.867130479495845,3.2,0.0,3,0.5104514014236472,GOOD,80.96335467707635,80.69515047939116,2.017378761984779,0,0.0,80.0,1,1,1,24,0.9970716238021851,1,24,1,0.09475133568048477,0.040170032531023026,0.060203954577445984,0.8048747181892395,1,0,1,1,0.1,0.0,0.1,0.31045140142364724
1527,1527,24,0,0.0,0.9995859265327454,0.5584746339157056,20.834367624361985,0.20000000000000018,0.0,3,0.5392133704665459,GOOD,53.57575457934924,52.80041169851308,1.3200102924628272,0,0.0,80.0,1,1,1,24,0.9995859265327454,1,24,1,0.010869204066693783,0.9098050594329834,0.0275184977799654,0.05180715024471283,0,1,1,1,0.0,0.339213370466546,0.1,0.1
1528,1528,25,1,6.2,0.996353030204773,0.37001026893823635,16.210533729103833,0.0,0.0,3,0.43890023674472467,GOOD,111.70280806209196,111.64425488761192,2.7911063721902982,0,0.0,80.0,1,1,1,25,0.996353030204773,1,25,1,0.020149530842900276,0.1558765023946762,0.2525613009929657,0.5714126229286194,0,1,1,1,0.0,0.1,0.1,0.2389002367447247
1529,1529,25,0,0.0,0.9960569143295288,0.4241948874081735,16.87085265923113,3.2,0.0,3,0.4699391655846116,GOOD,65.60838127092376,65.31304314056067,1.6328260785140167,0,0.0,80.0,1,1,1,25,0.9960569143295288,1,25,1,0.08002113550901413,0.6678579449653625,0.19996534287929535,0.052155621349811554,1,1,1,0,0.1,0.2699391655846116,0.1,0.0
1530,1530,25,0,0.0,0.9988197684288025,0.3517054868015648,15.17646075728039,0.20000000000000018,0.0,3,0.42790612037674236,GOOD,107.36156290594086,105.3962510803904,2.63490627700976,0,0.0,80.0,1,1,1,25,0.9988197684288025,1,25,1,0.07084335386753082,0.19873812794685364,0.5390265583992004,0.1913919448852539,0,1,1,1,0.0,0.1,0.22790612037674232,0.1
1531,1531,25,1,6.2,0.9996310472488403,0.49906247872435244,19.378968271451956,0.0,0.0,3,0.5097255300197869,GOOD,52.3394897676057,51.58565409587298,1.2896413523968246,0,0.0,80.0,1,1,1,25,0.9996310472488403,1,25,1,0.000848317111376673,0.8023087978363037,0.0007619603420607746,0.19608086347579956,1,1,0,1,0.1,0.309725530019787,0.0,0.1
1532,1532,25,0,0.0,0.9125863909721375,0.5269132627479649,19.6021552932297,3.2,0.0,3,0.523755373378885,GOOD,56.081291894204796,55.22852449385148,1.380713112346287,0,0.0,80.0,1,1,1,33,0.9125863909721375,0,33,0,0.006237469147890806,0.04415813460946083,0.8526206612586975,0.09698376804590225,0,1,1,1,0.0,0.1,0.32375537337888505,0.1
1533,1533,25,0,0.0,0.9295913577079773,0.5068549504940175,18.057314912559022,0.20000000000000018,0.0,3,0.5136895994960103,GOOD,92.27161596059261,91.60848009376221,2.2902120023440555,0,0.0,80.0,1,1,1,25,0.9295913577079773,1,25,1,0.03553755581378937,0.06556617468595505,0.8163709044456482,0.0825253576040268,0,1,1,1,0.0,0.1,0.3136895994960104,0.1
1534,1534,25,1,6.2,0.9998948574066162,0.5610531163667917,20.984686084041122,0.0,0.0,3,0.5404567134992261,GOOD,54.42736786999538,53.60386452143894,1.3400966130359737,0,0.0,80.0,1,1,1,25,0.9998948574066162,1,25,1,0.0069833542220294476,0.9144843816757202,0.05495963990688324,0.023572713136672974,0,1,1,1,0.0,0.3404567134992261,0.1,0.1
1535,1535,25,0,0.0,0.9999749660491943,0.42352820841588246,17.513146116383215,3.2,0.0,3,0.4695697342534822,GOOD,102.2642075800849,100.63205476163579,2.515801369040895,0,0.0,80.0,1,1,1,25,0.9999749660491943,1,25,1,0.004422654863446951,0.3126768171787262,0.016234006732702255,0.6666665077209473,0,1,1,1,0.0,0.1,0.1,0.2695697342534822
1536,1536,25,0,0.0,0.9962713718414307,0.5019845595547898,19.016482943546414,0.20000000000000018,0.0,3,0.5112156092933057,GOOD,41.553823044699236,41.32682846101348,1.033170711525337,0,0.0,80.0,1,1,1,25,0.9962713718414307,1,25,1,0.03231201320886612,0.8075805306434631,0.07438371330499649,0.08572374284267426,0,1,1,1,0.0,0.3112156092933057,0.1,0.1
1537,1537,25,1,6.2,0.9999639987945557,0.41113452850756216,16.945307021325867,0.0,0.0,3,0.4626482272617538,GOOD,87.64355029734367,86.03227253133404,2.150806813283351,0,0.0,80.0,1,1,1,25,0.9999639987945557,1,25,1,9.99999993922529e-09,0.3907548785209656,9.99999993922529e-09,0.6092451214790344,0,1,1,1,0.0,0.11985753969370325,0.1,0.24279068756805058
1538,1538,25,0,0.0,0.9999736547470093,0.4517077730696026,18.064343693779573,3.2,0.0,3,0.4849396654300992,GOOD,110.00186550191633,109.64231497046228,2.741057874261557,0,0.0,80.0,1,1,1,25,0.9999736547470093,1,25,1,0.011202252469956875,0.060515910387039185,0.21116062998771667,0.7171211242675781,0,1,1,1,0.0,0.1,0.1,0.2849396654300992
1539,1539,25,0,0.0,0.9999129772186279,0.30694191969529433,13.530362464947888,0.20000000000000018,0.0,3,0.39974867136471937,GOOD,44.18256086570584,43.526459299821845,1.0881614824955461,0,0.0,80.0,1,1,1,25,0.9999129772186279,1,25,1,0.13838763535022736,0.22439689934253693,0.17689913511276245,0.46031638979911804,0,1,1,1,0.0,0.1,0.1,0.19974867136471933
1540,1540,25,1,6.2,0.9999086856842041,0.5429010542913569,20.443295590539464,0.0,0.0,3,0.531641982707982,GOOD,60.561601251876624,59.6226139099462,1.4905653477486551,0,0.0,80.0,1,1,1,25,0.9999086856842041,1,25,1,0.009019864723086357,0.02177444100379944,0.8815665245056152,0.08763919025659561,0,1,1,1,0.0,0.1,0.33164198270798206,0.1
1541,1541,25,0,0.0,0.9796774983406067,0.563083887120605,20.97039803579914,3.2,0.1721005145335739,3,0.5414339403338335,GOOD,41.117817553477,41.11597941865704,1.027899485466426,0,0.0,80.0,1,1,1,25,0.9796774983406067,1,25,1,0.03991849720478058,0.9181705117225647,0.011881530284881592,0.030029499903321266,1,1,0,1,0.1,0.34143394033383356,0.0,0.1
1542,1542,25,0,0.0,0.9999808073043823,0.6069224531331726,22.43397329035912,0.20000000000000018,0.0,3,0.5621154584201952,GOOD,64.39644109993559,64.16421279170213,1.6041053197925532,0,0.0,80.0,1,1,1,25,0.9999808073043823,1,25,1,0.0003623091906774789,0.9979026317596436,0.0007742087473161519,0.0009608413092792034,0,1,1,1,0.0,0.3621154584201952,0.1,0.1
1543,1543,25,1,6.2,0.9835525751113892,0.3906405655463516,15.35588975406224,0.0,0.0,3,0.45096994220059117,GOOD,58.27491773739417,57.58470127876643,1.4396175319691609,0,0.0,80.0,1,1,1,25,0.9835525751113892,1,25,1,0.11675865948200226,0.6080365180969238,0.11059945076704025,0.16460542380809784,1,1,0,1,0.1,0.2509699422005912,0.0,0.1
1544,1544,25,0,0.0,0.9997944235801697,0.5738966393574272,21.28867040464025,3.2,0.0,3,0.5466077277127799,GOOD,54.939697413583175,54.78794876338535,1.369698719084634,0,0.0,80.0,1,1,1,25,0.9997944235801697,1,25,1,0.011821314692497253,0.03849603980779648,0.011874237097799778,0.9378084540367126,0,1,1,1,0.0,0.1,0.1,0.3466077277127799
1545,1545,25,0,0.0,0.9533475637435913,0.372863458236865,15.920104512975346,0.20000000000000018,0.0,3,0.440589190725091,GOOD,42.38656864103881,42.12535974850871,1.0531339937127178,0,0.0,80.0,1,1,1,23,0.9533475637435913,0,25,1,0.053640104830265045,0.5616932511329651,0.3532904088497162,0.03137623518705368,1,1,1,0,0.1,0.23185871327086024,0.10873047745423076,0.0
1546,1546,25,1,6.2,0.9885777235031128,0.41172578145873634,17.167541569217818,0.0,0.0,3,0.4629807751701841,GOOD,106.50897007064226,105.71653533082986,2.6429133832707468,0,0.0,80.0,1,1,1,25,0.9885777235031128,1,25,1,0.011308868415653706,0.26222100853919983,0.6455928683280945,0.08087733387947083,0,1,1,1,0.0,0.1,0.26298077517018414,0.1
1547,1547,25,0,0.0,0.9999910593032837,0.4486660904453266,17.184685740643822,3.2,0.0,3,0.4833041787733332,GOOD,85.38884472112468,83.9735459001491,2.099338647503728,0,0.0,80.0,1,1,1,25,0.9999910593032837,1,25,1,0.06952701508998871,0.7116660475730896,0.1472044438123703,0.0716024711728096,0,1,1,1,0.0,0.28330417877333325,0.1,0.1
1548,1548,25,0,0.0,0.9997392296791077,0.5118468617294982,19.622404473153185,0.20000000000000018,0.0,3,0.5162130137220231,GOOD,63.71099910344099,63.32645807346503,1.5831614518366257,0,0.0,80.0,1,1,1,25,0.9997392296791077,1,25,1,0.007112506311386824,0.11271220445632935,0.05478993058204651,0.825385332107544,0,1,1,1,0.0,0.1,0.1,0.31621301372202315
1549,1549,25,1,6.2,0.9999171495437622,0.27671386408408877,14.108663588661825,0.0,0.0,3,0.3795547107722864,GOOD,65.17502906313538,64.03066794505438,1.6007666986263596,0,0.0,80.0,1,1,1,25,0.9999171495437622,1,25,1,0.3667212724685669,0.05579506978392601,0.2449674904346466,0.3325161933898926,1,0,1,1,0.15150670886434855,0.0,0.1,0.12804800190793786
1550,1550,25,0,0.0,0.9995940327644348,0.519506829865844,19.883664633001036,3.2,0.0,3,0.5200613239287502,GOOD,48.770827661484034,48.324029777641165,1.2081007444410292,0,0.0,80.0,1,1,1,25,0.9995940327644348,1,25,1,0.01016183290630579,0.14869117736816406,0.0019201424438506365,0.8392269015312195,1,1,0,1,0.1,0.1,0.0,0.3200613239287501
1551,1551,25,0,0.0,0.9984716773033142,0.500870614082753,19.37133383254072,0.20000000000000018,0.0,3,0.5106480792999506,GOOD,79.14873572987104,78.27062874959263,1.956765718739816,0,0.0,80.0,1,1,1,25,0.9984716773033142,1,25,1,0.02486317791044712,0.16489553451538086,0.805570662021637,0.004670579452067614,1,1,1,0,0.1,0.1,0.31064807929995053,0.0
1552,1552,25,1,6.2,0.998561441898346,0.5585754119297822,20.992994553483744,0.0,0.0,3,0.5392620194096472,GOOD,107.37937983369287,105.28835094681887,2.632208773670472,0,0.0,80.0,1,1,1,25,0.998561441898346,1,25,1,0.9099879264831543,0.004722777288407087,0.08401802182197571,0.0012713109608739614,1,1,1,0,0.3392620194096473,0.1,0.1,0.0
1553,1553,25,0,0.0,0.751861572265625,0.3878589075048369,15.629698291199151,3.2,0.0,3,0.44936144910913145,GOOD,92.83617907946953,91.85586642683104,2.296396660670776,0,0.0,80.0,1,1,0,25,0.751861572265625,1,25,1,0.08664760738611221,0.6030911207199097,0.13106943666934967,0.17919181287288666,0,1,1,1,0.0,0.24936144910913147,0.1,0.1
1554,1554,25,0,0.0,0.9999440908432007,0.3874073950683832,16.68016224282443,0.20000000000000018,0.0,3,0.449099818706041,GOOD,51.918225934361686,51.31175528264024,1.282793882066006,0,0.0,80.0,1,1,1,25,0.9999440908432007,1,25,1,0.010409943759441376,0.3313063383102417,0.6022886037826538,0.055995091795921326,0,1,1,1,0.0,0.1,0.24909981870604095,0.1
1555,1555,25,1,6.2,0.9989978671073914,0.3970695805804127,16.353249799105043,0.0,0.0,3,0.45466574479960076,GOOD,105.96020541534992,105.0682076125973,2.626705190314933,0,0.0,80.0,1,1,1,25,0.9989978671073914,1,25,1,0.10297516733407974,0.6194747686386108,0.04802216961979866,0.22952787578105927,1,1,0,1,0.1,0.2546657447996008,0.0,0.1
1556,1556,25,0,0.0,0.9999582767486572,0.5252834069354434,19.762690790426362,3.2,0.0,3,0.52294470210683,GOOD,66.17366867807246,64.89075461682162,1.6222688654205406,0,0.0,80.0,1,1,1,25,0.9999582767486572,1,25,1,0.03914870694279671,0.02317941002547741,0.8496723771095276,0.08799949288368225,1,0,1,1,0.1,0.0,0.32294470210683,0.1
1557,1557,25,0,0.0,0.9666764140129089,0.6043504960685774,22.355938191173035,0.20000000000000018,0.0,3,0.5609231547562835,GOOD,52.10462571801689,51.93212657936599,1.2983031644841498,0,0.0,80.0,1,1,1,25,0.9666764140129089,1,25,1,0.0002939068363048136,0.005908412858843803,0.9932167530059814,0.0005809611757285893,0,1,1,1,0.0,0.1,0.36092315475628356,0.1
1558,1558,25,1,6.2,0.9998573064804077,0.39859834220178186,15.881577444151297,0.0,0.0,3,0.4555401605577467,GOOD,119.35162549836787,118.78953861132878,2.9697384652832195,0,0.0,80.0,1,1,1,25,0.9998573064804077,1,25,1,0.08430028706789017,0.11050751805305481,0.6221963763237,0.18299581110477448,0,1,1,1,0.0,0.1,0.25554016055774675,0.1
1559,1559,25,0,0.0,0.9998821020126343,0.3488433606030309,15.322154589572003,3.2,0.0,3,0.4261614459215146,GOOD,62.289324736653796,61.48217976622306,1.5370544941555766,0,0.0,80.0,1,1,1,25,0.9998821020126343,1,25,1,0.027872001752257347,0.11072708666324615,0.3843773901462555,0.47702351212501526,0,1,1,1,0.0,0.1,0.1347856414424807,0.19137580447903393
1560,1560,25,0,0.0,0.4956957697868347,0.5609873694016058,20.995667666127105,0.20000000000000018,0.0,3,0.540425045882787,GOOD,79.65231796609513,78.60955766439292,1.9652389416098233,0,0.0,80.0,1,1,0,25,0.4956957697868347,1,25,1,0.060554277151823044,0.9143650531768799,0.00580986775457859,0.0192707572132349,1,1,0,1,0.1,0.340425045882787,0.0,0.1
1561,1561,25,1,6.2,0.6137175559997559,0.31084806326668607,15.16642704470514,0.0,0.0,3,0.4022842312349241,GOOD,59.026830790543286,58.048759807025455,1.4512189951756365,0,0.0,80.0,1,1,0,25,0.6137175559997559,1,25,1,0.42931053042411804,0.2163926213979721,0.00736975809559226,0.34692710638046265,1,1,0,1,0.1777962565984447,0.1,0.0,0.1244879746364794
1562,1562,25,0,0.0,0.9999667406082153,0.26169926496955653,13.058151174285959,3.2,0.9806738495337048,3,0.36911371118315417,WEAK,10.265529722457176,8.773046018651806,0.21932615046629517,0,0.0,80.0,1,1,1,25,0.9999667406082153,1,25,1,0.34597447514533997,0.3192227780818939,0.21203778684139252,0.12276497483253479,1,1,1,0,0.1439898379355328,0.1251238732476214,0.1,0.0
1563,1563,25,0,0.0,0.9997380375862122,0.5909205355338881,21.91208353418301,0.20000000000000018,0.8505116374536679,3,0.5546556839193332,WEAK,6.3468030911922915,5.206488483201481,0.13016221208003703,0,0.0,80.0,1,1,1,25,0.9997380375862122,1,25,1,0.006894834339618683,0.9687645435333252,0.02118655852973461,0.003154084552079439,1,1,1,0,0.1,0.3546556839193332,0.1,0.0
1564,1564,25,1,6.2,0.9873225092887878,0.607939723570401,22.470057178793034,0.0,0.47805519072986263,3,0.5625863456197647,WEAK,15.9649544632743,14.898257868952209,0.37245644672380523,0,0.0,80.0,1,1,1,25,0.9873225092887878,1,25,1,4.2171428503934294e-05,0.9997562766075134,2.3219290596898645e-05,0.00017832698358688504,1,1,0,1,0.1,0.36258634561976477,0.0,0.1
1565,1565,25,0,0.0,0.7173430323600769,0.2733549278821704,14.075998242213657,3.2,1.4252769350356003,3,0.37724403396627193,WEAK,11.605158810917619,10.111130227770497,0.25277825569426243,0,0.0,80.0,1,1,0,25,0.7173430323600769,1,25,1,0.0657866895198822,0.24966298043727875,0.2827625274658203,0.40178778767585754,0,1,1,1,0.0,0.1,0.1,0.17724403396627195
1566,1566,25,0,0.0,0.9999829530715942,0.46932226246247494,18.10640596598246,0.20000000000000018,0.9599453198356616,3,0.4943044318394777,WEAK,19.93029063749493,18.613264607997543,0.4653316151999386,0,0.0,80.0,1,1,1,25,0.9999829530715942,1,25,1,0.060921233147382736,0.7487525343894958,0.15171749889850616,0.03860878571867943,1,1,1,0,0.1,0.29430443183947774,0.1,0.0
1567,1567,25,1,6.2,0.9984955787658691,0.5162971002419531,19.53143098294159,0.0,0.7747240476934844,3,0.5184522569467817,WEAK,8.436767784015364,7.408850885687088,0.1852212721421772,0,0.0,80.0,1,1,1,25,0.9984955787658691,1,25,1,0.022435592487454414,0.11427157372236252,0.8334255814552307,0.02986725978553295,0,1,1,1,0.0,0.1,0.3184522569467817,0.1
1568,1568,25,0,0.0,0.9974415302276611,0.4125093801012156,16.85193406134355,3.2,1.6115129152546934,3,0.4634211394500463,WEAK,17.4115111366715,14.528445297551636,0.36321113243879094,0,0.0,80.0,1,1,1,31,0.9974415302276611,0,31,0,0.12770196795463562,0.19992566108703613,0.025381501764059067,0.6469908952713013,1,1,0,1,0.1,0.1,0.0,0.2634211394500463
1569,1569,25,0,0.0,0.9999359846115112,0.45013897217351007,18.10466856684075,0.20000000000000018,0.0,3,0.48409682463035836,GOOD,76.40174084665503,75.45730250238259,1.8864325625595648,0,0.0,80.0,1,1,1,25,0.9999359846115112,1,25,1,0.03615027293562889,0.24389570951461792,0.7143073081970215,0.005646662786602974,1,1,1,0,0.1,0.1,0.28409682463035835,0.0
1570,1570,25,1,6.2,0.6210215091705322,0.5488914802092112,20.730773441208335,0.0,0.0,3,0.5345670321039033,GOOD,50.451620482056185,50.050556249619916,1.251263906240498,0,0.0,80.0,1,1,0,36,0.6210215091705322,0,25,1,0.0010869234101846814,0.892423689365387,0.0003852970839943737,0.10610401630401611,1,1,0,1,0.1,0.3345670321039034,0.0,0.1
1571,1571,25,0,0.0,0.9998782873153687,0.5530708028582874,20.842861032880545,3.2,0.0,3,0.5365983001887498,GOOD,55.0172737959807,54.185074684166764,1.3546268671041692,0,0.0,80.0,1,1,1,25,0.9998782873153687,1,25,1,0.0007934895111247897,0.031015656888484955,0.9000020027160645,0.06818877160549164,0,1,1,1,0.0,0.1,0.3365983001887498,0.1
1572,1572,25,0,0.0,0.9998681545257568,0.3634430085287823,15.357224113076647,0.20000000000000018,0.0,3,0.4349878093438845,GOOD,87.11898324548929,86.22038546560648,2.1555096366401623,0,0.0,80.0,1,1,1,25,0.9998681545257568,1,25,1,0.04404648393392563,0.3833252191543579,0.5106657147407532,0.06196260824799538,0,1,1,1,0.0,0.1293919451376842,0.20559586420620032,0.1
1573,1573,25,1,6.2,0.9999775886535645,0.32046507024149995,15.415368249878654,0.0,0.0,3,0.40845975853785677,GOOD,49.76119454902705,49.6474772733579,1.2411869318339477,0,0.0,80.0,1,1,1,25,0.9999775886535645,1,25,1,0.01677187718451023,0.18651601672172546,0.3126958906650543,0.4840162396430969,0,1,1,1,0.0,0.1,0.1,0.20845975853785673
1574,1574,25,0,0.0,0.9999806880950928,0.3700919154388659,15.695292395633274,3.2,0.0,3,0.43894865795740656,GOOD,74.4971974500668,74.0523862330173,1.8513096558254327,0,0.0,80.0,1,1,1,25,0.9999806880950928,1,25,1,0.013916836120188236,0.4405572712421417,0.46825307607650757,0.07727280259132385,0,1,1,1,0.0,0.16126215528890583,0.1776865026685007,0.1
1575,1575,25,0,0.0,0.9999488592147827,0.3624538466974086,15.794746929853103,0.20000000000000018,0.0,3,0.43439546544180435,GOOD,59.62126744874397,59.520179896509525,1.4880044974127382,0,0.0,80.0,1,1,1,25,0.9999488592147827,1,25,1,0.007481016684323549,0.1007339134812355,0.3945867419242859,0.49719831347465515,0,1,1,1,0.0,0.1,0.13645312772533852,0.19794233771646583
1576,1576,25,1,6.2,0.9995043277740479,0.27654984968238416,13.862462089618393,0.0,0.0,3,0.37944220888095487,GOOD,101.87034305107872,100.13740231149124,2.5034350577872813,0,0.0,80.0,1,1,1,25,0.9995043277740479,1,25,1,0.07704445719718933,0.38348281383514404,0.22408929467201233,0.3153834044933319,0,1,1,1,0.0,0.16308017544867212,0.1,0.11636203343228274
1577,1577,25,0,0.0,0.9996306896209717,0.40326891118933433,16.28972634128569,3.2,0.0,3,0.4582012797222821,GOOD,84.63093427997953,83.4051538736427,2.0851288468410676,0,0.0,80.0,1,1,1,25,0.9996306896209717,1,25,1,0.004197339527308941,0.4850311279296875,0.4975292980670929,0.013242202810943127,0,1,1,1,0.0,0.17555047929070636,0.1826508004315757,0.1
1578,1578,25,0,0.0,0.9998931884765625,0.2874427394680332,14.009544354920656,0.20000000000000018,0.0,3,0.38684287127117695,GOOD,58.74933059960487,58.10219627483051,1.4525549068707628,0,0.0,80.0,1,1,1,25,0.9998931884765625,1,25,1,0.20757552981376648,0.3740239143371582,0.3494711220264435,0.06892948597669601,1,1,1,0,0.1,0.15168227455326275,0.1351605967179142,0.0
1579,1579,25,1,6.2,0.9364503622055054,0.5548440984701517,20.869627122933476,0.0,0.0,3,0.5374578518920999,GOOD,65.36965295001106,64.51465299722081,1.6128663249305202,0,0.0,80.0,1,1,1,25,0.9364503622055054,1,25,1,0.0896349772810936,0.0025065152440220118,0.9032183885574341,0.004640188068151474,1,0,1,1,0.1,0.0,0.3374578518921,0.1
1580,1580,25,0,0.0,0.9997337460517883,0.30897906111755125,15.385709343990095,3.2,0.0,3,0.4010730226672298,GOOD,80.2527080756016,80.10816486244423,2.0027041215611057,0,0.0,80.0,1,1,1,25,0.9997337460517883,1,25,1,0.00662565091624856,0.29195666313171387,0.4638819098472595,0.23753568530082703,0,1,1,1,0.0,0.1,0.20107302266722973,0.1
1581,1581,25,0,0.0,0.6710841059684753,0.5489444128074535,20.450192277677015,0.20000000000000018,0.0,3,0.5345928070893169,GOOD,109.25496282836161,108.94592142604095,2.723648035651024,0,0.0,80.0,1,1,0,25,0.6710841059684753,1,25,1,0.023408053442835808,0.02052830532193184,0.8925196528434753,0.06354399770498276,1,0,1,1,0.1,0.0,0.33459280708931693,0.1
1582,1582,25,1,6.2,0.9832497239112854,0.4142605676223051,17.364266360394435,0.0,0.0,3,0.4644037569285445,GOOD,43.893396387266804,43.86738350492953,1.0966845876232383,0,0.0,80.0,1,1,1,25,0.9832497239112854,1,25,1,0.0010200670221820474,0.6501157879829407,0.22524218261241913,0.12362192571163177,0,1,1,1,0.0,0.26440375692854456,0.1,0.1
1583,1583,25,0,0.0,0.47243645787239075,0.4200577895354803,15.582178235330652,3.2,0.9560494220179189,3,0.4676419338647544,WEAK,10.882487149514924,9.758023119283244,0.2439505779820811,0,0.0,80.0,1,1,0,36,0.47243645787239075,0,21,0,0.157765194773674,0.015060937032103539,0.6604662537574768,0.16670767962932587,1,0,1,1,0.1,0.0,0.26764193386475443,0.1
1584,1584,25,0,0.0,0.9999572038650513,0.36664229077688065,15.944009440252774,0.20000000000000018,0.5081725019621884,3,0.4368981495907565,WEAK,19.640227609009266,17.915076802229216,0.44787692005573043,0,0.0,80.0,1,1,1,25,0.9999572038650513,1,25,1,0.08897988498210907,0.5255480408668518,0.37557533383369446,0.009896744042634964,1,1,1,0,0.1,0.21312668007999122,0.12377146951076529,0.0
1585,1585,25,1,6.2,0.9937775135040283,0.6078238010018582,22.466271927645373,0.0,0.3412447201227994,3,0.5625327057926041,WEAK,7.107645724506808,6.677111273575562,0.16692778183938906,0,0.0,80.0,1,1,1,22,0.9937775135040283,0,25,1,4.8886962758842856e-05,0.9995450377464294,4.076027835253626e-05,0.00036532492958940566,1,1,0,1,0.1,0.3625327057926041,0.0,0.1
1586,1586,25,0,0.0,0.9997166991233826,0.47380364183144386,18.576011847681094,3.2,1.4981900344906827,3,0.49665878727180934,WEAK,2.029355257337568,1.7221874252846678,0.0430546856321167,0,0.0,80.0,1,1,1,25,0.9997166991233826,1,25,1,0.020347680896520615,0.012619256041944027,0.7568108439445496,0.2102222889661789,1,0,1,1,0.1,0.0,0.2966587872718094,0.1
1587,1587,25,0,0.0,0.9999877214431763,0.562347516061811,21.08284780791864,0.20000000000000018,1.1762697869163652,3,0.5410797953060987,WEAK,15.429876177287023,12.876809902972699,0.3219202475743175,0,0.0,80.0,1,1,1,25,0.9999877214431763,1,25,1,0.002576371654868126,0.9168338179588318,0.03018737956881523,0.05040241777896881,0,1,1,1,0.0,0.3410797953060988,0.1,0.1
1588,1588,25,1,6.2,0.4517105519771576,0.3710570974589329,16.384657314613325,0.0,1.1247441582039472,3,0.439520663815397,WEAK,2.4407019464169872,2.0610251484967193,0.05152562871241798,0,0.0,80.0,1,1,0,25,0.4517105519771576,1,25,1,0.16050226986408234,0.573267936706543,0.25722649693489075,0.009003343060612679,1,1,1,0,0.1,0.23952066381539702,0.1,0.0
1589,1589,25,0,0.0,0.9998548030853271,0.4074877664743253,16.116813382616005,3.2,2.324744158203947,3,0.4605918128139037,DOWN,0.0,0.0,0.0,1,0.0,80.0,1,1,1,25,0.9998548030853271,1,25,1,0.09018872678279877,0.6380345821380615,0.191141739487648,0.08063504099845886,1,1,1,0,0.1,0.26059181281390376,0.1,0.0
1590,1590,25,0,0.0,0.6206145286560059,0.6062544224176095,22.393663806086064,0.20000000000000018,0.8014615591218557,3,0.5618060170932259,GOOD,61.939085778027085,60.93130396328365,1.5232825990820915,0,0.0,80.0,1,1,0,36,0.6206145286560059,0,25,1,8.83713728399016e-05,0.0018696985207498074,0.9966854453086853,0.0013564769178628922,0,1,1,1,0.0,0.1,0.3618060170932259,0.1
1591,1591,25,1,6.2,0.5817738175392151,0.33168290927710714,14.786584031019597,0.0,0.0,3,0.4155473082930081,GOOD,92.84669404036413,91.44465997908011,2.286116499477003,0,0.0,80.0,1,1,0,27,0.5817738175392151,0,25,1,0.2052089422941208,0.0747765451669693,0.5037291646003723,0.2162853330373764,1,0,1,1,0.1,0.0,0.21554730829300814,0.1
1592,1592,25,0,0.0,0.4501549005508423,0.43366064393793313,15.982733172715795,3.2,0.0,3,0.4751534989150371,GOOD,84.30096754121809,83.3300273396269,2.0832506834906726,0,0.0,80.0,1,1,0,25,0.4501549005508423,1,25,1,0.006069670896977186,0.684786319732666,0.1041347086429596,0.205009326338768,0,1,1,1,0.0,0.27515349891503715,0.1,0.1
1593,1593,25,0,0.0,0.947862446308136,0.4489436502086928,17.814238832070274,0.20000000000000018,0.0,3,0.4834536496783149,GOOD,110.10757355180138,109.74917401803451,2.743729350450863,0,0.0,80.0,1,1,1,25,0.947862446308136,1,25,1,0.13531339168548584,0.13326717913150787,0.019255634397268295,0.7121637463569641,1,1,0,1,0.1,0.1,0.0,0.2834536496783149
1594,1594,25,1,6.2,0.4800613224506378,0.5451206841900835,20.580994675584982,0.0,0.0,3,0.5327276729499782,GOOD,107.89349497178635,107.48211270576084,2.6870528176440214,0,0.0,80.0,1,1,0,19,0.4800613224506378,0,29,0,0.061406638473272324,0.8855887055397034,0.04944644868373871,0.003558287164196372,1,1,1,0,0.1,0.3327276729499783,0.1,0.0
1595,1595,25,0,0.0,0.9996428489685059,0.5591271452423818,20.97256293327936,3.2,0.05319354420337663,3,0.5395282819224212,GOOD,46.32553418943645,45.87225823186493,1.1468064557966233,0,0.0,80.0,1,1,1,25,0.9996428489685059,1,25,1,0.0066503677517175674,0.9109891057014465,0.07859168946743011,0.003768924158066511,1,1,1,0,0.1,0.33952828192242124,0.1,0.0
1596,1596,25,0,0.0,0.9999934434890747,0.3040502414077847,14.560101251304262,0.20000000000000018,0.0,3,0.39786121335138197,GOOD,94.23228680492115,92.74228307961945,2.3185570769904866,0,0.0,80.0,1,1,1,25,0.9999934434890747,1,25,1,0.0450359471142292,0.19402122497558594,0.3435538411140442,0.41738900542259216,0,1,1,1,0.0,0.1,0.12477658206138476,0.1730846312899972
1597,1597,25,1,6.2,0.6008764505386353,0.589566069545866,21.826066828680688,0.0,0.0,3,0.5540196481029381,GOOD,118.5009800595191,116.90828962536096,2.922707240634024,0,0.0,80.0,1,1,0,25,0.6008764505386353,1,25,1,0.9662999510765076,0.007455374579876661,0.01979178935289383,0.006452883128076792,1,1,1,0,0.3540196481029382,0.1,0.1,0.0
1598,1598,25,0,0.0,0.9993042945861816,0.40220402284635715,16.843051258074208,3.2,0.0,3,0.45759590731686745,GOOD,80.46066226570635,78.99187395483871,1.9747968488709677,0,0.0,80.0,1,1,1,25,0.9993042945861816,1,25,1,0.26308414340019226,0.08815273642539978,0.6286180019378662,0.020145103335380554,1,1,1,0,0.1,0.1,0.25759590731686743,0.0
1599,1599,25,0,0.0,0.9834575653076172,0.28765346457640256,13.956249559873498,0.20000000000000018,0.0,3,0.38698464310965686,GOOD,110.68411250010747,110.16289654931664,2.7540724137329162,0,0.0,80.0,1,1,1,25,0.9834575653076172,1,25,1,0.06844618916511536,0.3572309613227844,0.36673998832702637,0.20758283138275146,0,1,1,1,0.0,0.14029416137711637,0.14669048173254054,0.1
1600,1600,25,1,6.2,0.7063528299331665,0.3332820478473089,14.466767223083611,0.0,0.0,3,0.41654784024263314,GOOD,98.38551368510431,97.9866160059484,2.44966540014871,0,0.0,80.0,1,1,0,27,0.7063528299331665,0,25,1,0.383124440908432,0.10114822536706924,0.07226668298244476,0.4434606730937958,1,1,0,1,0.1394213241237774,0.1,0.0,0.17712651611885574
1601,1601,25,0,0.0,0.9998613595962524,0.26017202196717104,12.448547857539985,3.2,0.0,3,0.36803508530378215,GOOD,118.24341923245099,117.21562293070266,2.930390573267567,0,0.0,80.0,1,1,1,25,0.9998613595962524,1,25,1,0.37895968556404114,0.1752946525812149,0.23893684148788452,0.20680882036685944,1,0,1,1,0.1680350853037821,0.0,0.1,0.1
1602,1602,25,0,0.0,0.9565695524215698,0.6034243545669105,22.32959428729864,0.20000000000000018,0.0,3,0.5604931944976227,GOOD,66.51711055852047,65.98846429477,1.64971160736925,0,0.0,80.0,1,1,1,25,0.9565695524215698,1,25,1,9.38784287427552e-05,0.991529643535614,0.0004218599060550332,0.007954650558531284,0,1,1,1,0.0,0.36049319449762274,0.1,0.1
1603,1603,25,1,6.2,0.7216566801071167,0.6049455065583506,22.37854723458712,0.0,0.0,3,0.561199213975517,GOOD,113.8411727238202,111.59488129900713,2.7898720324751785,0,0.0,80.0,1,1,0,25,0.7216566801071167,1,25,1,0.004967377055436373,0.9943007230758667,3.635774555732496e-05,0.000695527414791286,1,1,0,1,0.1,0.361199213975517,0.0,0.1
1604,1604,25,0,0.0,0.7524825930595398,0.3769321467447506,15.789206425304148,3.2,0.0,3,0.4429865246116178,GOOD,95.99378886381798,95.37591683649653,2.3843979209124133,0,0.0,80.0,1,1,0,31,0.7524825930595398,0,25,1,0.1661185920238495,0.19069361686706543,0.5836865901947021,0.05950115621089935,1,1,1,0,0.1,0.1,0.24298652461161782,0.0
1605,1605,25,0,0.0,0.99708491563797,0.6043475513726724,22.32001299107187,0.20000000000000018,0.0,3,0.5609217882064589,GOOD,57.42386681762519,57.30169105286508,1.4325422763216271,0,0.0,80.0,1,1,1,25,0.99708491563797,1,25,1,0.001604609889909625,0.0020652387756854296,0.9932113885879517,0.003118740161880851,0,1,1,1,0.0,0.1,0.3609217882064589,0.1
1606,1606,25,1,6.2,0.992601215839386,0.345969274309776,15.465278109466105,0.0,0.0,3,0.424402263780935,WEAK,17.554496182769583,15.877220770356171,0.3969305192589043,0,0.0,80.0,1,1,1,25,0.992601215839386,1,25,1,0.12717993557453156,0.3731299638748169,0.48184695839881897,0.01784319058060646,1,1,1,0,0.1,0.128860209723682,0.19554205405725297,0.0
1607,1607,25,0,0.0,0.9999754428863525,0.438879380906225,17.845993806495258,3.2,0.9654593230265336,3,0.4780039828657051,WEAK,10.406330433437592,9.381627078938655,0.23454067697346637,0,0.0,80.0,1,1,1,25,0.9999754428863525,1,25,1,0.005465699825435877,0.23644320666790009,0.6941287517547607,0.06396227329969406,0,1,1,1,0.0,0.1,0.27800398286570516,0.1
1608,1608,25,0,0.0,0.9999872446060181,0.3223526350602754,15.426090531392141,0.20000000000000018,0.8689712334474948,3,0.40966092267151266,WEAK,4.448494013976317,3.859523583161548,0.0964880895790387,0,0.0,80.0,1,1,1,25,0.9999872446060181,1,25,1,0.018077991902828217,0.18495000898838043,0.30964210629463196,0.4873299300670624,0,1,1,1,0.0,0.1,0.1,0.20966092267151262
1609,1609,25,1,6.2,0.9031745791435242,0.5178505860691457,19.60636126265172,0.0,0.611572171152426,3,0.5192316563416424,WEAK,11.219355565398997,10.295962491802754,0.25739906229506887,0,0.0,80.0,1,1,1,25,0.9031745791435242,1,25,1,0.037994708865880966,0.02002451755106449,0.10574764758348465,0.8362331390380859,1,0,1,1,0.1,0.0,0.1,0.3192316563416423
1610,1610,25,0,0.0,0.9999340772628784,0.4748110243403955,18.71975207526811,3.2,1.811572171152426,3,0.4971864950292189,DOWN,0.0,0.0,0.0,1,0.0,80.0,1,1,1,25,0.9999340772628784,1,25,1,0.004074967931956053,0.06160123273730278,0.17570090293884277,0.7586228847503662,0,1,1,1,0.0,0.1,0.1,0.2971864950292189
1611,1611,25,0,0.0,0.9989011287689209,0.48380547764358117,17.07588270310877,0.20000000000000018,1.811572171152426,3,0.5018735605972093,DOWN,0.0,0.0,0.0,1,0.0,80.0,1,1,1,33,0.9989011287689209,0,25,1,0.05231243744492531,0.7748112082481384,0.10131692886352539,0.07155941426753998,0,1,1,1,0.0,0.3018735605972094,0.1,0.1
1612,1612,25,0,0.0,0.9983484745025635,0.3643638180422904,15.71244261230618,0.0,1.811572171152426,3,0.4355384975187049,DOWN,0.0,0.0,0.0,1,0.0,80.0,1,1,1,25,0.9983484745025635,1,25,1,0.04403432086110115,0.5553812980651855,0.34066280722618103,0.05992158502340317,0,1,1,1,0.0,0.23193462705622378,0.1036038704624811,0.1
1613,1613,25,1,6.2,0.9999701976776123,0.5353003156640732,20.056974541157754,0.0,0.0,3,0.5279073105399162,GOOD,89.82807726849398,88.30196683085792,2.2075491707714483,0,0.0,80.0,1,1,1,25,0.9999701976776123,1,25,1,0.021694252267479897,0.07461085915565491,0.8677997589111328,0.03589514642953873,0,1,1,1,0.0,0.1,0.3279073105399163,0.1
1614,1614,25,0,0.0,0.9984778761863708,0.6056653963113211,22.385127886606362,3.2,0.0,3,0.5615330303601049,GOOD,55.61145353087891,55.31668913022887,1.3829172282557218,0,0.0,80.0,1,1,1,25,0.9984778761863708,1,25,1,0.001073058694601059,0.0015982777113094926,0.9956122636795044,0.0017163947923108935,0,1,1,1,0.0,0.1,0.361533030360105,0.1
1615,1615,25,0,0.0,0.9996505975723267,0.27644557438458317,14.138925246606416,0.20000000000000018,0.0,3,0.3793706663004972,GOOD,75.7759171938828,75.28191337443428,1.882047834360857,0,0.0,80.0,1,1,1,25,0.9996505975723267,1,25,1,0.2392353117465973,0.062134500592947006,0.30010902881622314,0.39852115511894226,1,0,1,1,0.1,0.0,0.10592220092193852,0.17344846537855865
1616,1616,25,1,6.2,0.999970555305481,0.48571096765531896,18.788830434731054,0.0,0.0,3,0.5028609153587075,GOOD,91.88098387241104,91.78353054268503,2.294588263567126,0,0.0,80.0,1,1,1,25,0.999970555305481,1,25,1,0.018723193556070328,0.041680898517370224,0.7782428860664368,0.1613529771566391,0,1,1,1,0.0,0.1,0.3028609153587075,0.1
1617,1617,25,0,0.0,0.9362673163414001,0.5945604775773468,22.025235966375103,3.2,0.0,3,0.5563613405536687,GOOD,95.18015727523799,94.84540913937045,2.371135228484261,0,0.0,80.0,1,1,1,25,0.9362673163414001,1,25,1,0.004120827652513981,0.017696676775813103,0.9753891825675964,0.0027933334931731224,1,1,1,0,0.1,0.1,0.35636134055366864,0.0
1618,1618,25,0,0.0,0.5912612080574036,0.5439992016934881,20.043977867193803,0.20000000000000018,0.0,3,0.5321793976993427,GOOD,56.0533300330334,56.05229180570817,1.4013072951427044,0,0.0,80.0,1,1,0,25,0.5912612080574036,1,25,1,0.09043852984905243,0.8835563659667969,0.01861783303320408,0.0073873200453817844,1,1,1,0,0.1,0.3321793976993428,0.1,0.0
1619,1619,25,1,6.2,0.999612033367157,0.6070570951990025,22.440878750897095,0.0,0.0,3,0.5621778059154154,GOOD,43.116703153289855,42.88133785642959,1.0720334464107397,0,0.0,80.0,1,1,1,25,0.999612033367157,1,25,1,0.00020128524920437485,0.0014673335244879127,0.9981479644775391,0.00018340603855904192,1,1,1,0,0.1,0.1,0.3621778059154154,0.0
1620,1620,25,0,0.0,0.993504524230957,0.42278561268934245,17.37479936488978,3.2,1.2,3,0.4691578921917227,DOWN,0.0,0.0,0.0,1,0.0,80.0,1,1,1,25,0.993504524230957,1,25,1,0.013567386195063591,0.2847740650177002,0.03631896898150444,0.6653395295143127,0,1,1,1,0.0,0.1,0.1,0.2691578921917227
1621,1621,25,0,0.0,0.9999732971191406,0.4082104165183243,15.882567205133755,0.20000000000000018,1.2,3,0.46100004501373715,DOWN,0.0,0.0,0.0,1,0.0,80.0,1,1,1,25,0.9999732971191406,1,25,1,0.14058393239974976,0.6393230557441711,0.12147356569766998,0.09861940145492554,1,1,1,0,0.1,0.2610000450137372,0.1,0.0
1622,1622,25,1,6.2,0.8093262910842896,0.5037190020660395,19.439221209938818,0.0,0.0,3,0.512098016417158,GOOD,64.80019455311462,64.19923161019116,1.6049807902547792,0,0.0,80.0,1,1,1,33,0.8093262910842896,0,25,1,0.034373439848423004,0.0051435437053442,0.8107104301452637,0.14977256953716278,1,0,1,1,0.1,0.0,0.31209801641715806,0.1
1623,1623,25,0,0.0,0.9998530149459839,0.5864559354614196,21.785885093377935,3.2,0.0,3,0.5525564076571472,GOOD,104.2116753114473,103.94855867948137,2.5987139669870345,0,0.0,80.0,1,1,1,25,0.9998530149459839,1,25,1,0.0026592216454446316,0.011847143992781639,0.0248518418520689,0.9606418013572693,0,1,1,1,0.0,0.1,0.1,0.35255640765714713
1624,1624,25,0,0.0,0.9817189574241638,0.4558340879624616,18.20702500720212,0.20000000000000018,0.0,3,0.4871495728755202,GOOD,73.33858031152357,72.06234909932606,1.8015587274831515,0,0.0,80.0,1,1,1,25,0.9817189574241638,1,25,1,0.007933002896606922,0.7245247960090637,0.029834723100066185,0.2377074956893921,0,1,1,1,0.0,0.28714957287552023,0.1,0.1
1625,1625,25,1,6.2,0.999115526676178,0.5856425878795718,21.75993315153141,0.0,0.0,3,0.552173108313839,GOOD,48.589267974922414,48.03117427847783,1.2007793569619458,0,0.0,80.0,1,1,1,25,0.999115526676178,1,25,1,0.03316330164670944,0.002802362898364663,0.004871992859989405,0.9591623544692993,1,0,1,1,0.1,0.0,0.1,0.35217310831383897
1626,1626,25,0,0.0,0.9990137815475464,0.3525834797647911,15.369452829244157,3.2,0.0,3,0.4284398970687081,GOOD,94.89034480022262,93.15113146257539,2.328778286564385,0,0.0,80.0,1,1,1,25,0.9990137815475464,1,25,1,0.33050259947776794,0.539253830909729,0.07319974154233932,0.057043854147195816,1,1,1,0,0.10080421776377224,0.22763567930493586,0.1,0.0
1627,1627,25,0,0.0,0.9998214840888977,0.43605457871203357,17.61547901524814,0.20000000000000018,0.0,3,0.4764631877266696,GOOD,46.64662197536412,46.10621694529339,1.1526554236323348,0,0.0,80.0,1,1,1,25,0.9998214840888977,1,25,1,0.017530949786305428,0.2628386318683624,0.6890710592269897,0.03055928833782673,0,1,1,1,0.0,0.1,0.27646318772666967,0.1
1628,1628,26,1,6.2,0.9997867941856384,0.2681014233122213,13.058513565020855,0.0,0.0,3,0.37360139249595603,GOOD,104.87190018671681,104.15804877371701,2.6039512193429255,0,0.0,80.0,1,1,1,26,0.9997867941856384,1,26,1,0.3748209774494171,0.18966886401176453,0.304904580116272,0.13060560822486877,1,1,1,0,0.16115795541435715,0.1,0.11244343708159887,0.0
1629,1629,26,0,0.0,0.9985561966896057,0.3016841181335595,13.841537739227014,3.2,0.0,3,0.3963101089868809,GOOD,61.89603261078279,61.701038276228,1.5425259569057,0,0.0,80.0,1,1,1,26,0.9985561966896057,1,26,1,0.40993013978004456,0.34568458795547485,0.09130585938692093,0.15307942032814026,1,1,0,1,0.16925424410527604,0.1270558648816049,0.0,0.1
1630,1630,26,0,0.0,0.9990857839584351,0.48871226960360337,18.3408509370232,0.20000000000000018,0.0,3,0.5044121600839203,GOOD,42.793263345819724,42.55255469131174,1.0638138672827935,0,0.0,80.0,1,1,1,26,0.9990857839584351,1,26,1,0.7836495637893677,0.07619867473840714,0.08490799367427826,0.05524374917149544,1,1,1,0,0.30441216008392036,0.1,0.1,0.0
1631,1631,26,1,6.2,0.9999368190765381,0.5405168968351414,20.185958497256777,0.0,0.0,3,0.5304733417263792,GOOD,51.38263828452739,51.2681937622422,1.281704844056055,0,0.0,80.0,1,1,1,26,0.9999368190765381,1,26,1,0.042522627860307693,0.05743277445435524,0.877247154712677,0.0227973572909832,1,1,1,0,0.1,0.1,0.3304733417263791,0.0
1632,1632,26,0,0.0,0.9998099207878113,0.39851803104978756,16.904719562082484,3.2,0.06510253733619731,3,0.4554942662398256,GOOD,46.20413394091731,45.3958985065521,1.1348974626638026,0,0.0,80.0,1,1,1,26,0.9998099207878113,1,26,1,0.6220533847808838,0.2618514895439148,0.10587268322706223,0.010222431272268295,1,1,1,0,0.25549426623982563,0.1,0.1,0.0
1633,1633,26,0,0.0,0.9768480062484741,0.4997172481374678,19.055714446716188,0.20000000000000018,0.0057869960180199145,3,0.5100598000774761,WEAK,2.838100731118153,2.3726216527270956,0.059315541318177394,0,0.0,80.0,1,1,1,26,0.9768480062484741,1,26,1,0.05801831930875778,0.0047119418159127235,0.8034899234771729,0.13377979397773743,1,0,1,1,0.1,0.0,0.31005980007747613,0.1
1634,1634,26,1,6.2,0.9467840790748596,0.3118707848986594,15.14245738565842,0.0,0.0,3,0.40294546574513845,WEAK,19.94436964298073,17.906442001034698,0.4476610500258675,0,0.0,80.0,1,1,1,26,0.9467840790748596,1,26,1,0.278443843126297,0.22537702322006226,0.027233082801103592,0.46894603967666626,1,1,0,1,0.1,0.1,0.0,0.20294546574513841
1635,1635,26,0,0.0,0.9995818734169006,0.3004686904629965,13.514305253189828,3.2,0.9914283827903848,3,0.39551097443046734,WEAK,10.15547817457689,8.342864688384605,0.20857161720961515,0,0.0,80.0,1,1,1,26,0.9995818734169006,1,26,1,0.4489978849887848,0.14165854454040527,0.27633947134017944,0.1330040693283081,1,1,1,0,0.19551097443046736,0.1,0.1,0.0
1636,1636,26,0,0.0,0.9999122619628906,0.5260822883963533,19.983845879807852,0.20000000000000018,0.7519289857550238,3,0.5233422133362252,WEAK,10.489228651415049,9.57997588141444,0.239499397035361,0,0.0,80.0,1,1,1,26,0.9999122619628906,1,26,1,0.056894753128290176,0.008654410019516945,0.8511174321174622,0.08333340287208557,1,0,1,1,0.1,0.0,0.32334221333622526,0.1
1637,1637,26,1,6.2,0.9996762275695801,0.607372824473258,22.450932399368277,0.0,0.3651877963176174,3,0.5623239807309585,WEAK,17.381483624759532,15.469647577496254,0.3867411894374064,0,0.0,80.0,1,1,1,26,0.9996762275695801,1,26,1,0.9987232685089111,0.0009604123188182712,0.0001535907795187086,0.00016276362293865532,1,1,0,1,0.3623239807309585,0.1,0.0,0.1
1638,1638,26,0,0.0,0.9997485280036926,0.5645301854119729,21.03352492820806,3.2,1.363112028805571,3,0.5421288392710862,WEAK,9.203816381178767,8.083030700481856,0.20207576751204642,0,0.0,80.0,1,1,1,26,0.9997485280036926,1,26,1,0.9207961559295654,0.009899471886456013,0.009009038098156452,0.060295358300209045,1,1,0,1,0.3421288392710863,0.1,0.0,0.1
1639,1639,26,0,0.0,0.9999642372131348,0.3148378676816684,14.391884160284057,0.20000000000000018,1.0425042103963933,3,0.4048577038302752,WEAK,15.963064652401002,12.824312736367101,0.32060781840917757,0,0.0,80.0,1,1,1,26,0.9999642372131348,1,26,1,0.3525090217590332,0.14906367659568787,0.06573037058115005,0.4326968491077423,1,1,0,1,0.1266499804799821,0.1,0.0,0.17820772335029308
1640,1640,26,1,6.2,0.999954342842102,0.48349380284605026,18.311488573102835,0.0,0.8600987697948232,3,0.5017118772885449,WEAK,8.161670112456907,7.296217624062799,0.18240544060157,0,0.0,80.0,1,1,1,26,0.999954342842102,1,26,1,0.7742499709129333,0.07767531275749207,0.04913046583533287,0.098944291472435,1,1,0,1,0.301711877288545,0.1,0.0,0.1
1641,1641,26,0,0.0,0.9997941851615906,0.453785002183483,17.837896986740738,3.2,0.4689770258560997,3,0.4860534113357479,GOOD,63.75509902541782,63.64486975754894,1.5911217439387235,0,0.0,80.0,1,1,1,26,0.9997941851615906,1,26,1,0.17678260803222656,0.030853888019919395,0.0715157613158226,0.7208477258682251,1,0,1,1,0.1,0.0,0.1,0.2860534113357479
1642,1642,26,0,0.0,0.9999070167541504,0.36483044793330854,16.058100372747067,0.20000000000000018,0.0,3,0.4358172988758383,GOOD,53.38858154488391,53.01869824878086,1.3254674562195214,0,0.0,80.0,1,1,1,26,0.9999070167541504,1,26,1,0.32527562975883484,0.5622373223304749,0.02411532774567604,0.08837173134088516,1,1,0,1,0.1,0.23581729887583827,0.0,0.1
1643,1643,26,1,6.2,0.9998389482498169,0.5735579114516416,21.237859790190093,0.0,0.0,3,0.5464463932437559,GOOD,59.67421204713088,58.94392545944157,1.4735981364860393,0,0.0,80.0,1,1,1,26,0.9998389482498169,1,26,1,0.030415358021855354,0.014807915315032005,0.937192976474762,0.017583724111318588,1,0,1,1,0.1,0.0,0.3464463932437559,0.1
1644,1644,26,0,0.0,0.9999748468399048,0.35606843987764525,15.05293119836168,3.2,0.0,3,0.43055205588011936,GOOD,85.35433496236375,85.02351417068759,2.1255878542671898,0,0.0,80.0,1,1,1,26,0.9999748468399048,1,26,1,0.2670285999774933,0.0852188691496849,0.5467360019683838,0.10101651400327682,1,0,1,1,0.1,0.0,0.23055205588011937,0.1
1645,1645,26,0,0.0,0.9993141889572144,0.35765834998090995,15.095068486785246,0.20000000000000018,0.0,3,0.4315122317067158,GOOD,87.22953657472529,86.34570747582838,2.1586426868957096,0,0.0,80.0,1,1,1,26,0.9993141889572144,1,26,1,0.07291043549776077,0.04600314795970917,0.46114382147789,0.41994261741638184,1,0,1,1,0.1,0.0,0.17818335508496966,0.15332887662174613
1646,1646,26,1,6.2,0.9997566342353821,0.47099654611273467,17.989956945349014,0.0,0.0,3,0.4951853500247993,GOOD,75.74370757524551,74.92102987658276,1.8730257469145692,0,0.0,80.0,1,1,1,26,0.9997566342353821,1,26,1,0.09570562839508057,0.10256914794445038,0.04996252432465553,0.7517626881599426,1,1,0,1,0.1,0.1,0.0,0.2951853500247993
1647,1647,26,0,0.0,0.9982600808143616,0.30660900026369786,13.571190910258064,3.2,0.0,3,0.39953182218519,GOOD,88.99564122718814,88.87076236634316,2.221769059158579,0,0.0,80.0,1,1,1,26,0.9982600808143616,1,26,1,0.35296082496643066,0.4137413203716278,0.11604349315166473,0.11725441366434097,1,1,0,1,0.12996565892968406,0.16956616325550591,0.0,0.1
1648,1648,26,0,0.0,0.9951919317245483,0.5628512850618591,20.587826274678058,0.20000000000000018,0.0,3,0.5413220993980182,GOOD,104.34214662220596,103.80105996794059,2.595026499198515,0,0.0,80.0,1,1,1,26,0.9951919317245483,1,26,1,0.9177482724189758,0.019562168046832085,0.03463888540863991,0.028050627559423447,1,0,1,1,0.3413220993980183,0.0,0.1,0.1
1649,1649,26,1,6.2,0.9999535083770752,0.48264680282240474,18.66925560860111,0.0,0.0,3,0.5012722271390669,GOOD,72.80237709682496,72.34159608434035,1.808539902108509,0,0.0,80.0,1,1,1,26,0.9999535083770752,1,26,1,0.7727248668670654,0.0945650115609169,0.021789712831377983,0.11092042922973633,1,1,0,1,0.301272227139067,0.1,0.0,0.1
1650,1650,26,0,0.0,0.9999549388885498,0.6048992442598282,22.368656408768757,3.2,0.0,3,0.5611777551319822,GOOD,67.46093744643068,67.14160988272481,1.6785402470681203,0,0.0,80.0,1,1,1,26,0.9999549388885498,1,26,1,0.9942164421081543,0.0010151667520403862,0.0004516314947977662,0.004316719714552164,1,1,0,1,0.36117775513198225,0.1,0.0,0.1
1651,1651,26,0,0.0,0.9999462366104126,0.46854186300790407,17.99057024564254,0.20000000000000018,0.0,3,0.49389329067509874,GOOD,99.6755484748652,98.31637326660773,2.4579093316651934,0,0.0,80.0,1,1,1,26,0.9999462366104126,1,26,1,0.13382655382156372,0.07332976162433624,0.04549398273229599,0.7473496794700623,1,1,0,1,0.1,0.1,0.0,0.29389329067509873
1652,1652,26,1,6.2,0.9999505281448364,0.3632288977671258,14.747414750403252,0.0,0.0,3,0.4348596609272378,GOOD,50.49639685726206,49.851719494414404,1.24629298736036,0,0.0,80.0,1,1,1,26,0.9999505281448364,1,26,1,0.1428261697292328,0.5594021081924438,0.11665654182434082,0.18111522495746613,1,1,0,1,0.1,0.23485966092723784,0.0,0.1
1653,1653,26,0,0.0,0.9999216794967651,0.3571174064072408,15.338199192660845,3.2,0.0,3,0.4311857859568966,GOOD,58.051038850428725,57.146442845947185,1.4286610711486798,0,0.0,80.0,1,1,1,26,0.9999216794967651,1,26,1,0.5485904812812805,0.12707336246967316,0.06601064652204514,0.2583254873752594,1,1,0,1,0.23118578595689657,0.1,0.0,0.1
1654,1654,26,0,0.0,0.9991050362586975,0.3498049422601901,14.56205152030094,0.20000000000000018,0.0,3,0.42674839563848854,GOOD,45.72698417215328,45.69366571059331,1.1423416427648327,0,0.0,80.0,1,1,1,26,0.9991050362586975,1,26,1,0.1550758183002472,0.5356702208518982,0.19707679748535156,0.11217710375785828,1,1,1,0,0.1,0.22674839563848856,0.1,0.0
1655,1655,26,1,6.2,0.5296072959899902,0.3718423213882567,16.410197534068118,0.0,0.0,3,0.4399854706507066,GOOD,89.37028621477168,87.8172357748514,2.195430894371285,0,0.0,80.0,1,1,0,26,0.5296072959899902,1,26,1,0.5746598243713379,0.3188268840312958,0.00822511687874794,0.09828825294971466,1,1,0,1,0.2399854706507066,0.1,0.0,0.1
1656,1656,26,0,0.0,0.999749481678009,0.41385349914426034,17.312757478383336,3.2,0.0,3,0.46417553028973035,GOOD,55.733826103063706,55.14326980071143,1.3785817450177857,0,0.0,80.0,1,1,1,26,0.999749481678009,1,26,1,0.6493893265724182,0.3082926571369171,0.004002614878118038,0.038315411657094955,1,1,0,1,0.2641755302897304,0.1,0.0,0.1
1657,1657,26,0,0.0,0.9993588328361511,0.34194635332431644,15.001078270171641,0.20000000000000018,0.0,3,0.42192758006784253,GOOD,78.60299609963957,77.15021677604582,1.9287554194011456,0,0.0,80.0,1,1,1,26,0.9993588328361511,1,26,1,0.03901469707489014,0.11500489711761475,0.39867866039276123,0.4473017454147339,0,1,1,1,0.0,0.1,0.14596478478111763,0.1759627952867249
1658,1658,26,1,6.2,0.9999723434448242,0.25132314684693724,13.09477644062531,0.0,0.0,3,0.36172220614504547,GOOD,73.20964884896608,71.76091788643323,1.7940229471608309,0,0.0,80.0,1,1,1,26,0.9999723434448242,1,26,1,0.23909734189510345,0.2871553301811218,0.35445016622543335,0.11929717659950256,1,1,1,0,0.1,0.10664722060535939,0.1550749855396861,0.0
1659,1659,26,0,0.0,0.9999591112136841,0.3135868565633508,14.586682647955378,3.2,0.0,3,0.4040525503367697,GOOD,114.56907586969376,113.41957719680315,2.835489429920079,0,0.0,80.0,1,1,1,26,0.9999591112136841,1,26,1,0.20396146178245544,0.06903845071792603,0.2550472021102905,0.471952885389328,1,0,1,1,0.1,0.0,0.1,0.2040525503367697
1660,1660,26,0,0.0,0.9999755620956421,0.3507898274413001,15.803564851002454,0.20000000000000018,0.0,3,0.4273487341353751,GOOD,113.75714673625674,112.60291216846893,2.8150728042117237,0,0.0,80.0,1,1,1,26,0.9999755620956421,1,26,1,0.12224173545837402,0.31589460372924805,0.5374093651771545,0.024454277008771896,1,1,1,0,0.1,0.1,0.22734873413537507,0.0
1661,1661,26,1,6.2,0.9999737739562988,0.541939488553295,20.17523542323171,0.0,0.0,3,0.5311709620031103,GOOD,61.79908736937592,60.98480187071673,1.5246200467679183,0,0.0,80.0,1,1,1,26,0.9999737739562988,1,26,1,0.05605403706431389,0.8798243403434753,0.03769749030470848,0.026424137875437737,1,1,1,0,0.1,0.33117096200311036,0.1,0.0
1662,1662,26,0,0.0,0.9992629885673523,0.42004167168629913,16.556775559424295,3.2,0.0,3,0.4676329619391606,GOOD,57.147634955822646,56.336809549765235,1.408420238744131,0,0.0,80.0,1,1,1,26,0.9992629885673523,1,26,1,0.6604374647140503,0.20117411017417908,0.07053788006305695,0.06785057485103607,1,1,1,0,0.26763296193916064,0.1,0.1,0.0
1663,1663,26,0,0.0,0.9999642372131348,0.37372444949723743,15.52432500376196,0.20000000000000018,0.0,3,0.44109758689281,GOOD,71.78671073652326,71.78039218236998,1.7945098045592496,0,0.0,80.0,1,1,1,26,0.9999642372131348,1,26,1,0.22117434442043304,0.5779968500137329,0.126164048910141,0.07466482371091843,1,1,1,0,0.1,0.24109758689281,0.1,0.0
1664,1664,26,1,6.2,0.9999542236328125,0.4733319689531165,17.942951038281,0.0,0.0,3,0.4964115130955121,GOOD,40.48464937042014,40.423923619568484,1.0105980904892122,0,0.0,80.0,1,1,1,26,0.9999542236328125,1,26,1,0.7559624910354614,0.057489074766635895,0.09470053762197495,0.09184785187244415,1,0,1,1,0.29641151309551217,0.0,0.1,0.1
1665,1665,26,0,0.0,0.9999884366989136,0.44413926461745246,18.028066477745632,3.2,0.042576839521477616,3,0.4808598438311687,GOOD,46.553590734826216,46.296926419140895,1.1574231604785223,0,0.0,80.0,1,1,1,26,0.9999884366989136,1,26,1,0.24194680154323578,0.053426872938871384,0.7035514116287231,0.0010749251814559102,1,1,1,0,0.1,0.1,0.2808598438311687,0.0
1666,1666,26,0,0.0,0.9999674558639526,0.35341795984494895,15.308948608015944,0.20000000000000018,0.0,3,0.4289466043969238,GOOD,64.68922740875352,63.398485073170534,1.5849621268292635,0,0.0,80.0,1,1,1,26,0.9999674558639526,1,26,1,0.09044336527585983,0.06336411833763123,0.5420517921447754,0.30414071679115295,1,0,1,1,0.1,0.0,0.22894660439692374,0.1
1667,1667,26,1,6.2,0.9961944818496704,0.38123985231041535,15.754097228009256,0.0,0.0,3,0.4455106319648021,GOOD,86.82479236684189,85.1456926760081,2.1286423169002027,0,0.0,80.0,1,1,1,26,0.9961944818496704,1,26,1,0.48678404092788696,0.4468430280685425,0.02123953402042389,0.04513341933488846,1,1,0,1,0.18442391894484292,0.16108671301995917,0.0,0.1
1668,1668,26,0,0.0,0.9999847412109375,0.3363637216795969,14.40235673709096,3.2,0.0,3,0.41846920218533734,GOOD,65.51188150723897,64.52973229833376,1.6132433074583439,0,0.0,80.0,1,1,1,26,0.9999847412109375,1,26,1,0.10775355994701385,0.21998976171016693,0.5119683146476746,0.16028842329978943,0,1,1,1,0.0,0.1,0.2184692021853373,0.1
1669,1669,26,0,0.0,0.9997122883796692,0.2808749703648617,14.593546499308854,0.20000000000000018,0.0,3,0.3823978539195112,GOOD,94.76411395029928,93.8333752670022,2.345834381675055,0,0.0,80.0,1,1,1,26,0.9997122883796692,1,26,1,0.029551541432738304,0.31057435274124146,0.3980775475502014,0.26179659366607666,0,1,1,1,0.0,0.11141607209858667,0.17098178182092452,0.1
1670,1670,26,1,6.2,0.9989674091339111,0.4504383805904092,17.872113627732624,0.0,0.0,3,0.4842577955513722,GOOD,61.93838579122966,60.75488914403637,1.5188722286009093,0,0.0,80.0,1,1,1,26,0.9989674091339111,1,26,1,0.219014972448349,0.043210841715335846,0.714844286441803,0.022929934784770012,1,1,1,0,0.1,0.1,0.2842577955513722,0.0
1671,1671,26,0,0.0,0.9984104633331299,0.4620871490794609,17.72287342074406,3.2,0.0,3,0.4904795129074982,GOOD,54.51635642411525,54.311885800474045,1.3577971450118511,0,0.0,80.0,1,1,1,26,0.9984104633331299,1,26,1,0.05351274088025093,0.13284258544445038,0.07789304107427597,0.7357516884803772,0,1,1,1,0.0,0.1,0.1,0.2904795129074982
1672,1672,26,0,0.0,0.9998284578323364,0.4060565438040042,17.071071441838342,0.20000000000000018,0.0,3,0.45978223108653216,GOOD,107.4119392536428,105.78357046262965,2.6445892615657414,0,0.0,80.0,1,1,1,26,0.9998284578323364,1,26,1,0.6354831457138062,0.3152361512184143,0.009503081440925598,0.039777591824531555,1,1,0,1,0.2597822310865322,0.1,0.0,0.1
1673,1673,26,1,6.2,0.9924490451812744,0.5403672498539548,20.40394370771132,0.0,0.0,3,0.5303999034768622,GOOD,56.69815067495684,56.64591478202043,1.4161478695505108,0,0.0,80.0,1,1,1,26,0.9924490451812744,1,26,1,0.8769760727882385,0.08999629318714142,0.026254262775182724,0.006773345172405243,1,1,1,0,0.3303999034768622,0.1,0.1,0.0
1674,1674,26,0,0.0,0.9995632767677307,0.6059754359222926,22.393734223791366,3.2,0.0,3,0.5616767361165773,GOOD,105.18202788145533,103.64703924555867,2.591175981138967,0,0.0,80.0,1,1,1,26,0.9995632767677307,1,26,1,0.9961771368980408,0.0003700706292875111,0.00037495940341614187,0.0030778346117585897,1,0,1,1,0.36167673611657736,0.0,0.1,0.1
1675,1675,26,0,0.0,0.9999258518218994,0.5686868658817846,21.152988592699877,0.20000000000000018,0.0,3,0.5441210475918166,GOOD,87.57621375340803,86.8121173820567,2.1703029345514175,0,0.0,80.0,1,1,1,26,0.9999258518218994,1,26,1,0.928344190120697,0.033722974359989166,0.027359088882803917,0.01057372521609068,1,1,1,0,0.3441210475918166,0.1,0.1,0.0
1676,1676,26,1,6.2,0.973023533821106,0.33361879450681553,14.729233156961524,0.0,0.0,3,0.4167582261308066,GOOD,81.40041955148394,80.29180021246923,2.0072950053117307,0,0.0,80.0,1,1,1,26,0.973023533821106,1,26,1,0.23875059187412262,0.08116400241851807,0.5071357488632202,0.1729496419429779,1,0,1,1,0.1,0.0,0.21675822613080656,0.1
1677,1677,26,0,0.0,0.9997923970222473,0.4486763952363118,17.96627113713032,3.2,0.0,3,0.48330972891413293,GOOD,115.24887985340469,114.26228448394511,2.8565571120986277,0,0.0,80.0,1,1,1,26,0.9997923970222473,1,26,1,0.71168452501297,0.032997824251651764,0.012965618632733822,0.24235203862190247,1,1,0,1,0.283309728914133,0.1,0.0,0.1
1678,1678,26,1,6.2,0.6996381282806396,0.4808833535998015,17.234136100146138,0.20000000000000018,0.0,3,0.5003556386189452,GOOD,58.909882832718765,58.320069005592394,1.4580017251398099,0,0.0,80.0,1,1,0,19,0.6996381282806396,0,37,0,0.11345379054546356,0.03268050774931908,0.769550085067749,0.08431562781333923,1,0,1,1,0.1,0.0,0.3003556386189452,0.1
1679,1679,26,0,0.0,0.9999628067016602,0.5567536104094633,20.904439191949763,3.4000000000000004,0.0,3,0.5383818958795336,GOOD,84.19078314496429,82.98760912993957,2.0746902282484894,0,0.0,80.0,1,1,1,26,0.9999628067016602,1,26,1,0.9066824316978455,0.003901025978848338,0.003571032779291272,0.08584551513195038,1,1,0,1,0.3383818958795336,0.1,0.0,0.1
1680,1680,26,0,0.0,0.9994224309921265,0.38681720009041903,16.143646918713426,0.40000000000000036,0.0,3,0.44875759823235517,GOOD,93.19229432331818,91.88008666712537,2.2970021666781344,0,0.0,80.0,1,1,1,26,0.9994224309921265,1,26,1,0.6012396812438965,0.27408233284950256,0.04692251980304718,0.07775542885065079,1,1,0,1,0.2487575982323552,0.1,0.0,0.1
1681,1681,26,1,6.2,0.9920578598976135,0.5486482170121525,20.372208681584535,0.0,0.0,3,0.5344485616035273,GOOD,72.17352793170576,71.91525527140077,1.7978813817850192,0,0.0,80.0,1,1,1,26,0.9920578598976135,1,26,1,0.8919826745986938,0.05428426340222359,0.027976375073194504,0.025756733492016792,1,1,1,0,0.3344485616035273,0.1,0.1,0.0
1682,1682,26,0,0.0,0.99915611743927,0.3305178254023816,14.57351039309054,3.2,0.0,3,0.4148168314395581,GOOD,102.94530333656098,101.07381330093942,2.526845332523486,0,0.0,80.0,1,1,1,26,0.99915611743927,1,26,1,0.10907190293073654,0.4680120646953583,0.07053641229867935,0.35237962007522583,1,1,0,1,0.1,0.19368957864233702,0.0,0.12112725279722109
1683,1683,26,0,0.0,0.9986124038696289,0.23853264276113506,12.496385368491154,0.20000000000000018,0.0,3,0.3523975143235013,GOOD,63.949627468343905,63.07698400166849,1.5769246000417123,0,0.0,80.0,1,1,1,26,0.9986124038696289,1,26,1,0.15032535791397095,0.314360111951828,0.2980822026729584,0.23723237216472626,0,1,1,1,0.0,0.13221082190670191,0.12018669241679936,0.1
1684,1684,26,1,6.2,0.9993155002593994,0.40945572474557584,16.426160062247355,0.0,0.0,3,0.46170268507024115,GOOD,66.57702230245299,65.4764403942843,1.6369110098571076,0,0.0,80.0,1,1,1,26,0.9993155002593994,1,26,1,0.20604485273361206,0.6415437459945679,0.09109476208686829,0.06131664291024208,1,1,1,0,0.1,0.2617026850702412,0.1,0.0
1685,1685,26,0,0.0,0.9991143345832825,0.37232879617220516,16.342659039941616,3.2,0.18100487597106762,3,0.44027318921235203,GOOD,40.86029740800204,40.75980496115729,1.0189951240289323,0,0.0,80.0,1,1,1,26,0.9991143345832825,1,26,1,0.013215006329119205,0.24833960831165314,0.16292311251163483,0.575522243976593,0,1,1,1,0.0,0.1,0.1,0.240273189212352
1686,1686,26,0,0.0,0.9947081804275513,0.3634011630872092,15.732090020974425,0.20000000000000018,0.0,3,0.4349627672045415,GOOD,110.3143226358177,109.37669126355455,2.734417281588864,0,0.0,80.0,1,1,1,26,0.9947081804275513,1,26,1,0.07011378556489944,0.3471852242946625,0.5467123985290527,0.03598852828145027,1,1,1,0,0.1,0.10777677843520783,0.22718598876933369,0.0
1687,1687,26,1,6.2,0.9988499879837036,0.33967959886679344,14.581995279478733,0.0,0.0,3,0.42052678066238014,GOOD,74.32600927894555,73.73907032185406,1.8434767580463516,0,0.0,80.0,1,1,1,19,0.9988499879837036,0,26,1,0.09029723703861237,0.3926449716091156,0.06879403442144394,0.4482637941837311,1,1,0,1,0.1,0.14304922404068868,0.0,0.17747755662169148
1688,1688,26,0,0.0,0.9999352693557739,0.3528149869771962,15.570807797585315,3.2,0.0,3,0.42858053135206364,GOOD,51.031966592957225,50.36251347409212,1.2590628368523031,0,0.0,80.0,1,1,1,26,0.9999352693557739,1,26,1,0.517780601978302,0.10082193464040756,0.3524928689002991,0.02890467643737793,1,1,1,0,0.21448591147007454,0.1,0.11409461988198907,0.0
1689,1689,26,0,0.0,0.9998905658721924,0.4096849270137105,16.57934071070167,0.20000000000000018,0.0,3,0.46183189134470914,GOOD,102.03395621381395,101.62237569549578,2.5405593923873946,0,0.0,80.0,1,1,1,26,0.9998905658721924,1,26,1,0.6419525146484375,0.06841365993022919,0.23971468210220337,0.04991913214325905,1,1,1,0,0.2618318913447092,0.1,0.1,0.0
1690,1690,26,1,6.2,0.9461398124694824,0.515709716555009,19.469469338067828,0.0,0.0,3,0.5181572552294551,GOOD,104.44688845563735,104.1850902203673,2.6046272555091825,0,0.0,80.0,1,1,1,26,0.9461398124694824,1,26,1,0.025775307789444923,0.09312591701745987,0.04873472824692726,0.8323641419410706,0,1,1,1,0.0,0.1,0.1,0.31815725522945504
1691,1691,26,0,0.0,0.9994240999221802,0.3322278517739825,14.708870791092314,3.2,0.0,3,0.4158885324649514,GOOD,115.96582165229279,114.89186958412212,2.872296739603053,0,0.0,80.0,1,1,1,26,0.9994240999221802,1,26,1,0.23961161077022552,0.0808064267039299,0.5046879649162292,0.17489399015903473,1,0,1,1,0.1,0.0,0.2158885324649514,0.1
1692,1692,26,0,0.0,0.9999270439147949,0.4536737489568038,17.647124054261106,0.20000000000000018,0.0,3,0.4859938254912938,GOOD,41.860835209741424,41.627494390950496,1.0406873597737625,0,0.0,80.0,1,1,1,26,0.9999270439147949,1,26,1,0.07610734552145004,0.044560227543115616,0.7206481099128723,0.15868425369262695,1,0,1,1,0.1,0.0,0.2859938254912938,0.1
1693,1693,26,1,6.2,0.9929749965667725,0.3201724654871851,14.134715549332867,0.0,0.0,3,0.4082732412344874,GOOD,110.89746507115231,110.29542620458672,2.757385655114668,0,0.0,80.0,1,1,1,26,0.9929749965667725,1,26,1,0.41595983505249023,0.08362677693367004,0.3812273442745209,0.11918601393699646,1,0,1,1,0.16520904885095453,0.0,0.14306419238353282,0.1
1694,1694,26,0,0.0,0.9999725818634033,0.3126608256302851,14.892129027978214,3.2,0.0,3,0.40345551989517303,GOOD,92.97703426069614,92.76268357814551,2.319067089453638,0,0.0,80.0,1,1,1,26,0.9999725818634033,1,26,1,0.4703301787376404,0.046056028455495834,0.17737977206707,0.3062340021133423,1,0,1,1,0.203455519895173,0.0,0.1,0.1
1695,1695,26,0,0.0,0.9990857839584351,0.48871226960360337,18.3408509370232,0.20000000000000018,0.0,3,0.5044121600839203,GOOD,59.02912291508958,58.50668260788595,1.4626670651971487,0,0.0,80.0,1,1,1,26,0.9990857839584351,1,26,1,0.7836495637893677,0.07619867473840714,0.08490799367427826,0.05524374917149544,1,1,1,0,0.30441216008392036,0.1,0.1,0.0
1696,1696,26,1,6.2,0.9999213218688965,0.2456587740189059,12.386848332318687,0.0,0.0,3,0.3576226907968436,GOOD,74.67358044068052,74.3083720074787,1.8577093001869676,0,0.0,80.0,1,1,1,26,0.9999213218688965,1,26,1,0.3539332151412964,0.26880475878715515,0.1698836088180542,0.20737841725349426,1,1,0,1,0.15762269079684363,0.1,0.0,0.1
1697,1697,26,0,0.0,0.9998800754547119,0.540430524335361,20.13004570714842,3.2,0.0,3,0.5304309562437021,GOOD,86.75768757691918,85.85659810224078,2.1464149525560194,0,0.0,80.0,1,1,1,26,0.9998800754547119,1,26,1,0.8770906925201416,0.026066245511174202,0.06586649268865585,0.030976545065641403,1,0,1,1,0.3304309562437021,0.0,0.1,0.1
1698,1698,26,0,0.0,0.999401330947876,0.4131405032644658,15.996611560118321,0.20000000000000018,0.0,3,0.463775512036363,GOOD,57.752051703505884,56.96612590708823,1.4241531476772058,0,0.0,80.0,1,1,1,26,0.999401330947876,1,26,1,0.6481170058250427,0.11619061976671219,0.09752801805734634,0.13816435635089874,1,1,0,1,0.26377551203636307,0.1,0.0,0.1
1699,1699,26,1,6.2,0.9998769760131836,0.5343252020631704,20.030689208977613,0.0,0.0,3,0.5274262681924458,GOOD,69.07742557840157,68.87056050583979,1.7217640126459948,0,0.0,80.0,1,1,1,26,0.9998769760131836,1,26,1,0.8660343289375305,0.05445001274347305,0.021654531359672546,0.05786110833287239,1,1,0,1,0.3274262681924458,0.1,0.0,0.1
1700,1700,26,0,0.0,0.9999580383300781,0.25909486426544953,12.792257712127263,3.2,0.0,3,0.36727243027359413,GOOD,88.21315284372052,87.61277298986909,2.1903193247467274,0,0.0,80.0,1,1,1,26,0.9999580383300781,1,26,1,0.37709835171699524,0.1980038285255432,0.27521583437919617,0.14968203008174896,1,1,1,0,0.1672724302735941,0.1,0.1,0.0
1701,1701,26,0,0.0,0.9999827146530151,0.4128239301163436,16.817981465928355,0.20000000000000018,0.0,3,0.46359779161334125,GOOD,107.63663189723427,107.40186713236112,2.6850466783090283,0,0.0,80.0,1,1,1,26,0.9999827146530151,1,26,1,0.03818241506814957,0.6475521326065063,0.06251693516969681,0.25174853205680847,0,1,1,1,0.0,0.2635977916133413,0.1,0.1
1702,1702,26,1,6.2,0.9991636276245117,0.3099718938431936,13.817265070288416,0.0,0.0,3,0.4017168835394065,GOOD,71.50678049480177,70.07705268655482,1.7519263171638706,0,0.0,80.0,1,1,1,26,0.9991636276245117,1,26,1,0.09792525321245193,0.3944355249404907,0.37983182072639465,0.1278073787689209,0,1,1,1,0.0,0.15558996312820558,0.14612692041120087,0.1
1703,1703,26,0,0.0,0.9999791383743286,0.502028823893234,18.8845775877615,3.2,0.0,3,0.5112381479565957,GOOD,62.44193643315916,61.88981697033219,1.547245424258305,0,0.0,80.0,1,1,1,26,0.9999791383743286,1,26,1,0.8076604008674622,0.04194287583231926,0.07326122373342514,0.07713546603918076,1,0,1,1,0.31123814795659577,0.0,0.1,0.1
1704,1704,26,0,0.0,0.9995114803314209,0.39714214143029297,16.714187397776943,0.20000000000000018,0.0,3,0.45470728591406423,GOOD,95.35946931092113,94.44228646362227,2.3610571615905567,0,0.0,80.0,1,1,1,26,0.9995114803314209,1,26,1,0.29426252841949463,0.06790295243263245,0.6196039319038391,0.01823061890900135,1,1,1,0,0.1,0.1,0.2547072859140642,0.0
1705,1705,26,1,6.2,0.973517656326294,0.43369914697460255,17.43841123513253,0.0,0.0,3,0.4751745919595455,GOOD,80.509925558925,79.07880082077035,1.9769700205192589,0,0.0,80.0,1,1,1,26,0.973517656326294,1,26,1,0.6848552227020264,0.14100202918052673,0.02647656947374344,0.14766615629196167,1,1,0,1,0.2751745919595455,0.1,0.0,0.1
1706,1706,26,0,0.0,0.996776282787323,0.4440463666587454,17.675468461197042,3.2,0.0,3,0.4808095519096864,GOOD,79.90631395414567,79.44526634374348,1.986131658593587,0,0.0,80.0,1,1,1,26,0.996776282787323,1,26,1,0.025687547400593758,0.14367961883544922,0.12724792957305908,0.7033849358558655,0,1,1,1,0.0,0.1,0.1,0.2808095519096864
1707,1707,26,0,0.0,0.9995452761650085,0.42889563181090556,17.473304870276646,0.20000000000000018,0.0,3,0.47253582300692953,GOOD,110.27063017495163,108.70441905378746,2.717610476344687,0,0.0,80.0,1,1,1,26,0.9995452761650085,1,26,1,0.17606528103351593,0.6762619018554688,0.1315850466489792,0.016087843105196953,1,1,1,0,0.1,0.2725358230069296,0.1,0.0
1708,1708,26,1,6.2,0.9999499320983887,0.5116081473384432,19.31545148986425,0.0,0.0,3,0.516092624348312,GOOD,110.35477167629347,110.08618959872567,2.752154739968142,0,0.0,80.0,1,1,1,26,0.9999499320983887,1,26,1,0.8249541521072388,0.04189606383442879,0.10412268340587616,0.029027137905359268,1,1,1,0,0.3160926243483121,0.1,0.1,0.0
1709,1709,26,0,0.0,0.9950211048126221,0.4004884814488849,15.943977994438931,3.2,0.0,3,0.45661896083045184,GOOD,57.33698499305856,57.19871405453786,1.4299678513634466,0,0.0,80.0,1,1,1,37,0.9950211048126221,0,37,0,0.5008061528205872,0.47558555006980896,0.01499483548104763,0.008613393642008305,1,1,1,0,0.1854983297536106,0.17112063107684125,0.1,0.0
1710,1710,26,0,0.0,0.9999005794525146,0.2884154686889872,14.238534340324641,0.20000000000000018,0.0,3,0.38749687204941086,GOOD,70.9914343811483,69.65512909059474,1.7413782272648686,0,0.0,80.0,1,1,1,26,0.9999005794525146,1,26,1,0.4106864631175995,0.06152196601033211,0.31500527262687683,0.21278627216815948,1,0,1,1,0.17588624246557624,0.0,0.11161062958383461,0.1
1711,1711,26,1,6.2,0.8721572160720825,0.36359224280894376,15.857801435979262,0.0,0.0,3,0.4350771059168166,GOOD,105.1921807241602,103.61676582087226,2.590419145521807,0,0.0,80.0,1,1,1,24,0.8721572160720825,0,26,1,0.3917381763458252,0.5025855302810669,0.005413351114839315,0.10026292502880096,1,1,0,1,0.13437836671784,0.2006987391989766,0.0,0.1
1712,1712,26,0,0.0,0.9950140118598938,0.3768176062491928,15.93621916101467,3.2,0.0,3,0.44291921309184823,GOOD,113.63203783680477,112.7049717779387,2.8176242944484677,0,0.0,80.0,1,1,1,26,0.9950140118598938,1,26,1,0.5280734300613403,0.01581687107682228,0.3957136273384094,0.060396142303943634,1,0,1,1,0.21035421941352447,0.0,0.13256499367832378,0.1
1713,1713,26,0,0.0,0.9985663294792175,0.3825797670537665,16.241587584781726,0.20000000000000018,0.0,3,0.4462928464549236,GOOD,52.87579388652075,52.584171113208825,1.3146042778302207,0,0.0,80.0,1,1,1,26,0.9985663294792175,1,26,1,0.2722085118293762,0.5937116742134094,0.09905917197465897,0.03502063825726509,1,1,1,0,0.1,0.24629284645492358,0.1,0.0
1714,1714,26,1,6.2,0.8515034914016724,0.2684189128268178,13.481004520571446,0.0,0.0,3,0.373822539082604,GOOD,77.95057063290943,77.41839690786533,1.9354599226966334,0,0.0,80.0,1,1,1,26,0.8515034914016724,1,26,1,0.2148120105266571,0.10474254935979843,0.2926352322101593,0.38781026005744934,1,0,1,1,0.1,0.0,0.10377410141812418,0.17004843766447983
1715,1715,26,0,0.0,0.99991774559021,0.4211129777120137,17.13176585535514,3.2,0.0,3,0.46822892540821137,GOOD,78.7968200194892,77.66740097527531,1.9416850243818828,0,0.0,80.0,1,1,1,26,0.99991774559021,1,26,1,0.662351131439209,0.028375471010804176,0.06085021048784256,0.24842317402362823,1,0,1,1,0.2682289254082114,0.0,0.1,0.1
1716,1716,26,0,0.0,0.9998177886009216,0.520015975918931,19.823203244943464,0.20000000000000018,0.0,3,0.5203161062630688,GOOD,100.61732166501233,99.34997048280854,2.483749262070214,0,0.0,80.0,1,1,1,26,0.9998177886009216,1,26,1,0.8401473164558411,0.11622531712055206,0.007489410694688559,0.036137957125902176,1,1,0,1,0.32031610626306883,0.1,0.0,0.1
1717,1717,26,1,6.2,0.9985111355781555,0.433380758122047,17.140637515714147,0.0,0.0,3,0.4750001414553193,GOOD,60.07277030999298,59.31461813403919,1.48286545335098,0,0.0,80.0,1,1,1,26,0.9985111355781555,1,26,1,0.6842854619026184,0.19069638848304749,0.04743954911828041,0.07757862657308578,1,1,0,1,0.27500014145531937,0.1,0.0,0.1
1718,1718,26,0,0.0,0.9999740123748779,0.2601646071022492,12.756763683314198,3.2,0.0,3,0.3680298407931172,GOOD,69.10375857317094,68.10263847088981,1.7025659617722455,0,0.0,80.0,1,1,1,26,0.9999740123748779,1,26,1,0.1960597038269043,0.2719583213329315,0.37894687056541443,0.15303508937358856,1,1,1,0,0.1,0.1,0.1680298407931172,0.0
1719,1719,26,0,0.0,0.9999181032180786,0.35025356068630265,14.353684531675315,0.20000000000000018,0.0,3,0.4270219564547121,GOOD,55.02885802700176,54.08418568617982,1.3521046421544956,0,0.0,80.0,1,1,1,26,0.9999181032180786,1,26,1,0.5364623665809631,0.20089413225650787,0.13428808748722076,0.12835544347763062,1,1,1,0,0.22702195645471204,0.1,0.1,0.0
1720,1720,26,1,6.2,0.9997765421867371,0.2326314041479802,12.404689220620394,0.0,0.0,3,0.3480111010313548,GOOD,87.61725508133196,85.89326204687123,2.147331551171781,0,0.0,80.0,1,1,1,26,0.9997765421867371,1,26,1,0.3315708637237549,0.24432088434696198,0.2630734443664551,0.16103479266166687,1,1,1,0,0.1480111010313548,0.1,0.1,0.0
1721,1721,26,0,0.0,0.9990857839584351,0.48871226960360337,18.3408509370232,3.2,0.0,3,0.5044121600839203,GOOD,104.05374559675366,102.81512940538872,2.570378235134718,0,0.0,80.0,1,1,1,26,0.9990857839584351,1,26,1,0.7836495637893677,0.07619867473840714,0.08490799367427826,0.05524374917149544,1,1,1,0,0.30441216008392036,0.1,0.1,0.0
1722,1722,26,0,0.0,0.9973293542861938,0.4588485833784792,18.031399146496327,0.20000000000000018,0.0,3,0.4887577131194304,GOOD,92.44753082842297,91.1696618640136,2.2792415466003404,0,0.0,80.0,1,1,1,26,0.9973293542861938,1,26,1,0.7299360036849976,0.025452006608247757,0.19338184595108032,0.051230140030384064,1,0,1,1,0.28875771311943044,0.0,0.1,0.1
1723,1723,26,1,6.2,0.9999146461486816,0.2876839082164326,14.668887946161874,0.0,0.0,3,0.3870051207171335,GOOD,99.34567308583341,98.87296672934457,2.4718241682336144,0,0.0,80.0,1,1,1,26,0.9999146461486816,1,26,1,0.4197884202003479,0.2416601926088333,0.034300047904253006,0.3042512834072113,1,1,0,1,0.18235897732776044,0.1,0.0,0.10464614338937306
1724,1724,26,0,0.0,0.9996809959411621,0.4866186225304584,18.897981546477588,3.2,1.0605352728330022,3,0.5033305476700736,WEAK,6.100169437301685,5.578589086679907,0.13946472716699768,0,0.0,80.0,1,1,1,26,0.9996809959411621,1,26,1,0.01241159625351429,0.17571982741355896,0.031990788877010345,0.779877781867981,0,1,1,1,0.0,0.1,0.1,0.3033305476700736
1725,1725,26,0,0.0,0.9999836683273315,0.3160265871786873,11.719702575671448,0.20000000000000018,0.9177849514494673,4,0.40562128547150333,WEAK,6.373745515330745,5.710012855341397,0.1427503213835349,0,0.0,80.0,1,1,1,26,0.9999836683273315,1,26,1,0.3204062283039093,0.2187814563512802,0.24016833305358887,0.22064398229122162,1,1,1,1,0.10562128547150337,0.1,0.1,0.1
1726,1726,26,1,6.2,0.9999451637268066,0.4933527671164635,18.571280798913552,0.0,0.8053175096052992,3,0.5068012888652645,WEAK,4.857474443505739,4.4986976737667215,0.11246744184416804,0,0.0,80.0,1,1,1,26,0.9999451637268066,1,26,1,0.7920127511024475,0.08729151636362076,0.0722711831331253,0.04842456057667732,1,1,1,0,0.3068012888652646,0.1,0.1,0.0
1727,1727,26,0,0.0,0.999941349029541,0.4237365335499193,17.406016487505184,3.2,1.8592810446620636,3,0.46968520607982256,WEAK,6.386541576189083,5.841458597729426,0.14603646494323566,0,0.0,80.0,1,1,1,26,0.999941349029541,1,26,1,0.27695611119270325,0.6670387983322144,0.043607063591480255,0.012398023158311844,1,1,1,0,0.1,0.2696852060798226,0.1,0.0
1728,1728,27,0,0.0,0.9324169754981995,0.4005868222292509,16.869763018106052,0.20000000000000018,0.12946270487281186,3,0.4566750192575632,GOOD,69.63596729583584,69.19273359157006,1.7298183397892517,0,0.0,80.0,1,1,1,27,0.9324169754981995,1,27,1,0.009710237383842468,0.23014600574970245,0.13440635800361633,0.6257373690605164,0,1,1,1,0.0,0.1,0.1,0.2566750192575632
1729,1729,27,1,6.2,0.8748392462730408,0.3220027122955429,14.25158852319582,0.0,0.0,3,0.40943851312569823,GOOD,89.69865425709308,88.57445172691439,2.21436129317286,0,0.0,80.0,1,1,1,27,0.8748392462730408,1,27,1,0.2343178391456604,0.10241425782442093,0.48671552538871765,0.17655237019062042,1,0,1,1,0.1,0.0,0.2094385131256982,0.1
1730,1730,27,0,0.0,0.9874167442321777,0.44821934800070384,15.893248285724322,3.2,0.0,3,0.48306350283594,GOOD,65.36332503275625,64.22233559919219,1.605558389979805,0,0.0,80.0,1,1,1,19,0.9874167442321777,0,19,0,0.13458645343780518,0.7108650207519531,0.07305936515331268,0.08148911595344543,1,1,0,1,0.1,0.28306350283594006,0.0,0.1
1731,1731,27,0,0.0,0.7306187748908997,0.2987388168693558,14.882794268674768,0.20000000000000018,0.0,3,0.39437080307137107,GOOD,72.95797792095902,72.27931999640144,1.8069829999100362,0,0.0,80.0,1,1,0,27,0.7306187748908997,1,27,1,0.013861359097063541,0.23715947568416595,0.35123300552368164,0.39774611592292786,0,1,1,1,0.0,0.1,0.13183469075952284,0.16253611231184825
1732,1732,27,1,6.2,0.9456701874732971,0.4677252764500048,18.58862884836608,0.0,0.0,3,0.49346271815790627,GOOD,104.95052005663423,103.03201467320844,2.575800366830211,0,0.0,80.0,1,1,1,27,0.9456701874732971,1,27,1,0.0010180083336308599,0.2395985871553421,0.013501537963747978,0.7458819150924683,0,1,1,1,0.0,0.1,0.1,0.29346271815790625
1733,1733,27,0,0.0,0.9516227841377258,0.32294093274159164,11.711417241149864,3.2,0.0,4,0.41003457048257874,GOOD,57.914751335383976,57.554822428620696,1.4388705607155174,0,0.0,80.0,1,1,1,27,0.9516227841377258,1,27,1,0.23071756958961487,0.2152865082025528,0.33084410429000854,0.2231517732143402,1,1,1,1,0.1,0.1,0.11003457048257873,0.1
1734,1734,27,1,6.2,0.2996985614299774,0.30409246941912876,13.11876865695993,0.20000000000000018,0.0,3,0.39788884086525234,GOOD,64.57609069058506,64.146265292735,1.603656632318375,0,0.0,80.0,1,1,0,27,0.2996985614299774,1,27,1,0.06568120419979095,0.3260982036590576,0.4349397122859955,0.17328095436096191,0,1,1,1,0.0,0.11334108751523969,0.1845477533500127,0.1
1735,1735,27,0,0.0,0.5348569750785828,0.4866640871987007,18.824867823543094,3.4000000000000004,0.0,3,0.503354060150716,GOOD,55.17171052384997,54.15721650449527,1.3539304126123817,0,0.0,80.0,1,1,0,34,0.5348569750785828,0,27,1,0.017669077962636948,0.02743678167462349,0.7799596786499023,0.17493444681167603,0,1,1,1,0.0,0.1,0.3033540601507161,0.1
1736,1736,27,0,0.0,0.9893165826797485,0.5425091551401126,20.162013782540996,0.40000000000000036,0.0,3,0.5314500622340149,GOOD,40.55024088274664,39.856876264596664,0.9964219066149167,0,0.0,80.0,1,1,1,33,0.9893165826797485,0,33,0,0.0009759447420947254,0.880856454372406,0.09212175011634827,0.02604586072266102,0,1,1,1,0.0,0.33145006223401496,0.1,0.1
1737,1737,27,1,6.2,0.9406726956367493,0.4332391957354172,17.170395813833306,0.0,0.0,3,0.4749225565090369,GOOD,68.42878962847988,67.61380314648898,1.6903450786622245,0,0.0,80.0,1,1,1,27,0.9406726956367493,1,27,1,0.684032142162323,0.15774618089199066,0.04506320506334305,0.1131584569811821,1,1,0,1,0.27492255650903696,0.1,0.0,0.1
1738,1738,27,0,0.0,0.45608991384506226,0.3058841545301617,13.953404481650812,3.2,0.0,3,0.39905928175541105,GOOD,53.47117189163008,52.96731396379817,1.3241828490949543,0,0.0,80.0,1,1,0,29,0.45608991384506226,0,27,1,0.2957957684993744,0.45846569538116455,0.041439130902290344,0.2042994648218155,1,1,0,1,0.1,0.19905928175541107,0.0,0.1
1739,1739,27,0,0.0,0.9968551397323608,0.5488187549925729,19.7479051763949,0.20000000000000018,0.0,3,0.5345316172792638,GOOD,89.21840404282337,88.82914560102779,2.220728640025695,0,0.0,80.0,1,1,1,25,0.9968551397323608,0,25,0,0.8922918438911438,0.0539172887802124,0.023673297837376595,0.030117569491267204,1,1,0,1,0.33453161727926384,0.1,0.0,0.1
1740,1740,27,1,6.2,0.889485776424408,0.6025049827119406,22.294669356894907,0.0,0.0,3,0.5600660505723567,GOOD,101.34892162422506,101.01115375623394,2.5252788439058484,0,0.0,80.0,1,1,1,27,0.889485776424408,1,27,1,0.0007359413430094719,0.004577030427753925,0.004832053557038307,0.9898549914360046,0,1,1,1,0.0,0.1,0.1,0.36006605057235663
1741,1741,27,0,0.0,0.3499465584754944,0.4083600381698618,16.331579407944655,3.2,0.0,3,0.4610845226091676,GOOD,75.1669900241071,74.00336880910285,1.8500842202275714,0,0.0,80.0,1,1,0,27,0.3499465584754944,1,27,1,0.20333793759346008,0.09123264253139496,0.06583952158689499,0.6395898461341858,1,1,0,1,0.1,0.1,0.0,0.2610845226091676
1742,1742,27,0,0.0,0.49781927466392517,0.4014299888417718,16.2394377263755,0.20000000000000018,0.0,3,0.4571553779499856,GOOD,96.1505376331673,95.37587325076426,2.3843968312691066,0,0.0,80.0,1,1,0,27,0.49781927466392517,1,27,1,0.05765606462955475,0.17353734374046326,0.6272391676902771,0.1415674388408661,0,1,1,1,0.0,0.1,0.25715537794998566,0.1
1743,1743,27,1,6.2,0.6075482964515686,0.3265980926665078,14.74482192414401,0.0,0.0,3,0.4123497622905996,GOOD,82.54230746276875,82.20493114420299,2.0551232786050746,0,0.0,80.0,1,1,0,27,0.6075482964515686,1,27,1,0.14012500643730164,0.369546115398407,0.04827055707573891,0.44205835461616516,1,1,0,1,0.1,0.1332871138282282,0.0,0.17906264846237138
1744,1744,27,0,0.0,0.9974676370620728,0.5834748387550274,21.688522752056656,3.2,0.0,3,0.551150229772551,GOOD,55.75731647675816,55.432515313953246,1.3858128828488312,0,0.0,80.0,1,1,1,27,0.9974676370620728,1,27,1,0.0032126910518854856,0.026885394006967545,0.014682113192975521,0.9552198052406311,0,1,1,1,0.0,0.1,0.1,0.35115022977255095
1745,1745,27,1,6.2,0.9988798499107361,0.36700452402848377,15.136099419163976,0.20000000000000018,0.0,3,0.43711391843636993,GOOD,78.9367947314796,77.98821225368,1.9497053063420002,0,0.0,80.0,1,1,1,27,0.9988798499107361,1,27,1,0.5660873651504517,0.13494493067264557,0.29479268193244934,0.004174999892711639,1,1,1,0,0.23711391843636995,0.1,0.1,0.0
1746,1746,27,0,0.0,0.9956620335578918,0.5135677454781304,17.683797236000753,3.4000000000000004,0.0,3,0.5170800671607059,GOOD,113.55786468080731,111.6502422366145,2.7912560559153627,0,0.0,80.0,1,1,1,36,0.9956620335578918,0,27,1,0.8284940123558044,0.025616435334086418,0.12429873645305634,0.021590840071439743,1,1,1,0,0.3170800671607059,0.1,0.1,0.0
1747,1747,27,0,0.0,0.9978041052818298,0.5217221574962331,19.907756995526317,0.40000000000000036,0.0,3,0.5211689904091119,GOOD,90.361325712275,89.21372256997557,2.2303430642493893,0,0.0,80.0,1,1,1,27,0.9978041052818298,1,27,1,0.00806453637778759,0.14300398528575897,0.0056994943879544735,0.8432320356369019,1,1,0,1,0.1,0.1,0.0,0.32116899040911195
1748,1748,28,1,6.2,0.9925903081893921,0.5455641526814494,20.47106149433031,0.0,0.0,3,0.5329443221393265,GOOD,74.79073235371649,74.30892147940955,1.8577230369852389,0,0.0,80.0,1,1,1,28,0.9925903081893921,1,28,1,0.041910745203495026,0.8863924145698547,0.059313442558050156,0.012383379973471165,1,1,1,0,0.1,0.33294432213932657,0.1,0.0
1749,1749,28,0,0.0,0.8059310913085938,0.31501139221429614,14.227538490236672,3.2,0.14909306940728517,3,0.404969258178836,GOOD,42.04254697107602,42.03627722370859,1.0509069305927148,0,0.0,80.0,1,1,1,28,0.8059310913085938,1,36,0,0.47068214416503906,0.31491363048553467,0.1577291637659073,0.056675076484680176,1,1,1,0,0.2025474688719676,0.1024217893068684,0.1,0.0
1750,1750,28,0,0.0,0.9914751052856445,0.4622711592848663,17.593710624853202,0.20000000000000018,0.0,3,0.49057716142772767,GOOD,43.71392358220977,43.255106480249985,1.0813776620062496,0,0.0,80.0,1,1,1,28,0.9914751052856445,1,28,1,0.06260371208190918,0.7360821962356567,0.06875688582658768,0.13255728781223297,0,1,1,1,0.0,0.2905771614277277,0.1,0.1
1751,1751,28,1,6.2,0.9549863934516907,0.27720196447568507,14.835884476486383,0.0,0.0,3,0.3798893148575557,GOOD,55.85369836979485,54.853100768575146,1.3713275192143788,0,0.0,80.0,1,1,1,28,0.9549863934516907,1,28,1,0.3107650876045227,0.2908272445201874,0.38957712054252625,0.008830591104924679,1,1,1,0,0.11294282029174754,0.1,0.1669464945658082,0.0
1752,1752,28,0,0.0,0.9299443960189819,0.35350770114499014,14.60662337163232,3.2,0.0,3,0.4290010608577698,GOOD,110.76119898933398,109.07100464836354,2.7267751162090885,0,0.0,80.0,1,1,1,28,0.9299443960189819,1,28,1,0.4310392439365387,0.44078120589256287,0.049490347504615784,0.07868916541337967,1,1,0,1,0.16154492861283262,0.1674561322449372,0.0,0.1
1753,1753,28,0,0.0,0.9511793851852417,0.4077009558406078,16.780012997460076,0.20000000000000018,0.0,3,0.4607122832242329,GOOD,52.05953330208749,51.73027475594449,1.2932568688986124,0,0.0,80.0,1,1,1,28,0.9511793851852417,1,28,1,0.3178209662437439,0.04301619529724121,0.0007481696084141731,0.6384146809577942,1,1,0,1,0.1,0.1,0.0,0.2607122832242329
1754,1754,28,1,6.2,0.840442955493927,0.4647002363220902,18.50288318595147,0.0,0.0,3,0.4918643803741078,GOOD,59.66277411991388,58.470841303041354,1.461771032576034,0,0.0,80.0,1,1,1,28,0.840442955493927,1,28,1,0.0019123299280181527,0.2504715919494629,0.00717024365440011,0.7404458522796631,0,1,1,1,0.0,0.1,0.1,0.2918643803741078
1755,1755,28,0,0.0,0.9860526323318481,0.4621821911185678,18.333553256306377,3.2,0.0,3,0.4905299512029407,GOOD,106.45078615862856,106.11202197323715,2.652800549330929,0,0.0,80.0,1,1,1,28,0.9860526323318481,1,28,1,0.22121359407901764,0.0008470218162983656,0.04201701283454895,0.7359223961830139,1,0,1,1,0.1,0.0,0.1,0.2905299512029407
1756,1756,28,0,0.0,0.9996815919876099,0.5676374608883699,21.092875340413553,0.20000000000000018,0.0,3,0.543618779083548,WEAK,6.059422249095527,5.373172784984055,0.13432931962460137,0,0.0,80.0,1,1,1,28,0.9996815919876099,1,28,1,0.01711137779057026,0.012784590013325214,0.04366571456193924,0.9264383316040039,1,0,1,1,0.1,0.0,0.1,0.3436187790835481
1757,1757,28,1,6.2,0.9706912636756897,0.5044642264701039,19.34280500932021,0.0,0.0,3,0.5124766867596506,WEAK,4.16514287280968,3.4465598868049208,0.08616399717012302,0,0.0,80.0,1,1,1,28,0.9706912636756897,1,28,1,0.013502275571227074,0.13926437497138977,0.035178009420633316,0.8120554089546204,0,1,1,1,0.0,0.1,0.1,0.31247668675965057
1758,1758,28,0,0.0,0.9606714248657227,0.3764061540251726,15.684398750092864,3.2,0.9421874390108469,3,0.4426773323157811,WEAK,11.886858228829947,10.31250243956612,0.257812560989153,0,0.0,80.0,1,1,1,28,0.9606714248657227,1,28,1,0.021832475438714027,0.4388722777366638,0.055296219885349274,0.48399895429611206,0,1,1,1,0.0,0.1580707130559085,0.1,0.18460661925987257
1759,1759,28,0,0.0,0.9997116923332214,0.4124323104634888,16.499598118344764,0.20000000000000018,0.8728633490238435,3,0.46337784665549037,WEAK,2.9987477574376644,2.7729635994801316,0.06932408998700329,0,0.0,80.0,1,1,1,28,0.9997116923332214,1,28,1,0.06054872274398804,0.14131008088588715,0.15128780901432037,0.6468533873558044,0,1,1,1,0.0,0.1,0.1,0.26337784665549036
1760,1760,28,1,6.2,0.9905701875686646,0.29420781521808204,14.723866556203813,0.0,0.7002778682920762,3,0.39136864527264015,WEAK,7.436922669485334,6.903419229270696,0.1725854807317674,0,0.0,80.0,1,1,1,28,0.9905701875686646,1,28,1,0.36486175656318665,0.3739020526409149,0.02133357524871826,0.23990261554718018,1,1,0,1,0.14267786916551284,0.14869077610712733,0.0,0.1
1761,1761,28,0,0.0,0.9989892840385437,0.40297994088282435,16.52296104565665,3.2,1.900277868292076,3,0.45803708371224106,DOWN,0.0,0.0,0.0,1,0.0,80.0,1,1,1,28,0.9989892840385437,1,28,1,0.0060770874843001366,0.012003517709672451,0.40530258417129517,0.5766168236732483,0,1,1,1,0.0,0.1,0.1303385290942251,0.22769855461801594
1762,1762,28,0,0.0,0.49848267436027527,0.4352852244495914,16.27756843454469,0.20000000000000018,1.900277868292076,3,0.4760426775034568,DOWN,0.0,0.0,0.0,1,0.0,80.0,1,1,0,21,0.49848267436027527,0,21,0,0.2320418357849121,0.07711362093687057,0.0031506516970694065,0.6876938939094543,1,1,0,1,0.1,0.1,0.0,0.2760426775034568
1763,1763,28,0,0.0,0.9715004563331604,0.4547151628587436,17.490368767825935,0.0,1.900277868292076,3,0.4865513082732758,DOWN,0.0,0.0,0.0,1,0.0,80.0,1,1,1,28,0.9715004563331604,1,28,1,0.1288786232471466,0.11194197833538055,0.036662645637989044,0.7225167751312256,1,1,0,1,0.1,0.1,0.0,0.2865513082732758
1764,1764,28,1,6.2,0.8232223987579346,0.44786204192174284,17.81058690763602,0.0,1.7478390225052989,3,0.4828709230882403,WEAK,6.972430538610408,6.09755383147109,0.15243884578677724,0,0.0,80.0,1,1,1,28,0.8232223987579346,1,28,1,0.20599360764026642,0.023027857765555382,0.7102243900299072,0.060754138976335526,1,0,1,1,0.1,0.0,0.28287092308824036,0.1
1765,1765,28,0,0.0,0.9989562034606934,0.5441923787389569,20.46398816039561,3.2,2.7673280753615352,3,0.5322738791970807,WEAK,8.185626663135757,7.2204378857505365,0.18051094714376342,0,0.0,80.0,1,1,1,28,0.9989562034606934,1,28,1,0.06477203965187073,0.041229669004678726,0.010091859847307205,0.8839064240455627,1,1,0,1,0.1,0.1,0.0,0.33227387919708073
1766,1766,28,0,0.0,0.9928232431411743,0.481569156202456,18.402210393626138,0.20000000000000018,2.315546574541589,3,0.500712297818436,WEAK,19.717652212073098,18.071260032797866,0.45178150081994667,0,0.0,80.0,1,1,1,28,0.9928232431411743,1,28,1,0.03899519890546799,0.12946370244026184,0.06075641140341759,0.7707846760749817,0,1,1,1,0.0,0.1,0.1,0.3007122978184359
1767,1767,28,1,6.2,0.8243944644927979,0.3327445184729688,14.408277825922474,0.0,2.2102875072570978,3,0.4162117929585315,WEAK,4.691211310808101,4.210362691379626,0.10525906728449066,0,0.0,80.0,1,1,1,28,0.8243944644927979,1,28,1,0.10329722613096237,0.28253379464149475,0.10857182741165161,0.5055971145629883,0,1,1,1,0.0,0.1,0.1,0.21621179295853152
1768,1768,28,0,0.0,0.9609555602073669,0.23812374854738,11.879522470037443,3.2,3.299411181795118,3,0.35209534371220697,WEAK,5.140318587690342,4.43505301847919,0.11087632546197974,0,0.0,80.0,1,1,1,28,0.9609555602073669,1,28,1,0.20188263058662415,0.24972495436668396,0.20740586519241333,0.34098654985427856,0,1,1,1,0.0,0.1,0.1,0.15209534371220693
1769,1769,28,0,0.0,0.9998792409896851,0.4032474673811032,16.832966594964624,0.20000000000000018,3.2401076035932066,3,0.45818909714296185,WEAK,2.9284317992805136,2.3721431280764644,0.059303578201911615,0,0.0,80.0,1,1,1,28,0.9998792409896851,1,28,1,0.022553421556949615,0.6304770112037659,0.047876499593257904,0.299093097448349,0,1,1,1,0.0,0.2581890971429619,0.1,0.1
1770,1770,28,1,6.2,0.7253696918487549,0.281614595107837,12.70272185043536,0.0,2.8826306061181115,3,0.38290100477872413,WEAK,16.110677643520994,14.299079899003797,0.3574769974750949,0,0.0,80.0,1,1,0,37,0.7253696918487549,0,28,1,0.41613394021987915,0.17413802444934845,0.20289599895477295,0.20683203637599945,1,0,1,1,0.1829010047787241,0.0,0.1,0.1
1771,1771,28,0,0.0,0.717287540435791,0.5389075520707097,19.31302879599373,3.2,4.082630606118111,3,0.5296830325665679,DOWN,0.0,0.0,0.0,1,0.0,80.0,1,1,0,28,0.717287540435791,1,21,0,0.874332070350647,0.02423582598567009,0.009390709921717644,0.09204143285751343,1,1,0,1,0.32968303256656795,0.1,0.0,0.1
1772,1772,28,0,0.0,0.8426863551139832,0.4103008737374394,15.614664409540534,0.20000000000000018,2.2858596754993776,3,0.46217893486720596,GOOD,72.97845197501574,71.87083722474937,1.7967709306187343,0,0.0,80.0,1,1,1,28,0.8426863551139832,1,21,0,0.6430510878562927,0.22922781109809875,0.03602959215641022,0.09169144928455353,1,1,0,1,0.262178934867206,0.1,0.0,0.1
1773,1773,28,1,6.2,0.920866847038269,0.35183439269697664,14.3730605513189,0.0,0.5915408306157659,3,0.42798453053860497,GOOD,69.14856570681435,67.77275379534446,1.6943188448836115,0,0.0,80.0,1,1,1,28,0.920866847038269,1,28,1,0.14092423021793365,0.19084259867668152,0.1289789378643036,0.5392542481422424,1,1,0,1,0.1,0.1,0.0,0.22798453053860498
1774,1774,28,0,0.0,0.9765234589576721,0.33427180867676554,14.866559252162205,3.2,0.0,3,0.4171659009799621,GOOD,95.15043629361185,93.92592204724829,2.3481480511812074,0,0.0,80.0,1,1,1,28,0.9765234589576721,1,28,1,0.14051777124404907,0.280066579580307,0.07113052904605865,0.5082851648330688,1,1,0,1,0.1,0.1,0.0,0.2171659009799621
1775,1775,28,0,0.0,0.9821289777755737,0.2657061175900059,12.678734376277795,0.20000000000000018,0.0,3,0.3719287095793684,GOOD,108.94600795533944,107.71871781355937,2.6929679453389843,0,0.0,80.0,1,1,1,28,0.9821289777755737,1,28,1,0.21390986442565918,0.2347848117351532,0.3885321021080017,0.16277317702770233,1,1,1,0,0.1,0.1,0.17192870957936843,0.0
1776,1776,28,1,6.2,0.9963405728340149,0.542812760658443,20.11127295311576,0.0,0.0,3,0.5315987496820285,GOOD,41.82401980599756,41.31008353116989,1.0327520882792471,0,0.0,80.0,1,1,1,34,0.9963405728340149,0,34,0,0.03619542345404625,0.032792702317237854,0.0496053546667099,0.8814065456390381,1,0,1,1,0.1,0.0,0.1,0.3315987496820284
1777,1777,28,0,0.0,0.9789742231369019,0.35666383322389916,14.704492401206561,3.2,0.0,3,0.43091187540953246,GOOD,76.04318444093276,75.79268885253474,1.8948172213133685,0,0.0,80.0,1,1,1,28,0.9789742231369019,1,28,1,0.15760371088981628,0.18759272992610931,0.1070149689912796,0.5477885603904724,1,1,0,1,0.1,0.1,0.0,0.23091187540953242
1778,1778,28,0,0.0,0.9930099248886108,0.4108771012546322,17.0273442977954,0.20000000000000018,0.0,3,0.46250336359450495,GOOD,80.79911436094918,79.44705233103248,1.9861763082758122,0,0.0,80.0,1,1,1,28,0.9930099248886108,1,28,1,0.24790214002132416,0.6440789103507996,0.019781840965151787,0.08823707699775696,1,1,0,1,0.1,0.262503363594505,0.0,0.1
1779,1779,28,1,6.2,0.9918014407157898,0.47141932423315097,18.02026246292285,0.0,0.0,3,0.49540754546775767,GOOD,88.97199005676114,87.63141596017147,2.190785399004287,0,0.0,80.0,1,1,1,28,0.9918014407157898,1,28,1,0.14135879278182983,0.752522885799408,0.0485236681997776,0.05759464204311371,1,1,0,1,0.1,0.2954075454677577,0.0,0.1
1780,1780,28,0,0.0,0.997602641582489,0.4558337558521312,17.81184327364383,3.2,1.1168547584097224,3,0.48714939541244817,WEAK,4.100666450219469,3.325809663611107,0.08314524159027768,0,0.0,80.0,1,1,1,28,0.997602641582489,1,28,1,0.724524199962616,0.02885514870285988,0.0693170502781868,0.17730358242988586,1,0,1,1,0.2871493954124482,0.0,0.1,0.1
1781,1781,28,0,0.0,0.9951356053352356,0.38178206908326656,15.625240548648943,0.20000000000000018,0.7447761080795039,3,0.445827332207558,WEAK,15.800628573781148,14.883146013208737,0.3720786503302185,0,0.0,80.0,1,1,1,28,0.9951356053352356,1,28,1,0.15106061100959778,0.07846470922231674,0.17817948758602142,0.5922951102256775,1,0,1,1,0.1,0.0,0.1,0.24582733220755795
1782,1782,28,1,6.2,0.9752563238143921,0.3714263193004868,15.402982191860314,0.0,0.44629863633490735,3,0.43973928283735075,WEAK,13.207334133454287,11.939098869783862,0.29847747174459655,0,0.0,80.0,1,1,1,28,0.9752563238143921,1,28,1,0.15175560116767883,0.1940058320760727,0.08031615614891052,0.5739223957061768,1,1,0,1,0.1,0.1,0.0,0.23973928283735071
1783,1783,28,0,0.0,0.968815267086029,0.2916448710123396,13.474973959920547,3.2,1.386653942806317,3,0.3896602439196939,WEAK,11.977366435032765,10.385787741143618,0.2596446935285905,0,0.0,80.0,1,1,1,28,0.968815267086029,1,28,1,0.1273772418498993,0.4335978627204895,0.2422347366809845,0.19679012894630432,0,1,1,1,0.0,0.1896602439196939,0.1,0.1
1784,1784,28,0,0.0,0.9985969662666321,0.4417951829643551,17.468103453110597,0.20000000000000018,0.0,3,0.47958922218368694,GOOD,75.1585413263114,74.83713611384604,1.8709284028461513,0,0.0,80.0,1,1,1,28,0.9985969662666321,1,28,1,0.10983344167470932,0.6993513703346252,0.03752865269780159,0.15328653156757355,1,1,0,1,0.1,0.279589222183687,0.0,0.1
1785,1785,28,1,6.2,0.9606449007987976,0.5516960201446287,20.794403628319913,0.0,0.0,3,0.5359309669395635,GOOD,118.12639920986672,117.41847503185708,2.9354618757964275,0,0.0,80.0,1,1,1,28,0.9606449007987976,1,28,1,0.0015000185230746865,0.028286676853895187,0.07270441204309464,0.8975088000297546,0,1,1,1,0.0,0.1,0.1,0.3359309669395635
1786,1786,28,0,0.0,0.9979202151298523,0.4371565097478664,17.46087216386971,3.2,0.0,3,0.4770648306450754,GOOD,57.56033207586745,57.01034050650524,1.425258512662631,0,0.0,80.0,1,1,1,28,0.9979202151298523,1,28,1,0.029696723446249962,0.2389635443687439,0.040295958518981934,0.6910437941551208,0,1,1,1,0.0,0.1,0.1,0.27706483064507537
1787,1787,28,0,0.0,0.9925383925437927,0.5899338795142394,21.868405440871523,0.20000000000000018,0.0,3,0.5541924380477754,GOOD,80.00289719501117,79.9142666866346,1.9978566671658653,0,0.0,80.0,1,1,1,28,0.9925383925437927,1,28,1,0.02130766585469246,0.9669691920280457,0.003935304004698992,0.0077878194861114025,1,1,0,1,0.1,0.35419243804777545,0.0,0.1
1788,1788,28,1,6.2,0.9667665362358093,0.3172309651588124,14.323485778753614,0.0,0.0,3,0.4063934622599691,GOOD,58.19127564982789,57.21043693532533,1.4302609233831334,0,0.0,80.0,1,1,1,28,0.9667665362358093,1,28,1,0.09201503545045853,0.29572027921676636,0.13392290472984314,0.47834181785583496,0,1,1,1,0.0,0.1,0.1,0.20639346225996905
1789,1789,28,0,0.0,0.7463908195495605,0.3492960229919255,12.67780915131259,3.2,0.0,3,0.4264378518115942,GOOD,85.03662830290332,84.49414632921575,2.112353658230394,0,0.0,80.0,1,1,0,28,0.7463908195495605,1,21,0,0.14848865568637848,0.5347716808319092,0.1613529622554779,0.15538670122623444,0,1,1,1,0.0,0.22643785181159423,0.1,0.1
1790,1790,28,1,6.2,0.40011870861053467,0.2911791668897936,13.125843504296657,0.20000000000000018,0.0,3,0.3893490111496789,WEAK,7.961208409318384,6.566073016953559,0.164151825423839,0,0.0,80.0,1,1,0,27,0.40011870861053467,0,30,0,0.4327860176563263,0.29283782839775085,0.06277278065681458,0.21160341799259186,1,1,0,1,0.18934901114967886,0.1,0.0,0.1
1791,1791,28,0,0.0,0.9960414171218872,0.5767149476828658,21.402462639797974,3.4000000000000004,0.9817577401933449,3,0.5479482325525928,WEAK,10.700030237890461,8.7296903922662,0.21824225980665501,0,0.0,80.0,1,1,1,28,0.9960414171218872,1,28,1,0.03873404487967491,0.009231681935489178,0.009104209952056408,0.9429301023483276,1,1,0,1,0.1,0.1,0.0,0.3479482325525928
1792,1792,28,0,0.0,0.9977635145187378,0.2626626708024449,12.469138988933366,0.40000000000000036,0.6573466619955838,3,0.36979250488527726,WEAK,13.851801671298965,12.976443127910445,0.32441107819776116,0,0.0,80.0,1,1,1,28,0.9977635145187378,1,28,1,0.23309995234012604,0.1755639612674713,0.20807018876075745,0.3832658529281616,1,0,1,1,0.1,0.0,0.1,0.16979250488527728
1793,1793,28,1,6.2,0.8507089614868164,0.34755077172709337,14.841734778325485,0.0,0.5183287719577561,3,0.42537117322397433,WEAK,5.911972438850262,5.560715601513106,0.13901789003782766,0,0.0,80.0,1,1,1,28,0.8507089614868164,1,28,1,0.06667438894510269,0.36845746636390686,0.07481345534324646,0.4900546669960022,0,1,1,1,0.0,0.1254795521982293,0.1,0.199891621025745
1794,1794,28,0,0.0,0.6549885272979736,0.3256388375332842,14.16526619321965,3.2,0.08827320329817123,3,0.4117437582982222,GOOD,65.98016931526467,65.20222274638338,1.6300555686595848,0,0.0,80.0,1,1,0,28,0.6549885272979736,1,28,1,0.49310219287872314,0.2417932003736496,0.1077374815940857,0.15736709535121918,1,1,0,1,0.2117437582982222,0.1,0.0,0.1
1795,1795,28,0,0.0,0.9981860518455505,0.6070542819929079,22.43832848842161,0.20000000000000018,0.0,3,0.5621765032999986,GOOD,64.14154388155968,62.87000187617092,1.5717500469042731,0,0.0,80.0,1,1,1,28,0.9981860518455505,1,28,1,0.9981428384780884,0.0010795515263453126,0.0007246104069054127,5.2992294513387606e-05,1,1,1,0,0.3621765032999986,0.1,0.1,0.0
1796,1796,28,1,6.2,0.9997667670249939,0.42111374511254235,17.452180610679108,0.0,0.0,3,0.4682293520383323,WEAK,4.261759523074944,3.783308342615658,0.09458270856539146,0,0.0,80.0,1,1,1,28,0.9997667670249939,1,28,1,0.005362196359783411,0.32617485523223877,0.006110386457294226,0.6623525023460388,0,1,1,1,0.0,0.1,0.1,0.2682293520383323
1797,1797,28,0,0.0,0.5565663576126099,0.3097333935751251,13.30363098546841,3.2,0.8598197909943426,3,0.4015623082004932,WEAK,15.202834355538862,13.607208360226297,0.34018020900565743,0,0.0,80.0,1,1,0,25,0.5565663576126099,0,28,1,0.4028688073158264,0.19299542903900146,0.0332736074924469,0.3708621561527252,1,1,0,1,0.16115512812551228,0.1,0.0,0.14040718007498096
1798,1798,28,0,0.0,0.9996312856674194,0.37902566435999924,16.031235329628796,0.20000000000000018,0.7645148867298631,3,0.44421501619400994,WEAK,4.234700232392209,3.8121961705791776,0.09530490426447945,0,0.0,80.0,1,1,1,28,0.9996312856674194,1,28,1,0.04532492905855179,0.5874016880989075,0.23781397938728333,0.1294594258069992,0,1,1,1,0.0,0.2442150161940099,0.1,0.1
1799,1799,28,1,6.2,0.3934498429298401,0.435656908593884,17.744323408704545,0.0,0.49117296207568134,3,0.47624587732541296,WEAK,13.262290224686751,10.93367698616727,0.2733419246541818,0,0.0,80.0,1,1,0,28,0.3934498429298401,1,28,1,0.08986753225326538,0.21417628228664398,0.6883592009544373,0.0075969691388309,1,1,1,0,0.1,0.1,0.27624587732541295,0.0
1800,1800,28,0,0.0,0.9634134769439697,0.4695902592395349,17.382088655584237,3.2,0.3436977002153243,3,0.4944455428619694,GOOD,53.95133742584388,53.899010474414276,1.347475261860357,0,0.0,80.0,1,1,1,28,0.9634134769439697,1,28,1,0.7492343187332153,0.24149112403392792,0.0014983166474848986,0.007776176556944847,1,1,0,1,0.29444554286196944,0.1,0.0,0.1
1801,1801,28,0,0.0,0.9704171419143677,0.3454500263777801,14.988117907518054,0.20000000000000018,0.0,3,0.42408366215667326,GOOD,40.3426248506348,39.93580150970568,0.9983950377426422,0,0.0,80.0,1,1,1,28,0.9704171419143677,1,28,1,0.10371647030115128,0.042467501014471054,0.5122650861740112,0.34155094623565674,1,0,1,1,0.1,0.0,0.2144351384447483,0.10964852371192499
1802,1802,28,1,6.2,0.9859457612037659,0.5310069631490243,19.941336712289704,0.0,0.0,3,0.5257860199253792,GOOD,92.63134251247959,91.91824337779967,2.297956084444992,0,0.0,80.0,1,1,1,28,0.9859457612037659,1,28,1,0.02455216273665428,0.02153555117547512,0.8600279688835144,0.09388428181409836,1,0,1,1,0.1,0.0,0.32578601992537926,0.1
1803,1803,28,0,0.0,0.9716075658798218,0.3966179425322098,16.227321145592995,3.2,0.0,3,0.4544070964619479,GOOD,93.91129235261097,93.80932142833825,2.3452330357084565,0,0.0,80.0,1,1,1,28,0.9716075658798218,1,28,1,0.006797786336392164,0.025401271879673004,0.5529586672782898,0.41484224796295166,0,1,1,1,0.0,0.1,0.2167637107605012,0.13764338570144666
1804,1804,28,0,0.0,0.9971906542778015,0.45383097797813426,17.98818720099792,0.20000000000000018,0.0,3,0.48607803326654053,GOOD,41.81231901663499,41.36871111495508,1.034217777873877,0,0.0,80.0,1,1,1,28,0.9971906542778015,1,28,1,0.019677134230732918,0.7209302186965942,0.03436298295855522,0.22502963244915009,0,1,1,1,0.0,0.2860780332665406,0.1,0.1
1805,1805,28,1,6.2,0.8693147301673889,0.5341357916029394,20.081643917673723,0.0,0.0,3,0.5273327774618416,GOOD,85.7991660631024,84.75513307365651,2.1188783268414126,0,0.0,80.0,1,1,1,28,0.8693147301673889,1,28,1,0.017603285610675812,0.02123614400625229,0.8656914234161377,0.0954691469669342,0,1,1,1,0.0,0.1,0.32733277746184164,0.1
1806,1806,28,0,0.0,0.9999731779098511,0.3343291007309803,15.28869691120596,3.2,0.0,3,0.4172016492345165,GOOD,49.792707818437364,49.12057885984926,1.2280144714962316,0,0.0,80.0,1,1,1,28,0.9999731779098511,1,28,1,0.26495060324668884,0.5083860158920288,0.18505260348320007,0.041610777378082275,1,1,1,0,0.1,0.21720164923451654,0.1,0.0
1807,1807,28,0,0.0,0.9948416352272034,0.49134206225580296,18.42260880482948,0.20000000000000018,0.0,3,0.5057674766626556,GOOD,117.93766662682532,116.89261624685186,2.922315406171297,0,0.0,80.0,1,1,1,28,0.9948416352272034,1,28,1,0.05541028082370758,0.08394435793161392,0.0722569078207016,0.7883884906768799,0,1,1,1,0.0,0.1,0.1,0.3057674766626557
1808,1808,28,1,6.2,0.9899064898490906,0.2439811663391523,12.82701664918096,0.0,0.0,3,0.3563994933854978,GOOD,100.26476924770536,99.17614594317759,2.47940364857944,0,0.0,80.0,1,1,1,28,0.9899064898490906,1,28,1,0.35104790329933167,0.2615319788455963,0.25033193826675415,0.13708823919296265,1,1,1,0,0.15639949338549783,0.1,0.1,0.0
1809,1809,28,0,0.0,0.9677531123161316,0.3380523161997348,14.714721640643006,3.2,0.0,3,0.419518275161362,GOOD,53.77263079757624,53.58955617548956,1.3397389043872392,0,0.0,80.0,1,1,1,28,0.9677531123161316,1,28,1,0.3576739430427551,0.47959282994270325,0.035770002752542496,0.12696319818496704,1,1,0,1,0.1219342221083968,0.19758405305296514,0.0,0.1
1810,1810,28,0,0.0,0.9331863522529602,0.5962826821370026,22.058313566856707,0.20000000000000018,0.0,3,0.5571665363403611,GOOD,53.609952449252006,53.5888098162359,1.3397202454058976,0,0.0,80.0,1,1,1,28,0.9331863522529602,1,28,1,0.0013988298596814275,0.9785242676734924,0.008415035903453827,0.0116618936881423,0,1,1,1,0.0,0.3571665363403611,0.1,0.1
1811,1811,28,1,6.2,0.8870397210121155,0.5456145695653268,20.423345655040297,0.0,0.0,3,0.5329689468980583,GOOD,114.39076351623726,114.22384144578771,2.855596036144693,0,0.0,80.0,1,1,1,28,0.8870397210121155,1,28,1,0.07307440042495728,0.8864837884902954,0.024514632299542427,0.015927139669656754,1,1,1,0,0.1,0.33296894689805834,0.1,0.0
1812,1812,28,0,0.0,0.954960286617279,0.5896911746940868,21.79294673080865,3.2,0.0,3,0.55407842610701,GOOD,76.09507564268259,75.72205715219604,1.8930514288049012,0,0.0,80.0,1,1,1,28,0.954960286617279,1,28,1,0.014898708090186119,0.0031509201508015394,0.015422843396663666,0.9665275812149048,1,0,1,1,0.1,0.0,0.1,0.35407842610701
1813,1813,28,0,0.0,0.9999183416366577,0.3047710482453426,14.872567070871725,0.20000000000000018,0.0,3,0.3983325356500316,WEAK,18.397745110960475,16.360903386747044,0.40902258466867614,0,0.0,80.0,1,1,1,28,0.9999183416366577,1,28,1,0.020220808684825897,0.21721366047859192,0.40654459595680237,0.3560209274291992,0,1,1,1,0.0,0.1,0.16567474288425185,0.13265779276577977
1814,1814,28,1,6.2,0.6375929117202759,0.5180549814013674,19.711031867617294,0.0,0.0,3,0.5193341164523397,WEAK,8.752045755360264,8.26473256977648,0.20661831424441202,0,0.0,80.0,1,1,0,28,0.6375929117202759,1,28,1,0.058935049921274185,0.09159374237060547,0.01286859717220068,0.8366025686264038,1,1,0,1,0.1,0.1,0.0,0.3193341164523398
1815,1815,28,0,0.0,0.8655054569244385,0.4187499541230638,17.38229282012834,3.2,1.101672542556849,3,0.46691337283452006,WEAK,4.208122453015714,3.9330982977260387,0.09832745744315097,0,0.0,80.0,1,1,1,28,0.8655054569244385,1,28,1,0.6581304669380188,0.3259231150150299,0.0060315667651593685,0.009914848022162914,1,1,0,1,0.2669133728345201,0.1,0.0,0.1
1816,1816,28,0,0.0,0.999846339225769,0.3813414197777588,16.046048982757164,0.20000000000000018,1.0134087556473168,3,0.44556997305011603,WEAK,3.7777674388441205,3.530551476381284,0.08826378690953211,0,0.0,80.0,1,1,1,28,0.999846339225769,1,28,1,0.01769581064581871,0.5444888472557068,0.3893641531467438,0.04845113679766655,0,1,1,1,0.0,0.21809799357646867,0.1274719794736474,0.1
1817,1817,28,1,6.2,0.9985817670822144,0.311530279671442,13.988343814576279,0.0,0.7819742625305571,3,0.40272543470166433,WEAK,9.961082572207498,9.257379724670388,0.2314344931167597,0,0.0,80.0,1,1,1,28,0.9985817670822144,1,28,1,0.11433515697717667,0.3132534623146057,0.46451810002326965,0.10789331793785095,1,1,1,0,0.1,0.10247652477874955,0.20024890992291475,0.0
1818,1818,28,0,0.0,0.999869704246521,0.3149056693500891,14.654191271457165,3.2,0.6025640711212356,3,0.4049012953942188,GOOD,55.43795534142751,55.17640765637286,1.3794101914093215,0,0.0,80.0,1,1,1,28,0.999869704246521,1,28,1,0.04986387863755226,0.4417269229888916,0.3436312973499298,0.1647779792547226,0,1,1,1,0.0,0.18398314278976305,0.12091815260445576,0.1
1819,1819,28,0,0.0,0.9999645948410034,0.3607394979977596,15.357828759250776,0.20000000000000018,0.0,3,0.43336693728432396,GOOD,113.2350680421772,112.31572521275939,2.807893130318985,0,0.0,80.0,1,1,1,28,0.9999645948410034,1,28,1,0.02952658198773861,0.45849132537841797,0.42946991324424744,0.08251223713159561,0,1,1,1,0.0,0.17539953699762226,0.15796740028670167,0.1
1820,1820,28,1,6.2,0.43245217204093933,0.5164386633465216,19.712151559954055,0.0,0.0,3,0.5185233290879749,GOOD,96.99850270078934,95.78229276411903,2.394557319102976,0,0.0,80.0,1,1,0,5,0.43245217204093933,0,28,1,0.8336814045906067,0.1464284211397171,0.009671780280768871,0.010218324139714241,1,1,0,1,0.318523329087975,0.1,0.0,0.1
1821,1821,28,0,0.0,0.937272310256958,0.37503377194146803,14.716184857681252,3.2,0.0,3,0.44186959152320515,GOOD,48.615129783668905,48.18963860648747,1.2047409651621868,0,0.0,80.0,1,1,1,34,0.937272310256958,0,34,0,0.000860213884152472,0.0793236494064331,0.4245898127555847,0.49522635340690613,0,1,1,1,0.0,0.1,0.15012857662923404,0.19174101489397113
1822,1822,28,0,0.0,0.7438669204711914,0.5966534619657655,21.92446959225006,0.20000000000000018,0.0,3,0.5573397377549912,GOOD,51.09660825270474,50.79690263663287,1.269922565915822,0,0.0,80.0,1,1,0,28,0.7438669204711914,1,28,1,0.005809255875647068,0.9791992902755737,0.0005474144709296525,0.014444023370742798,1,1,0,1,0.1,0.3573397377549913,0.0,0.1
1823,1823,28,1,6.2,0.9684783816337585,0.38949204580705327,16.551605435344158,0.0,0.0,3,0.4503065073315209,GOOD,60.90385608193312,60.34261332492583,1.508565333123146,0,0.0,80.0,1,1,1,28,0.9684783816337585,1,28,1,0.02269260212779045,0.6059943437576294,0.03288990631699562,0.33842313289642334,0,1,1,1,0.0,0.25030650733152093,0.1,0.1
1824,1824,28,0,0.0,0.9711540341377258,0.3397212035158041,15.35748434986846,3.2,0.0,3,0.42055253336208276,GOOD,80.75119068927938,80.42583354380655,2.0106458385951638,0,0.0,80.0,1,1,1,28,0.9711540341377258,1,28,1,0.3464570939540863,0.13015617430210114,0.028841974213719368,0.49454477429389954,1,1,0,1,0.11444556161899663,0.1,0.0,0.2061069717430861
1825,1825,28,0,0.0,0.9850607514381409,0.5610372215320852,20.736028602300152,0.20000000000000018,0.0,3,0.5404490577793664,GOOD,105.74963703189603,104.73591110739414,2.6183977776848537,0,0.0,80.0,1,1,1,28,0.9850607514381409,1,28,1,0.02627173438668251,0.9144555330276489,0.024823790416121483,0.03444894030690193,1,1,0,1,0.1,0.3404490577793664,0.0,0.1
1826,1826,28,1,6.2,0.8960580825805664,0.3664650629596229,16.16278631626703,0.0,0.0,3,0.43679254275443447,GOOD,60.64971997196464,59.67443150182465,1.4918607875456162,0,0.0,80.0,1,1,1,28,0.8960580825805664,1,28,1,0.018843241035938263,0.5651319026947021,0.13905052840709686,0.27697429060935974,0,1,1,1,0.0,0.23679254275443443,0.1,0.1
1827,1827,28,0,0.0,0.9990693926811218,0.34498265309973375,14.622805277113788,3.2,0.0,3,0.42379668510991064,GOOD,110.06533063179022,108.73995071902519,2.71849876797563,0,0.0,80.0,1,1,1,28,0.9990693926811218,1,28,1,0.17154185473918915,0.527159571647644,0.10242471843957901,0.198873832821846,1,1,0,1,0.1,0.2237966851099106,0.0,0.1
1828,1828,28,0,0.0,0.9990776777267456,0.47280790497426634,18.040754667750992,0.20000000000000018,0.0,3,0.49613662838636086,GOOD,74.13079980435606,73.84317223514921,1.8460793058787304,0,0.0,80.0,1,1,1,28,0.9990776777267456,1,28,1,0.04931454733014107,0.7550199627876282,0.08110490441322327,0.1145605817437172,0,1,1,1,0.0,0.2961366283863609,0.1,0.1
1829,1829,28,1,6.2,0.9118053317070007,0.5526613017143371,20.488674056239592,0.0,0.0,3,0.5363996110644296,GOOD,86.80550048742832,86.5366388325929,2.1634159708148224,0,0.0,80.0,1,1,1,37,0.9118053317070007,0,37,0,0.029775479808449745,0.8992593288421631,0.04544222727417946,0.02552303485572338,1,1,1,0,0.1,0.3363996110644296,0.1,0.0
1830,1830,28,0,0.0,0.9708362817764282,0.2692983443348561,12.138279820105327,3.2,0.0,3,0.3744344230977844,GOOD,69.47745626484776,69.40834180672461,1.7352085451681152,0,0.0,80.0,1,1,1,28,0.9708362817764282,1,28,1,0.32932576537132263,0.14706142246723175,0.17049920558929443,0.35311365127563477,1,0,1,1,0.12894849812874795,0.0,0.1,0.14548592496903648
1831,1831,28,0,0.0,0.938733696937561,0.3819099239899959,15.531737141550327,0.20000000000000018,0.0,3,0.44590197746346527,GOOD,109.58853717692607,107.57877855893925,2.6894694639734813,0,0.0,80.0,1,1,1,28,0.938733696937561,1,28,1,0.007935398258268833,0.28354114294052124,0.11600129306316376,0.592522144317627,0,1,1,1,0.0,0.1,0.1,0.2459019774634653
1832,1832,28,1,6.2,0.9971987009048462,0.3138584096146627,14.436693358421683,0.0,0.0,3,0.4042274587510106,GOOD,116.50719520587343,114.46775583950941,2.8616938959877354,0,0.0,80.0,1,1,1,28,0.9971987009048462,1,28,1,0.0802401602268219,0.20685546100139618,0.4724287986755371,0.24047553539276123,0,1,1,1,0.0,0.1,0.20422745875101064,0.1
1833,1833,28,0,0.0,0.9476020336151123,0.504294314603739,18.833201400109317,3.2,0.0,3,0.5123903741936364,GOOD,108.77680517457648,107.94602142836749,2.6986505357091874,0,0.0,80.0,1,1,1,28,0.9476020336151123,1,28,1,0.07460321485996246,0.811748743057251,0.06415250897407532,0.04949561133980751,1,1,1,0,0.1,0.31239037419363647,0.1,0.0
1834,1834,28,0,0.0,0.9962700605392456,0.47399816236950265,18.13995382680058,0.20000000000000018,0.0,3,0.4967607286797806,GOOD,86.18712024609195,84.94657041414834,2.1236642603537086,0,0.0,80.0,1,1,1,28,0.9962700605392456,1,28,1,0.7571607232093811,0.03695869818329811,0.060889337211847305,0.14499127864837646,1,0,1,1,0.29676072867978065,0.0,0.1,0.1
1835,1835,28,1,6.2,0.8565953969955444,0.45915818700124184,18.36653789132697,0.0,0.0,3,0.4889225775726545,GOOD,98.51151294199536,96.62483535250985,2.415620883812746,0,0.0,80.0,1,1,1,28,0.8565953969955444,1,28,1,0.0021426540333777666,0.26516470313072205,0.002200779737904668,0.7304918766021729,0,1,1,1,0.0,0.1,0.1,0.2889225775726545
1836,1836,28,0,0.0,0.9976999163627625,0.35724766601632824,15.961225894894607,3.2,0.0,3,0.43126441691993955,GOOD,118.89290591645016,117.99318143786424,2.949829535946606,0,0.0,80.0,1,1,1,28,0.9976999163627625,1,28,1,0.24728648364543915,0.5488207936286926,0.021142344921827316,0.1827503889799118,1,1,0,1,0.1,0.23126441691993957,0.0,0.1
1837,1837,28,0,0.0,0.9660505056381226,0.4163912723738655,17.02281496052916,0.20000000000000018,0.0,3,0.465596530600809,GOOD,48.98289838401907,48.213904191340674,1.205347604783517,0,0.0,80.0,1,1,1,28,0.9660505056381226,1,28,1,0.02850833348929882,0.10884401947259903,0.20872873067855835,0.653918981552124,0,1,1,1,0.0,0.1,0.1,0.265596530600809
1838,1838,28,1,6.2,0.9311805367469788,0.4284022802586672,17.660806672047084,0.0,0.0,3,0.4722639697361278,GOOD,64.5705034929623,63.784744558401066,1.5946186139600267,0,0.0,80.0,1,1,1,28,0.9311805367469788,1,28,1,0.2610914409160614,0.061641354113817215,0.0018875651294365525,0.6753796339035034,1,1,0,1,0.1,0.1,0.0,0.27226396973612776
1839,1839,28,0,0.0,0.9959587454795837,0.5281967219847449,20.003483725256075,3.2,0.0,3,0.5243928690240456,GOOD,75.8686205862767,74.55963784127364,1.8639909460318411,0,0.0,80.0,1,1,1,28,0.9959587454795837,1,28,1,0.011279494501650333,0.01742575690150261,0.1163521334528923,0.8549426794052124,0,1,1,1,0.0,0.1,0.1,0.3243928690240456
1840,1840,28,0,0.0,0.4405190050601959,0.3477335099303467,14.913314594622857,0.20000000000000018,0.0,3,0.4254829861666113,GOOD,100.99214717637732,99.81358184384766,2.495339546096192,0,0.0,80.0,1,1,0,37,0.4405190050601959,0,28,1,0.532013475894928,0.13517925143241882,0.2728630006313324,0.05994431674480438,1,1,1,0,0.22548298616661125,0.1,0.1,0.0
1841,1841,28,0,0.0,0.9997435212135315,0.6012872065056729,22.23042026926783,0.0,0.0,3,0.5594997647249147,DOWN,0.0,0.0,0.0,1,0.0,80.0,1,1,1,28,0.9997435212135315,1,28,1,0.0022786755580455065,0.9876369833946228,0.006726933177560568,0.003357403911650181,0,1,1,1,0.0,0.35949976472491474,0.1,0.1
1842,1842,28,1,6.2,0.9973948001861572,0.5927838256320683,21.962388461236834,0.0,0.0,3,0.5555294655600261,GOOD,60.98329285750518,60.87040188015198,1.5217600470037995,0,0.0,80.0,1,1,1,28,0.9973948001861572,1,28,1,0.007557348348200321,0.9721554517745972,0.0035590145271271467,0.01672818325459957,1,1,0,1,0.1,0.3555294655600262,0.0,0.1
1843,1843,28,0,0.0,0.9845678806304932,0.3974004694745109,16.199593711799302,3.2,0.0,3,0.45485514802217364,GOOD,89.06873891266943,87.77552927672632,2.194388231918158,0,0.0,80.0,1,1,1,28,0.9845678806304932,1,28,1,0.015787743031978607,0.5455513596534729,0.014674145728349686,0.4239867329597473,1,1,0,1,0.1,0.2122125708318954,0.0,0.14264257719027823
1844,1844,28,1,6.2,0.8977382183074951,0.43086460457413317,16.455347021316342,0.20000000000000018,0.0,3,0.47361923900521546,GOOD,40.980544149202174,40.462361940060624,1.0115590485015156,0,0.0,80.0,1,1,1,28,0.8977382183074951,1,28,1,0.28342679142951965,0.003355068154633045,0.03343456983566284,0.6797836422920227,1,0,1,1,0.1,0.0,0.1,0.27361923900521545
1845,1845,28,0,0.0,0.9848920106887817,0.32991496533918474,14.621019274593657,3.4000000000000004,1.2,3,0.4144383486163217,DOWN,0.0,0.0,0.0,1,0.0,80.0,1,1,1,28,0.9848920106887817,1,28,1,0.07800410687923431,0.32748058438301086,0.10295529663562775,0.4915599822998047,0,1,1,1,0.0,0.10569014269490487,0.1,0.20874820592141677
1846,1846,28,0,0.0,0.9598110914230347,0.37266519274878346,16.329578841198146,0.40000000000000036,0.0,3,0.44047203624883213,GOOD,54.71475619752158,54.406419989481854,1.3601604997370464,0,0.0,80.0,1,1,1,28,0.9598110914230347,1,28,1,0.2841464877128601,0.12489292025566101,0.01484190858900547,0.5761186480522156,1,1,0,1,0.1,0.1,0.0,0.24047203624883215
1847,1847,28,1,6.2,0.8973633050918579,0.5227741106513336,19.871499967348726,0.0,0.0,3,0.521694144723678,GOOD,60.073034316205174,59.65617548600007,1.491404387150002,0,0.0,80.0,1,1,1,28,0.8973633050918579,1,28,1,0.8451341986656189,0.02315058745443821,0.1212746649980545,0.010440546087920666,1,1,1,0,0.3216941447236781,0.1,0.1,0.0
1848,1848,29,0,0.0,0.9999909400939941,0.5237575637776996,19.871810332617333,3.2,0.0,3,0.5221846248932019,GOOD,67.60223894740918,67.0667495189587,1.6766687379739675,0,0.0,80.0,1,1,1,29,0.9999909400939941,1,29,1,0.06330804526805878,0.846912682056427,0.01231368351727724,0.07746554166078568,1,1,0,1,0.1,0.322184624893202,0.0,0.1
1849,1849,29,0,0.0,0.9987611770629883,0.5733116500061576,21.339065189350094,0.20000000000000018,0.0,3,0.5463290701944042,GOOD,113.43540012982957,112.51229469642655,2.812807367410664,0,0.0,80.0,1,1,1,29,0.9987611770629883,1,29,1,0.013834374956786633,0.9367455244064331,0.04302641749382019,0.006393668707460165,1,1,1,0,0.1,0.3463290701944043,0.1,0.0
1850,1850,29,1,6.2,0.9764981269836426,0.5532212889703222,20.808763144037332,0.0,0.0,3,0.5366712972619576,GOOD,46.91873569963076,46.32363420626538,1.1580908551566347,0,0.0,80.0,1,1,1,29,0.9764981269836426,1,29,1,0.900274932384491,0.003577089635655284,0.03976399824023247,0.05638398230075836,1,0,1,1,0.33667129726195766,0.0,0.1,0.1
1851,1851,29,0,0.0,0.9961436986923218,0.5050171369170997,19.134912982426115,3.2,0.12083818631898491,3,0.5127574560394232,GOOD,43.292256004192026,43.1664725472406,1.079161813681015,0,0.0,80.0,1,1,1,29,0.9961436986923218,1,29,1,0.029282893985509872,0.8130533695220947,0.04323507845401764,0.11442870646715164,0,1,1,1,0.0,0.3127574560394233,0.1,0.1
1852,1852,29,0,0.0,0.8826116919517517,0.5476941138590351,20.53895195476222,0.20000000000000018,0.0,3,0.5339836544707119,GOOD,88.18198842782343,86.55726967722205,2.1639317419305515,0,0.0,80.0,1,1,1,29,0.8826116919517517,1,29,1,0.06325218081474304,0.8902530670166016,0.03609640151262283,0.010398360900580883,1,1,1,0,0.1,0.333983654470712,0.1,0.0
1853,1853,29,1,6.2,0.978318452835083,0.3005539775843448,13.73374241580414,0.0,0.0,3,0.3955671027396727,GOOD,67.50451585550806,66.47056176143496,1.6617640440358743,0,0.0,80.0,1,1,1,36,0.978318452835083,0,36,0,0.10076145827770233,0.1461695432662964,0.3452621400356293,0.4078068733215332,0,1,1,1,0.0,0.1,0.12720435363605526,0.16836274910361745
1854,1854,29,0,0.0,0.9998980760574341,0.4114983188360504,16.752906984304,3.2,0.0,3,0.4628528679863522,GOOD,59.74049114217677,59.54833422471911,1.4887083556179779,0,0.0,80.0,1,1,1,29,0.9998980760574341,1,29,1,0.17314475774765015,0.14099057018756866,0.04067756608128548,0.6451870799064636,1,1,0,1,0.1,0.1,0.0,0.2628528679863522
1855,1855,29,0,0.0,0.9995891451835632,0.6075917563674896,22.458038495061878,0.20000000000000018,0.0,3,0.5624253184573783,GOOD,102.0482713781305,100.62967102934955,2.515741775733739,0,0.0,80.0,1,1,1,29,0.9995891451835632,1,29,1,0.9991222023963928,0.0006564330542460084,9.229235001839697e-05,0.000129123407532461,1,1,0,1,0.36242531845737835,0.1,0.0,0.1
1856,1856,29,1,6.2,0.9937363862991333,0.34345777711285685,15.146848189302569,0.0,0.0,3,0.42285902479245496,GOOD,106.35428481305631,105.76480488967455,2.6441201222418638,0,0.0,80.0,1,1,1,29,0.9937363862991333,1,29,1,0.20847003161907196,0.5244700312614441,0.2042812705039978,0.06277864426374435,1,1,1,0,0.1,0.22285902479245498,0.1,0.0
1857,1857,29,0,0.0,0.9989238381385803,0.38386255669108904,16.24255313163362,3.2,0.13416730305238111,3,0.4470404300870191,GOOD,43.38715604873408,42.63330787790475,1.0658326969476188,0,0.0,80.0,1,1,1,29,0.9989238381385803,1,29,1,0.30190205574035645,0.5959900617599487,0.03581051900982857,0.06629740446805954,1,1,0,1,0.1,0.24704043008701912,0.0,0.1
1858,1858,29,0,0.0,0.9972825050354004,0.30397903698528866,13.800649951794576,0.20000000000000018,0.0,3,0.39781462378679605,GOOD,63.84978335069547,63.76113874081549,1.5940284685203874,0,0.0,80.0,1,1,1,29,0.9972825050354004,1,29,1,0.4199657142162323,0.1003613993525505,0.13885602355003357,0.34081682562828064,1,0,1,1,0.17480267103479405,0.0,0.1,0.123011952752002
1859,1859,29,1,6.2,0.999846339225769,0.6049610799664521,22.374530581146406,0.0,0.0,3,0.5612064375419732,GOOD,99.89900156392488,98.56798991973504,2.4641997479933764,0,0.0,80.0,1,1,1,29,0.999846339225769,1,29,1,0.9943290948867798,0.0003602792858146131,0.0020915810018777847,0.003219011938199401,1,0,1,1,0.36120643754197324,0.0,0.1,0.1
1860,1860,29,0,0.0,0.9999799728393555,0.5466319985393773,20.587502175933906,3.2,0.0,3,0.5334656395470581,GOOD,113.05728468068838,111.35428466936865,2.7838571167342163,0,0.0,80.0,1,1,1,29,0.9999799728393555,1,29,1,0.09058891981840134,0.8883278369903564,0.014982445165514946,0.006100828293710947,1,1,1,0,0.1,0.3334656395470581,0.1,0.0
1861,1861,29,0,0.0,0.9991876482963562,0.4719427122334974,18.676363430289147,0.20000000000000018,0.0,3,0.49568247950485045,GOOD,92.075513873743,90.41012987451073,2.2602532468627685,0,0.0,80.0,1,1,1,29,0.9991876482963562,1,29,1,0.7534640431404114,0.22474317252635956,0.00034721457632258534,0.021445604041218758,1,1,0,1,0.2956824795048505,0.1,0.0,0.1
1862,1862,29,1,6.2,0.9999632835388184,0.27718026362497905,13.022304969701713,0.0,0.0,3,0.3798744446839748,WEAK,12.721473524184319,11.290302515990472,0.28225756289976184,0,0.0,80.0,1,1,1,29,0.9999632835388184,1,29,1,0.34545186161994934,0.16638754308223724,0.13331933319568634,0.3548412322998047,1,1,0,1,0.13672019858432924,0.1,0.0,0.14315424609964558
1863,1863,29,0,0.0,0.9880132675170898,0.5662066000372231,21.221219583121922,3.2,0.8428171606294004,3,0.5429331886457102,WEAK,16.743419139453003,14.287313574823983,0.3571828393705996,0,0.0,80.0,1,1,1,29,0.9880132675170898,1,29,1,0.9238399863243103,0.07137184590101242,0.004407698754221201,0.00038046439294703305,1,1,1,0,0.3429331886457102,0.1,0.1,0.0
1864,1864,29,1,6.2,0.7759150862693787,0.37884159704728176,14.988487928302828,0.20000000000000018,0.0,3,0.44410714039376875,GOOD,51.37488104120217,50.44994217568259,1.2612485543920648,0,0.0,80.0,1,1,0,30,0.7759150862693787,0,30,0,0.05734269693493843,0.5870749950408936,0.030944358557462692,0.32463788986206055,1,1,0,1,0.1,0.24410714039376877,0.0,0.1
1865,1865,29,0,0.0,0.9999117851257324,0.41886877339836465,17.04664002730482,3.4000000000000004,0.0,3,0.4669796108999119,GOOD,116.1465958957975,115.15272722767932,2.878818180691983,0,0.0,80.0,1,1,1,29,0.9999117851257324,1,29,1,0.030843982473015785,0.6583426594734192,0.2431601881980896,0.06765319406986237,0,1,1,1,0.0,0.26697961089991196,0.1,0.1
1866,1866,29,0,0.0,0.9829809665679932,0.3655806799362133,15.559831901039933,0.40000000000000036,0.0,3,0.43626517290671163,GOOD,106.25800218514573,105.58709573493776,2.6396773933734443,0,0.0,80.0,1,1,1,29,0.9829809665679932,1,29,1,0.563565731048584,0.25790074467658997,0.12455663084983826,0.05397683382034302,1,1,1,0,0.23626517290671165,0.1,0.1,0.0
1867,1867,29,1,6.2,0.49672791361808777,0.34075505398954375,15.401410334731816,0.0,0.0,3,0.4211919667315657,GOOD,119.76210893113384,119.68972661970422,2.9922431654926056,0,0.0,80.0,1,1,0,29,0.49672791361808777,1,29,1,0.1330607831478119,0.023624032735824585,0.3541128635406494,0.4892023503780365,1,0,1,1,0.1,0.0,0.1188514765861835,0.20234049014538222
1868,1868,30,0,0.0,0.9352129697799683,0.37479935278352683,15.608226848754441,3.2,0.0,3,0.44173147211001584,GOOD,92.01698193453672,90.7622579832731,2.2690564495818277,0,0.0,80.0,1,1,1,23,0.9352129697799683,0,23,0,0.07323698699474335,0.007468740921467543,0.48793184757232666,0.43136242032051086,1,0,1,1,0.1,0.0,0.1875336519617342,0.15419782014828162
1869,1869,30,0,0.0,0.9993942975997925,0.387865821932622,16.209454195921385,0.20000000000000018,0.0,3,0.4493654545133928,GOOD,97.72633954390807,97.3033807999405,2.4325845199985126,0,0.0,80.0,1,1,1,30,0.9993942975997925,1,30,1,0.37150809168815613,0.024919534102082253,0.026720590889453888,0.5768517851829529,1,0,1,1,0.11520702912804204,0.0,0.1,0.23415842538535078
1870,1870,30,1,6.2,0.6374121308326721,0.3700645855335836,15.94057583035581,0.0,0.0,3,0.4389324502989488,GOOD,57.52933392677076,56.72771325086052,1.418192831271513,0,0.0,80.0,1,1,0,30,0.6374121308326721,1,30,1,0.49588775634765625,0.0011158535489812493,0.09013473987579346,0.412861704826355,1,0,1,1,0.19408546031645604,0.0,0.1,0.14484698998249276
1871,1871,30,0,0.0,0.9999922513961792,0.36257295386879884,15.805829814272608,3.2,0.0,3,0.4344668336528761,GOOD,55.1156600369751,54.85332439006005,1.3713331097515014,0,0.0,80.0,1,1,1,30,0.9999922513961792,1,30,1,0.5582411289215088,0.03943515196442604,0.0971810445189476,0.3051426410675049,1,0,1,1,0.2344668336528761,0.0,0.1,0.1
1872,1872,30,0,0.0,0.9999974966049194,0.3654037598019001,14.947118261913468,0.20000000000000018,0.0,3,0.43615959643938873,GOOD,46.87991773079623,46.70106057563852,1.167526514390963,0,0.0,80.0,1,1,1,30,0.9999974966049194,1,30,1,0.2186671942472458,0.10512074828147888,0.5632524490356445,0.1129595935344696,1,0,1,1,0.1,0.0,0.2361595964393887,0.1
1873,1873,30,1,6.2,0.9999773502349854,0.5659186201408638,21.03440076343947,0.0,0.0,3,0.5427950997137434,GOOD,114.41455429958165,113.1288142585797,2.8282203564644925,0,0.0,80.0,1,1,1,30,0.9999773502349854,1,30,1,0.01349134836345911,0.019268179312348366,0.043923404067754745,0.9233170747756958,0,1,1,1,0.0,0.1,0.1,0.34279509971374345
1874,1874,30,0,0.0,0.999974250793457,0.43392493193175824,17.16085645105678,3.2,0.0,3,0.47529826445896933,GOOD,118.26961777779813,117.17275859887742,2.9293189649719356,0,0.0,80.0,1,1,1,30,0.999974250793457,1,30,1,0.046863358467817307,0.10019306093454361,0.16768430173397064,0.6852592825889587,0,1,1,1,0.0,0.1,0.1,0.2752982644589693
1875,1875,30,0,0.0,0.9934529066085815,0.35131567929737306,14.773743022609516,0.20000000000000018,0.0,3,0.4276689229678937,GOOD,72.93154535101789,72.47618984855777,1.8119047462139442,0,0.0,80.0,1,1,1,30,0.9934529066085815,1,30,1,0.5383380651473999,0.09939511120319366,0.22858098149299622,0.1336858868598938,1,0,1,1,0.22766892296789373,0.0,0.1,0.1
1876,1876,30,1,6.2,0.999962568283081,0.4494650036864758,18.03125541802408,0.0,0.0,3,0.4837342830140719,GOOD,95.02696479435984,94.94935513694057,2.3737338784235145,0,0.0,80.0,1,1,1,30,0.999962568283081,1,30,1,0.009807465597987175,0.20656034350395203,0.07053357362747192,0.7130986452102661,0,1,1,1,0.0,0.1,0.1,0.2837342830140719
1877,1877,30,0,0.0,0.9989680051803589,0.5766598194337719,21.39736212265469,3.2,0.0,3,0.547922042708985,GOOD,56.096359850069824,55.6653064419691,1.3916326610492276,0,0.0,80.0,1,1,1,30,0.9989680051803589,1,30,1,0.031829833984375,0.0013947252882644534,0.02394549734890461,0.9428299069404602,1,0,1,1,0.1,0.0,0.1,0.3479220427089851
1878,1878,30,0,0.0,0.9999356269836426,0.28661207865371674,13.537663712227568,0.20000000000000018,0.0,3,0.38628351168849173,GOOD,84.22008352579758,82.99156441792864,2.0747891104482163,0,0.0,80.0,1,1,1,30,0.9999356269836426,1,30,1,0.39895471930503845,0.10768602043390274,0.17069511115550995,0.3226641118526459,1,0,1,1,0.16884706098524424,0.0,0.1,0.11743645070324751
1879,1879,30,1,6.2,0.9999861717224121,0.5339417352425577,20.16088599362873,0.0,0.0,3,0.5272369763777707,GOOD,53.073326203221036,52.83289811048736,1.3208224527621841,0,0.0,80.0,1,1,1,30,0.9999861717224121,1,30,1,0.09689883887767792,0.8653401136398315,0.011502465233206749,0.026258623227477074,1,1,0,1,0.1,0.3272369763777707,0.0,0.1
1880,1880,30,0,0.0,0.9999921321868896,0.5223647216245133,19.41008111482693,3.2,0.0,3,0.5214898330683,GOOD,61.411898804788194,60.46037965987194,1.5115094914967986,0,0.0,80.0,1,1,1,30,0.9999921321868896,1,30,1,0.042919937521219254,0.06530122458934784,0.04738490283489227,0.8443939089775085,0,1,1,1,0.0,0.1,0.1,0.3214898330682999
1881,1881,30,0,0.0,0.9999591112136841,0.5100408787248525,19.38268846045428,0.20000000000000018,0.0,3,0.5153015147929243,GOOD,55.098604347437,54.29713061612868,1.3574282654032173,0,0.0,80.0,1,1,1,30,0.9999591112136841,1,30,1,0.021182214841246605,0.8221235275268555,0.10021085292100906,0.05648336932063103,0,1,1,1,0.0,0.31530151479292434,0.1,0.1
1882,1882,30,1,6.2,0.9999988079071045,0.29926217588530996,14.115218137495118,0.0,0.0,3,0.39471610000998947,GOOD,42.502180101984514,41.68618719009431,1.0421546797523578,0,0.0,80.0,1,1,1,30,0.9999988079071045,1,30,1,0.18082502484321594,0.38552895188331604,0.06901642680168152,0.3646295368671417,1,1,0,1,0.1,0.15424944511972186,0.0,0.1404666548902676
1883,1883,30,0,0.0,0.9997848868370056,0.5098879002596287,19.142116412649564,3.2,0.0,3,0.5152242308437525,GOOD,68.27255811624731,67.74713983463602,1.6936784958659006,0,0.0,80.0,1,1,1,30,0.9997848868370056,1,30,1,0.03824722021818161,0.0838143527507782,0.05609114095568657,0.8218472599983215,0,1,1,1,0.0,0.1,0.1,0.3152242308437525
1884,1884,30,0,0.0,0.999997615814209,0.3424740753860927,14.85719357316217,0.20000000000000018,0.0,3,0.4222530326558891,GOOD,102.83552178673365,102.82299584496928,2.5705748961242323,0,0.0,80.0,1,1,1,30,0.999997615814209,1,30,1,0.40094101428985596,0.10243523120880127,0.44621986150741577,0.05040388181805611,1,1,1,0,0.14716989017221063,0.1,0.17508314248367843,0.0
1885,1885,30,1,6.2,0.9997145533561707,0.27357515510118163,14.599296835151797,0.0,0.0,3,0.37739596588630103,WEAK,13.6278102836542,11.00313038375996,0.275078259593999,0,0.0,80.0,1,1,1,30,0.9997145533561707,1,30,1,0.022983355447649956,0.28488588333129883,0.3093697726726532,0.3827609717845917,0,1,1,1,0.0,0.1,0.11338725757212775,0.16400870831417327
1886,1886,30,0,0.0,0.9999972581863403,0.35847271472179026,15.399753262955095,3.2,0.7979967773181277,3,0.4320032149882672,WEAK,18.701087925497905,16.08012890727489,0.4020032226818723,0,0.0,80.0,1,1,1,30,0.9999972581863403,1,30,1,0.44202595949172974,0.09333813935518265,0.4408778250217438,0.02375808358192444,1,1,1,0,0.16634751790928035,0.1,0.1656556970789869,0.0
1887,1887,30,0,0.0,0.9999881982803345,0.546581027476276,20.335470251184866,0.20000000000000018,0.5857592517519705,3,0.533440767288623,WEAK,9.972453136044866,8.489501022646287,0.2122375255661572,0,0.0,80.0,1,1,1,30,0.9999881982803345,1,30,1,0.02421669289469719,0.0464889332652092,0.041058897972106934,0.8882354497909546,0,1,1,1,0.0,0.1,0.1,0.33344076728862293
1888,1888,30,1,6.2,0.9999980926513672,0.3170820813412021,14.679256520749142,0.0,0.23069417875682657,3,0.40629808614985985,WEAK,15.170110102420205,14.202602919805758,0.35506507299514395,0,0.0,80.0,1,1,1,30,0.9999980926513672,1,30,1,0.18671244382858276,0.26901593804359436,0.478080689907074,0.06619089096784592,1,1,1,0,0.1,0.1,0.20629808614985987,0.0
1889,1889,30,0,0.0,0.9999958276748657,0.543618626257031,20.58830819776525,3.2,1.315993320415352,3,0.5319932119099244,WEAK,5.675395513556075,4.588034333658983,0.11470085834147457,0,0.0,80.0,1,1,1,30,0.9999958276748657,1,30,1,0.0033994526602327824,0.11373384296894073,9.99999993922529e-09,0.8828667402267456,1,1,0,1,0.1,0.1,0.0,0.33199321190992437
1890,1890,30,0,0.0,0.9994757771492004,0.49248137912634704,19.16735030236024,0.20000000000000018,1.2264431068591988,3,0.5063535202884547,WEAK,4.324955529843161,3.582008542246127,0.08955021355615318,0,0.0,80.0,1,1,1,30,0.9994757771492004,1,30,1,0.003790058195590973,0.7904419898986816,0.006695326883345842,0.1990726739168167,0,1,1,1,0.0,0.30635352028845475,0.1,0.1
1891,1891,30,1,6.2,0.9999595880508423,0.28173637888735226,13.15495968458402,0.0,0.918225495998995,3,0.38298378829217194,WEAK,15.29766955786245,12.328704434408152,0.30821761086020383,0,0.0,80.0,1,1,1,30,0.9999595880508423,1,30,1,0.32268425822257996,0.15865983068943024,0.13074038922786713,0.38791555166244507,1,1,0,1,0.11932353948111499,0.1,0.0,0.16366024881105692
1892,1892,30,0,0.0,0.9999864101409912,0.23469322851057406,12.40673369635288,3.2,1.7396168996217587,3,0.34954991923673506,WEAK,16.879677301825176,15.144343855089453,0.3786085963772363,0,0.0,80.0,1,1,1,30,0.9999864101409912,1,30,1,0.15685001015663147,0.3075997531414032,0.29606980085372925,0.2394803911447525,0,1,1,1,0.0,0.12906811063569465,0.12048180860104038,0.1
1893,1893,30,0,0.0,0.9813605546951294,0.4416089294959704,17.90709658581999,0.20000000000000018,1.5018427190881978,3,0.4794881181246571,WEAK,10.020800534623916,9.510967221342433,0.23777418053356084,0,0.0,80.0,1,1,1,30,0.9813605546951294,1,30,1,0.04007544368505478,0.005625579506158829,0.6990177035331726,0.2552812397480011,1,0,1,1,0.1,0.0,0.2794881181246571,0.1
1894,1894,30,1,6.2,0.9999600648880005,0.5452029068424125,20.61717894740774,0.0,1.1449004230210102,3,0.5327678481184475,WEAK,15.455105979751155,14.277691842687497,0.35694229606718747,0,0.0,80.0,1,1,1,30,0.9999600648880005,1,30,1,0.08050792664289474,0.001114071230404079,0.03264036402106285,0.8857377171516418,1,0,1,1,0.1,0.0,0.1,0.3327678481184475
1895,1895,30,0,0.0,0.9999803304672241,0.3677478862036797,15.715161785483087,3.2,2.34490042302101,3,0.43755637835329375,DOWN,0.0,0.0,0.0,1,0.0,80.0,1,1,1,30,0.9999803304672241,1,30,1,0.3790564239025116,0.5245310068130493,0.026635291054844856,0.06977732479572296,1,1,0,1,0.1255057911365831,0.2120505872167107,0.0,0.1
1896,1896,30,0,0.0,0.8882195353507996,0.3451124002958763,14.59100061334345,0.20000000000000018,2.34490042302101,3,0.4238763721058181,DOWN,0.0,0.0,0.0,1,0.0,80.0,1,1,1,30,0.8882195353507996,1,30,1,0.1043311282992363,0.5273884534835815,0.2562124729156494,0.11206798255443573,0,1,1,1,0.0,0.22387637210581804,0.1,0.1
1897,1897,30,1,6.2,0.999980092048645,0.5130077126954885,19.75493730034154,0.0,0.061802615652317705,3,0.5167980588181755,GOOD,91.67580567335082,91.3239122947477,2.2830978073686925,0,0.0,80.0,1,1,1,30,0.999980092048645,1,30,1,0.0890066921710968,9.99999993922529e-09,0.08351103961467743,0.827482283115387,1,0,1,1,0.1,0.0,0.1,0.31679805881817547
1898,1898,30,0,0.0,0.9999946355819702,0.4099021239044605,16.40378188000176,3.2,0.0,3,0.4619542965797803,GOOD,94.82521939353938,94.61528606163567,2.3653821515408917,0,0.0,80.0,1,1,1,30,0.9999946355819702,1,30,1,0.20098324120044708,0.09306750446557999,0.06360939890146255,0.6423398852348328,1,1,0,1,0.1,0.1,0.0,0.2619542965797803
1899,1899,30,0,0.0,0.9999961853027344,0.45546792791666807,17.934591595998985,0.20000000000000018,0.0,3,0.4869538760748679,GOOD,99.19548505454506,99.08596880856167,2.477149220214042,0,0.0,80.0,1,1,1,30,0.9999961853027344,1,30,1,0.037402037531137466,0.02695811726152897,0.21177226305007935,0.723867654800415,1,0,1,1,0.1,0.0,0.1,0.2869538760748679
1900,1900,30,1,6.2,0.9999978542327881,0.39062846531961676,15.798307532539496,0.0,0.0,3,0.4509629576714741,GOOD,103.69190069182622,103.39867362577188,2.584966840644297,0,0.0,80.0,1,1,1,30,0.9999978542327881,1,30,1,0.6080150008201599,0.09359713643789291,0.21971961855888367,0.0786682739853859,1,1,1,0,0.25096295767147414,0.1,0.1,0.0
1901,1901,30,0,0.0,0.9999971389770508,0.2520350635175398,13.645544249608774,3.2,0.021845342645220756,3,0.36223416448422624,GOOD,47.73003927751539,47.126186294191164,1.1781546573547792,0,0.0,80.0,1,1,1,30,0.9999971389770508,1,30,1,0.2790162265300751,0.3503757417201996,0.2921457886695862,0.07846230268478394,1,1,1,0,0.10050624759127938,0.15178652185576744,0.10994139503717942,0.0
1902,1902,30,0,0.0,0.9985986351966858,0.34739815432686955,14.755908127354957,0.20000000000000018,0.0,3,0.42527776791993055,GOOD,115.55846850581977,115.07836759300184,2.876959189825046,0,0.0,80.0,1,1,1,30,0.9985986351966858,1,30,1,0.37925437092781067,0.47891664505004883,0.07321523874998093,0.06861370801925659,1,1,1,0,0.1321377507813401,0.19314001713859044,0.1,0.0
1903,1903,30,1,6.2,0.9997316002845764,0.3804101017188979,16.50994878337756,0.0,0.0,3,0.4450255514233624,GOOD,50.26331395016881,50.05261370846703,1.2513153427116759,0,0.0,80.0,1,1,1,30,0.9997316002845764,1,30,1,0.15189433097839355,0.2454201877117157,0.012826256453990936,0.5898591876029968,1,1,0,1,0.1,0.1,0.0,0.24502555142336238
1904,1904,30,0,0.0,0.9995680451393127,0.3352064914754107,14.744788321515347,3.2,0.0,3,0.417748728476082,GOOD,85.8476913073213,84.13268924493377,2.1033172311233446,0,0.0,80.0,1,1,1,30,0.9995680451393127,1,30,1,0.35903647541999817,0.4718588590621948,0.06049177050590515,0.10861288756132126,1,1,0,1,0.12372333904255658,0.19402538943352546,0.0,0.1
1905,1905,30,0,0.0,0.9999967813491821,0.3073280000000001,11.716292962944394,0.20000000000000018,0.0,4,0.4,GOOD,40.02515357152696,39.74468363607944,0.9936170909019861,0,0.0,80.0,1,1,1,30,0.9999967813491821,1,30,1,0.23226585984230042,0.21312326192855835,0.28544893860816956,0.2691618800163269,1,1,1,1,0.1,0.1,0.1,0.1
1906,1906,30,1,6.2,0.9999942779541016,0.3465439434068936,16.022596521394487,0.0,0.0,3,0.4247545922819005,GOOD,110.70697888789053,108.68639375106288,2.7171598437765723,0,0.0,80.0,1,1,1,30,0.9999942779541016,1,30,1,0.33132266998291016,0.14373838901519775,9.99999993922529e-09,0.5249389410018921,1,1,0,1,0.10304903357826534,0.1,0.0,0.22170555870363515
1907,1907,30,0,0.0,0.9997181296348572,0.37072649275845615,15.407609504012957,3.2,0.0,3,0.4393248179746875,GOOD,51.45430003888382,51.03020872214619,1.2757552180536549,0,0.0,80.0,1,1,1,30,0.9997181296348572,1,30,1,0.5726819634437561,0.1898670792579651,0.07902834564447403,0.15842261910438538,1,1,0,1,0.2393248179746875,0.1,0.0,0.1
1908,1908,30,0,0.0,0.9999946355819702,0.572939377350548,21.19648591540228,0.20000000000000018,0.0,3,0.5461516654611989,GOOD,65.00888542273931,64.1465581226704,1.60366395306676,0,0.0,80.0,1,1,1,30,0.9999946355819702,1,30,1,0.03005344234406948,0.017395144328475,0.016482282429933548,0.936069130897522,1,1,0,1,0.1,0.1,0.0,0.3461516654611988
1909,1909,30,1,6.2,0.9999833106994629,0.3019717848870031,13.857381496193293,0.0,0.0,3,0.39649901200078475,GOOD,65.87354063686465,64.73994968743423,1.6184987421858559,0,0.0,80.0,1,1,1,30,0.9999833106994629,1,30,1,0.10620126128196716,0.3113238215446472,0.13753612339496613,0.4449388086795807,0,1,1,1,0.0,0.10438927382065166,0.1,0.19210973818013308
1910,1910,30,0,0.0,0.9999953508377075,0.3282239205005068,15.606807353486825,3.2,0.0,3,0.41337484092655064,GOOD,117.14592695078903,116.42838574771926,2.910709643692982,0,0.0,80.0,1,1,1,30,0.9999953508377075,1,30,1,0.18475006520748138,0.337918221950531,9.99999993922529e-09,0.4773316979408264,1,1,0,1,0.1,0.11279206438088943,0.0,0.20058277654566117
1911,1911,30,0,0.0,0.9999966621398926,0.3079686049395688,13.522841452406375,0.20000000000000018,0.0,3,0.40041666978755663,GOOD,60.39207230420564,60.1852838791896,1.50463209697974,0,0.0,80.0,1,1,1,30,0.9999966621398926,1,30,1,0.21701884269714355,0.4621131420135498,0.1808638721704483,0.14000417292118073,1,1,1,0,0.1,0.20041666978755665,0.1,0.0
1912,1912,30,1,6.2,0.9999563694000244,0.5712720707612536,21.316080294499173,0.0,0.0,3,0.5453564105385011,GOOD,49.0172853062288,48.40354097759715,1.2100885244399289,0,0.0,80.0,1,1,1,30,0.9999563694000244,1,30,1,0.01385925430804491,0.004361695609986782,0.04873902350664139,0.9330400228500366,1,0,1,1,0.1,0.0,0.1,0.3453564105385011
1913,1913,30,0,0.0,0.9988062381744385,0.2673453837836167,13.948627941481828,3.2,0.0,3,0.37307424715443205,GOOD,69.00151054429885,68.76898550134307,1.7192246375335767,0,0.0,80.0,1,1,1,30,0.9988062381744385,1,30,1,0.06329993903636932,0.25868913531303406,0.3633756935596466,0.3146352767944336,0,1,1,1,0.0,0.1,0.1535411522547718,0.11953309489966027
1914,1914,30,0,0.0,0.9999966621398926,0.3545948640536364,15.810684684589374,0.20000000000000018,0.0,3,0.4296602204853165,GOOD,102.87734571605016,101.66033207738879,2.5415083019347198,0,0.0,80.0,1,1,1,30,0.9999966621398926,1,30,1,0.29093170166015625,0.028734400868415833,0.13620246946811676,0.5441314578056335,1,0,1,1,0.1,0.0,0.1,0.2296602204853165
1915,1915,30,1,6.2,0.9999960660934448,0.5100590973551141,19.3609730293649,0.0,0.0,3,0.5153107179806773,GOOD,82.97497234616267,82.19818491452426,2.054954622863107,0,0.0,80.0,1,1,1,30,0.9999960660934448,1,30,1,0.10268581658601761,0.052367471158504486,0.02279023826122284,0.8221564292907715,1,1,0,1,0.1,0.1,0.0,0.31531071798067734
1916,1916,30,0,0.0,0.999997615814209,0.5909302637829179,21.913534135778725,3.2,0.003624241630677316,3,0.5546602495132558,GOOD,48.81284768426586,47.855030334772906,1.1963757583693226,0,0.0,80.0,1,1,1,30,0.999997615814209,1,30,1,0.0030796201899647713,0.007813499309122562,0.020324597135186195,0.9687822461128235,0,1,1,1,0.0,0.1,0.1,0.3546602495132558
1917,1917,30,0,0.0,0.9999918937683105,0.577632674495695,21.562364708808026,0.20000000000000018,0.0,3,0.5483840344102018,GOOD,55.41943126325964,55.25806906329804,1.381451726582451,0,0.0,80.0,1,1,1,30,0.9999918937683105,1,30,1,0.05290629342198372,0.0024955763947218657,9.99999993922529e-09,0.9445981383323669,1,1,0,1,0.1,0.1,0.0,0.3483840344102018
1918,1918,30,1,6.2,0.9991350769996643,0.31275479983796667,14.597997654564377,0.0,0.0,3,0.40351614719674367,GOOD,75.49356595861603,75.11676672698067,1.8779191681745169,0,0.0,80.0,1,1,1,30,0.9991350769996643,1,30,1,0.15371085703372955,0.06743746995925903,0.4704948365688324,0.3083568215370178,1,0,1,1,0.1,0.0,0.20351614719674369,0.1
1919,1919,30,0,0.0,0.9992642998695374,0.3976298452901376,14.793505579655433,3.2,0.0,3,0.454986398143842,GOOD,93.88174808493744,93.35281731826649,2.3338204329566623,0,0.0,80.0,1,1,1,35,0.9992642998695374,0,30,1,0.4987300634384155,0.47131720185279846,0.0017149809282273054,0.02823774330317974,1,1,0,1,0.18533496403460561,0.16965143410923642,0.0,0.1
1920,1920,30,0,0.0,0.999992847442627,0.40154252106425065,16.31783105979336,0.20000000000000018,0.0,3,0.4572194502755228,GOOD,64.50769897421647,64.25201750895002,1.6063004377237506,0,0.0,80.0,1,1,1,30,0.999992847442627,1,30,1,0.6274396181106567,0.21505890786647797,0.05719670280814171,0.10030482709407806,1,1,0,1,0.25721945027552284,0.1,0.0,0.1
1921,1921,30,1,6.2,0.9999922513961792,0.4470051117345672,17.874773459471033,0.0,0.0,3,0.4824087441647048,WEAK,16.59009098212723,14.906683770689249,0.3726670942672312,0,0.0,80.0,1,1,1,30,0.9999922513961792,1,30,1,0.7086880803108215,0.12728101015090942,0.016959814354777336,0.14707109332084656,1,1,0,1,0.28240874416470485,0.1,0.0,0.1
1922,1922,30,0,0.0,0.9999825954437256,0.524411035685364,19.66754085649985,3.2,0.9454508114730659,3,0.5225102780552231,WEAK,11.3386564847684,10.181967541077363,0.2545491885269341,0,0.0,80.0,1,1,1,30,0.9999825954437256,1,30,1,0.04295087978243828,0.08062202483415604,0.8480945229530334,0.028332609683275223,1,1,1,0,0.1,0.1,0.32251027805522303,0.0
1923,1923,30,0,0.0,0.9976480603218079,0.6071112329365249,22.43241971630536,0.20000000000000018,0.5937577526463782,3,0.5622028730435444,WEAK,15.538971203559928,14.067722353067506,0.35169305882668767,0,0.0,80.0,1,1,1,30,0.9976480603218079,1,30,1,0.00021107993961777538,0.0005813907482661307,0.9982466101646423,0.0009609370026737452,0,1,1,1,0.0,0.1,0.3622028730435445,0.1
1924,1924,30,1,6.2,0.9998714923858643,0.28275361621439443,13.6609051512294,0.0,0.38837755160146503,3,0.38367456592765203,WEAK,8.64902402335635,8.215208041796526,0.20538020104491317,0,0.0,80.0,1,1,1,30,0.9998714923858643,1,30,1,0.26558610796928406,0.10601469874382019,0.21028444170951843,0.4181148111820221,1,0,1,1,0.1,0.0,0.1,0.183674565927652
1925,1925,30,0,0.0,0.9999779462814331,0.2513231864898184,13.56321049779385,3.2,1.5883775516014649,3,0.361722234673476,DOWN,0.0,0.0,0.0,1,0.0,80.0,1,1,1,30,0.9999779462814331,1,30,1,0.33568236231803894,0.08047594875097275,0.2888641059398651,0.2949775457382202,1,0,1,1,0.14156898520597028,0.0,0.10787690021142712,0.11227634925607857
1926,1926,30,0,0.0,0.9999773502349854,0.2965175134825513,13.963434721705246,0.20000000000000018,1.5883775516014649,3,0.39290187492652473,DOWN,0.0,0.0,0.0,1,0.0,80.0,1,1,1,30,0.9999773502349854,1,30,1,0.18522311747074127,0.27583935856819153,0.09683969616889954,0.44209784269332886,1,1,0,1,0.1,0.1,0.0,0.1929018749265247
1927,1927,30,0,0.0,0.9999053478240967,0.5889532023552231,21.884404455056824,0.0,1.5883775516014649,3,0.5537316152863305,DOWN,0.0,0.0,0.0,1,0.0,80.0,1,1,1,30,0.9999053478240967,1,30,1,0.008552302606403828,0.9651848673820496,0.0009223834495060146,0.025340376421809196,1,1,0,1,0.1,0.35373161528633057,0.0,0.1
1928,1928,30,0,0.0,0.999990701675415,0.2773570696958189,12.866869822791331,0.0,1.5883775516014649,3,0.379995581376672,DOWN,0.0,0.0,0.0,1,0.0,80.0,1,1,1,30,0.999990701675415,1,30,1,0.21808888018131256,0.2145315557718277,0.4087350368499756,0.15864451229572296,1,1,1,0,0.1,0.1,0.17999558137667201,0.0
1929,1929,30,0,0.0,0.9999815225601196,0.3911138638485411,16.090626778320726,0.0,1.5883775516014649,3,0.45124305604770115,DOWN,0.0,0.0,0.0,1,0.0,80.0,1,1,1,30,0.9999815225601196,1,30,1,0.19401772320270538,0.1388394683599472,0.6088781952857971,0.058264631778001785,1,1,1,0,0.1,0.1,0.25124305604770114,0.0
1930,1930,30,1,6.2,0.9998660087585449,0.4856162225382962,18.914731376059834,0.0,0.0,3,0.5028118677325784,GOOD,117.7260899926445,116.26235816309732,2.906558954077433,0,0.0,80.0,1,1,1,30,0.9998660087585449,1,30,1,0.10468538105487823,0.009469007141888142,0.10777336359024048,0.7780722379684448,1,0,1,1,0.1,0.0,0.1,0.3028118677325784
1931,1931,30,0,0.0,0.9988632202148438,0.3400628093700225,15.072742976321907,3.2,0.0,3,0.42076392303840116,GOOD,76.38342058536398,75.94366381688438,1.8985915954221095,0,0.0,80.0,1,1,1,30,0.9988632202148438,1,30,1,0.2254648357629776,0.06401428580284119,0.19203594326972961,0.5184849500656128,1,0,1,1,0.1,0.0,0.1,0.22076392303840117
1932,1932,30,0,0.0,0.9999947547912598,0.5273459878176753,19.657346271726695,0.20000000000000018,0.0,3,0.5239703950754193,GOOD,68.0184157254309,67.77885836238775,1.6944714590596939,0,0.0,80.0,1,1,1,30,0.9999947547912598,1,30,1,0.06318580359220505,0.04859621450304985,0.034814536571502686,0.8534035086631775,1,1,0,1,0.1,0.1,0.0,0.32397039507541936
1933,1933,30,1,6.2,0.999998927116394,0.4627436598759112,18.002687241317222,0.0,0.0,3,0.49082781387757435,GOOD,110.32031078421755,109.65231058315571,2.741307764578893,0,0.0,80.0,1,1,1,30,0.999998927116394,1,30,1,0.7369309067726135,0.07084865123033524,0.15763065218925476,0.034589800983667374,1,1,1,0,0.2908278138775744,0.1,0.1,0.0
1934,1934,30,0,0.0,0.999998927116394,0.3591699487872272,16.238368685215175,3.2,0.0,3,0.43242313681873845,GOOD,93.62916030632093,93.34963712540637,2.3337409281351595,0,0.0,80.0,1,1,1,30,0.999998927116394,1,30,1,0.2567957043647766,0.0037999392952769995,0.18718405067920685,0.5522202253341675,1,0,1,1,0.1,0.0,0.1,0.2324231368187384
1935,1935,30,0,0.0,0.9999104738235474,0.36461074471027427,15.235856764864097,0.20000000000000018,0.0,3,0.43568605313485503,WEAK,8.549242058458695,7.992003171624276,0.19980007929060692,0,0.0,80.0,1,1,1,30,0.9999104738235474,1,30,1,0.4858725666999817,0.057574160397052765,0.04583119973540306,0.4107220768928528,1,1,0,1,0.19029300971399968,0.1,0.0,0.14539304342085535
1936,1936,30,1,6.2,0.9999567270278931,0.2676393374483174,13.87310194621275,0.0,0.0,3,0.3732792935476315,WEAK,18.789429368134247,17.15347333758054,0.4288368334395135,0,0.0,80.0,1,1,1,30,0.9999567270278931,1,30,1,0.25461485981941223,0.3307494819164276,0.06670747697353363,0.34792816638946533,1,1,0,1,0.1,0.13064982548548265,0.0,0.14262946806214885
1937,1937,30,0,0.0,0.9999552965164185,0.33654354576592993,14.597695985693136,3.2,1.0892411851868067,3,0.4185810465702672,WEAK,4.810974023688772,4.430352592527734,0.11075881481319334,0,0.0,80.0,1,1,1,30,0.9999552965164185,1,30,1,0.4866841733455658,0.08685293048620224,0.3472050130367279,0.07925787568092346,1,1,1,0,0.20266034394529694,0.1,0.11592070262497026,0.0
1938,1938,30,0,0.0,0.9999204874038696,0.5242815509563243,20.010632639449707,0.20000000000000018,0.978784973400487,3,0.5224457663706216,WEAK,4.664597961846113,4.418248471452787,0.11045621178631969,0,0.0,80.0,1,1,1,30,0.9999204874038696,1,30,1,0.0032852510921657085,0.8478603363037109,0.0037971041165292263,0.14505727589130402,0,1,1,1,0.0,0.3224457663706216,0.1,0.1
1939,1939,30,1,6.2,0.999777615070343,0.5231569168688242,19.418581320317877,0.0,0.5838979756352476,3,0.5218851174708665,WEAK,17.529082638732824,15.795479910609572,0.39488699776523933,0,0.0,80.0,1,1,1,30,0.999777615070343,1,30,1,0.0518861748278141,0.04385688528418541,0.05843043327331543,0.8458264470100403,1,0,1,1,0.1,0.0,0.1,0.32188511747086657
1940,1940,30,0,0.0,0.9999616146087646,0.33499468252048836,15.59931402665879,3.2,0.0,3,0.4176167249113737,GOOD,118.57846636525102,116.97353378895149,2.9243383447237874,0,0.0,80.0,1,1,1,30,0.9999616146087646,1,30,1,0.020008228719234467,0.24735890328884125,0.5095577239990234,0.22307515144348145,0,1,1,1,0.0,0.1,0.2176167249113737,0.1
1941,1941,30,0,0.0,0.9998101592063904,0.3640764123529356,15.324705802318439,0.20000000000000018,0.0,3,0.4353666899323999,GOOD,100.1710617863139,98.77218838692215,2.469304709673054,0,0.0,80.0,1,1,1,30,0.9998101592063904,1,30,1,0.22286354005336761,0.07601660490036011,0.14021752774715424,0.5609023571014404,1,0,1,1,0.1,0.0,0.1,0.23536668993239993
1942,1942,30,1,6.2,0.9999561309814453,0.4772121105101859,18.4876354346385,0.0,0.0,3,0.49844202842541924,GOOD,65.94719945629114,65.00157122578403,1.625039280644601,0,0.0,80.0,1,1,1,30,0.9999561309814453,1,30,1,0.025113658979535103,0.11336113512516022,0.0985824316740036,0.7629427313804626,0,1,1,1,0.0,0.1,0.1,0.2984420284254192
1943,1943,30,0,0.0,0.9956585168838501,0.33203916481727325,14.592763531958843,3.2,0.0,3,0.4157704149045087,GOOD,116.04707072392746,114.72724460193346,2.868181115048337,0,0.0,80.0,1,1,1,30,0.9956585168838501,1,30,1,0.08915842324495316,0.10383688658475876,0.5043559670448303,0.30264872312545776,0,1,1,1,0.0,0.1,0.21577041490450874,0.1
1944,1944,30,0,0.0,0.9994433522224426,0.4586877016524204,17.73913787223934,0.20000000000000018,0.0,3,0.48867202136720245,GOOD,79.16230394643819,78.19064395252246,1.9547660988130617,0,0.0,80.0,1,1,1,30,0.9994433522224426,1,30,1,0.16905443370342255,0.04658014699816704,0.729647159576416,0.054718323051929474,1,0,1,1,0.1,0.0,0.2886720213672025,0.1
1945,1945,30,1,6.2,0.9999873638153076,0.3742619544696446,16.395304429251066,0.0,0.0,3,0.44141467473528795,GOOD,103.29064986876386,102.08294829653107,2.552073707413277,0,0.0,80.0,1,1,1,30,0.9999873638153076,1,30,1,0.012596333399415016,0.22226890921592712,0.18618464469909668,0.578950047492981,0,1,1,1,0.0,0.1,0.1,0.2414146747352879
1946,1946,30,0,0.0,0.9187067747116089,0.29047279320741465,14.089666194963568,3.2,0.0,3,0.38887646207081605,GOOD,85.58719105856068,84.50262369290401,2.1125655923226003,0,0.0,80.0,1,1,1,30,0.9187067747116089,1,30,1,0.4100393056869507,0.0725020170211792,0.19716162979602814,0.3202970623970032,1,0,1,1,0.1744743023000699,0.0,0.1,0.11440215977074611
1947,1947,30,0,0.0,0.9878969192504883,0.5978816198077948,22.15777805929392,0.20000000000000018,0.0,3,0.5579130599002173,GOOD,73.09773389313509,72.25788821138248,1.8064472052845622,0,0.0,80.0,1,1,1,30,0.9878969192504883,1,30,1,0.01367554347962141,0.9814353585243225,0.0005147529300302267,0.0043743266724050045,1,1,0,1,0.1,0.3579130599002174,0.0,0.1
1948,1948,30,1,6.2,0.9999655485153198,0.3848382356473358,15.372376329445508,0.0,0.0,3,0.44760819988884726,GOOD,82.53251427751083,82.42141879404237,2.060535469851059,0,0.0,80.0,1,1,1,30,0.9999655485153198,1,30,1,0.10111390799283981,0.14720980823040009,0.5977233052253723,0.153952956199646,0,1,1,1,0.0,0.1,0.24760819988884722,0.1
1949,1949,30,0,0.0,0.9999814033508301,0.3855553415728673,15.958386607320321,3.2,0.0,3,0.4480250413985267,GOOD,112.83298718653005,111.59620312783348,2.789905078195837,0,0.0,80.0,1,1,1,30,0.9999814033508301,1,30,1,0.4676109850406647,0.009642724879086018,0.04713325947523117,0.475612998008728,1,0,1,1,0.1716878854233891,0.0,0.1,0.17633715597513763
1950,1950,30,0,0.0,0.999987006187439,0.2695865607795707,12.745154645160737,0.20000000000000018,0.0,3,0.3746347386605675,GOOD,44.60448287551636,44.071057407059236,1.101776435176481,0,0.0,80.0,1,1,1,30,0.999987006187439,1,30,1,0.15204499661922455,0.31394773721694946,0.16486217081546783,0.36914506554603577,0,1,1,1,0.0,0.11814093429812636,0.1,0.15649380436244117
1951,1951,30,1,6.2,0.9999439716339111,0.39815445911605174,16.914561571759275,0.0,0.0,3,0.45528644287140907,GOOD,96.72349041875498,96.63232869037866,2.4158082172594666,0,0.0,80.0,1,1,1,30,0.9999439716339111,1,30,1,0.3094765245914459,0.621406078338623,0.009130744263529778,0.05998670682311058,1,1,0,1,0.1,0.2552864428714091,0.0,0.1
1952,1952,30,0,0.0,0.9997480511665344,0.45945078236971904,18.157431605790734,3.2,0.0,3,0.4890783340228409,GOOD,62.95150590658511,62.13098926739768,1.553274731684942,0,0.0,80.0,1,1,1,30,0.9997480511665344,1,30,1,0.14102990925312042,0.1102263554930687,0.017726510763168335,0.7310172319412231,1,1,0,1,0.1,0.1,0.0,0.2890783340228409
1953,1953,30,0,0.0,0.9999966621398926,0.32224538064441716,14.55836906790751,0.20000000000000018,0.0,3,0.40959276501807573,GOOD,58.1473187705786,57.63509631216781,1.4408774078041953,0,0.0,80.0,1,1,1,30,0.9999966621398926,1,30,1,0.46220535039901733,0.1310063898563385,0.0671536922454834,0.33963456749916077,1,1,0,1,0.19374504468845047,0.1,0.0,0.11584772032962523
1954,1954,30,1,6.2,0.9999849796295166,0.47162639620013397,17.914561289332973,0.0,0.0,3,0.4955163379449919,GOOD,88.44733148758192,88.32573709996235,2.208143427499059,0,0.0,80.0,1,1,1,30,0.9999849796295166,1,30,1,0.08592911809682846,0.1046610176563263,0.05651462823152542,0.7528952360153198,1,1,0,1,0.1,0.1,0.0,0.2955163379449919
1955,1955,30,0,0.0,0.9512434601783752,0.21981147132746215,11.911858970521841,3.2,0.0,3,0.33828606096288655,GOOD,64.94171670223336,64.10832526417154,1.6027081316042886,0,0.0,80.0,1,1,1,30,0.9512434601783752,1,30,1,0.27258801460266113,0.24244017899036407,0.18798093497753143,0.29699090123176575,1,1,0,1,0.10975412513447705,0.1,0.0,0.1285319358284095
1956,1956,30,0,0.0,0.9940040707588196,0.6063500445115771,22.41678590403769,0.20000000000000018,0.0,3,0.56185032105839,GOOD,40.831848120811244,40.33558150592577,1.0083895376481442,0,0.0,80.0,1,1,1,30,0.9940040707588196,1,30,1,0.002305988222360611,0.9968596696853638,0.0003429293865337968,0.00049141317140311,1,1,0,1,0.1,0.36185032105839,0.0,0.1
1957,1957,30,1,6.2,0.9999902248382568,0.3094431069633898,13.835986990652653,0.0,0.0,3,0.4013740890910682,GOOD,101.49840259212604,101.37868366240161,2.5344670915600407,0,0.0,80.0,1,1,1,30,0.9999902248382568,1,30,1,0.10897749662399292,0.44541803002357483,0.32766005396842957,0.11794445663690567,0,1,1,1,0.0,0.18887257793498338,0.11250151115608487,0.1
1958,1958,30,0,0.0,0.9998623132705688,0.3848316933895384,16.431503281368,3.2,0.0,3,0.44760439519844697,GOOD,73.7018848441219,73.43689456999927,1.8359223642499818,0,0.0,80.0,1,1,1,30,0.9998623132705688,1,30,1,0.31143733859062195,0.06614840030670166,0.02470257133245468,0.5977116823196411,1,1,0,1,0.1,0.1,0.0,0.24760439519844693
1959,1959,30,0,0.0,0.9999743700027466,0.3769970295851465,16.201339842329272,0.20000000000000018,0.0,3,0.443024649493576,GOOD,45.69036286604739,45.58690409118139,1.1396726022795347,0,0.0,80.0,1,1,1,30,0.9999743700027466,1,30,1,0.5345519781112671,0.3896344304084778,9.99999993922529e-09,0.07581362873315811,1,1,0,1,0.21408696110874145,0.12893768838483458,0.0,0.1
1960,1960,30,1,6.2,0.9999654293060303,0.42452058321493236,17.58099172448886,0.0,0.0,3,0.47011954004484036,GOOD,61.0057968928124,60.13779928001844,1.5034449820004612,0,0.0,80.0,1,1,1,30,0.9999654293060303,1,30,1,0.31066933274269104,0.668440043926239,0.01943688839673996,0.0014536397065967321,1,1,1,0,0.1,0.2701195400448404,0.1,0.0
1961,1961,30,0,0.0,0.999993085861206,0.5276554139632673,19.748962715042822,3.2,0.0,3,0.524124095271832,GOOD,85.01624424348023,84.35065433963457,2.1087663584908642,0,0.0,80.0,1,1,1,30,0.999993085861206,1,30,1,0.028795422986149788,0.853963315486908,0.04771098867058754,0.06953030824661255,0,1,1,1,0.0,0.32412409527183206,0.1,0.1
1962,1962,30,0,0.0,0.999916672706604,0.2555184782202154,12.386610170658363,0.20000000000000018,0.0,3,0.3647288208738635,GOOD,102.71612641644495,101.94460578221334,2.548615144555334,0,0.0,80.0,1,1,1,30,0.999916672706604,1,30,1,0.2963751554489136,0.1710716038942337,0.3547760248184204,0.17777717113494873,1,0,1,1,0.1115239604903028,0.0,0.15320486038356065,0.1
1963,1963,30,1,6.2,0.9976805448532104,0.2890723738946675,14.227013069141968,0.0,0.0,3,0.38793790930747774,GOOD,58.20390950555905,57.52827056616999,1.4382067641542498,0,0.0,80.0,1,1,1,30,0.9976805448532104,1,30,1,0.42911452054977417,0.23275767266750336,0.07084392011165619,0.2672838568687439,1,1,0,1,0.18793790930747775,0.1,0.0,0.1
1964,1964,30,0,0.0,0.9991557598114014,0.33265055851637554,14.955239275050962,3.2,0.0,3,0.4161530241419449,GOOD,74.76834272948881,74.49509781110068,1.862377445277517,0,0.0,80.0,1,1,1,30,0.9991557598114014,1,30,1,0.06372316926717758,0.5054317712783813,0.23547685146331787,0.19536824524402618,0,1,1,1,0.0,0.2161530241419449,0.1,0.1
1965,1965,30,0,0.0,0.9998067021369934,0.5354035862017388,20.284805721936404,0.20000000000000018,0.0,3,0.5279582302209598,GOOD,75.59206543734655,74.69890928003305,1.8674727320008264,0,0.0,80.0,1,1,1,30,0.9998067021369934,1,30,1,0.01918818987905979,0.8679867386817932,0.0054596299305558205,0.10736549645662308,1,1,0,1,0.1,0.3279582302209598,0.0,0.1
1966,1966,30,1,6.2,0.9999715089797974,0.41224045105390805,16.20194218549819,0.0,0.0,3,0.46327005473489347,GOOD,63.09928281918423,62.84320096356409,1.5710800240891023,0,0.0,80.0,1,1,1,30,0.9999715089797974,1,30,1,0.08175220340490341,0.1877104640007019,0.6465110778808594,0.08402630686759949,0,1,1,1,0.0,0.1,0.2632700547348935,0.1
1967,1967,30,0,0.0,0.9999905824661255,0.4895824038391602,18.65045250069277,3.2,0.0,3,0.5048610040420152,GOOD,103.95726259415622,103.68019331845193,2.5920048329612984,0,0.0,80.0,1,1,1,30,0.9999905824661255,1,30,1,0.08854525536298752,0.09046386927366257,0.03577343747019768,0.7852174043655396,1,1,0,1,0.1,0.1,0.0,0.3048610040420151
1968,1968,31,0,0.0,0.9982776641845703,0.30535088878298783,14.102577214990726,0.20000000000000018,0.0,3,0.39871127831598396,GOOD,73.48246216293225,73.45983448062073,1.8364958620155183,0,0.0,80.0,1,1,1,31,0.9982776641845703,1,31,1,0.25491344928741455,0.1924949288368225,0.09505875408649445,0.4575328528881073,1,1,0,1,0.1,0.1,0.0,0.19871127831598392
1969,1969,31,1,6.2,0.8461768627166748,0.5007514152835827,19.339593708172956,0.0,0.0,3,0.5105873128484966,GOOD,50.403715206789286,50.19208582020323,1.2548021455050808,0,0.0,80.0,1,1,1,19,0.8461768627166748,0,31,1,0.8053556084632874,0.0067594218999147415,0.06756140291690826,0.12032366544008255,1,0,1,1,0.3105873128484966,0.0,0.1,0.1
1970,1970,31,0,0.0,0.9999923706054688,0.5130798054713396,19.42925638976668,3.2,0.0,3,0.5168343702583763,GOOD,60.571362971295684,59.490905291224145,1.4872726322806038,0,0.0,80.0,1,1,1,31,0.9999923706054688,1,31,1,0.02362382598221302,0.8276125192642212,0.030631359666585922,0.11813237518072128,0,1,1,1,0.0,0.31683437025837635,0.1,0.1
1971,1971,31,0,0.0,0.9991057515144348,0.40086803488651807,16.67909119624987,0.20000000000000018,0.0,3,0.4568352844712421,GOOD,106.58267879286473,105.2713078136532,2.63178269534133,0,0.0,80.0,1,1,1,31,0.9991057515144348,1,31,1,0.10048898309469223,0.626238226890564,0.24337781965732574,0.02989492379128933,1,1,1,0,0.1,0.25683528447124215,0.1,0.0
1972,1972,31,1,6.2,0.9988822340965271,0.6059991539441132,22.40912323404776,0.0,0.0,3,0.5616877280891401,GOOD,68.93477400177201,68.17767637051581,1.7044419092628953,0,0.0,80.0,1,1,1,31,0.9988822340965271,1,31,1,0.0025260718539357185,0.9962203502655029,0.00014615734107792377,0.0011074315989390016,1,1,0,1,0.1,0.3616877280891402,0.0,0.1
1973,1973,31,0,0.0,0.999923825263977,0.5932702836255626,21.971789453948425,3.2,0.0,3,0.5557573617321807,GOOD,112.30325664623764,111.9328458970798,2.798321147426995,0,0.0,80.0,1,1,1,31,0.999923825263977,1,31,1,0.003913039341568947,0.009747548028826714,0.013298566453158855,0.9730408191680908,0,1,1,1,0.0,0.1,0.1,0.35575736173218075
1974,1974,31,1,6.2,0.9701180458068848,0.3509125454997101,13.557442586702564,0.20000000000000018,0.0,3,0.4274234780660723,GOOD,100.35449553815843,99.611772397311,2.490294309932775,0,0.0,80.0,1,1,1,19,0.9701180458068848,0,35,0,0.17332418262958527,0.5376260876655579,0.19184339046478271,0.09720638394355774,1,1,1,0,0.1,0.22742347806607224,0.1,0.0
1975,1975,31,0,0.0,0.9999505281448364,0.5865446036982163,21.691312119822655,3.4000000000000004,0.0,3,0.5525981775052089,GOOD,69.84118136621873,69.59909959557383,1.7399774898893459,0,0.0,80.0,1,1,1,31,0.9999505281448364,1,31,1,0.9608030915260315,0.010870788246393204,0.018687361851334572,0.009638803079724312,1,1,1,0,0.35259817750520894,0.1,0.1,0.0
1976,1976,31,0,0.0,0.999981164932251,0.28724495437144837,14.660009662901556,0.40000000000000036,0.0,3,0.3867097579405343,GOOD,73.64544080298501,73.62306716388201,1.8405766790970504,0,0.0,80.0,1,1,1,31,0.999981164932251,1,31,1,0.029978496953845024,0.2469732165336609,0.3149062991142273,0.4081420302391052,0,1,1,1,0.0,0.1,0.11197472201189126,0.17473503592864306
1977,1977,31,1,6.2,0.9998569488525391,0.5346874854579367,19.998224362915977,0.0,0.0,3,0.5276050407830972,GOOD,55.6221744165272,54.76633831268364,1.369158457817091,0,0.0,80.0,1,1,1,31,0.9998569488525391,1,31,1,0.06775491684675217,0.8666902184486389,0.040839631110429764,0.02471521869301796,1,1,1,0,0.1,0.32760504078309727,0.1,0.0
1978,1978,31,0,0.0,0.9999241828918457,0.4592634216384102,18.090913466623523,3.2,0.0,3,0.48897860253724856,GOOD,83.6512699211378,83.47465622115543,2.0868664055288857,0,0.0,80.0,1,1,1,31,0.9999241828918457,1,31,1,0.7306808233261108,0.13408613204956055,0.11329269409179688,0.021940305829048157,1,1,1,0,0.2889786025372486,0.1,0.1,0.0
1979,1979,31,0,0.0,0.9734904170036316,0.48564203514075,18.763241788369704,0.20000000000000018,0.0,3,0.502825230867686,GOOD,108.4484368477556,106.82284330114146,2.6705710825285367,0,0.0,80.0,1,1,1,31,0.9734904170036316,1,31,1,0.06502535939216614,0.7781187295913696,0.13861475884914398,0.01824115216732025,1,1,1,0,0.1,0.3028252308676861,0.1,0.0
1980,1980,31,1,6.2,0.3081938326358795,0.5406804926075229,20.447507848056226,0.0,0.0,3,0.5305536136207465,GOOD,49.911248743068626,49.012165775965364,1.2253041443991342,0,0.0,80.0,1,1,0,36,0.3081938326358795,0,31,1,0.8775435090065002,0.010392331518232822,0.0042584859766066074,0.10780572891235352,1,1,0,1,0.33055361362074653,0.1,0.0,0.1
1981,1981,31,0,0.0,0.9998998641967773,0.3849238882543966,16.024455051318107,3.2,0.11081251854530905,3,0.4476580087081149,GOOD,44.29722921161806,43.56749925818763,1.089187481454691,0,0.0,80.0,1,1,1,31,0.9998998641967773,1,31,1,0.054066482931375504,0.08939885348081589,0.25865909457206726,0.5978754758834839,0,1,1,1,0.0,0.1,0.1,0.2476580087081149
1982,1982,31,0,0.0,0.9998328685760498,0.45141475999841263,17.938632726268903,0.20000000000000018,0.0,3,0.4847823549741684,GOOD,45.06269067216296,44.37899872072841,1.1094749680182103,0,0.0,80.0,1,1,1,31,0.9998328685760498,1,31,1,0.1737387776374817,0.0901072770357132,0.7165955305099487,0.019558420404791832,1,1,1,0,0.1,0.1,0.2847823549741684,0.0
1983,1983,31,1,6.2,0.9984789490699768,0.3467841923694912,15.400897246180833,0.0,0.0,3,0.42490180185183524,GOOD,73.16384192722552,71.84124131061782,1.7960310327654456,0,0.0,80.0,1,1,1,31,0.9984789490699768,1,31,1,0.14192338287830353,0.5303381085395813,0.2792045772075653,0.048533957451581955,1,1,1,0,0.1,0.22490180185183525,0.1,0.0
1984,1984,31,0,0.0,0.9999520778656006,0.37149872196278394,16.068118280278277,3.2,0.09849484517097018,3,0.43978214025175566,GOOD,44.60987772376453,44.060206193161186,1.1015051548290298,0,0.0,80.0,1,1,1,31,0.9999520778656006,1,31,1,0.004633486736565828,0.5288308262825012,0.3831133246421814,0.08342231065034866,0,1,1,1,0.0,0.2130163562674667,0.12676578398428892,0.1
1985,1985,31,0,0.0,0.9863150119781494,0.35070546842949424,15.160290098026595,0.20000000000000018,0.0,3,0.4272973459796403,GOOD,84.03924638199616,82.38702555536175,2.059675638884044,0,0.0,80.0,1,1,1,31,0.9863150119781494,1,31,1,0.0343298614025116,0.10010866075754166,0.45089441537857056,0.4146670699119568,0,1,1,1,0.0,0.1,0.1746834656885856,0.1526138802910547
1986,1986,31,1,6.2,0.8365203738212585,0.46190967235713126,17.853295222848168,0.0,0.0,3,0.4903853130834663,GOOD,48.331441015762024,48.13976044235165,1.2034940110587913,0,0.0,80.0,1,1,1,30,0.8365203738212585,0,30,0,0.04391954466700554,0.150572270154953,0.07007528841495514,0.7354329228401184,0,1,1,1,0.0,0.1,0.1,0.29038531308346627
1987,1987,31,0,0.0,0.9999915361404419,0.5916374567691333,21.95505274529431,3.2,0.0,3,0.5549920437840952,GOOD,119.740533851544,119.50502992526661,2.9876257481316655,0,0.0,80.0,1,1,1,31,0.9999915361404419,1,31,1,0.025007979944348335,0.0033363669645041227,0.0015865780878812075,0.970069169998169,1,1,0,1,0.1,0.1,0.0,0.3549920437840952
1988,1988,32,0,0.0,0.999131977558136,0.4017475034205803,15.962060374003782,0.20000000000000018,0.0,3,0.45733613774627735,GOOD,101.07096433146268,100.9408773452237,2.5235219336305925,0,0.0,80.0,1,1,1,32,0.999131977558136,1,32,1,0.08015403151512146,0.17571616172790527,0.6278047561645508,0.11632504314184189,0,1,1,1,0.0,0.1,0.2573361377462774,0.1
1989,1989,32,1,6.2,0.9997039437294006,0.5914688098987058,21.88119943905141,0.0,0.0,3,0.5549129376176376,GOOD,111.105318640773,109.32663401170124,2.733165850292531,0,0.0,80.0,1,1,1,32,0.9997039437294006,1,32,1,0.012168711051344872,0.9697622656822205,0.006575828418135643,0.011493134312331676,1,1,0,1,0.1,0.35491293761763765,0.0,0.1
1990,1990,32,0,0.0,0.6772811412811279,0.5884155907404823,21.250799383770698,3.2,0.0,3,0.5534788273627637,GOOD,92.0410721706203,91.44734020883374,2.2861835052208437,0,0.0,80.0,1,1,0,32,0.6772811412811279,1,37,0,0.00772580411285162,0.9642067551612854,0.012899239547550678,0.01516823098063469,0,1,1,1,0.0,0.3534788273627637,0.1,0.1
1991,1991,32,0,0.0,0.9999556541442871,0.5199692563944699,19.37239853532357,0.20000000000000018,0.0,3,0.5202927324936101,GOOD,63.89788199795454,63.54579081578167,1.5886447703945419,0,0.0,80.0,1,1,1,32,0.9999556541442871,1,32,1,0.040982164442539215,0.8400628566741943,0.05672577768564224,0.062229230999946594,0,1,1,1,0.0,0.3202927324936101,0.1,0.1
1992,1992,32,1,6.2,0.7760918140411377,0.6044994967649742,22.362075114156927,0.0,0.0,3,0.5609922974064455,GOOD,94.46580739945662,92.77359966651235,2.319339991662809,0,0.0,80.0,1,1,0,32,0.7760918140411377,1,32,1,0.0016981464577838778,0.9934881925582886,0.004568229429423809,0.0002454459317959845,1,1,1,0,0.1,0.36099229740644556,0.1,0.0
1993,1993,32,0,0.0,0.9938910007476807,0.4484546397669623,17.466272880464555,3.2,0.0,3,0.48319027776512635,GOOD,116.18374382125052,114.7599302659995,2.868998256649988,0,0.0,80.0,1,1,1,32,0.9938910007476807,1,32,1,0.13796913623809814,0.7112869024276733,0.10418570041656494,0.04655826836824417,1,1,1,0,0.1,0.2831902777651264,0.1,0.0
1994,1994,32,0,0.0,0.9996691942214966,0.6061173508029291,22.402185372788477,0.20000000000000018,0.0,3,0.5617425024957873,GOOD,113.12484642611612,112.26339399034379,2.806584849758595,0,0.0,80.0,1,1,1,32,0.9996691942214966,1,32,1,0.0008216301212087274,0.9964357018470764,0.0009654464083723724,0.0017772442661225796,0,1,1,1,0.0,0.3617425024957873,0.1,0.1
1995,1995,32,1,6.2,0.8845931887626648,0.38129076419982816,15.282564537985923,0.0,0.0,3,0.4455403783707612,GOOD,91.22724968995871,89.78995941040014,2.2447489852600038,0,0.0,80.0,1,1,1,32,0.8845931887626648,1,32,1,0.18770307302474976,0.5914227366447449,0.1182791069149971,0.10259509086608887,1,1,1,0,0.1,0.24554037837076118,0.1,0.0
1996,1996,32,0,0.0,0.8076936602592468,0.5102398625587046,19.544002647202067,3.2,0.0,3,0.5154020230820562,GOOD,94.40486843440758,94.27715836953111,2.3569289592382776,0,0.0,80.0,1,1,1,32,0.8076936602592468,1,32,1,0.13311107456684113,0.8224828839302063,0.03728140518069267,0.0071245478466153145,1,1,1,0,0.1,0.3154020230820562,0.1,0.0
1997,1997,32,0,0.0,0.9999713897705078,0.5826960946134485,21.660203963771668,0.20000000000000018,0.0,3,0.5507823061783771,GOOD,116.31825458136673,114.06481993411366,2.8516204983528417,0,0.0,80.0,1,1,1,32,0.9999713897705078,1,32,1,0.0036655885633081198,0.9538036584854126,0.008190047927200794,0.034340761601924896,0,1,1,1,0.0,0.35078230617837713,0.1,0.1
1998,1998,32,1,6.2,0.9998216032981873,0.6066833911781869,22.425901958722072,0.0,0.0,3,0.5620047410994099,WEAK,2.6623892072021236,2.376535865642604,0.0594133966410651,0,0.0,80.0,1,1,1,32,0.9998216032981873,1,32,1,0.0013830624520778656,0.997467041015625,0.000708809238858521,0.0004411204135976732,1,1,1,0,0.1,0.36200474109940994,0.1,0.0
1999,1999,32,0,0.0,0.968086302280426,0.3073280000000001,11.679738360264999,3.2,0.8356515083821634,4,0.4,WEAK,15.551944465840956,14.573939664713462,0.36434849161783656,0,0.0,80.0,1,1,1,32,0.968086302280426,1,32,1,0.2676120698451996,0.2693253457546234,0.2530269920825958,0.21003563702106476,1,1,1,1,0.1,0.1,0.1,0.1
2000,2000,32,0,0.0,0.9978094696998596,0.5366162869723443,19.491875349210908,0.20000000000000018,0.7355301789266692,3,0.528555810467956,WEAK,4.571653133735434,4.00485317821977,0.10012132945549426,0,0.0,80.0,1,1,1,32,0.9978094696998596,1,32,1,0.015564464963972569,0.8701825737953186,0.10146057605743408,0.012792462483048439,1,1,1,0,0.1,0.328555810467956,0.1,0.0
2001,2001,32,1,6.2,0.822661280632019,0.471790803796981,18.630606552195882,0.0,0.6661910637350438,3,0.4956026982001153,WEAK,2.956901091225098,2.7735646076650173,0.06933911519162543,0,0.0,80.0,1,1,1,33,0.822661280632019,0,33,0,0.005153755657374859,0.22280655801296234,0.018848808482289314,0.7531908750534058,0,1,1,1,0.0,0.1,0.1,0.2956026982001153
2002,2002,32,0,0.0,0.9359323382377625,0.34126193885718575,15.19147001749442,3.2,1.8661910637350436,3,0.42150511909013977,DOWN,0.0,0.0,0.0,1,0.0,80.0,1,1,1,32,0.9359323382377625,1,32,1,0.018656009808182716,0.5205984711647034,0.2706270217895508,0.1901184469461441,0,1,1,1,0.0,0.22150511909013973,0.1,0.1
2003,2003,32,0,0.0,0.999233603477478,0.4487935697219058,17.764659532313853,0.20000000000000018,1.8661910637350436,3,0.4833728343867353,DOWN,0.0,0.0,0.0,1,0.0,80.0,1,1,1,32,0.999233603477478,1,32,1,0.21119868755340576,0.7118946313858032,0.027882970869541168,0.04902374744415283,1,1,0,1,0.1,0.28337283438673533,0.0,0.1
2004,2004,32,0,0.0,0.9995005130767822,0.5183755152865923,19.809622061719505,0.0,1.8661910637350436,3,0.5194947542679202,DOWN,0.0,0.0,0.0,1,0.0,80.0,1,1,1,32,0.9995005130767822,1,32,1,0.006289679557085037,0.14677822589874268,0.009750118479132652,0.8371819257736206,0,1,1,1,0.0,0.1,0.1,0.3194947542679203
2005,2005,32,1,6.2,0.7052322626113892,0.6048507242799235,22.37498888088564,0.0,1.65469515070186,3,0.561155248177568,WEAK,9.439264981150476,8.459836521327354,0.21149591303318385,0,0.0,80.0,1,1,0,32,0.7052322626113892,1,32,1,0.004682465456426144,0.9941280484199524,8.489997708238661e-05,0.0011045611463487148,1,1,0,1,0.1,0.36115524817756806,0.0,0.1
2006,2006,32,0,0.0,0.999265730381012,0.5199828403582517,19.908518401780867,3.2,2.680209818870478,3,0.5202995286564486,WEAK,8.328068965484004,6.979413273255265,0.17448533183138162,0,0.0,80.0,1,1,1,32,0.999265730381012,1,32,1,0.11912092566490173,0.8400874137878418,0.0020422025118023157,0.03874943405389786,1,1,0,1,0.1,0.3202995286564486,0.0,0.1
2007,2007,32,0,0.0,0.9999716281890869,0.46069945522885464,18.26150608866346,0.20000000000000018,2.274461534193617,3,0.4897424796681742,WEAK,17.76520268172886,16.229931387074465,0.40574828467686164,0,0.0,80.0,1,1,1,32,0.9999716281890869,1,32,1,0.22269940376281738,0.7332594394683838,0.012292379513382912,0.03174878656864166,1,1,0,1,0.1,0.28974247966817424,0.0,0.1
2008,2008,33,1,6.2,0.9661138653755188,0.5983634859981112,22.137635133360483,0.0,2.132287065360747,3,0.5581378412661553,WEAK,6.022003101137099,5.686978753314786,0.14217446883286966,0,0.0,80.0,1,1,1,33,0.9661138653755188,1,33,1,0.0030217962339520454,0.006644243840128183,0.008021236397325993,0.9823127388954163,0,1,1,1,0.0,0.1,0.1,0.35813784126615533
2009,2009,33,0,0.0,0.999984860420227,0.3357289439062184,14.443729127883485,3.2,3.0823530454612964,3,0.4180741530544755,WEAK,11.881662930832244,9.997360795978016,0.2499340198994504,0,0.0,80.0,1,1,1,33,0.999984860420227,1,33,1,0.07754213362932205,0.45337823033332825,0.3786870241165161,0.0903925746679306,0,1,1,1,0.0,0.18228981012862897,0.13578434292584649,0.1
2010,2010,33,0,0.0,0.9997370839118958,0.3946310649424776,16.818683063876698,0.20000000000000018,0.15078365985669295,3,0.4532674797924968,GOOD,119.64209432495535,117.26277542418413,2.9315693856046035,0,0.0,80.0,1,1,1,33,0.9997370839118958,1,33,1,0.010857130400836468,0.6151348948478699,0.14062054455280304,0.23338742554187775,0,1,1,1,0.0,0.25326747979249686,0.1,0.1
2011,2011,33,1,6.2,0.9979928731918335,0.45421435389037,17.69640973411976,0.0,0.0,3,0.48628329831006045,GOOD,109.28469721470688,108.75233089726221,2.7188082724315557,0,0.0,80.0,1,1,1,33,0.9979928731918335,1,33,1,0.04201142117381096,0.05100308358669281,0.721618115901947,0.18536736071109772,0,1,1,1,0.0,0.1,0.2862832983100605,0.1
2012,2012,33,0,0.0,0.9999676942825317,0.37419581094756466,15.827005640843211,3.2,0.0,3,0.4413756672820346,GOOD,110.33806854508526,108.54029449892147,2.713507362473037,0,0.0,80.0,1,1,1,33,0.9999676942825317,1,33,1,0.053419504314661026,0.578832745552063,0.28044837713241577,0.08729933947324753,0,1,1,1,0.0,0.2413756672820346,0.1,0.1
2013,2013,33,0,0.0,0.9828658699989319,0.29163538912067694,13.033496628328788,0.20000000000000018,0.0,3,0.3896539095956302,GOOD,77.04213056710921,75.77865511469943,1.894466377867486,0,0.0,80.0,1,1,1,33,0.9828658699989319,1,33,1,0.30825382471084595,0.12273982167243958,0.4247063994407654,0.14430001378059387,1,0,1,1,0.10592889688138199,0.0,0.1837250127142482,0.1
2014,2014,33,1,6.2,0.999976396560669,0.30610893382727417,14.583125770103077,0.0,0.0,3,0.39920587939785057,GOOD,50.59611185153635,50.48056611394136,1.262014152848534,0,0.0,80.0,1,1,1,33,0.999976396560669,1,33,1,0.0616275891661644,0.2144014686346054,0.4588589370250702,0.2651119828224182,0,1,1,1,0.0,0.1,0.1992058793978506,0.1
2015,2015,33,0,0.0,0.995434582233429,0.44058069336914696,17.393786849021172,3.2,0.0,3,0.47892957605677433,GOOD,90.0371271018339,89.10186443228956,2.2275466108072393,0,0.0,80.0,1,1,1,33,0.995434582233429,1,33,1,0.6971758008003235,0.08527451753616333,0.17746026813983917,0.040089402347803116,1,1,1,0,0.2789295760567744,0.1,0.1,0.0
2016,2016,33,0,0.0,0.9999094009399414,0.533398265576626,19.863527800394383,0.20000000000000018,0.0,3,0.5269685854333683,GOOD,92.76722854969748,92.03223983688098,2.3008059959220244,0,0.0,80.0,1,1,1,33,0.9999094009399414,1,33,1,0.04957438260316849,0.05435469374060631,0.031714633107185364,0.864356279373169,1,1,0,1,0.1,0.1,0.0,0.3269685854333684
2017,2017,33,1,6.2,0.9999903440475464,0.2954594045066572,14.044423461450958,0.0,0.0,3,0.39220022236676555,GOOD,88.4195488654068,87.07508491169709,2.1768771227924275,0,0.0,80.0,1,1,1,33,0.9999903440475464,1,33,1,0.08998878300189972,0.29820170998573303,0.17155835032463074,0.4402511715888977,0,1,1,1,0.0,0.1,0.1,0.19220022236676557
2018,2018,33,0,0.0,0.999984860420227,0.39328201380094735,16.536228543379913,3.2,0.0,3,0.4524920663121752,GOOD,80.70087057753437,79.5276401869821,1.9881910046745526,0,0.0,80.0,1,1,1,33,0.999984860420227,1,33,1,0.029261890798807144,0.6127346754074097,0.12021059542894363,0.23779284954071045,0,1,1,1,0.0,0.25249206631217525,0.1,0.1
2019,2019,33,0,0.0,0.9999942779541016,0.4713096373340998,18.340316907973968,0.20000000000000018,0.0,3,0.49534990795073247,GOOD,106.42774724908489,106.29460233508692,2.6573650583771733,0,0.0,80.0,1,1,1,33,0.9999942779541016,1,33,1,0.02523449808359146,0.03161202371120453,0.19082781672477722,0.7523256540298462,0,1,1,1,0.0,0.1,0.1,0.29534990795073246
2020,2020,33,1,6.2,0.989860475063324,0.45017659410731914,17.549605808655965,0.0,0.0,3,0.4841170542475306,GOOD,81.1008360761352,80.97968258645872,2.024492064661468,0,0.0,80.0,1,1,1,33,0.989860475063324,1,33,1,0.1656678467988968,0.04575177654623985,0.7143747806549072,0.07420563697814941,1,0,1,1,0.1,0.0,0.28411705424753064,0.1
2021,2021,33,0,0.0,0.9281148314476013,0.4189347906504382,17.200881312990283,3.2,0.0,3,0.4670164094129824,GOOD,97.32321552015543,96.30399392267931,2.407599848066983,0,0.0,80.0,1,1,1,33,0.9281148314476013,1,33,1,0.04871389642357826,0.020035473629832268,0.6584605574607849,0.2727901041507721,1,0,1,1,0.1,0.0,0.26701640941298244,0.1
2022,2022,33,0,0.0,0.9994571805000305,0.38734391106577853,16.302261658153668,0.20000000000000018,0.0,3,0.4490630204640338,GOOD,64.01984869034412,63.7613272987467,1.5940331824686675,0,0.0,80.0,1,1,1,33,0.9994571805000305,1,33,1,0.03666790947318077,0.602175772190094,0.05513669550418854,0.3060196042060852,0,1,1,1,0.0,0.2490630204640338,0.1,0.1
2023,2023,33,1,6.2,0.9998934268951416,0.27099574399214527,14.422122253157955,0.0,0.0,3,0.3756126080367829,GOOD,72.8040410636782,71.79070549234058,1.7947676373085146,0,0.0,80.0,1,1,1,33,0.9998934268951416,1,33,1,0.02512248605489731,0.30889102816581726,0.33742108941078186,0.328565388917923,0,1,1,1,0.0,0.11406861041310098,0.13384060120861124,0.1277033964150707
2024,2024,33,0,0.0,0.8163828253746033,0.3899876942626175,15.798908315495531,3.2,0.0,3,0.4505929352137984,GOOD,97.67345520629412,97.33357588514939,2.433339397128735,0,0.0,80.0,1,1,1,33,0.8163828253746033,1,33,1,0.012234347872436047,0.03469054400920868,0.5888269543647766,0.36424821615219116,0,1,1,1,0.0,0.1,0.24016620216939313,0.11042673304440528
2025,2025,33,0,0.0,0.996580183506012,0.32065021226740004,15.251594714630215,0.20000000000000018,0.0,3,0.4085777310642821,GOOD,52.67309707582224,51.94965926726949,1.2987414816817373,0,0.0,80.0,1,1,1,33,0.996580183506012,1,33,1,0.026178056374192238,0.3165743947029114,0.1755622923374176,0.48168525099754333,0,1,1,1,0.0,0.10169212891850363,0.1,0.20688560214577842
2026,2026,33,1,6.2,0.9550496339797974,0.372135475320621,16.077715194111484,0.0,0.0,3,0.44015887487533256,GOOD,82.03095462814774,80.7318634693414,2.0182965867335354,0,0.0,80.0,1,1,1,36,0.9550496339797974,0,36,0,0.03260648623108864,0.23911798000335693,0.15309593081474304,0.5751795172691345,0,1,1,1,0.0,0.1,0.1,0.24015887487533258
2027,2027,33,0,0.0,0.9098052382469177,0.2379885255143613,12.355851929421283,3.2,0.0,3,0.35199535754586414,GOOD,63.86991925321062,63.444715803531736,1.5861178950882935,0,0.0,80.0,1,1,1,33,0.9098052382469177,1,33,1,0.2316349744796753,0.15716539323329926,0.3112790286540985,0.29992055892944336,1,0,1,1,0.1,0.0,0.13019759618834398,0.12179776135752016
2028,2028,33,0,0.0,0.9999854564666748,0.3686975209180255,15.885478501429727,0.20000000000000018,0.0,3,0.43812096463566164,GOOD,83.95741994719553,83.79556097704159,2.0948890244260396,0,0.0,80.0,1,1,1,33,0.9999854564666748,1,33,1,0.04180022329092026,0.2507392168045044,0.13837413489818573,0.569086492061615,0,1,1,1,0.0,0.1,0.1,0.23812096463566165
2029,2029,33,1,6.2,0.9932250380516052,0.3491198174973822,14.793485823035404,0.0,0.0,3,0.42633027805414647,GOOD,81.00905984429029,80.24212923136895,2.006053230784224,0,0.0,80.0,1,1,1,33,0.9932250380516052,1,33,1,0.07855652272701263,0.059424806386232376,0.42076218128204346,0.44125649333000183,1,0,1,1,0.1,0.0,0.1569084433913406,0.16942183466280583
2030,2030,33,0,0.0,0.9988112449645996,0.5270063064796632,20.005104063768215,3.2,0.0,3,0.5238016143892736,GOOD,70.15950551764298,69.69248896236289,1.7423122240590723,0,0.0,80.0,1,1,1,33,0.9988112449645996,1,33,1,0.04802689328789711,0.00895313173532486,0.09023096412420273,0.8527889847755432,1,0,1,1,0.1,0.0,0.1,0.3238016143892736
2031,2031,33,0,0.0,0.9999876022338867,0.5160941521309211,19.52913704430526,0.20000000000000018,0.0,3,0.5183503492969448,GOOD,85.39252597174185,84.60302875756524,2.115075718939131,0,0.0,80.0,1,1,1,33,0.9999876022338867,1,33,1,0.022175967693328857,0.04106995463371277,0.10369524359703064,0.8330588340759277,0,1,1,1,0.0,0.1,0.1,0.3183503492969447
2032,2032,33,1,6.2,0.999995231628418,0.34040801229721407,15.012078004004097,0.0,0.0,3,0.4209774307956219,GOOD,115.30751816377287,114.8013794352292,2.87003448588073,0,0.0,80.0,1,1,1,33,0.999995231628418,1,33,1,0.04451298713684082,0.37070217728614807,0.11294832080602646,0.47183653712272644,0,1,1,1,0.0,0.1292208828034435,0.1,0.19175654799217842
2033,2033,33,0,0.0,0.9333339929580688,0.5978915388492964,21.89972226115089,3.2,0.0,3,0.557917687856371,GOOD,102.82700411901996,100.78103176602394,2.519525794150599,0,0.0,80.0,1,1,1,33,0.9333339929580688,1,33,1,0.0031538670882582664,0.006733488757163286,0.00865924172103405,0.9814534187316895,0,1,1,1,0.0,0.1,0.1,0.3579176878563709
2034,2034,33,0,0.0,0.4447644352912903,0.24403515232282277,12.660164091320196,0.20000000000000018,0.0,3,0.3564389216604146,GOOD,41.895792169498776,41.68525445949541,1.0421313614873853,0,0.0,80.0,1,1,0,33,0.4447644352912903,1,33,1,0.11414302885532379,0.3053421080112457,0.3196577727794647,0.26085713505744934,0,1,1,1,0.0,0.12299207856143693,0.1334468430989776,0.1
2035,2035,33,1,6.2,0.9972821474075317,0.36908549670531793,15.835674945352519,0.0,0.0,3,0.4383514186298062,GOOD,105.66235016329333,104.43369361296573,2.6108423403241434,0,0.0,80.0,1,1,1,33,0.9972821474075317,1,33,1,0.22915884852409363,0.04594505578279495,0.15512223541736603,0.5697739124298096,1,0,1,1,0.1,0.0,0.1,0.23835141862980622
2036,2036,33,0,0.0,0.9999867677688599,0.3687304152397652,15.721941060530074,3.2,0.0,3,0.4381405082584473,GOOD,84.3559905597222,83.93007503981421,2.0982518759953552,0,0.0,80.0,1,1,1,33,0.9999867677688599,1,33,1,0.020614398643374443,0.5102010369300842,0.3955758512020111,0.07360873371362686,0,1,1,1,0.0,0.20312083353522434,0.13501967472322302,0.1
2037,2037,33,0,0.0,0.9999710321426392,0.4550017095665958,17.990326176205798,0.20000000000000018,0.0,3,0.48670458853469484,GOOD,42.4533582771224,41.90485093374328,1.0476212733435821,0,0.0,80.0,1,1,1,33,0.9999710321426392,1,33,1,0.022036712616682053,0.1926698386669159,0.06226250156760216,0.7230309844017029,0,1,1,1,0.0,0.1,0.1,0.2867045885346948
2038,2038,33,1,6.2,0.9995586276054382,0.5522056722801745,20.798788533825725,0.0,0.0,3,0.5361784540522354,GOOD,93.84210109694618,93.21876898235574,2.3304692245588936,0,0.0,80.0,1,1,1,33,0.9995586276054382,1,33,1,0.002223123097792268,0.038975220173597336,0.06036863848567009,0.8984330296516418,0,1,1,1,0.0,0.1,0.1,0.33617845405223534
2039,2039,33,0,0.0,0.999414324760437,0.4155750925864024,16.491964567853525,3.2,0.0,3,0.46513999260092215,GOOD,97.24351976939857,96.99399810423562,2.4248499526058906,0,0.0,80.0,1,1,1,33,0.999414324760437,1,33,1,0.06920459121465683,0.06590298563241959,0.2124304175376892,0.6524620056152344,1,0,1,1,0.1,0.0,0.1,0.26513999260092214
2040,2040,33,0,0.0,0.9997785687446594,0.5358622172679048,20.189265841567927,0.20000000000000018,0.0,3,0.5281843084730478,GOOD,90.96867305425909,90.44211702165737,2.2610529255414344,0,0.0,80.0,1,1,1,33,0.9997785687446594,1,33,1,0.01406849268823862,0.10393238067626953,0.013182003051042557,0.868817150592804,1,1,0,1,0.1,0.1,0.0,0.3281843084730477
2041,2041,33,1,6.2,0.9999685287475586,0.31116297002898435,15.209430645702508,0.0,0.0,3,0.40248794805346977,GOOD,52.39751945199138,52.22396086321238,1.3055990215803097,0,0.0,80.0,1,1,1,33,0.9999685287475586,1,33,1,0.011205252259969711,0.4475768506526947,0.32936885952949524,0.21184904873371124,0,1,1,1,0.0,0.18946935459360273,0.113018593459867,0.1
2042,2042,33,0,0.0,0.9999001026153564,0.4690353574453789,18.338760404418185,3.2,0.0,3,0.4941533202116387,GOOD,88.59083627435979,88.27828377335875,2.2069570943339687,0,0.0,80.0,1,1,1,33,0.9999001026153564,1,33,1,0.0209653340280056,0.7482367753982544,0.19492614269256592,0.03587169572710991,0,1,1,1,0.0,0.29415332021163876,0.1,0.1
2043,2043,33,0,0.0,0.9999560117721558,0.3817669303999222,16.15717026755654,0.20000000000000018,0.0,3,0.44581849299500353,GOOD,62.48100860012228,62.09167926563365,1.5522919816408414,0,0.0,80.0,1,1,1,33,0.9999560117721558,1,33,1,0.040151119232177734,0.5922682285308838,0.08560504764318466,0.281975656747818,0,1,1,1,0.0,0.2458184929950035,0.1,0.1
2044,2044,33,1,6.2,0.955862283706665,0.35357209092957587,15.604367706459366,0.0,0.0,3,0.42904012935338887,GOOD,102.81649087545529,100.84279707152947,2.521069926788237,0,0.0,80.0,1,1,1,33,0.955862283706665,1,33,1,0.15918567776679993,0.5423241257667542,0.25613343715667725,0.042356763035058975,1,1,1,0,0.1,0.22904012935338888,0.1,0.0
2045,2045,33,0,0.0,0.9999755620956421,0.4496868300971107,18.00773941166878,3.2,0.12158817928479926,3,0.48385363802770787,GOOD,43.36245131455938,43.13647282860803,1.0784118207152007,0,0.0,80.0,1,1,1,33,0.9999755620956421,1,33,1,0.011784869246184826,0.7134964466094971,0.1516575962305069,0.12306108325719833,0,1,1,1,0.0,0.2838536380277079,0.1,0.1
2046,2046,33,0,0.0,0.9999697208404541,0.4488251151187522,18.093416018073835,0.20000000000000018,0.0,3,0.4833898220632279,GOOD,107.42098278816142,107.23868081369004,2.6809670203422513,0,0.0,80.0,1,1,1,33,0.9999697208404541,1,33,1,0.004205360077321529,0.7119511961936951,0.10832509398460388,0.17551839351654053,0,1,1,1,0.0,0.28338982206322794,0.1,0.1
2047,2047,33,1,6.2,0.9999148845672607,0.3145571714433194,13.230469214229405,0.0,0.0,3,0.404677186511497,WEAK,12.593247979243268,10.985581751179273,0.27463954377948185,0,0.0,80.0,1,1,1,33,0.9999148845672607,1,33,1,0.18642593920230865,0.17192715406417847,0.16799336671829224,0.47365355491638184,1,1,0,1,0.1,0.1,0.0,0.204677186511497
2048,2048,33,0,0.0,0.9999864101409912,0.3224052744181192,14.441638346389446,3.2,1.1479971254182288,3,0.4096943695946668,WEAK,2.495857183246211,2.0801149832708465,0.052002874581771164,0,0.0,80.0,1,1,1,33,0.9999864101409912,1,33,1,0.06283318251371384,0.4152776300907135,0.13496799767017365,0.38692110776901245,0,1,1,1,0.0,0.16385565058426402,0.1,0.1458387190104028
2049,2049,33,0,0.0,0.9999629259109497,0.3329045392864164,15.522222284773346,0.20000000000000018,0.0,3,0.41631186154030075,GOOD,107.26224791523457,106.12703529885981,2.6531758824714955,0,0.0,80.0,1,1,1,33,0.9999629259109497,1,33,1,0.0099590253084898,0.48311901092529297,0.3426204323768616,0.1643015742301941,0,1,1,1,0.0,0.2020808535908485,0.1142310079494522,0.1
2050,2050,33,1,6.2,0.8891812562942505,0.29280749940082507,13.175810850999577,0.0,0.0,3,0.39043615241052443,GOOD,106.65960310410595,106.60133684638677,2.6650334211596696,0,0.0,80.0,1,1,1,33,0.8891812562942505,1,33,1,0.2597546875476837,0.1501358151435852,0.15448446571826935,0.4356250464916229,1,0,1,1,0.1,0.0,0.1,0.1904361524105244
2051,2051,33,0,0.0,0.9460785388946533,0.34823623245683005,15.723798453160494,3.2,0.0,3,0.42579043802572025,GOOD,103.82596190613032,102.86064807419173,2.5715162018547932,0,0.0,80.0,1,1,1,33,0.9460785388946533,1,33,1,0.23890207707881927,0.5329008102416992,0.026801330968737602,0.20139583945274353,1,1,0,1,0.1,0.22579043802572027,0.0,0.1
2052,2052,33,0,0.0,0.9999183416366577,0.5654244775011612,20.958094848604823,0.20000000000000018,0.0,3,0.542558072012782,GOOD,90.83434182328668,89.70158534306408,2.242539633576602,0,0.0,80.0,1,1,1,33,0.9999183416366577,1,33,1,0.036517683416604996,0.9224198460578918,0.023353498429059982,0.01770898513495922,1,1,1,0,0.1,0.342558072012782,0.1,0.0
2053,2053,33,1,6.2,0.9771019816398621,0.44306679490584905,17.483283844741486,0.0,0.0,3,0.4802789232086188,GOOD,50.69444188413868,49.719919925919676,1.242997998147992,0,0.0,80.0,1,1,1,33,0.9771019816398621,1,33,1,0.06304266303777695,0.19669994711875916,0.701629638671875,0.038627736270427704,1,1,1,0,0.1,0.1,0.2802789232086188,0.0
2054,2054,33,0,0.0,0.9995842576026917,0.34250520493756725,14.839103083446638,3.2,0.0,3,0.4222722227928609,GOOD,82.32084800588541,81.87208645513964,2.046802161378491,0,0.0,80.0,1,1,1,33,0.9995842576026917,1,33,1,0.08370453119277954,0.17688749730587006,0.5227903127670288,0.2166176438331604,0,1,1,1,0.0,0.1,0.22227222279286088,0.1
2055,2055,33,0,0.0,0.9949026107788086,0.25792390317959324,13.191740815883012,0.20000000000000018,0.0,3,0.3664415594368408,GOOD,87.56689754422504,86.16944524250417,2.1542361310626044,0,0.0,80.0,1,1,1,33,0.9949026107788086,1,33,1,0.23145410418510437,0.11192587018013,0.3044257164001465,0.35219427943229675,1,0,1,1,0.1,0.0,0.116254160384413,0.1501873990524278
2056,2056,33,1,6.2,0.99992835521698,0.25982159870857235,13.980379063566822,0.0,0.0,3,0.3677871502863441,GOOD,109.50413513548428,108.8626539156061,2.721566347890153,0,0.0,80.0,1,1,1,33,0.99992835521698,1,33,1,0.0564894862473011,0.3089751601219177,0.35187554359436035,0.2826598286628723,0,1,1,1,0.0,0.11868292362015581,0.14904646895654375,0.10005775770964453
2057,2057,33,0,0.0,0.9998809099197388,0.27899502309536345,13.755338892174102,3.2,0.19654686990940107,3,0.38111597615966375,GOOD,40.746765857602,40.13812520362395,1.0034531300905989,0,0.0,80.0,1,1,1,33,0.9998809099197388,1,33,1,0.41158053278923035,0.0958956629037857,0.23363271355628967,0.25889113545417786,1,0,1,1,0.1811159761596637,0.0,0.1,0.1
2058,2058,33,0,0.0,0.998999297618866,0.3211330433172495,14.99947283451923,0.20000000000000018,0.0,3,0.40888523095040197,GOOD,84.91948266161492,84.63194481434377,2.115798620358594,0,0.0,80.0,1,1,1,33,0.998999297618866,1,33,1,0.03209252655506134,0.45598748326301575,0.1685640513896942,0.3433559536933899,0,1,1,1,0.0,0.1902948657642479,0.1,0.1185903651861541
2059,2059,33,1,6.2,0.9994669556617737,0.265653649920225,12.928296297141008,0.0,0.0,3,0.37189198630718123,GOOD,105.38177754226223,103.53242658493612,2.5883106646234033,0,0.0,80.0,1,1,1,33,0.9994669556617737,1,33,1,0.13718420267105103,0.3076207637786865,0.36655256152153015,0.1886424720287323,0,1,1,1,0.0,0.1153211463598231,0.15657083994735818,0.1
2060,2060,33,0,0.0,0.9838659167289734,0.3583154146235107,15.708210278381134,3.2,0.0,3,0.43190842171433386,GOOD,119.3966967820011,118.80501590970754,2.9701253977426885,0,0.0,80.0,1,1,1,33,0.9838659167289734,1,33,1,0.03848158195614815,0.10366177558898926,0.307147741317749,0.5507088899612427,0,1,1,1,0.0,0.1,0.1,0.23190842171433387
2061,2061,33,0,0.0,0.9998636245727539,0.38469373399623835,15.483820777429344,0.20000000000000018,0.0,3,0.4475241565289245,GOOD,59.94685833523569,59.62610343985525,1.4906525859963813,0,0.0,80.0,1,1,1,33,0.9998636245727539,1,33,1,0.195898175239563,0.5974665880203247,0.09283334016799927,0.11380188912153244,1,1,0,1,0.1,0.24752415652892454,0.0,0.1
2062,2062,33,1,6.2,0.9999923706054688,0.36740632082523617,15.462206017617401,0.0,0.0,3,0.43735312928639664,GOOD,59.18484354430237,58.718737675153015,1.4679684418788255,0,0.0,80.0,1,1,1,33,0.9999923706054688,1,33,1,0.06523580849170685,0.03193794563412666,0.4146271049976349,0.4881991147994995,1,0,1,1,0.1,0.0,0.1467819027315157,0.19057122655488093
2063,2063,33,0,0.0,0.9999192953109741,0.33095512745086614,15.110649194543125,3.2,0.0,3,0.4150911589856471,GOOD,106.88209628621814,105.40126301155847,2.635031575288962,0,0.0,80.0,1,1,1,33,0.9999192953109741,1,33,1,0.02136770635843277,0.42440053820610046,0.15726058185100555,0.3969711363315582,0,1,1,1,0.0,0.16614621842391034,0.1,0.14894494056173677
2064,2064,33,0,0.0,0.9611777663230896,0.43759740970837196,17.43108864817616,0.20000000000000018,0.0,3,0.4773053450286793,GOOD,51.818285003285496,50.97249078655962,1.2743122696639906,0,0.0,80.0,1,1,1,33,0.9611777663230896,1,33,1,0.03271034359931946,0.06400293111801147,0.6918331980705261,0.21145357191562653,0,1,1,1,0.0,0.1,0.2773053450286793,0.1
2065,2065,33,1,6.2,0.9295685887336731,0.5596675193413206,20.70508425295096,0.0,0.0,3,0.5397889352492452,GOOD,61.135333058824166,61.06556674101194,1.5266391685252987,0,0.0,80.0,1,1,1,23,0.9295685887336731,0,23,0,0.024290846660733223,0.03252112865447998,0.9119697213172913,0.03121832385659218,0,1,1,1,0.0,0.1,0.33978893524924525,0.1
2066,2066,33,0,0.0,0.9947769641876221,0.3608827289655203,15.254094702901329,3.2,0.0,3,0.4334529625269702,GOOD,69.46968660748115,68.56373453185864,1.714093363296466,0,0.0,80.0,1,1,1,33,0.9947769641876221,1,33,1,0.23785875737667084,0.053627900779247284,0.1532631814479828,0.5552501678466797,1,0,1,1,0.1,0.0,0.1,0.2334529625269702
2067,2067,33,0,0.0,0.9986839890480042,0.6029838198820384,22.29733936999206,0.20000000000000018,0.0,3,0.5602885609149151,GOOD,76.45925846395954,75.7589512791053,1.8939737819776328,0,0.0,80.0,1,1,1,33,0.9986839890480042,1,33,1,0.004330044146627188,0.0034367989283055067,0.0015059023862704635,0.9907271862030029,1,1,0,1,0.1,0.1,0.0,0.3602885609149151
2068,2068,33,1,6.2,0.9998444318771362,0.3474904630320372,15.617994860511146,0.0,0.0,3,0.4253342653885749,GOOD,74.41812210768029,73.4639859866165,1.8365996496654127,0,0.0,80.0,1,1,1,33,0.9998444318771362,1,33,1,0.01594998687505722,0.35661619901657104,0.5017611384391785,0.12567271292209625,0,1,1,1,0.0,0.11825216109656897,0.20708210429200594,0.1
2069,2069,33,0,0.0,0.9999271631240845,0.3915951700526384,16.705814863298862,3.2,0.06480533798465049,3,0.4515206213887406,GOOD,46.02270130226298,45.40778648061398,1.1351946620153495,0,0.0,80.0,1,1,1,33,0.9999271631240845,1,33,1,0.013640598393976688,0.02971283346414566,0.6086317300796509,0.348014771938324,0,1,1,1,0.0,0.1,0.2508850440181991,0.10063557737054149
2070,2070,33,0,0.0,0.9992427825927734,0.478266221911691,18.17836322785849,0.20000000000000018,0.0,3,0.4989922277894297,GOOD,41.154784222321766,41.02671419076669,1.0256678547691673,0,0.0,80.0,1,1,1,33,0.9992427825927734,1,33,1,0.07334139198064804,0.11263763904571533,0.7648395895957947,0.049181338399648666,1,1,1,0,0.1,0.1,0.2989922277894297,0.0
2071,2071,33,1,6.2,0.9998331069946289,0.5526237359410868,20.68686341771543,0.0,0.0,3,0.5363813805419324,GOOD,64.83213272240549,63.9317660882484,1.5982941522062102,0,0.0,80.0,1,1,1,33,0.9998331069946289,1,33,1,0.06717665493488312,0.8991912007331848,0.011149952188134193,0.02248220704495907,1,1,0,1,0.1,0.33638138054193245,0.0,0.1
2072,2072,33,0,0.0,0.9321992993354797,0.2805250322604239,12.768354146821281,3.2,0.0,3,0.38215956767121906,GOOD,101.8236934780135,101.24029018387938,2.5310072545969846,0,0.0,80.0,1,1,1,33,0.9321992993354797,1,33,1,0.1681821048259735,0.18304342031478882,0.2345348298549652,0.41423964500427246,0,1,1,1,0.0,0.1,0.1,0.18215956767121902
2073,2073,33,0,0.0,0.9996079802513123,0.4428164349254965,17.676301830842483,0.20000000000000018,0.0,3,0.480143210474015,GOOD,103.9373104200944,103.1358370795501,2.578395926988753,0,0.0,80.0,1,1,1,33,0.9996079802513123,1,33,1,0.024187348783016205,0.7011810541152954,0.1931646466255188,0.08146702498197556,0,1,1,1,0.0,0.280143210474015,0.1,0.1
2074,2074,33,1,6.2,0.9999839067459106,0.30225402814266994,14.046069940431757,0.0,0.0,3,0.3966842661211335,GOOD,82.83564168471047,81.18653471767418,2.0296633679418545,0,0.0,80.0,1,1,1,33,0.9999839067459106,1,33,1,0.07849322259426117,0.40565046668052673,0.16460847854614258,0.3512478172779083,0,1,1,1,0.0,0.16619191589550095,0.1,0.13049235022563258
2075,2075,33,0,0.0,0.6428084969520569,0.22389188178382644,11.848848487282858,3.2,1.0749549706912005,3,0.341411463902734,WEAK,5.978399490995028,5.001801172351977,0.12504502930879943,0,0.0,80.0,1,1,0,23,0.6428084969520569,0,33,1,0.18703776597976685,0.2849327623844147,0.29400762915611267,0.2340218722820282,0,1,1,1,0.0,0.11724617870119697,0.12416528520153705,0.1
2076,2076,33,0,0.0,0.777625322341919,0.36932541966806315,16.155072622207328,0.20000000000000018,0.9711369722117237,3,0.43849387002130785,WEAK,4.884904643295647,4.152719939179072,0.1038179984794768,0,0.0,80.0,1,1,0,33,0.777625322341919,1,33,1,0.01048445887863636,0.08241286873817444,0.5528466701507568,0.3542559742927551,0,1,1,1,0.0,0.1,0.22819278475426544,0.11030108526704241
2077,2077,33,1,6.2,0.9981409311294556,0.45901128777345906,17.93077780058531,0.0,0.7294368437300671,3,0.48884436041721224,WEAK,11.70615003780219,9.668005139266262,0.24170012848165656,0,0.0,80.0,1,1,1,33,0.9981409311294556,1,33,1,0.048066724091768265,0.7302281260490417,0.188382089138031,0.033323049545288086,1,1,1,0,0.1,0.2888443604172123,0.1,0.0
2078,2078,33,0,0.0,0.9994988441467285,0.29477149553507026,13.639028873781584,3.2,1.6159894676030626,3,0.3917433824909663,WEAK,14.007705672001935,12.537895045080177,0.31344737612700446,0,0.0,80.0,1,1,1,33,0.9994988441467285,1,33,1,0.22391515970230103,0.2187037467956543,0.4390508532524109,0.11833023279905319,1,1,1,0,0.1,0.1,0.19174338249096626,0.0
2079,2079,33,0,0.0,0.9999529123306274,0.40651734635722375,17.01525440399241,0.20000000000000018,0.0,3,0.4600430429794658,GOOD,70.24120858690792,68.90657720901446,1.7226644302253615,0,0.0,80.0,1,1,1,33,0.9999529123306274,1,33,1,0.01435032021254301,0.09856083989143372,0.2507842779159546,0.6363045573234558,0,1,1,1,0.0,0.1,0.1,0.2600430429794658
2080,2080,33,1,6.2,0.9999111890792847,0.5676377234570178,21.208881801440135,0.0,0.0,3,0.5436189048127689,GOOD,48.658434946949455,47.989063406310066,1.1997265851577517,0,0.0,80.0,1,1,1,33,0.9999111890792847,1,33,1,0.006738326977938414,0.062333978712558746,0.004488850012421608,0.9264388084411621,1,1,0,1,0.1,0.1,0.0,0.3436189048127689
2081,2081,33,0,0.0,0.999946117401123,0.3806760060715452,16.48476931831018,3.2,0.8036964792489636,3,0.44518105933327967,WEAK,18.34301443779663,15.852140830041456,0.3963035207510364,0,0.0,80.0,1,1,1,33,0.999946117401123,1,33,1,0.014948813244700432,0.5903312563896179,0.10676000267267227,0.2879599332809448,0,1,1,1,0.0,0.24518105933327963,0.1,0.1
2082,2082,33,0,0.0,0.9923450350761414,0.36289358470972227,15.367263735253186,0.20000000000000018,0.5460572828409513,3,0.43465889525194124,WEAK,12.452198033166328,10.30556785632049,0.25763919640801225,0,0.0,80.0,1,1,1,33,0.9923450350761414,1,33,1,0.07456569373607635,0.032668586820364,0.4886561930179596,0.40410953760147095,1,0,1,1,0.1,0.0,0.19264606755876226,0.14201282769317894
2083,2083,33,1,6.2,0.9987607002258301,0.4641005492509615,18.337256700081944,0.0,0.1770926680539061,3,0.49154690696902253,WEAK,16.739189928963942,14.758584591481808,0.36896461478704523,0,0.0,80.0,1,1,1,33,0.9987607002258301,1,33,1,0.012814891524612904,0.12750454246997833,0.12031212449073792,0.7393684387207031,0,1,1,1,0.0,0.1,0.1,0.2915469069690225
2084,2084,33,0,0.0,0.9992467164993286,0.3869396133992473,15.95576081647975,3.2,0.0,3,0.4488286001901276,GOOD,85.53387413910211,85.26627486532745,2.131656871633186,0,0.0,80.0,1,1,1,33,0.9992467164993286,1,33,1,0.03637736663222313,0.4236867427825928,0.5226144790649414,0.017321407794952393,1,1,1,0,0.1,0.14572662128291106,0.2031019789072165,0.0
2085,2085,33,0,0.0,0.9976221919059753,0.22823328226533582,12.516262376887827,0.20000000000000018,0.0,3,0.34470565997169555,GOOD,79.89342667430887,78.8462260607971,1.9711556515199273,0,0.0,80.0,1,1,1,33,0.9976221919059753,1,33,1,0.2790149748325348,0.2695940136909485,0.3051239550113678,0.1462671160697937,1,1,1,0,0.11070117400717616,0.1035868333736685,0.13041765259085086,0.0
2086,2086,33,1,6.2,0.9995918869972229,0.5919813265558843,21.9828131696638,0.0,0.0,3,0.55515330577911,GOOD,102.62684431634429,100.86732654345771,2.521683163586443,0,0.0,80.0,1,1,1,33,0.9995918869972229,1,33,1,0.002400796627625823,0.00035210774512961507,0.02655208855867386,0.9706949591636658,1,0,1,1,0.1,0.0,0.1,0.3551533057791101
2087,2087,33,0,0.0,0.9997907280921936,0.3921299554961759,16.908105790888335,3.2,0.0,3,0.4518288277842815,GOOD,96.25915175249115,96.23963507636483,2.405990876909121,0,0.0,80.0,1,1,1,33,0.9997907280921936,1,33,1,0.0007493968587368727,0.06909617781639099,0.3194690942764282,0.6106853485107422,0,1,1,1,0.0,0.1,0.1,0.2518288277842815
2088,2088,33,0,0.0,0.9999924898147583,0.49639510488011906,19.300131928450213,0.20000000000000018,0.0,3,0.508361522304251,GOOD,49.63854433112942,49.58030131014804,1.239507532753701,0,0.0,80.0,1,1,1,33,0.9999924898147583,1,33,1,0.0015380318509414792,0.19949740171432495,0.0014665510971099138,0.7974980473518372,1,1,0,1,0.1,0.1,0.0,0.30836152230425107
2089,2089,33,1,6.2,0.9334506392478943,0.329894425901161,14.060765062896026,0.0,0.0,3,0.41442544762036504,GOOD,105.86337291534002,104.28844480144808,2.6072111200362023,0,0.0,80.0,1,1,1,33,0.9334506392478943,1,33,1,0.23747700452804565,0.13686802983283997,0.12507179379463196,0.5005831718444824,1,1,0,1,0.1,0.1,0.0,0.21442544762036506
2090,2090,33,0,0.0,0.9995191097259521,0.3294526213091034,14.676088571750455,3.2,0.7997162868300133,3,0.4141478491007491,WEAK,19.62157265570739,16.011348526799466,0.4002837131699867,0,0.0,80.0,1,1,1,33,0.9995191097259521,1,33,1,0.05085895583033562,0.1311367005109787,0.4059789180755615,0.4120253622531891,0,1,1,1,0.0,0.1,0.1551737106129942,0.1589741384877549
2091,2091,33,0,0.0,0.7516054511070251,0.2823829866154794,13.433617891570666,0.20000000000000018,0.0,3,0.3834230257673743,GOOD,110.27061927399843,108.42107855001213,2.7105269637503033,0,0.0,80.0,1,1,0,33,0.7516054511070251,1,33,1,0.3260882496833801,0.3859735131263733,0.17791913449764252,0.11001911014318466,1,1,1,0,0.12138327960076697,0.16203974616660735,0.1,0.0
2092,2092,33,1,6.2,0.9999065399169922,0.5129984412281905,19.57288773632202,0.0,0.0,3,0.516793388812411,GOOD,52.13484936931931,52.01307088234873,1.3003267720587184,0,0.0,80.0,1,1,1,33,0.9999065399169922,1,33,1,0.018988212570548058,0.14043191075325012,0.01311436016112566,0.8274655342102051,1,1,0,1,0.1,0.1,0.0,0.3167933888124109
2093,2093,33,0,0.0,0.974298894405365,0.4271198153411836,16.924515044636188,3.2,1.0852789193984262,3,0.4715565552824539,WEAK,5.128879684421081,4.5888432240629475,0.1147210806015737,0,0.0,80.0,1,1,1,33,0.974298894405365,1,33,1,0.05277369171380997,0.6730864644050598,0.18014438450336456,0.09399549663066864,0,1,1,1,0.0,0.2715565552824539,0.1,0.1
2094,2094,33,0,0.0,0.9999008178710938,0.47283743477134543,18.105274421496873,0.20000000000000018,0.9849078212615161,3,0.49615212155499666,WEAK,4.2399655009321595,4.014843925476407,0.10037109813691017,0,0.0,80.0,1,1,1,33,0.9999008178710938,1,33,1,0.0733807310461998,0.755073070526123,0.1267956793308258,0.044750507920980453,1,1,1,0,0.1,0.2961521215549967,0.1,0.0
2095,2095,33,0,0.0,0.9999293088912964,0.44683354806251246,17.93293473866413,0.0,0.9849078212615161,3,0.48231615936392325,DOWN,0.0,0.0,0.0,1,0.0,80.0,1,1,1,33,0.9999293088912964,1,33,1,0.01241675391793251,0.210062637925148,0.7083805203437805,0.06914007663726807,0,1,1,1,0.0,0.1,0.2823161593639233,0.1
2096,2096,33,0,0.0,0.9975797533988953,0.28155333897040824,13.718679257638907,0.0,0.9849078212615161,3,0.38285935865564047,DOWN,0.0,0.0,0.0,1,0.0,80.0,1,1,1,33,0.9975797533988953,1,33,1,0.1006816029548645,0.2572479248046875,0.22604306042194366,0.4160274267196655,0,1,1,1,0.0,0.1,0.1,0.18285935865564049
2097,2097,33,0,0.0,0.9996380805969238,0.33433350111255716,15.30625158227152,0.0,0.9849078212615161,3,0.4172043947933183,DOWN,0.0,0.0,0.0,1,0.0,80.0,1,1,1,33,0.9996380805969238,1,33,1,0.009603415615856647,0.42251718044281006,0.16145631670951843,0.40642306208610535,0,1,1,1,0.0,0.1636230350381138,0.1,0.15358135975520446
2098,2098,33,1,6.2,0.9985217452049255,0.35696884606565926,16.08461268563781,0.0,0.0,3,0.4310960902856686,GOOD,57.60812581963513,57.11745833432023,1.4279364583580059,0,0.0,80.0,1,1,1,33,0.9985217452049255,1,33,1,0.11277593672275543,0.00767647847533226,0.5421246290206909,0.3374229371547699,1,0,1,1,0.1,0.0,0.2273504265066891,0.10374566377897948
2099,2099,33,0,0.0,0.9778233766555786,0.3764652375841367,14.870857928674592,3.2,0.20456071972925716,3,0.4427120739448658,GOOD,40.44795510913925,39.81757121082971,0.9954392802707428,0,0.0,80.0,1,1,1,33,0.9778233766555786,1,33,1,0.10980597883462906,0.1630818396806717,0.5828582048416138,0.14425401389598846,0,1,1,1,0.0,0.1,0.2427120739448658,0.1
2100,2100,33,0,0.0,0.995184600353241,0.27263372572469863,12.65717161526991,0.20000000000000018,0.20456071972925716,3,0.37674605702669495,DOWN,0.0,0.0,0.0,1,0.0,80.0,1,1,1,33,0.995184600353241,1,33,1,0.204701766371727,0.1509556621313095,0.2438058853149414,0.4005366861820221,1,0,1,1,0.1,0.0,0.1,0.17674605702669496
2101,2101,33,0,0.0,0.9998924732208252,0.31802850279908385,15.296442448639533,0.0,0.20456071972925716,3,0.4069039903350995,DOWN,0.0,0.0,0.0,1,0.0,80.0,1,1,1,33,0.9998924732208252,1,33,1,0.022643037140369415,0.47974076867103577,0.23251265287399292,0.2651035785675049,0,1,1,1,0.0,0.20690399033509946,0.1,0.1
2102,2102,33,1,6.2,0.9999494552612305,0.2457888623239253,12.24691011891666,0.0,0.0,3,0.35771736759499784,WEAK,9.06953407798166,8.485351150430134,0.21213377876075334,0,0.0,80.0,1,1,1,33,0.9999494552612305,1,33,1,0.17640085518360138,0.3423968553543091,0.19460071623325348,0.28660157322883606,0,1,1,1,0.0,0.1491595847999216,0.1,0.10855778279507622
2103,2103,33,0,0.0,0.9996328353881836,0.48041058074077214,18.80629040417542,3.2,0.9557141331398392,3,0.5001096197727453,WEAK,11.03839019542336,9.771434674406429,0.24428586686016074,0,0.0,80.0,1,1,1,33,0.9996328353881836,1,33,1,0.017498154193162918,0.20611505210399628,0.007687753532081842,0.768699049949646,1,1,0,1,0.1,0.1,0.0,0.3001096197727453
2104,2104,33,0,0.0,0.9995531439781189,0.45722089342547645,18.26907801048506,0.20000000000000018,0.5598369569919455,3,0.48789004912386574,WEAK,17.28318167547332,15.835087045915751,0.3958771761478938,0,0.0,80.0,1,1,1,33,0.9995531439781189,1,33,1,0.005658699199557304,0.12887509167194366,0.13845226168632507,0.7270139455795288,0,1,1,1,0.0,0.1,0.1,0.28789004912386573
2105,2105,33,1,6.2,0.9992659687995911,0.5860496127618211,21.751538317086393,0.0,0.0,3,0.5523649566888493,GOOD,43.05803562261926,42.94249471865232,1.073562367966308,0,0.0,80.0,1,1,1,33,0.9992659687995911,1,33,1,0.015509926714003086,0.9599027037620544,0.020307933911681175,0.004279456567019224,1,1,1,0,0.1,0.3523649566888494,0.1,0.0
2106,2106,33,0,0.0,0.9882407188415527,0.49376331828659714,19.051548156675267,3.2,0.0,3,0.5070121162967799,GOOD,104.65478480303398,102.79861510828464,2.569965377707116,0,0.0,80.0,1,1,1,33,0.9882407188415527,1,33,1,0.04647817835211754,0.7927528619766235,0.15223048627376556,0.008538495749235153,1,1,1,0,0.1,0.30701211629677994,0.1,0.0
2107,2107,33,0,0.0,0.9811738729476929,0.41602299503084306,16.827264192474583,0.20000000000000018,0.0,3,0.46539058658224314,GOOD,72.25146019607148,72.02818193035046,1.8007045482587616,0,0.0,80.0,1,1,1,33,0.9811738729476929,1,33,1,0.068881556391716,0.2366381138563156,0.0412188321352005,0.6532615423202515,1,1,0,1,0.1,0.1,0.0,0.2653905865822431
2108,2108,34,1,6.2,0.9995285272598267,0.5271269918701558,19.801725501782826,0.0,0.0,3,0.5238615867111525,GOOD,66.59321071262269,65.4344543764356,1.63586135941089,0,0.0,80.0,1,1,1,34,0.9995285272598267,1,34,1,0.023975906893610954,0.07977545261383057,0.8530073165893555,0.04324132949113846,0,1,1,1,0.0,0.1,0.3238615867111525,0.1
2109,2109,34,0,0.0,0.999871015548706,0.6052104481296465,22.37762012490574,3.2,0.0,3,0.561322091758734,GOOD,58.095671996362306,57.760110155363726,1.4440027538840932,0,0.0,80.0,1,1,1,34,0.999871015548706,1,34,1,0.0006775203510187566,0.0027947169728577137,0.0017443744000047445,0.9947834014892578,0,1,1,1,0.0,0.1,0.1,0.3613220917587341
2110,2110,34,0,0.0,0.9999188184738159,0.5960446567789048,22.045663162900198,0.20000000000000018,0.0,3,0.557055319793406,GOOD,113.4868359255305,113.3725641097031,2.834314102742578,0,0.0,80.0,1,1,1,34,0.9999188184738159,1,34,1,0.004595022648572922,0.9780909419059753,0.004594824276864529,0.012719199992716312,1,1,0,1,0.1,0.357055319793406,0.0,0.1
2111,2111,34,1,6.2,0.9831752777099609,0.3480452357648798,15.331833455399536,0.0,0.0,3,0.4256736556354907,GOOD,54.6391146821495,53.75300591300162,1.3438251478250407,0,0.0,80.0,1,1,1,34,0.9831752777099609,1,34,1,0.09621882438659668,0.3440153896808624,0.04416392743587494,0.5156018733978271,1,1,0,1,0.1,0.1103724939640407,0.0,0.21530116167145
2112,2112,34,0,0.0,0.9998862743377686,0.5836553659973044,21.690901454961697,3.2,0.0,3,0.5512354861790797,GOOD,90.0674629901589,89.42306330144062,2.2355765825360154,0,0.0,80.0,1,1,1,34,0.9998862743377686,1,34,1,0.03565147519111633,0.955548107624054,0.003515377175062895,0.005285053513944149,1,1,0,1,0.1,0.35123548617907974,0.0,0.1
2113,2113,34,0,0.0,0.999984860420227,0.6056237823006404,22.389437574212447,0.20000000000000018,0.0,3,0.561513739144968,GOOD,108.49265299937345,108.07627062580806,2.7019067656452016,0,0.0,80.0,1,1,1,34,0.999984860420227,1,34,1,0.0024004820734262466,0.9955364465713501,0.0005474652862176299,0.0015156525187194347,1,1,0,1,0.1,0.3615137391449681,0.0,0.1
2114,2114,34,1,6.2,0.991449773311615,0.31738724042916594,15.151315035858847,0.0,0.0,3,0.4064935493188563,GOOD,85.81633087465549,85.67337936875914,2.1418344842189785,0,0.0,80.0,1,1,1,33,0.991449773311615,0,33,0,0.42137810587882996,0.36955493688583374,0.009508231654763222,0.19955876469612122,1,1,0,1,0.16983989909665279,0.13665365022220352,0.0,0.1
2115,2115,34,0,0.0,0.9993639588356018,0.4134575627875626,15.36742290320391,3.2,0.0,3,0.46395343727060323,GOOD,104.03016251860201,103.00731800915293,2.5751829502288235,0,0.0,80.0,1,1,1,36,0.9993639588356018,0,36,0,0.6486827731132507,0.0606980137526989,0.09864690899848938,0.1919722706079483,1,0,1,1,0.2639534372706033,0.0,0.1,0.1
2116,2116,34,0,0.0,0.627220869064331,0.5170357650922675,19.807747807708115,0.20000000000000018,0.0,3,0.5188229985030053,GOOD,67.8901138687615,66.8999488069329,1.6724987201733226,0,0.0,80.0,1,1,0,35,0.627220869064331,0,34,1,0.8347604870796204,0.003393643070012331,0.01435080822557211,0.1474950909614563,1,0,1,1,0.31882299850300533,0.0,0.1,0.1
2117,2117,34,1,6.2,0.8861644268035889,0.5828800427334085,21.701246887089898,0.0,0.0,3,0.5508692360342695,GOOD,49.31844927465679,48.710587516405205,1.2177646879101303,0,0.0,80.0,1,1,1,34,0.8861644268035889,1,34,1,0.033835750073194504,0.0011332985013723373,0.01089281402528286,0.9541381597518921,1,0,1,1,0.1,0.0,0.1,0.35086923603426956
2118,2118,34,0,0.0,0.9999173879623413,0.39166295918563854,16.39840213053956,3.2,0.0,3,0.4515597011186034,GOOD,117.79697476282975,116.91455884701217,2.9228639711753046,0,0.0,80.0,1,1,1,34,0.9999173879623413,1,34,1,0.023333869874477386,0.5868995189666748,0.019868988543748856,0.3698975741863251,1,1,0,1,0.1,0.23832682559806576,0.0,0.11323287552053762
2119,2119,34,0,0.0,0.9950954914093018,0.49233144942534013,18.54923051954223,0.20000000000000018,0.0,3,0.5062764379722264,GOOD,83.00299478797024,81.94330084617862,2.0485825211544655,0,0.0,80.0,1,1,1,34,0.9950954914093018,1,34,1,0.0273978840559721,0.015404528938233852,0.16702590882778168,0.79017174243927,1,0,1,1,0.1,0.0,0.1,0.30627643797222637
2120,2120,34,1,6.2,0.9918837547302246,0.5746783387773129,21.383873867310072,0.0,0.0,3,0.5469798657545588,GOOD,84.22895788281573,83.89580351160053,2.0973950877900136,0,0.0,80.0,1,1,1,34,0.9918837547302246,1,34,1,0.006635560654103756,0.010409648530185223,0.0437258705496788,0.939228892326355,0,1,1,1,0.0,0.1,0.1,0.34697986575455875
2121,2121,34,0,0.0,0.9684523344039917,0.5682834268071784,21.229798383642503,3.2,0.0,3,0.5439280075798724,GOOD,106.81291966270638,105.89512090039352,2.6473780225098382,0,0.0,80.0,1,1,1,34,0.9684523344039917,1,34,1,0.05880488455295563,0.004271187353879213,0.9276114702224731,0.009312453679740429,1,0,1,1,0.1,0.0,0.3439280075798724,0.1
2122,2122,34,0,0.0,0.9951046705245972,0.4215140832403863,17.299901956813073,0.20000000000000018,0.0,3,0.4684518638121449,WEAK,19.63592974009535,18.27343845787964,0.456835961446991,0,0.0,80.0,1,1,1,34,0.9951046705245972,1,34,1,0.046203289180994034,0.6630676984786987,0.2737555503845215,0.016973379999399185,1,1,1,0,0.1,0.2684518638121449,0.1,0.0
2123,2123,34,1,6.2,0.9965498447418213,0.5957939884191488,22.095529818396685,0.0,0.0,3,0.5569381718365332,WEAK,12.805786460839602,12.00253490680182,0.3000633726700455,0,0.0,80.0,1,1,1,34,0.9965498447418213,1,34,1,0.0004738545685540885,0.020425209775567055,0.0014663259498775005,0.977634608745575,0,1,1,1,0.0,0.1,0.1,0.3569381718365331
2124,2124,34,0,0.0,0.9999783039093018,0.40253548203144346,16.96266445612934,3.2,1.064773114210295,3,0.4577844225004732,WEAK,6.701097512298634,5.4090754315881995,0.135226885789705,0,0.0,80.0,1,1,1,34,0.9999783039093018,1,34,1,0.35803329944610596,0.006968980189412832,0.012097508646547794,0.622900128364563,1,0,1,1,0.10358710540959418,0.0,0.1,0.254197317090879
2125,2125,34,0,0.0,0.9999872446060181,0.49011948007301875,19.082318221813882,0.20000000000000018,0.7140393139402208,3,0.5051378466349434,WEAK,15.728075453855224,14.029352010802965,0.35073380027007417,0,0.0,80.0,1,1,1,34,0.9999872446060181,1,34,1,0.005607075057923794,0.028579026460647583,0.17962874472141266,0.7861852049827576,0,1,1,1,0.0,0.1,0.1,0.3051378466349435
2126,2126,34,1,6.2,0.9881560802459717,0.5849623028688323,21.714097648668158,0.0,0.0,3,0.551852311769204,GOOD,109.05212241286779,109.05121309940472,2.726280327485118,0,0.0,80.0,1,1,1,34,0.9881560802459717,1,34,1,0.004653101321309805,0.032089605927467346,0.005332241766154766,0.957925021648407,0,1,1,1,0.0,0.1,0.1,0.35185231176920395
2127,2127,34,0,0.0,0.6817675828933716,0.39108668225554827,15.943993019300407,3.2,0.0,3,0.4512273755524052,GOOD,69.15075247176347,68.20076184695023,1.7050190461737558,0,0.0,80.0,1,1,0,34,0.6817675828933716,1,34,1,0.1864815056324005,0.6088298559188843,0.06877788156270981,0.13591070473194122,1,1,0,1,0.1,0.25122737555240526,0.0,0.1
2128,2128,35,0,0.0,0.9998724460601807,0.4545241370478928,17.89189555689994,0.20000000000000018,0.0,3,0.4864490974507059,GOOD,45.305025409677995,45.01703039358722,1.1254257598396806,0,0.0,80.0,1,1,1,35,0.9998724460601807,1,35,1,0.028390394523739815,0.07943212240934372,0.17000353336334229,0.7221739888191223,0,1,1,1,0.0,0.1,0.1,0.2864490974507059
2129,2129,35,1,6.2,0.6686833500862122,0.33163158274491716,14.614109202945716,0.0,0.0,3,0.4155151549518339,GOOD,40.43358398545584,40.0011048240126,1.0000276206003151,0,0.0,80.0,1,1,0,37,0.6686833500862122,0,35,1,0.18042926490306854,0.22877328097820282,0.08715859800577164,0.5036388635635376,1,1,0,1,0.1,0.1,0.0,0.2155151549518339
2130,2130,35,0,0.0,0.9929087162017822,0.3481668906210861,15.190819300395725,3.2,0.0,3,0.42574804358512175,GOOD,62.99970310373329,62.19180772499038,1.5547951931247597,0,0.0,80.0,1,1,1,35,0.9929087162017822,1,35,1,0.3678216338157654,0.03891679272055626,0.49206751585006714,0.10119400918483734,1,0,1,1,0.12489120189744576,0.0,0.20085684168767595,0.1
2131,2131,35,0,0.0,0.9998078942298889,0.4422284923994431,16.992229351527076,0.20000000000000018,0.0,3,0.4798243533181641,GOOD,61.076450148481804,60.67433053168157,1.5168582632920393,0,0.0,80.0,1,1,1,35,0.9998078942298889,1,35,1,0.07264930009841919,0.7001276612281799,0.10419260710477829,0.12303042411804199,0,1,1,1,0.0,0.27982435331816413,0.1,0.1
2132,2132,35,1,6.2,0.998862624168396,0.3212947065107777,14.2153090724962,0.0,0.0,3,0.40898813748173646,GOOD,116.55108802529536,116.10698239588207,2.902674559897052,0,0.0,80.0,1,1,1,35,0.998862624168396,1,35,1,0.10424994677305222,0.48547253012657166,0.27535319328308105,0.13492435216903687,0,1,1,1,0.0,0.20898813748173642,0.1,0.1
2133,2133,35,0,0.0,0.9999955892562866,0.4788333693260006,18.701879952839274,3.2,0.0,3,0.49928800270479146,GOOD,75.60282366652257,75.31658176065072,1.882914544016268,0,0.0,80.0,1,1,1,35,0.9999955892562866,1,35,1,0.7658602595329285,0.023011351004242897,0.1985733062028885,0.012555091641843319,1,1,1,0,0.2992880027047915,0.1,0.1,0.0
2134,2134,35,0,0.0,0.9999468326568604,0.5707256316309346,21.17331794448873,0.20000000000000018,0.0,3,0.5450955231307824,GOOD,47.67036301608684,47.06001910029121,1.1765004775072803,0,0.0,80.0,1,1,1,35,0.9999468326568604,1,35,1,0.04026072099804878,0.014218444935977459,0.9320473670959473,0.013473504222929478,1,1,1,0,0.1,0.1,0.3450955231307823,0.0
2135,2135,35,1,6.2,0.9998409748077393,0.341419473681722,15.354557820570145,0.0,0.0,3,0.4216023963807204,GOOD,92.0130313502373,90.58995779263515,2.264748944815879,0,0.0,80.0,1,1,1,35,0.9998409748077393,1,35,1,0.0327427014708519,0.5003049969673157,0.3444967269897461,0.1224556490778923,0,1,1,1,0.0,0.20890122254611374,0.11270117383460662,0.1
2136,2136,35,0,0.0,0.9999905824661255,0.24823508908556935,12.409227663451796,3.2,0.0,3,0.3594930609530177,GOOD,113.47389868895372,111.80990697385994,2.7952476743464985,0,0.0,80.0,1,1,1,35,0.9999905824661255,1,35,1,0.2662450671195984,0.20548319816589355,0.35836732387542725,0.1699044108390808,1,1,1,0,0.1,0.1,0.1594930609530177,0.0
2137,2137,35,0,0.0,0.6502373814582825,0.5925274234763277,21.95791965189386,0.20000000000000018,0.0,3,0.5554093084704416,GOOD,97.6769731061369,96.97671585736371,2.4244178964340932,0,0.0,80.0,1,1,0,32,0.6502373814582825,0,35,1,0.002970293164253235,0.9716888070106506,0.020009469240903854,0.0053314282558858395,0,1,1,1,0.0,0.3554093084704416,0.1,0.1
2138,2138,35,1,6.2,0.999984860420227,0.34864699929112564,15.411398897879284,0.0,0.0,3,0.42604148749703075,GOOD,73.80136556632112,73.65814610414604,1.8414536526036511,0,0.0,80.0,1,1,1,35,0.999984860420227,1,35,1,0.5336259007453918,0.05008619278669357,0.0939924344420433,0.32229548692703247,1,0,1,1,0.22604148749703076,0.0,0.1,0.1
2139,2139,35,0,0.0,0.9824271202087402,0.540564607050913,20.323819460580737,3.2,0.11380376231385725,3,0.5304967530566036,GOOD,43.45127864761919,43.44784950744571,1.0861962376861427,0,0.0,80.0,1,1,1,35,0.9824271202087402,1,35,1,0.01737215556204319,0.8773335814476013,0.012571115046739578,0.09272317588329315,1,1,0,1,0.1,0.33049675305660364,0.0,0.1
2140,2140,35,0,0.0,0.9998959302902222,0.501142869203221,19.026382173206777,0.20000000000000018,0.0,3,0.5107868453436367,WEAK,14.408063490582073,12.473391343255543,0.3118347835813886,0,0.0,80.0,1,1,1,35,0.9998959302902222,1,35,1,0.08021225035190582,0.806061863899231,0.03008146584033966,0.08364441245794296,1,1,0,1,0.1,0.31078684534363676,0.0,0.1
2141,2141,35,1,6.2,0.9994631409645081,0.44051227686987227,17.293038413559486,0.0,0.0,3,0.4788923888199687,WEAK,12.269684264331335,10.015297060105153,0.2503824265026288,0,0.0,80.0,1,1,1,35,0.9994631409645081,1,35,1,0.09455166757106781,0.16027455031871796,0.6970532536506653,0.048120588064193726,1,1,1,0,0.1,0.1,0.2788923888199687,0.0
2142,2142,35,0,0.0,0.998737633228302,0.26927538659508354,12.860307918824853,3.2,0.9171058623153509,3,0.37441846245145616,WEAK,12.844675963163075,11.315765507385963,0.2828941376846491,0,0.0,80.0,1,1,1,35,0.998737633228302,1,35,1,0.22780592739582062,0.22496160864830017,0.15251831710338593,0.3947141766548157,1,1,0,1,0.1,0.1,0.0,0.17441846245145612
2143,2143,35,0,0.0,0.9992173910140991,0.28884036170019467,14.080430641665265,0.20000000000000018,0.6245894730196568,3,0.3877821967575791,WEAK,14.573848050590811,11.70065557182776,0.292516389295694,0,0.0,80.0,1,1,1,35,0.9992173910140991,1,35,1,0.06445731222629547,0.37241414189338684,0.35423699021339417,0.20889148116111755,0,1,1,1,0.0,0.14999202534738584,0.13779017141019329,0.1
2144,2144,35,1,6.2,0.9989631175994873,0.3240175642791079,14.222600050853673,0.0,0.4239664117408096,3,0.41071749541090097,WEAK,9.059693672255614,8.02492245115389,0.20062306127884724,0,0.0,80.0,1,1,1,35,0.9989631175994873,1,35,1,0.10674384981393814,0.49025389552116394,0.2721744179725647,0.130827859044075,0,1,1,1,0.0,0.21071749541090093,0.1,0.1
2145,2145,35,0,0.0,0.9989954829216003,0.5958473573796892,22.041549574467084,3.2,1.2055354215108685,3,0.5569631154800581,WEAK,19.831245920632913,16.737239609197644,0.4184309902299411,0,0.0,80.0,1,1,1,35,0.9989954829216003,1,35,1,0.004474801942706108,0.005702097434550524,0.012091366574168205,0.9777317643165588,0,1,1,1,0.0,0.1,0.1,0.3569631154800581
2146,2146,35,0,0.0,0.99989914894104,0.4031273370078545,15.670525863731823,0.20000000000000018,1.0132519740476527,3,0.45812084311571155,WEAK,8.687042728881007,7.6913378985286345,0.19228344746321588,0,0.0,80.0,1,1,1,35,0.99989914894104,1,35,1,0.10625660419464111,0.6302629709243774,0.12414880096912384,0.13933159410953522,0,1,1,1,0.0,0.2581208431157116,0.1,0.1
2147,2147,35,1,6.2,0.9995710253715515,0.31168240551467735,13.93383730133904,0.0,0.0,3,0.40282375174012763,GOOD,82.2253121617,80.89099112127967,2.0222747780319916,0,0.0,80.0,1,1,1,35,0.9995710253715515,1,35,1,0.11421901732683182,0.2663973271846771,0.15076762437820435,0.4686160385608673,0,1,1,1,0.0,0.1,0.1,0.2028237517401276
2148,2148,35,0,0.0,0.9999707937240601,0.2955927056767719,13.439620136399292,3.2,0.0,3,0.3922886860478537,GOOD,55.873667740923324,55.06010887478752,1.376502721869688,0,0.0,80.0,1,1,1,35,0.9999707937240601,1,35,1,0.11970721185207367,0.4063820242881775,0.13840579986572266,0.33550500869750977,0,1,1,1,0.0,0.16966002083251594,0.1,0.12262866521533775
2149,2149,35,0,0.0,0.9999969005584717,0.5783497196105788,21.58342083993886,0.20000000000000018,0.0,3,0.5487242974840879,GOOD,61.00313725191977,60.24319108826005,1.5060797772065013,0,0.0,80.0,1,1,1,35,0.9999969005584717,1,35,1,9.99999993922529e-09,0.9459015130996704,0.054098475724458694,9.99999993922529e-09,0,1,1,1,0.0,0.34872429748408795,0.1,0.1
2150,2150,35,1,6.2,0.9999942779541016,0.3953827363976765,16.984663079648122,0.0,0.0,3,0.453698953857972,GOOD,107.18300990849453,106.89131710954422,2.6722829277386055,0,0.0,80.0,1,1,1,35,0.9999942779541016,1,35,1,9.99999993922529e-09,0.6164724826812744,0.3023452162742615,0.0811823159456253,0,1,1,1,0.0,0.25369895385797203,0.1,0.1
2151,2151,35,0,0.0,0.9999876022338867,0.4755228235413003,18.68732578888539,3.2,0.0,3,0.4975590268339365,GOOD,78.87756030142441,78.80791906854904,1.970197976713726,0,0.0,80.0,1,1,1,35,0.9999876022338867,1,35,1,0.007689504884183407,0.7599033713340759,0.1874978095293045,0.04490923509001732,0,1,1,1,0.0,0.29755902683393654,0.1,0.1
2152,2152,35,0,0.0,0.999996542930603,0.42140535126441914,16.994669638535413,0.20000000000000018,0.0,3,0.4683914399923538,GOOD,103.05752335997786,102.75100061733845,2.568775015433461,0,0.0,80.0,1,1,1,35,0.999996542930603,1,35,1,0.03882098197937012,0.09329259395599365,0.6628734469413757,0.2050129622220993,0,1,1,1,0.0,0.1,0.2683914399923538,0.1
2153,2153,35,1,6.2,0.9999961853027344,0.42474531999140075,16.466010799496672,0.0,0.0,3,0.4702439617748364,GOOD,119.18153867059557,117.9756121577111,2.949390303942778,0,0.0,80.0,1,1,1,35,0.9999961853027344,1,35,1,0.09683103859424591,0.6688417196273804,0.15208785235881805,0.08223940432071686,1,1,1,0,0.1,0.27024396177483645,0.1,0.0
2154,2154,35,0,0.0,0.9992048144340515,0.5974082134908115,22.09382736640898,3.2,0.0,3,0.5576921366758592,GOOD,84.70348669793344,84.38838232376871,2.109709558094218,0,0.0,80.0,1,1,1,35,0.9992048144340515,1,35,1,0.003995828330516815,0.9805734157562256,0.004298317711800337,0.011132431216537952,0,1,1,1,0.0,0.3576921366758592,0.1,0.1
2155,2155,35,0,0.0,0.9998953342437744,0.4984097444898659,18.93939195948103,0.20000000000000018,0.0,3,0.5093920806218151,GOOD,94.18837032920868,93.4428377121004,2.33607094280251,0,0.0,80.0,1,1,1,35,0.9998953342437744,1,35,1,0.08043264597654343,0.8011314272880554,0.03124888427555561,0.0871870294213295,1,1,0,1,0.1,0.3093920806218151,0.0,0.1
2156,2156,35,1,6.2,0.7442951202392578,0.361937344049642,15.445934294064116,0.0,0.0,3,0.4340858447844784,GOOD,42.51132959359181,41.791994962824276,1.044799874070607,0,0.0,80.0,1,1,0,37,0.7442951202392578,0,35,1,0.02685401402413845,0.47678592801094055,0.08251289278268814,0.4138471782207489,0,1,1,1,0.0,0.18591415854783125,0.1,0.14817168623664714
2157,2157,35,0,0.0,0.9994100332260132,0.38649685868534744,16.634172981592812,3.2,0.0,3,0.44857174117307463,GOOD,99.99864992666555,99.23468312291973,2.4808670780729933,0,0.0,80.0,1,1,1,35,0.9994100332260132,1,35,1,0.06587841361761093,0.3210024833679199,0.6006703972816467,0.01244876068085432,1,1,1,0,0.1,0.1,0.24857174117307465,0.0
2158,2158,35,0,0.0,0.9998811483383179,0.5884406536152705,21.852906345346057,0.20000000000000018,0.0,3,0.5534906146293289,GOOD,59.814240055212984,59.628337796402874,1.490708444910072,0,0.0,80.0,1,1,1,35,0.9998811483383179,1,35,1,0.018233928829431534,0.9642523527145386,0.015435172244906425,0.0020786344539374113,1,1,1,0,0.1,0.35349061462932896,0.1,0.0
2159,2159,35,1,6.2,0.9997873902320862,0.32032075784731695,15.440426808656882,0.0,0.0,3,0.4083677790230894,GOOD,95.6494155963315,95.2754392080414,2.381885980201035,0,0.0,80.0,1,1,1,35,0.9997873902320862,1,35,1,0.4837629497051239,0.20528779923915863,0.2961432635784149,0.014805962331593037,1,1,1,0,0.20836777902308942,0.1,0.1,0.0
2160,2160,35,0,0.0,0.999992847442627,0.3829114893519803,16.467740344030986,3.2,0.0,3,0.44648628743646135,GOOD,75.57239762331164,75.24595638066009,1.8811489095165024,0,0.0,80.0,1,1,1,35,0.999992847442627,1,35,1,0.019377069547772408,0.5943008065223694,0.18390388786792755,0.2024182379245758,0,1,1,1,0.0,0.2464862874364613,0.1,0.1
2161,2161,35,0,0.0,0.9996834993362427,0.3685113654051484,15.530972249913798,0.20000000000000018,0.0,3,0.4380103469536978,GOOD,51.67485494253605,51.14803065076975,1.2787007662692438,0,0.0,80.0,1,1,1,35,0.9996834993362427,1,35,1,0.025166310369968414,0.431178480386734,0.47411030530929565,0.06954490393400192,0,1,1,1,0.0,0.1562480475812795,0.1817622993724183,0.1
2162,2162,35,1,6.2,0.999803364276886,0.42517989997102845,17.416297980531695,0.0,0.0,3,0.4704844663264359,GOOD,78.84339270841099,78.35204217538852,1.958801054384713,0,0.0,80.0,1,1,1,35,0.999803364276886,1,35,1,0.014381124638020992,0.6696184873580933,0.2558908760547638,0.06010947376489639,0,1,1,1,0.0,0.27048446632643597,0.1,0.1
2163,2163,35,0,0.0,0.999994158744812,0.29022300207546115,13.256579681769935,3.2,0.0,3,0.38870921958501314,GOOD,74.69994875545393,73.34349760049537,1.8335874400123844,0,0.0,80.0,1,1,1,35,0.999994158744812,1,35,1,0.328620046377182,0.14056096971035004,0.40115249156951904,0.1296664923429489,1,1,1,0,0.12006808704647756,0.1,0.1686411325385356,0.0
2164,2164,35,0,0.0,0.991569459438324,0.3307281807895598,14.932445123726897,0.20000000000000018,0.0,3,0.4149488138457751,GOOD,105.47991231014996,105.0038764178119,2.6250969104452975,0,0.0,80.0,1,1,1,35,0.991569459438324,1,35,1,0.4645062983036041,0.13543541729450226,0.35635679960250854,0.043701428920030594,1,1,1,0,0.191396906433588,0.1,0.12355190741218708,0.0
2165,2165,35,1,6.2,0.9980206489562988,0.4000974236919854,15.5621809204513,0.0,0.0,3,0.45639597314661845,GOOD,46.007150450655274,45.6200023086926,1.140500057717315,0,0.0,80.0,1,1,1,35,0.9980206489562988,1,35,1,0.12098218500614166,0.14459189772605896,0.6248657703399658,0.10956012457609177,1,1,1,0,0.1,0.1,0.25639597314661844,0.0
2166,2166,35,0,0.0,0.9999017715454102,0.4419075716460453,17.567931264713216,3.2,0.0,3,0.4796502198756098,GOOD,107.0533627287517,105.8417008422228,2.6460425210555703,0,0.0,80.0,1,1,1,35,0.9999017715454102,1,35,1,0.15762688219547272,0.11224819719791412,0.6995527148246765,0.03057217225432396,1,1,1,0,0.1,0.1,0.2796502198756098,0.0
2167,2167,35,0,0.0,0.9998674392700195,0.32136917572845913,14.949967761667175,0.20000000000000018,0.0,3,0.4090355320721316,GOOD,54.18136620935585,54.141048729701346,1.3535262182425338,0,0.0,80.0,1,1,1,35,0.9998674392700195,1,35,1,0.025482309982180595,0.17464429140090942,0.4151271879673004,0.384746253490448,0,1,1,1,0.0,0.1,0.1641849048262278,0.1448506272459038
2168,2168,35,1,6.2,0.9999868869781494,0.45704427265580544,17.564434848174656,0.0,0.0,3,0.4877958060121885,GOOD,53.36305659530291,53.26575489361487,1.3316438723403718,0,0.0,80.0,1,1,1,35,0.9999868869781494,1,35,1,0.05636884272098541,0.7266969084739685,0.08282731473445892,0.13410690426826477,0,1,1,1,0.0,0.28779580601218857,0.1,0.1
2169,2169,35,0,0.0,0.9998509883880615,0.2812985342300077,12.981218430960013,3.2,0.7852964985213176,3,0.38268607628322926,WEAK,19.343384553065178,16.588140059147296,0.4147035014786824,0,0.0,80.0,1,1,1,35,0.9998509883880615,1,35,1,0.41558438539505005,0.15376140177249908,0.1915179342031479,0.2391362190246582,1,0,1,1,0.18268607628322928,0.0,0.1,0.1
2170,2170,35,0,0.0,0.9999960660934448,0.4202208013129293,17.49588740327279,0.20000000000000018,0.3946361960878412,3,0.4677326639386036,WEAK,16.998311737352935,15.626412097339054,0.3906603024334764,0,0.0,80.0,1,1,1,35,0.9999960660934448,1,35,1,0.004639685153961182,0.6607574224472046,0.3337991237640381,0.0008037882507778704,1,1,1,0,0.1,0.2677326639386036,0.1,0.0
2171,2171,35,1,6.2,0.999742329120636,0.3431824786308784,15.097104287129138,0.0,0.22335140446638824,3,0.4226895195543734,WEAK,8.426311382010832,6.8513916648581175,0.17128479162145294,0,0.0,80.0,1,1,1,35,0.999742329120636,1,35,1,0.09002462029457092,0.5239845514297485,0.3199591338634491,0.06603166460990906,1,1,1,0,0.1,0.2226895195543734,0.1,0.0
2172,2172,35,0,0.0,0.9999792575836182,0.3230844070490018,14.412112981855007,3.2,1.4233514044663882,3,0.4101256442477834,DOWN,0.0,0.0,0.0,1,0.0,80.0,1,1,1,35,0.9999792575836182,1,35,1,0.488614946603775,0.28051847219467163,0.13884875178337097,0.09201779216527939,1,1,1,0,0.21012564424778338,0.1,0.1,0.0
2173,2173,35,0,0.0,0.9999328851699829,0.31875778703198565,14.38270190382826,0.20000000000000018,1.4233514044663882,3,0.4073702673118218,DOWN,0.0,0.0,0.0,1,0.0,80.0,1,1,1,35,0.9999328851699829,1,35,1,0.08939262479543686,0.4810202121734619,0.27337926626205444,0.15620797872543335,0,1,1,1,0.0,0.20737026731182182,0.1,0.1
2174,2174,35,1,6.2,0.9998224377632141,0.3574145313072569,15.968654700633916,0.0,0.0,3,0.43136512389156334,GOOD,78.5754231726642,78.18988756881792,1.9547471892204482,0,0.0,80.0,1,1,1,35,0.9998224377632141,1,35,1,0.020991750061511993,0.15409208834171295,0.27580025792121887,0.5491158366203308,0,1,1,1,0.0,0.1,0.1,0.23136512389156336
2175,2175,35,0,0.0,0.9923673272132874,0.5787466050993252,21.504066201159517,3.2,0.0,3,0.5489125428951959,GOOD,51.07222392129615,51.01674898989644,1.2754187247474111,0,0.0,80.0,1,1,1,35,0.9923673272132874,1,35,1,0.006510220468044281,0.039474982768297195,0.9466229677200317,0.007391760591417551,0,1,1,1,0.0,0.1,0.3489125428951959,0.1
2176,2176,35,0,0.0,0.999988317489624,0.34449207250250913,14.8035571226188,0.20000000000000018,0.0,3,0.423495249088924,GOOD,76.26288599745223,74.98416348050142,1.8746040870125356,0,0.0,80.0,1,1,1,35,0.999988317489624,1,35,1,0.07661670446395874,0.35372206568717957,0.49795201420783997,0.07170920073986053,1,1,1,0,0.1,0.11742098915113602,0.20607425993778797,0.0
2177,2177,35,1,6.2,0.9728526473045349,0.2873112733306067,13.806905277053673,0.0,0.0,3,0.3867543970336308,GOOD,104.0860906086274,104.00837003927964,2.600209250981991,0,0.0,80.0,1,1,1,35,0.9728526473045349,1,35,1,0.3193836212158203,0.18679116666316986,0.40381449460983276,0.09001068025827408,1,1,1,0,0.1149637541434115,0.1,0.17179064289021925,0.0
2178,2178,35,0,0.0,0.9996525049209595,0.5944642393014833,22.047617058906532,3.2,0.0,3,0.5563163111369349,GOOD,76.90526013848238,76.56489085449695,1.914122271362424,0,0.0,80.0,1,1,1,35,0.9996525049209595,1,35,1,0.004124126862734556,0.019631152972579002,0.9752140045166016,0.0010306955082342029,1,1,1,0,0.1,0.1,0.35631631113693496,0.0
2179,2179,35,0,0.0,0.9999955892562866,0.3507462544212274,15.562492922507545,0.20000000000000018,0.0,3,0.427322191955709,GOOD,42.06535953691763,42.03558606045072,1.050889651511268,0,0.0,80.0,1,1,1,35,0.9999955892562866,1,35,1,0.15277686715126038,0.5373324155807495,0.2680816352367401,0.041809115558862686,1,1,1,0,0.1,0.227322191955709,0.1,0.0
2180,2180,35,1,6.2,0.9996681213378906,0.2939115124265153,13.899873810992327,0.0,0.0,3,0.3911715178882197,GOOD,56.81321299938493,56.06734968212531,1.401683742053133,0,0.0,80.0,1,1,1,35,0.9996681213378906,1,35,1,0.09894557297229767,0.4375505745410919,0.1791282743215561,0.2843755781650543,0,1,1,1,0.0,0.1911715178882197,0.1,0.1
2181,2181,35,0,0.0,0.9976813793182373,0.3029600721705701,13.594215176609122,3.2,0.09855956361694052,3,0.3971473090618254,GOOD,44.74649325799739,44.05761745532237,1.1014404363830594,0,0.0,80.0,1,1,1,35,0.9976813793182373,1,35,1,0.203053817152977,0.45335203409194946,0.21380873024463654,0.1297854632139206,1,1,1,0,0.1,0.19714730906182534,0.1,0.0
2182,2182,35,0,0.0,0.9990811347961426,0.4795602993601869,18.21851191337781,0.20000000000000018,0.0,3,0.4996668503608529,GOOD,71.16367665597986,71.04036538665507,1.7760091346663769,0,0.0,80.0,1,1,1,35,0.9990811347961426,1,35,1,0.04872674494981766,0.7671685814857483,0.13465586304664612,0.049448754638433456,0,1,1,1,0.0,0.29966685036085294,0.1,0.1
2183,2183,35,1,6.2,0.9999794960021973,0.250799714444081,12.966539362773982,0.0,0.0,3,0.3613453291798241,GOOD,84.85830290606111,84.00180212578658,2.100045053144665,0,0.0,80.0,1,1,1,35,0.9999794960021973,1,35,1,0.3109225928783417,0.3294912576675415,0.2359970211982727,0.12358922511339188,1,1,1,0,0.12398435923681803,0.13736096994300612,0.1,0.0
2184,2184,35,0,0.0,0.9999935626983643,0.36400476411241417,15.562157429418782,3.2,1.0362926614198933,3,0.4353238489365632,WEAK,8.021103678932075,6.548293543204264,0.1637073385801066,0,0.0,80.0,1,1,1,35,0.9999935626983643,1,35,1,0.061790816485881805,0.5607755184173584,0.31853002309799194,0.05890365689992905,1,1,1,0,0.1,0.2353238489365632,0.1,0.0
2185,2185,35,0,0.0,0.9999796152114868,0.4268829178859418,16.5755369564137,0.20000000000000018,0.6555524817135492,3,0.47142576523479096,WEAK,18.7135064453403,15.229607188253766,0.38074017970634416,0,0.0,80.0,1,1,1,35,0.9999796152114868,1,35,1,0.10543444752693176,0.6726629137992859,0.07773726433515549,0.1441653072834015,1,1,0,1,0.1,0.271425765234791,0.0,0.1
2186,2186,35,0,0.0,0.9065607786178589,0.2779324768907273,13.310785156145792,0.0,0.6555524817135492,3,0.38038954808695524,DOWN,0.0,0.0,0.0,1,0.0,80.0,1,1,1,35,0.9065607786178589,1,35,1,0.11369951069355011,0.3654504716396332,0.336544930934906,0.1843051165342331,0,1,1,1,0.0,0.1500850949668248,0.13030445312013042,0.1
2187,2187,35,1,6.2,0.9999773502349854,0.5194358730708772,19.926429286708803,0.0,0.0,3,0.5200258064506758,GOOD,103.6813113673276,102.01309077315621,2.550327269328905,0,0.0,80.0,1,1,1,35,0.9999773502349854,1,35,1,9.99999993922529e-09,0.8390986323356628,0.06351756304502487,0.09738378971815109,0,1,1,1,0.0,0.3200258064506758,0.1,0.1
2188,2188,35,0,0.0,0.709383487701416,0.3645659393099048,15.541807651965858,3.2,0.0,3,0.4356592825472061,GOOD,62.30887665905616,61.106130566764364,1.5276532641691092,0,0.0,80.0,1,1,0,35,0.709383487701416,1,35,1,0.5617690086364746,0.14757584035396576,0.05194307491183281,0.23871204257011414,1,1,0,1,0.2356592825472061,0.1,0.0,0.1
2189,2189,35,0,0.0,0.9996402263641357,0.3028634904350387,14.004805721021798,0.20000000000000018,0.0,3,0.3970840000033262,GOOD,79.96603026867513,79.13200518370667,1.9783001295926668,0,0.0,80.0,1,1,1,35,0.9996402263641357,1,35,1,0.08092020452022552,0.35711076855659485,0.40116000175476074,0.1608090102672577,0,1,1,1,0.0,0.1341037743093865,0.16298022569393975,0.1
2190,2190,35,1,6.2,0.9998437166213989,0.3593610852487575,14.822838855243962,0.0,0.0,3,0.43253818101359187,GOOD,97.80230578665928,97.6284775153483,2.4407119378837074,0,0.0,80.0,1,1,1,35,0.9998437166213989,1,35,1,0.10616135597229004,0.5525583028793335,0.165097177028656,0.17618320882320404,0,1,1,1,0.0,0.2325381810135919,0.1,0.1
2191,2191,35,0,0.0,0.9999139308929443,0.365518845284828,16.010236603634972,3.2,0.0,3,0.4362282762007934,GOOD,107.88923970325095,107.13531741010748,2.678382935252687,0,0.0,80.0,1,1,1,35,0.9999139308929443,1,35,1,0.5449867248535156,0.3536324203014374,0.015900466591119766,0.08548039197921753,1,1,0,1,0.22520706196408155,0.11102121423671191,0.0,0.1
2192,2192,35,0,0.0,0.9999985694885254,0.3865303660153344,16.285206596734888,0.20000000000000018,0.0,3,0.4485911852064022,GOOD,52.541920651827986,51.65296494563138,1.2913241236407846,0,0.0,80.0,1,1,1,35,0.9999985694885254,1,35,1,0.037668824195861816,0.1852264404296875,0.6007299423217773,0.1763748824596405,0,1,1,1,0.0,0.1,0.2485911852064022,0.1
2193,2193,35,1,6.2,0.9999842643737793,0.41722555012701523,16.40170683283468,0.0,0.0,3,0.4660627296793376,WEAK,4.748486482995984,4.018269354802635,0.10045673387006589,0,0.0,80.0,1,1,1,35,0.9999842643737793,1,35,1,0.11682592332363129,0.6554084420204163,0.07505243271589279,0.15271317958831787,1,1,0,1,0.1,0.26606272967933764,0.0,0.1
2194,2194,35,0,0.0,0.9999678134918213,0.3181427844803383,13.893294466730863,3.2,0.9559288784344963,3,0.4069770930522142,WEAK,11.566987972982815,9.762844862620147,0.2440711215655037,0,0.0,80.0,1,1,1,35,0.9999678134918213,1,35,1,0.12403061985969543,0.4799412488937378,0.2402002364397049,0.15582792460918427,0,1,1,1,0.0,0.2069770930522142,0.1,0.1
2195,2195,35,0,0.0,0.9968884587287903,0.30968624038382064,13.703201767774196,0.20000000000000018,0.6628776818655178,3,0.4015317405164117,WEAK,12.805875056318902,11.722047862759142,0.29305119656897854,0,0.0,80.0,1,1,1,35,0.9968884587287903,1,35,1,0.23141132295131683,0.17470814287662506,0.4651200473308563,0.1287604719400406,1,1,1,0,0.1,0.1,0.20153174051641168,0.0
2196,2196,35,1,6.2,0.9996065497398376,0.39258431013958156,15.948338774432425,0.0,0.25273041696384957,3,0.4520905153839848,WEAK,17.574326301287037,16.405890596066726,0.4101472649016682,0,0.0,80.0,1,1,1,35,0.9996065497398376,1,35,1,0.6114935278892517,0.22105035185813904,0.09678009152412415,0.07067602872848511,1,1,1,0,0.25209051538398486,0.1,0.1,0.0
2197,2197,35,0,0.0,0.9999971389770508,0.5144252509097648,19.792537752921973,3.2,1.3433271697936184,3,0.5175115720968436,WEAK,5.317167120228024,4.376129886809243,0.10940324717023107,0,0.0,80.0,1,1,1,35,0.9999971389770508,1,35,1,0.013236883096396923,0.8300432562828064,9.99999993922529e-09,0.1567198634147644,1,1,0,1,0.1,0.31751157209684366,0.0,0.1
2198,2198,35,0,0.0,0.9999556541442871,0.3240175642791079,14.222566229626995,0.20000000000000018,1.1321941785697207,3,0.41071749541090097,WEAK,9.25487808806488,8.44531964895591,0.21113299122389778,0,0.0,80.0,1,1,1,35,0.9999556541442871,1,35,1,0.10674384981393814,0.49025389552116394,0.2721744179725647,0.130827859044075,0,1,1,1,0.0,0.21071749541090093,0.1,0.1
2199,2199,35,1,6.2,0.9999715089797974,0.28300607799415306,13.11973069008625,0.0,0.7120486726436864,3,0.3838458131661321,WEAK,19.237021866591363,16.80582023704137,0.4201455059260343,0,0.0,80.0,1,1,1,35,0.9999715089797974,1,35,1,0.4185539484024048,0.27036064863204956,0.1658116579055786,0.14527378976345062,1,1,1,0,0.1838458131661321,0.1,0.1,0.0
2200,2200,35,0,0.0,0.9999077320098877,0.47154230179712026,18.29336129726726,3.2,1.5674533913591384,3,0.4954721588991975,WEAK,15.432928643005564,13.783811251381922,0.3445952812845481,0,0.0,80.0,1,1,1,35,0.9999077320098877,1,35,1,0.15846548974514008,0.7527440190315247,0.05977821722626686,0.02901230938732624,1,1,1,0,0.1,0.29547215889919753,0.1,0.0
2201,2201,35,0,0.0,0.9996888637542725,0.23613627168041404,12.13378509114155,0.20000000000000018,1.3804726489487533,3,0.3506228999833278,WEAK,8.065059168289142,7.479229696415396,0.1869807424103849,0,0.0,80.0,1,1,1,35,0.9996888637542725,1,35,1,0.30217334628105164,0.2160869985818863,0.17694512009620667,0.3047944903373718,1,1,0,1,0.12433845977317592,0.1,0.0,0.12628444021015187
2202,2202,35,1,6.2,0.99997878074646,0.42321394143232355,16.798325632344074,0.0,1.0199100786596176,3,0.46939548653366664,WEAK,17.714556449905228,14.422502811565435,0.3605625702891359,0,0.0,80.0,1,1,1,35,0.99997878074646,1,35,1,0.08555665612220764,0.19249755144119263,0.6661049127578735,0.055840931832790375,1,1,1,0,0.1,0.1,0.26939548653366663,0.0
2203,2203,35,0,0.0,0.9644914865493774,0.2617989781675986,12.634845202493935,3.2,1.9900657136097903,3,0.369184024722872,WEAK,10.132108443883872,9.193774601993088,0.2298443650498272,0,0.0,80.0,1,1,1,35,0.9644914865493774,1,35,1,0.15278774499893188,0.3398110270500183,0.1817885786294937,0.3256126642227173,0,1,1,1,0.0,0.1395975788171833,0.1,0.12958644590568869
2204,2204,35,0,0.0,0.9999977350234985,0.4458912430895068,17.62254773665241,0.20000000000000018,1.586735264319471,3,0.48180732471762505,WEAK,19.18468841430857,16.133217971612776,0.4033304492903194,0,0.0,80.0,1,1,1,35,0.9999977350234985,1,35,1,0.04001615196466446,0.22000686824321747,0.7066913843154907,0.033285610377788544,1,1,1,0,0.1,0.1,0.28180732471762504,0.0
2205,2205,35,1,6.2,0.9999914169311523,0.34286847615082466,14.841126534188597,0.0,1.286482457889263,3,0.4224961006888277,WEAK,14.398554341242068,12.010112257208315,0.3002528064302079,0,0.0,80.0,1,1,1,35,0.9999914169311523,1,35,1,0.09464141726493835,0.4697837829589844,0.3782592713832855,0.05731556564569473,1,1,1,0,0.1,0.1894430813460188,0.1330530193428089,0.0
2206,2206,35,0,0.0,0.9999260902404785,0.2793057059044344,13.598860896323846,3.2,2.486482457889263,3,0.3813281183610613,DOWN,0.0,0.0,0.0,1,0.0,80.0,1,1,1,35,0.9999260902404785,1,35,1,0.27908140420913696,0.41212040185928345,0.10750238597393036,0.20129577815532684,1,1,0,1,0.1,0.1813281183610613,0.0,0.1
2207,2207,35,0,0.0,0.9998538494110107,0.45215079420387605,17.64263045961432,0.20000000000000018,2.486482457889263,3,0.4851774141279255,DOWN,0.0,0.0,0.0,1,0.0,80.0,1,1,1,35,0.9998538494110107,1,35,1,0.11968749016523361,0.7179158329963684,0.1200464591383934,0.04235018417239189,1,1,1,0,0.1,0.2851774141279255,0.1,0.0
2208,2208,35,1,6.2,0.9999548196792603,0.34772689083875846,14.548406192686784,0.0,2.33499681826111,3,0.42547893662266956,WEAK,6.924917332378714,6.059425585126137,0.15148563962815342,0,0.0,80.0,1,1,1,35,0.9999548196792603,1,35,1,0.12221620976924896,0.532001793384552,0.23458711802959442,0.11119493097066879,1,1,1,0,0.1,0.22547893662266957,0.1,0.0
2209,2209,35,0,0.0,0.9999960660934448,0.39696256271417796,15.72484889173634,3.2,3.120599922989155,3,0.45460447010216354,WEAK,18.969762668380653,16.575875810878184,0.4143968952719546,0,0.0,80.0,1,1,1,35,0.9999960660934448,1,35,1,0.187529519200325,0.6192842721939087,0.09999457746744156,0.09319156408309937,1,1,1,0,0.1,0.2546044701021636,0.1,0.0
2210,2210,35,0,0.0,0.999947190284729,0.5021111087543082,19.468604895860256,0.20000000000000018,2.944069731127127,3,0.5112800433960295,WEAK,8.267531926787532,7.061207674481116,0.1765301918620279,0,0.0,80.0,1,1,1,35,0.999947190284729,1,35,1,0.8078088760375977,0.0815819501876831,0.11060915142297745,9.99999993922529e-09,1,1,1,0,0.31128004339602955,0.1,0.1,0.0
2211,2211,35,1,6.2,0.9998694658279419,0.41455035708236687,17.272357525742155,0.0,2.8554918725633147,3,0.4645661617010546,WEAK,4.322880612168618,3.5431143425524856,0.08857785856381215,0,0.0,80.0,1,1,1,35,0.9998694658279419,1,35,1,0.6506329774856567,0.21261264383792877,0.12865664064884186,0.008097758516669273,1,1,1,0,0.2645661617010546,0.1,0.1,0.0
2212,2212,35,0,0.0,0.9999159574508667,0.3920912170565678,15.963857353424885,3.2,3.830612378122612,3,0.4518065091934452,WEAK,9.786411739246777,8.99517977762812,0.22487949444070301,0,0.0,80.0,1,1,1,35,0.9999159574508667,1,35,1,0.6106164455413818,0.22040137648582458,0.10014825314283371,0.06883394718170166,1,1,1,0,0.25180650919344527,0.1,0.1,0.0
2213,2213,35,0,0.0,0.9998718500137329,0.4275579850938187,16.898988168544847,0.20000000000000018,3.5313498725963686,3,0.4717983713339488,WEAK,14.636991123714493,11.970500221049729,0.2992625055262432,0,0.0,80.0,1,1,1,35,0.9998718500137329,1,35,1,0.0553949698805809,0.1006622314453125,0.17007288336753845,0.6738699078559875,0,1,1,1,0.0,0.1,0.1,0.2717983713339488
2214,2214,35,1,6.2,0.9995237588882446,0.39113894683677985,16.275101266559776,0.0,0.6261643387148577,3,0.45125752541819564,GOOD,117.86655277595027,116.20742135526042,2.905185533881511,0,0.0,80.0,1,1,1,35,0.9995237588882446,1,35,1,9.99999993922529e-09,0.5278061032295227,0.4278268814086914,0.044366903603076935,0,1,1,1,0.0,0.20446530314886383,0.1467922222693318,0.1
2215,2215,35,0,0.0,0.9998760223388672,0.2860345039802573,13.519672019848263,3.2,0.42555828724519706,3,0.3858941001745017,GOOD,56.35798040111729,56.02424205878642,1.4006060514696606,0,0.0,80.0,1,1,1,35,0.9998760223388672,1,35,1,0.17685119807720184,0.10283473134040833,0.36377236247062683,0.3565417230129242,1,0,1,1,0.1,0.0,0.1453857952983959,0.1405083048761058
2216,2216,35,0,0.0,0.6894136071205139,0.252929030979969,12.589888118881348,0.20000000000000018,0.0,3,0.36287601746378817,GOOD,63.31121385567603,62.72517849913844,1.568129462478461,0,0.0,80.0,1,1,0,35,0.6894136071205139,1,35,1,0.1956075131893158,0.28102800250053406,0.36423251032829285,0.15913203358650208,1,1,1,0,0.1,0.10159473578039682,0.16128128168339137,0.0
2217,2217,35,1,6.2,0.7015600204467773,0.26947831315706816,13.521558354683592,0.0,0.0,3,0.3745595171967626,GOOD,109.75918909791085,108.3135043630633,2.7078376090765826,0,0.0,80.0,1,1,0,35,0.7015600204467773,1,35,1,0.10173651576042175,0.2154160588979721,0.2954348027706146,0.3874126076698303,0,1,1,1,0.0,0.1,0.10531878018767335,0.1692407370090893
2218,2218,35,0,0.0,0.9999902248382568,0.39917535471063537,17.062037659236502,3.2,0.0,3,0.45586976217091163,GOOD,53.86614370367645,52.92089218101362,1.3230223045253406,0,0.0,80.0,1,1,1,35,0.9999902248382568,1,35,1,0.06756429374217987,0.3092119097709656,0.6232237815856934,9.99999993922529e-09,1,1,1,0,0.1,0.1,0.2558697621709116,0.0
2219,2219,35,0,0.0,0.9982240796089172,0.3811483342382308,16.219087537865764,0.20000000000000018,0.0,3,0.44545715549702647,GOOD,50.270253124521254,49.28873217278537,1.2322183043196344,0,0.0,80.0,1,1,1,35,0.9982240796089172,1,35,1,0.5329998731613159,0.4004236161708832,0.06657648086547852,9.99999993922529e-09,1,1,1,0,0.2114648367193371,0.13399231877768938,0.1,0.0
2220,2220,35,1,6.2,0.9999947547912598,0.3073280000000001,11.716383404624949,0.0,0.0,4,0.4,GOOD,50.93215760623812,50.29446570326245,1.2573616425815615,0,0.0,80.0,1,1,1,35,0.9999947547912598,1,35,1,0.29254665970802307,0.24423182010650635,0.20203660428524017,0.2611849009990692,1,1,1,1,0.1,0.1,0.1,0.1
2221,2221,35,0,0.0,0.9999129772186279,0.42642260242494096,16.27396910249558,3.2,0.0,3,0.4711715232741821,GOOD,50.66793641443947,50.05878508355005,1.2514696270887513,0,0.0,80.0,1,1,1,35,0.9999129772186279,1,35,1,0.09875617176294327,0.6718399524688721,0.10494954138994217,0.12445433437824249,0,1,1,1,0.0,0.27117152327418215,0.1,0.1
2222,2222,35,0,0.0,0.9995864033699036,0.44322843007453605,17.895943794297036,0.20000000000000018,0.0,3,0.48036652048165707,GOOD,103.45586993657253,103.13409610809606,2.578352402702402,0,0.0,80.0,1,1,1,35,0.9995864033699036,1,35,1,0.18344144523143768,0.7019192576408386,0.10552869737148285,0.009110670536756516,1,1,1,0,0.1,0.2803665204816571,0.1,0.0
2223,2223,35,1,6.2,0.999763548374176,0.3271903240577314,14.714348283400351,0.0,0.0,3,0.41272345685919165,GOOD,105.09426965451685,104.75568321818777,2.6188920804546942,0,0.0,80.0,1,1,1,35,0.999763548374176,1,35,1,0.04904201626777649,0.378501832485199,0.43443065881729126,0.13802550733089447,0,1,1,1,0.0,0.13872433449967514,0.17399912235951656,0.1
2224,2224,35,0,0.0,0.9999947547912598,0.3219713667506141,14.308385446217141,3.2,0.2057204923228425,3,0.40941858412328763,GOOD,40.19291179453421,39.7711803070863,0.9942795076771574,0,0.0,80.0,1,1,1,35,0.9999947547912598,1,35,1,0.11473212391138077,0.34148746728897095,0.45973750948905945,0.08404293656349182,1,1,1,0,0.1,0.11711762254559444,0.1923009615776932,0.0
2225,2225,35,0,0.0,0.9999971389770508,0.4158512034684942,16.510407070956454,0.20000000000000018,0.0,3,0.4652944880104807,GOOD,97.93940605815193,96.05463298774968,2.4013658246937424,0,0.0,80.0,1,1,1,35,0.9999971389770508,1,35,1,0.06507391482591629,0.15380722284317017,0.6529548764228821,0.12816397845745087,0,1,1,1,0.0,0.1,0.2652944880104807,0.1
2226,2226,35,1,6.2,0.9999940395355225,0.5044201058241934,19.52883289428443,0.0,0.0,3,0.5124542755601477,GOOD,91.92776094108261,91.53829158644179,2.2884572896610447,0,0.0,80.0,1,1,1,35,0.9999940395355225,1,35,1,9.99999993922529e-09,0.8119757771492004,0.1287352293729782,0.05928901955485344,0,1,1,1,0.0,0.3124542755601477,0.1,0.1
2227,2227,35,0,0.0,0.9999980926513672,0.46063868240227485,18.24886224619902,3.2,0.0,3,0.48971017659503746,GOOD,100.68433553716679,99.81038608739442,2.4952596521848607,0,0.0,80.0,1,1,1,35,0.9999980926513672,1,35,1,0.013183549046516418,0.7331503033638,0.14271095395088196,0.110955148935318,0,1,1,1,0.0,0.2897101765950375,0.1,0.1
2228,2228,36,0,0.0,0.9993461966514587,0.33138723360693884,15.247091480098277,0.20000000000000018,0.0,3,0.4153620490893305,WEAK,11.6171458785813,10.761863365312031,0.2690465841328008,0,0.0,80.0,1,1,1,36,0.9993461966514587,1,36,1,0.01360906008630991,0.4371672570705414,0.16405104100704193,0.38517269492149353,0,1,1,1,0.0,0.1739735712133059,0.1,0.14138847787602463
2229,2229,36,1,6.2,0.9830639958381653,0.33375570984193575,14.939645127095753,0.0,0.0,3,0.4168437350109959,WEAK,5.652052306508297,4.625049584802389,0.11562623962005975,0,0.0,80.0,1,1,1,36,0.9830639958381653,1,21,0,0.06614592671394348,0.5073767304420471,0.2122458666563034,0.2142314910888672,0,1,1,1,0.0,0.21684373501099588,0.1,0.1
2230,2230,36,0,0.0,0.9999349117279053,0.4561114948901035,18.157315837859475,3.2,1.0227366758130016,3,0.48729778262529827,WEAK,8.142298483784664,7.090532967479934,0.17726332418699836,0,0.0,80.0,1,1,1,36,0.9999349117279053,1,36,1,0.021184146404266357,0.011984927579760551,0.24180829524993896,0.7250226736068726,1,0,1,1,0.1,0.0,0.1,0.28729778262529826
2231,2231,36,0,0.0,0.9995532631874084,0.4780332116432699,17.256377387228973,0.20000000000000018,0.6454013166868573,3,0.4988706590137963,WEAK,16.091438899617657,15.093414365045776,0.3773353591261444,0,0.0,80.0,1,1,1,36,0.9995532631874084,1,36,1,0.04540626332163811,0.11472786962985992,0.07544559985399246,0.7644202709197998,0,1,1,1,0.0,0.1,0.1,0.2988706590137963
2232,2232,36,1,6.2,0.9988197684288025,0.32044688499001345,15.447603316855453,0.0,0.0,3,0.40844816905509995,GOOD,49.156215773591185,48.767885296538886,1.2191971324134723,0,0.0,80.0,1,1,1,36,0.9988197684288025,1,36,1,0.014426643960177898,0.20627634227275848,0.29531270265579224,0.4839843213558197,0,1,1,1,0.0,0.1,0.1,0.2084481690550999
2233,2233,36,0,0.0,0.999992847442627,0.40112878914129285,16.239052729267208,3.2,0.0,3,0.4569838400664615,GOOD,50.91693041710787,50.49823730284368,1.262455932571092,0,0.0,80.0,1,1,1,36,0.999992847442627,1,36,1,0.15441635251045227,0.15661653876304626,0.06226445734500885,0.6267026662826538,1,1,0,1,0.1,0.1,0.0,0.25698384006646147
2234,2234,36,0,0.0,0.9376401305198669,0.3058811221859705,14.520906318773893,0.20000000000000018,0.0,3,0.39905730373844606,GOOD,48.727197094198935,47.833871683222576,1.1958467920805644,0,0.0,80.0,1,1,1,36,0.9376401305198669,1,36,1,0.2674751579761505,0.06035615876317024,0.45846039056777954,0.21370829641819,1,0,1,1,0.1,0.0,0.19905730373844607,0.1
2235,2235,36,1,6.2,0.7212801575660706,0.4042966526157802,16.834633035287442,0.0,0.0,3,0.458784777200384,GOOD,71.08284243650257,70.36219436744885,1.7590548591862214,0,0.0,80.0,1,1,0,4,0.7212801575660706,0,36,1,0.012008474208414555,0.0031515213195234537,0.6047115921974182,0.3801284730434418,1,0,1,1,0.1,0.0,0.24310508299018432,0.11567969421019966
2236,2236,36,0,0.0,0.9996833801269531,0.3310266775617371,15.222720469632984,3.2,0.0,3,0.41513602641771796,GOOD,108.34648253156745,107.10046538843363,2.677511634710841,0,0.0,80.0,1,1,1,36,0.9996833801269531,1,36,1,0.012619812972843647,0.41269171237945557,0.16584812104701996,0.4088402986526489,0,1,1,1,0.0,0.15877551452145258,0.1,0.1563605118962654
2237,2237,36,0,0.0,0.4394620358943939,0.4428034942246282,17.756200349713197,0.20000000000000018,0.0,3,0.48013619466050206,GOOD,112.87083224764781,110.97916292872156,2.774479073218039,0,0.0,80.0,1,1,0,36,0.4394620358943939,1,36,1,0.2565698027610779,0.7011578679084778,0.03350517153739929,0.00876716710627079,1,1,1,0,0.1,0.2801361946605021,0.1,0.0
2238,2238,36,1,6.2,0.9998650550842285,0.5351741971227063,19.940522522997707,0.0,0.0,3,0.5278451185141984,GOOD,58.048736338547535,57.87096427604824,1.4467741069012061,0,0.0,80.0,1,1,1,36,0.9998650550842285,1,36,1,0.03880997747182846,0.06377467513084412,0.029843883588910103,0.8675714135169983,1,1,0,1,0.1,0.1,0.0,0.3278451185141984
2239,2239,36,0,0.0,0.994457483291626,0.5239997699905979,19.959988756549055,3.2,0.0,3,0.5223053503496317,GOOD,77.49138050731167,76.43174366736318,1.9107935916840795,0,0.0,80.0,1,1,1,36,0.994457483291626,1,36,1,0.022646695375442505,0.8473507165908813,0.006056318990886211,0.12394628673791885,1,1,0,1,0.1,0.3223053503496317,0.0,0.1
2240,2240,36,0,0.0,0.9996376037597656,0.2357234291952519,12.663921859805143,0.20000000000000018,0.0,3,0.35031626485258793,GOOD,63.62508058758007,63.26286245264551,1.5815715613161379,0,0.0,80.0,1,1,1,36,0.9996376037597656,1,36,1,0.2966633439064026,0.13383075594902039,0.3093610107898712,0.2601449489593506,1,0,1,1,0.12044052835725311,0.0,0.12987573649533482,0.1
2241,2241,36,1,6.2,0.9996002316474915,0.5796202691204695,21.60523296598345,0.0,0.0,3,0.549326700219237,GOOD,61.88394508211979,61.0580477978289,1.5264511949457225,0,0.0,80.0,1,1,1,36,0.9996002316474915,1,36,1,0.0011232213582843542,0.007281091529875994,0.04338447004556656,0.9482111930847168,0,1,1,1,0.0,0.1,0.1,0.34932670021923695
2242,2242,36,0,0.0,0.6368379592895508,0.30064248626493884,13.384172466801871,3.2,0.0,3,0.39562534276937866,GOOD,77.76311568425955,76.6374171861698,1.915935429654245,0,0.0,80.0,1,1,0,36,0.6368379592895508,1,33,0,0.03461947292089462,0.2319900393486023,0.28408896923065186,0.449301540851593,0,1,1,1,0.0,0.1,0.1,0.19562534276937862
2243,2243,36,0,0.0,0.9976379871368408,0.48711958127987065,19.0741195539932,0.20000000000000018,0.0,3,0.5035895626037616,GOOD,97.02973775736073,96.5931655556137,2.4148291388903425,0,0.0,80.0,1,1,1,36,0.9976379871368408,1,36,1,0.0006732912152074277,0.2173057347536087,0.0012407468166202307,0.7807801961898804,0,1,1,1,0.0,0.1,0.1,0.3035895626037616
2244,2244,36,1,6.2,0.9903171062469482,0.34278910374776606,15.003957415623647,0.0,0.0,3,0.42244719495073474,GOOD,97.20992187656142,96.6915874774795,2.4172896869369875,0,0.0,80.0,1,1,1,36,0.9903171062469482,1,36,1,0.46419885754585266,0.04388817399740219,0.10824628919363022,0.38366666436195374,1,0,1,1,0.18603520812883936,0.0,0.1,0.13641198682189537
2245,2245,36,0,0.0,0.9999275207519531,0.36495669445176765,15.422680593779603,3.2,0.0,3,0.4358926978152139,GOOD,108.42493342995213,107.88384390220709,2.6970960975551774,0,0.0,80.0,1,1,1,36,0.9999275207519531,1,36,1,0.37926679849624634,0.0434754379093647,0.059158649295568466,0.5180991291999817,1,0,1,1,0.12649211605312313,0.0,0.1,0.20940058176209078
2246,2246,36,0,0.0,0.999954104423523,0.5508351177580892,20.498987481331525,0.20000000000000018,0.0,3,0.5355126528991465,GOOD,116.31733737175097,114.30215829923108,2.857553957480777,0,0.0,80.0,1,1,1,36,0.999954104423523,1,36,1,0.042005326598882675,0.8959476947784424,0.041013140231370926,0.021033819764852524,1,1,1,0,0.1,0.33551265289914656,0.1,0.0
2247,2247,36,1,6.2,0.9986146688461304,0.35757849453002444,15.68256966757831,0.0,0.0,3,0.43146405650339525,GOOD,88.57661863905108,86.81966573986503,2.170491643496626,0,0.0,80.0,1,1,1,36,0.9986146688461304,1,36,1,0.10052725672721863,0.01856454648077488,0.37068232893943787,0.5102258920669556,1,0,1,1,0.1,0.0,0.1236377519410728,0.20782630456232246
2248,2248,36,0,0.0,0.9967973828315735,0.5491455871563681,20.40429759050845,3.2,0.0,3,0.5346907555390472,GOOD,49.202208194429325,49.15750232532823,1.2289375581332058,0,0.0,80.0,1,1,1,36,0.9967973828315735,1,36,1,0.01956821046769619,0.05135280638933182,0.892884373664856,0.03619459271430969,0,1,1,1,0.0,0.1,0.33469075553904726,0.1
2249,2249,36,0,0.0,0.9916348457336426,0.43429851609856823,17.50998348240884,0.20000000000000018,0.0,3,0.47550282254199283,GOOD,73.8902660321477,73.52552462917261,1.8381381157293153,0,0.0,80.0,1,1,1,36,0.9916348457336426,1,36,1,0.1358395367860794,0.6859278678894043,0.1588267832994461,0.019405802711844444,1,1,1,0,0.1,0.2755028225419929,0.1,0.0
2250,2250,36,1,6.2,0.43118950724601746,0.40311467778026433,16.84447938383409,0.0,0.0,3,0.4581136499771986,GOOD,100.58982932371619,99.65384632202178,2.4913461580505447,0,0.0,80.0,1,1,0,19,0.43118950724601746,0,36,1,0.37496963143348694,0.013871130533516407,0.00391061045229435,0.6072486639022827,1,1,0,1,0.11306431637827288,0.1,0.0,0.24504933359892575
2251,2251,36,0,0.0,0.9982998967170715,0.5855055116016661,21.79066564086718,3.2,0.0,3,0.5521084833484182,GOOD,98.79404710221594,96.86951110506934,2.4217377776267335,0,0.0,80.0,1,1,1,36,0.9982998967170715,1,36,1,0.0001939715730259195,0.03293658420443535,0.00795634277164936,0.9589130282402039,0,1,1,1,0.0,0.1,0.1,0.35210848334841816
2252,2252,36,0,0.0,0.6586381196975708,0.6035802378347214,22.310275095685846,0.20000000000000018,0.0,3,0.5605655862300059,GOOD,60.36377694288073,59.56811085245994,1.4892027713114986,0,0.0,80.0,1,1,0,25,0.6586381196975708,0,36,1,0.991813600063324,0.0014300852781161666,0.006039307452738285,0.000716938404366374,1,1,1,0,0.3605655862300059,0.1,0.1,0.0
2253,2253,36,1,6.2,0.9964854717254639,0.47226001071064333,18.38094019031558,0.0,0.0,3,0.4958490811548334,GOOD,119.28853795436785,118.66583721204344,2.966645930301086,0,0.0,80.0,1,1,1,36,0.9964854717254639,1,36,1,0.023993991315364838,0.09902981668710709,0.7540346384048462,0.12294147908687592,0,1,1,1,0.0,0.1,0.29584908115483344,0.1
2254,2254,36,0,0.0,0.9999809265136719,0.5529647481586234,20.523088198462833,3.2,0.0,3,0.5365468497237413,GOOD,107.93228969596522,107.5859033266948,2.6896475831673703,0,0.0,80.0,1,1,1,36,0.9999809265136719,1,36,1,0.02365010231733322,0.03075769543647766,0.045782554894685745,0.8998096585273743,0,1,1,1,0.0,0.1,0.1,0.3365468497237414
2255,2255,36,0,0.0,0.9971516728401184,0.5156001388939992,19.741267605425424,0.20000000000000018,0.0,3,0.5181022034487504,GOOD,40.979653263265796,40.61741186588518,1.0154352966471296,0,0.0,80.0,1,1,1,36,0.9971516728401184,1,36,1,0.048484332859516144,0.005651756189763546,0.11369769275188446,0.8321661353111267,1,0,1,1,0.1,0.0,0.1,0.3181022034487503
2256,2256,36,1,6.2,0.39042356610298157,0.44074005216252354,17.06547861042455,0.0,0.0,3,0.47901618305105725,GOOD,69.92725706069888,69.10717152287832,1.727679288071958,0,0.0,80.0,1,1,0,34,0.39042356610298157,0,34,0,0.0692431628704071,0.1683839112520218,0.6974612474441528,0.06491165608167648,1,1,1,0,0.1,0.1,0.27901618305105724,0.0
2257,2257,36,0,0.0,0.999800980091095,0.5930270898442714,22.01417054924626,3.2,0.0,3,0.5556434418277656,GOOD,66.15912914402313,65.39266255036321,1.6348165637590804,0,0.0,80.0,1,1,1,36,0.999800980091095,1,36,1,0.00034354496165178716,0.015554716810584068,0.011503522284328938,0.9725981950759888,0,1,1,1,0.0,0.1,0.1,0.3556434418277655
2258,2258,36,0,0.0,0.9999916553497314,0.358766794838748,14.413669034134763,0.20000000000000018,0.0,3,0.43218037981251733,GOOD,101.83963160811025,101.7566663944705,2.543916659861763,0,0.0,80.0,1,1,1,36,0.9999916553497314,1,36,1,0.15453211963176727,0.159064382314682,0.13489629328250885,0.5515071749687195,1,1,0,1,0.1,0.1,0.0,0.23218037981251735
2259,2259,36,1,6.2,0.9990664124488831,0.5183295793398291,19.824007044379613,0.0,0.0,3,0.5194717361937999,WEAK,2.8396442766550294,2.446882368008896,0.061172059200222395,0,0.0,80.0,1,1,1,36,0.9990664124488831,1,36,1,0.005249449051916599,0.059188514947891235,0.8370988965034485,0.09846314042806625,0,1,1,1,0.0,0.1,0.3194717361938,0.1
2260,2260,36,0,0.0,0.9999828338623047,0.3066932046834914,14.791195865784555,3.2,0.8253110554544301,3,0.39958668038529876,WEAK,16.155024152641687,14.987557781822792,0.37468894454556984,0,0.0,80.0,1,1,1,36,0.9999828338623047,1,36,1,0.365592360496521,0.02627740055322647,0.2068309634923935,0.40129926800727844,1,0,1,1,0.13816282114204545,0.0,0.1,0.16142385924325328
2261,2261,36,0,0.0,0.999657392501831,0.39925947366548326,16.85879550792515,0.20000000000000018,0.46499656770358094,3,0.4559177927763239,WEAK,15.53792478929049,14.412579510033964,0.3603144877508491,0,0.0,80.0,1,1,1,36,0.999657392501831,1,36,1,0.014595813117921352,0.3290340304374695,0.0329965241253376,0.6233735680580139,0,1,1,1,0.0,0.1,0.1,0.25591779277632387
2262,2262,36,1,6.2,0.9634742736816406,0.5228804764999957,19.864105569404494,0.0,0.14176371776276908,3,0.5217472150814308,WEAK,15.169665623796774,12.929313997632473,0.32323284994081186,0,0.0,80.0,1,1,1,36,0.9634742736816406,1,36,1,0.01118097361177206,0.8453265428543091,0.0326007604598999,0.11089173704385757,0,1,1,1,0.0,0.3217472150814309,0.1,0.1
2263,2263,36,0,0.0,0.9999500513076782,0.3608748070496766,15.520802203528268,3.2,1.1914687846506147,3,0.43344820503033765,WEAK,7.47128465634954,6.011797324486177,0.15029493311215444,0,0.0,80.0,1,1,1,36,0.9999500513076782,1,36,1,0.05931301787495613,0.052423927932977676,0.3405279815196991,0.5477350950241089,1,0,1,1,0.1,0.0,0.10450477488166596,0.22894343014867166
2264,2264,36,0,0.0,0.9999722242355347,0.4356311357193093,17.70605375205387,0.20000000000000018,1.1272690480783916,3,0.47623179008547956,WEAK,2.8002345758548497,2.5679894628889217,0.06419973657222304,0,0.0,80.0,1,1,1,36,0.9999722242355347,1,36,1,0.010309120640158653,0.6883130669593811,0.08838962763547897,0.21298812329769135,0,1,1,1,0.0,0.2762317900854796,0.1,0.1
2265,2265,36,1,6.2,0.9707169532775879,0.3821102100320901,15.827342630881107,0.0,0.675178761475441,3,0.44601888492081,WEAK,19.990809277302546,18.08361146411802,0.4520902866029506,0,0.0,80.0,1,1,1,36,0.9707169532775879,1,36,1,0.08483080565929413,0.2578444480895996,0.5928778052330017,0.06444694846868515,1,1,1,0,0.1,0.1,0.24601888492080995,0.0
2266,2266,36,0,0.0,0.999955415725708,0.6052383553272844,22.37998102253535,3.2,0.0,3,0.561335033328086,GOOD,81.03372620442687,80.89822908692292,2.022455727173073,0,0.0,80.0,1,1,1,36,0.999955415725708,1,36,1,0.0012540719471871853,0.0034501540940254927,0.0004615004872903228,0.9948342442512512,1,1,0,1,0.1,0.1,0.0,0.3613350333280859
2267,2267,36,0,0.0,0.9999622106552124,0.5623846542946064,20.934092799107447,0.20000000000000018,0.0,3,0.5410976618521974,GOOD,119.39065408751513,117.70810901410854,2.9427027253527136,0,0.0,80.0,1,1,1,36,0.9999622106552124,1,36,1,0.034144606441259384,0.0355803407728672,0.013373847119510174,0.9169012308120728,1,1,0,1,0.1,0.1,0.0,0.3410976618521975
2268,2268,36,1,6.2,0.9804239273071289,0.4825168672555352,18.701468488753342,0.0,0.0,3,0.5012047476956176,GOOD,75.89493748734368,75.6344091215147,1.8908602280378675,0,0.0,80.0,1,1,1,36,0.9804239273071289,1,36,1,0.17284539341926575,0.019231077283620834,0.03543265536427498,0.772490918636322,1,0,1,1,0.1,0.0,0.1,0.30120474769561756
2269,2269,36,0,0.0,0.9897496104240417,0.33883125663829344,14.929378478939764,3.2,0.0,3,0.42000132424667125,GOOD,86.96523306790417,86.08574342200977,2.1521435855502444,0,0.0,80.0,1,1,1,36,0.9897496104240417,1,36,1,0.066314697265625,0.18050549924373627,0.23686493933200836,0.5163148045539856,0,1,1,1,0.0,0.1,0.1,0.2200013242466712
2270,2270,36,0,0.0,0.8834853768348694,0.5778990098090656,21.26271608211468,0.20000000000000018,0.0,3,0.5485104445046304,GOOD,111.38449825854877,110.83496756015852,2.770874189003963,0,0.0,80.0,1,1,1,33,0.8834853768348694,0,36,1,0.021025175228714943,0.9450822472572327,0.0010226932354271412,0.03286987915635109,1,1,0,1,0.1,0.3485104445046304,0.0,0.1
2271,2271,36,1,6.2,0.9907804131507874,0.44689336303872845,18.03091046636306,0.0,0.0,3,0.4823484406958697,WEAK,11.323851905973719,10.318008068431569,0.25795020171078925,0,0.0,80.0,1,1,1,36,0.9907804131507874,1,36,1,0.024598849937319756,0.7084877490997314,0.005509600974619389,0.26140379905700684,1,1,0,1,0.1,0.28234844069586973,0.0,0.1
2272,2272,36,0,0.0,0.9999892711639404,0.2955494743250969,14.19012626237528,3.2,1.1428491346301106,3,0.39225999827926683,WEAK,2.639538524522405,2.2860346147955704,0.05715086536988926,0,0.0,80.0,1,1,1,36,0.9999892711639404,1,36,1,0.06116704270243645,0.19704340398311615,0.3824080526828766,0.3593814969062805,0,1,1,1,0.0,0.1,0.15377034154755934,0.1384896567317075
2273,2273,36,0,0.0,0.9309720993041992,0.3769516243599568,16.040979447665617,0.20000000000000018,0.9984535594747062,3,0.44299796992038254,WEAK,7.039598368810578,5.775823006216178,0.14439557515540444,0,0.0,80.0,1,1,1,36,0.9309720993041992,1,36,1,0.03616964444518089,0.0397450253367424,0.34751996397972107,0.5765653848648071,0,1,1,1,0.0,0.1,0.1042047687302324,0.23879320119015016
2274,2274,36,1,6.2,0.849901020526886,0.312972455145791,15.21423386457453,0.0,0.5969492237589968,3,0.40365653218230446,WEAK,17.117737089171307,16.06017342862837,0.4015043357157093,0,0.0,80.0,1,1,1,36,0.849901020526886,1,36,1,0.2997606694698334,0.023215055465698242,0.47087621688842773,0.20614804327487946,1,0,1,1,0.1,0.0,0.20365653218230448,0.1
2275,2275,36,0,0.0,0.9999881982803345,0.5016979593590087,19.30821386798721,3.2,1.6149470144185643,3,0.5110696531982132,WEAK,8.857722510234346,7.280088373617303,0.1820022093404326,0,0.0,80.0,1,1,1,36,0.9999881982803345,1,36,1,0.010699664242565632,0.8070634007453918,0.0709686130285263,0.11126842349767685,0,1,1,1,0.0,0.3110696531982132,0.1,0.1
2276,2276,36,0,0.0,0.999983549118042,0.5988886067472335,22.157583450661555,0.20000000000000018,0.0,3,0.55838269702094,GOOD,110.03505918353932,109.52948874099604,2.738237218524901,0,0.0,80.0,1,1,1,36,0.999983549118042,1,36,1,0.0032710155937820673,0.0026992112398147583,0.010760877281427383,0.9832689166069031,1,0,1,1,0.1,0.0,0.1,0.35838269702094006
2277,2277,36,1,6.2,0.9612730741500854,0.27050242951653264,14.129805178664219,0.0,0.0,3,0.37527057399293073,GOOD,68.21875234082702,68.05758386485957,1.7014395966214892,0,0.0,80.0,1,1,1,36,0.9612730741500854,1,36,1,0.2651454210281372,0.049685753881931305,0.3497154712677002,0.3354533314704895,1,0,1,1,0.1,0.0,0.14258178729004178,0.13268878670288892
2278,2278,36,0,0.0,0.4531072676181793,0.52016114461969,19.13064539077483,3.2,0.9907742167839868,3,0.5203887274380277,WEAK,9.887209233539842,8.369031328640524,0.20922578321601312,0,0.0,80.0,1,1,0,22,0.4531072676181793,0,36,1,0.06558219343423843,0.06937765330076218,0.02463044412434101,0.8404097557067871,1,1,0,1,0.1,0.1,0.0,0.3203887274380277
2279,2279,36,0,0.0,0.9996359348297119,0.29889177742545375,14.80673676608082,0.20000000000000018,0.7542959040269976,3,0.3944717532228631,WEAK,11.030886503339733,9.459132510279566,0.23647831275698916,0,0.0,80.0,1,1,1,36,0.9996359348297119,1,36,1,0.038250431418418884,0.2896037697792053,0.4462432861328125,0.2259025126695633,0,1,1,1,0.0,0.1,0.19447175322286306,0.1
2280,2280,36,1,6.2,0.9895465970039368,0.4566752790659981,17.8816775465975,0.0,0.43696843289639925,3,0.48759885586935614,WEAK,14.587622762493972,12.693098845223934,0.3173274711305984,0,0.0,80.0,1,1,1,36,0.9895465970039368,1,36,1,0.7260345816612244,0.0328521803021431,0.14626966416835785,0.09484358131885529,1,0,1,1,0.2875988558693562,0.0,0.1,0.1
2281,2281,36,0,0.0,0.5750888586044312,0.3727294037564251,16.405754662966498,3.2,1.351211637086553,3,0.4405099817500876,WEAK,12.915097049162387,11.43027183239385,0.28575679580984625,0,0.0,80.0,1,1,0,23,0.5750888586044312,0,36,1,0.5762324929237366,0.3205834925174713,0.007844715379178524,0.095339335501194,1,1,0,1,0.24050998175008756,0.1,0.0,0.1
2282,2282,36,0,0.0,0.9999316930770874,0.5661789611172763,21.15919460489115,0.20000000000000018,1.142451358278517,3,0.5429199370604509,WEAK,9.984256402954944,8.350411152321442,0.20876027880803605,0,0.0,80.0,1,1,1,36,0.9999316930770874,1,36,1,0.005013459827750921,0.026410484686493874,0.044786252081394196,0.9237897992134094,0,1,1,1,0.0,0.1,0.1,0.3429199370604509
2283,2283,36,0,0.0,0.9998466968536377,0.4349379316891999,17.688658484265854,0.0,1.142451358278517,3,0.4758527340413056,DOWN,0.0,0.0,0.0,1,0.0,80.0,1,1,1,36,0.9998466968536377,1,36,1,0.058888569474220276,0.010127898305654526,0.24391131103038788,0.6870722770690918,1,0,1,1,0.1,0.0,0.1,0.2758527340413056
2284,2284,36,0,0.0,0.6808909177780151,0.6068922925871556,22.433322921958002,0.0,1.142451358278517,3,0.5621014912982888,DOWN,0.0,0.0,0.0,1,0.0,80.0,1,1,0,36,0.6808909177780151,1,36,1,7.283869490493089e-05,0.9978476762771606,0.0005269304965622723,0.001552604604512453,0,1,1,1,0.0,0.36210149129828884,0.1,0.1
2285,2285,36,0,0.0,0.9999724626541138,0.42684671249370343,17.14627540636178,0.0,1.142451358278517,3,0.4714057731995702,DOWN,0.0,0.0,0.0,1,0.0,80.0,1,1,1,36,0.9999724626541138,1,36,1,0.09729070216417313,0.6725981831550598,0.036478668451309204,0.19363246858119965,1,1,0,1,0.1,0.27140577319957027,0.0,0.1
2286,2286,36,0,0.0,0.9999916553497314,0.5991185568081676,22.134448616990873,0.0,1.142451358278517,3,0.5584898854120302,DOWN,0.0,0.0,0.0,1,0.0,80.0,1,1,1,36,0.9999916553497314,1,36,1,0.00488735968247056,0.004934974946081638,0.006489987950772047,0.9836876392364502,0,1,1,1,0.0,0.1,0.1,0.3584898854120301
2287,2287,36,0,0.0,0.9997907280921936,0.600612782907778,22.22830063740645,0.0,1.142451358278517,3,0.5591858999787054,DOWN,0.0,0.0,0.0,1,0.0,80.0,1,1,1,36,0.9997907280921936,1,36,1,0.0020680346060544252,0.010265609249472618,0.001257756375707686,0.9864087104797363,1,1,0,1,0.1,0.1,0.0,0.3591858999787054
2288,2288,36,1,6.2,0.9989179372787476,0.48828196759301945,19.07450675961824,0.0,0.0,3,0.5041900484466487,GOOD,78.3214765851138,77.91842680258361,1.9479606700645904,0,0.0,80.0,1,1,1,36,0.9989179372787476,1,36,1,0.002806088188663125,0.07445938885211945,0.7828742861747742,0.13986024260520935,0,1,1,1,0.0,0.1,0.30419004844664876,0.1
2289,2289,36,0,0.0,0.9956527948379517,0.5315127872785707,20.238036928678873,3.2,0.0,3,0.5260363857104382,GOOD,117.33900597376608,115.31174334257483,2.882793583564371,0,0.0,80.0,1,1,1,36,0.9956527948379517,1,36,1,0.0005297833704389632,0.13763870298862457,0.0008880774257704616,0.8609434366226196,0,1,1,1,0.0,0.1,0.1,0.32603638571043814
2290,2290,36,0,0.0,0.9999083280563354,0.4443734502796859,17.920300500137593,0.20000000000000018,0.0,3,0.4809866009651842,GOOD,60.332183049520545,59.49600890491014,1.4874002226227536,0,0.0,80.0,1,1,1,36,0.9999083280563354,1,36,1,0.7039710879325867,0.21372902393341064,0.009150082245469093,0.07314984500408173,1,1,0,1,0.28098660096518424,0.1,0.0,0.1
2291,2291,36,1,6.2,0.9978260397911072,0.28018529202745035,14.485573994199928,0.0,0.0,3,0.3819280833118819,GOOD,104.26796267381596,102.18360833373296,2.554590208343324,0,0.0,80.0,1,1,1,36,0.9978260397911072,1,36,1,0.03813435882329941,0.39952588081359863,0.2547735869884491,0.30756619572639465,0,1,1,1,0.0,0.17230221969981116,0.1,0.10962586361207069
2292,2292,36,0,0.0,0.9999908208847046,0.36994667884346316,16.0157655157593,3.2,0.0,3,0.438862520349749,GOOD,59.552243478243824,59.23377893675334,1.4808444734188335,0,0.0,80.0,1,1,1,36,0.9999908208847046,1,36,1,0.00016489681729581207,0.39800310134887695,0.09134837239980698,0.5104836821556091,0,1,1,1,0.0,0.1360727290633319,0.1,0.20278979128641708
2293,2293,36,0,0.0,0.9999814033508301,0.5812089648119596,21.55148921461261,0.20000000000000018,0.0,3,0.5500790167066638,GOOD,71.52369572001243,71.49876963664384,1.7874692409160962,0,0.0,80.0,1,1,1,36,0.9999814033508301,1,36,1,0.008796576410531998,0.008364717476069927,0.03173909708857536,0.9510995745658875,1,0,1,1,0.1,0.0,0.1,0.35007901670666386
2294,2294,36,1,6.2,0.9921108484268188,0.5901386465948109,21.859181236458905,0.0,0.0,3,0.5542886102849993,GOOD,61.735659781813624,61.53827510290714,1.5384568775726786,0,0.0,80.0,1,1,1,36,0.9921108484268188,1,36,1,0.005296872928738594,0.005425949115306139,0.021935410797595978,0.9673417806625366,0,1,1,1,0.0,0.1,0.1,0.35428861028499925
2295,2295,36,0,0.0,0.9780027270317078,0.3089918920942688,13.781864531520444,3.2,0.009768425418847704,3,0.40108135026258873,GOOD,48.44838326943203,47.60926298324609,1.1902315745811523,0,0.0,80.0,1,1,1,36,0.9780027270317078,1,36,1,0.3284836411476135,0.4435795545578003,0.11691159009933472,0.1110251396894455,1,1,1,0,0.1131911317117375,0.18789021855085128,0.1,0.0
2296,2296,36,0,0.0,0.999842643737793,0.5569619978550672,20.829020764115285,0.20000000000000018,0.0,3,0.5384826419993729,GOOD,48.68724935772541,48.67740806337353,1.2169352015843382,0,0.0,80.0,1,1,1,36,0.999842643737793,1,36,1,0.008867975324392319,0.0196699071675539,0.06440158188343048,0.9070605039596558,0,1,1,1,0.0,0.1,0.1,0.33848264199937284
2297,2297,36,1,6.2,0.5438471436500549,0.5193573320024264,19.855490331699112,0.0,0.0,3,0.5199864898298749,GOOD,60.529339675083364,59.91254739239605,1.4978136848099013,0,0.0,80.0,1,1,0,27,0.5438471436500549,0,36,1,0.011073959060013294,0.004965233150869608,0.14500418305397034,0.8389566540718079,1,0,1,1,0.1,0.0,0.1,0.319986489829875
2298,2298,36,0,0.0,0.99952232837677,0.5561998842389527,20.916105891905026,3.2,0.0,3,0.538114102100959,GOOD,118.82367385889994,118.5257003520573,2.9631425088014325,0,0.0,80.0,1,1,1,36,0.99952232837677,1,36,1,0.010213849134743214,0.08259469270706177,0.0015136399306356907,0.905677855014801,1,1,0,1,0.1,0.1,0.0,0.33811410210095894
2299,2299,36,0,0.0,0.9998441934585571,0.5569287836013191,20.947322604512877,0.20000000000000018,0.0,3,0.5384665856384063,GOOD,108.13196018675727,107.60235807149047,2.690058951787262,0,0.0,80.0,1,1,1,36,0.9998441934585571,1,36,1,0.0010358764557167888,0.06732601672410965,0.9070002436637878,0.024637794122099876,0,1,1,1,0.0,0.1,0.33846658563840637,0.1
2300,2300,36,1,6.2,0.999504566192627,0.5203888998504367,19.87462702219591,0.0,0.0,3,0.5205026424093553,GOOD,104.67996127125863,104.10769757668345,2.6026924394170865,0,0.0,80.0,1,1,1,36,0.999504566192627,1,36,1,0.00558251840993762,0.008638055063784122,0.14495797455310822,0.8408215045928955,0,1,1,1,0.0,0.1,0.1,0.3205026424093552
2301,2301,36,0,0.0,0.9998980760574341,0.2978471705738905,12.95410070893336,3.2,0.0,3,0.39378182363077074,GOOD,74.23309763919599,74.21448709031618,1.8553621772579048,0,0.0,80.0,1,1,1,33,0.9998980760574341,0,33,0,0.44441911578178406,0.1401442289352417,0.14525096118450165,0.270185649394989,1,0,1,1,0.19378182363077076,0.0,0.1,0.1
2302,2302,36,1,6.2,0.768596351146698,0.36436754126185655,14.925514558545103,0.20000000000000018,0.0,3,0.43554072276889844,GOOD,91.34505793433767,90.27994849584718,2.2569987123961797,0,0.0,80.0,1,1,0,36,0.768596351146698,1,36,1,0.13406264781951904,0.01586385816335678,0.5614177584648132,0.28865566849708557,1,0,1,1,0.1,0.0,0.23554072276889845,0.1
2303,2303,36,0,0.0,0.9998301267623901,0.3956926775335485,16.539134813436554,3.4000000000000004,0.0,3,0.45387674667604894,GOOD,95.9956948342909,94.69542423229785,2.3673856058074465,0,0.0,80.0,1,1,1,36,0.9998301267623901,1,36,1,0.03257152810692787,0.6170240640640259,0.05628089979290962,0.29412350058555603,0,1,1,1,0.0,0.253876746676049,0.1,0.1
2304,2304,36,0,0.0,0.9788500666618347,0.5590486422893257,20.56160110659585,0.40000000000000036,0.0,3,0.5394904049828677,GOOD,110.4677224648458,109.18759297347475,2.729689824336869,0,0.0,80.0,1,1,1,36,0.9788500666618347,1,36,1,0.0624077245593071,0.017745474353432655,0.009000102058053017,0.9108466506004333,1,1,0,1,0.1,0.1,0.0,0.33949040498286764
2305,2305,36,1,6.2,0.9919493198394775,0.482334987310205,18.253753962113535,0.0,0.0,3,0.501110276714088,GOOD,61.033125770307535,60.884146596060695,1.5221036649015174,0,0.0,80.0,1,1,1,36,0.9919493198394775,1,36,1,0.05119802802801132,0.772163450717926,0.08523780107498169,0.09140077233314514,0,1,1,1,0.0,0.3011102767140881,0.1,0.1
2306,2306,36,0,0.0,0.962416410446167,0.2796166027178986,12.847313712109024,3.2,0.0,3,0.38154028861398204,GOOD,103.51061490041297,102.71144353167074,2.5677860882917685,0,0.0,80.0,1,1,1,36,0.962416410446167,1,36,1,0.2747880220413208,0.41266068816185,0.1399327665567398,0.1726185828447342,1,1,0,1,0.1,0.181540288613982,0.0,0.1
2307,2307,36,0,0.0,0.9327046871185303,0.3696610707989885,15.564594224469817,0.20000000000000018,0.0,3,0.43869308124587636,GOOD,105.46032197230916,105.02562737794638,2.6256406844486597,0,0.0,80.0,1,1,1,36,0.9327046871185303,1,36,1,0.2881220579147339,0.03510742634534836,0.10597674548625946,0.5707938075065613,1,0,1,1,0.1,0.0,0.1,0.23869308124587638
2308,2308,36,1,6.2,0.6364817023277283,0.5922282752324576,21.927019739709053,0.0,0.0,3,0.5552690865255185,GOOD,90.25848062217042,90.07804540042987,2.251951135010747,0,0.0,80.0,1,1,0,36,0.6364817023277283,1,36,1,0.005057097412645817,0.9711443781852722,0.0049100653268396854,0.01888847164809704,1,1,0,1,0.1,0.3552690865255186,0.0,0.1
2309,2309,36,0,0.0,0.999018669128418,0.4857644123201288,18.88810429660825,3.2,0.16786769811761593,3,0.502888580467796,GOOD,42.05630172602194,41.28529207529536,1.032132301882384,0,0.0,80.0,1,1,1,36,0.999018669128418,1,36,1,0.005942715331912041,0.022956162691116333,0.778339147567749,0.19276195764541626,0,1,1,1,0.0,0.1,0.3028885804677961,0.1
2310,2310,36,0,0.0,0.9994149208068848,0.3934951996468951,16.898661196556965,0.20000000000000018,0.0,3,0.45261469057599724,GOOD,92.85270520937055,91.0156418301753,2.2753910457543824,0,0.0,80.0,1,1,1,36,0.9994149208068848,1,36,1,0.003060715738683939,0.045072246342897415,0.6131139397621155,0.3387530446052551,0,1,1,1,0.0,0.1,0.2526146905759973,0.1
2311,2311,36,1,6.2,0.9475096464157104,0.49655832053760574,19.297937272786253,0.0,0.0,3,0.508445090554648,GOOD,82.0075836684944,81.15319596784437,2.028829899196109,0,0.0,80.0,1,1,1,36,0.9475096464157104,1,36,1,0.1784854531288147,0.021777763962745667,0.0019443739438429475,0.797792375087738,1,1,0,1,0.1,0.1,0.0,0.30844509055464797
2312,2312,36,0,0.0,0.9950160384178162,0.355388709932128,14.293284417024044,3.2,0.0,3,0.43014090047182085,GOOD,87.98237247640682,86.29523765316318,2.15738094132908,0,0.0,80.0,1,1,1,36,0.9950160384178162,1,36,1,0.5455344915390015,0.05856991559267044,0.13282783329486847,0.26306775212287903,1,0,1,1,0.23014090047182087,0.0,0.1,0.1
2313,2313,36,0,0.0,0.9991647005081177,0.40958630214533653,17.177270519588063,0.20000000000000018,0.0,3,0.4617762988051017,GOOD,73.938129362659,73.4465223871599,1.8361630596789977,0,0.0,80.0,1,1,1,36,0.9991647005081177,1,36,1,0.0073033650405704975,0.24695558845996857,0.10396440327167511,0.6417766213417053,0,1,1,1,0.0,0.1,0.1,0.26177629880510167
2314,2314,36,1,6.2,0.8039586544036865,0.5072173263527061,19.440190668256673,0.0,0.0,3,0.5138731978308761,GOOD,50.86286605012751,49.99861922766474,1.2499654806916185,0,0.0,80.0,1,1,1,36,0.8039586544036865,1,36,1,0.011679399758577347,0.017527727410197258,0.15376776456832886,0.8170251250267029,0,1,1,1,0.0,0.1,0.1,0.3138731978308761
2315,2315,36,0,0.0,0.6523807644844055,0.27141646835679106,12.81224028489152,3.2,0.0,3,0.3759040666505797,GOOD,97.25033886207342,95.68223436851483,2.3920558592128707,0,0.0,80.0,1,1,0,36,0.6523807644844055,1,36,1,0.3192216753959656,0.13592097163200378,0.17683878540992737,0.36801856756210327,1,0,1,1,0.12105645738970566,0.0,0.1,0.15484760926087401
2316,2316,36,0,0.0,0.9997826218605042,0.6076971157652532,22.460734491978602,0.20000000000000018,0.0,3,0.5624740800012822,GOOD,55.382718091381946,54.44700741560455,1.361175185390114,0,0.0,80.0,1,1,1,36,0.9997826218605042,1,36,1,4.8355432227253914e-05,0.0003070599923375994,0.00033036890090443194,0.9993141889572144,0,1,1,1,0.0,0.1,0.1,0.36247408000128223
2317,2317,36,1,6.2,0.48081544041633606,0.2533209259580059,12.956061863999604,0.0,0.0,3,0.36315703353628603,GOOD,65.65442083860154,64.98472449718695,1.6246181124296737,0,0.0,80.0,1,1,0,27,0.48081544041633606,0,36,1,0.29082199931144714,0.3553302586078644,0.1298072636127472,0.2240404337644577,1,1,0,1,0.1084590014773297,0.15469803205895635,0.0,0.1
2318,2318,36,0,0.0,0.9997658133506775,0.40246970894172673,16.71933856866914,3.2,0.0,3,0.45774702067218315,GOOD,94.64417736309794,94.38447788890892,2.359611947222723,0,0.0,80.0,1,1,1,36,0.9997658133506775,1,36,1,0.02956661768257618,0.2876502275466919,0.053691890090703964,0.6290913224220276,0,1,1,1,0.0,0.1,0.1,0.25774702067218314
2319,2319,36,0,0.0,0.9998856782913208,0.43980794355446806,17.923218500089902,0.20000000000000018,0.0,3,0.47850938610199406,GOOD,111.33614489801631,111.25584323714439,2.78139608092861,0,0.0,80.0,1,1,1,36,0.9998856782913208,1,36,1,0.0014090804615989327,0.14087414741516113,0.1619250774383545,0.6957917213439941,0,1,1,1,0.0,0.1,0.1,0.27850938610199405
2320,2320,36,1,6.2,0.6185587644577026,0.42077598070242167,16.45363109606274,0.0,0.0,3,0.46804153706233326,GOOD,92.84255731081682,91.19420996133395,2.279855249033349,0,0.0,80.0,1,1,0,36,0.6185587644577026,1,36,1,0.07686132937669754,0.0956762433052063,0.165713369846344,0.6617491245269775,0,1,1,1,0.0,0.1,0.1,0.26804153706233325
2321,2321,36,0,0.0,0.9981997013092041,0.5834366877611753,21.640216625967,3.2,0.0,3,0.5511322107669675,GOOD,105.95874169914629,105.48682049601375,2.6371705124003437,0,0.0,80.0,1,1,1,36,0.9981997013092041,1,36,1,0.00647096149623394,0.014117417857050896,0.9551504254341125,0.024261273443698883,0,1,1,1,0.0,0.1,0.35113221076696755,0.1
2322,2322,36,0,0.0,0.9985139966011047,0.5384042987192208,20.28146591229622,0.20000000000000018,0.0,3,0.5294356552366201,GOOD,115.37058191424342,113.32627262706261,2.833156815676565,0,0.0,80.0,1,1,1,36,0.9985139966011047,1,36,1,0.008666698820888996,0.014312777668237686,0.8734205961227417,0.10359986871480942,0,1,1,1,0.0,0.1,0.3294356552366201,0.1
2323,2323,36,1,6.2,0.8488502502441406,0.6054915129407851,22.395007056378972,0.0,0.0,3,0.561452417974404,GOOD,78.03906702358762,77.33504945571023,1.933376236392756,0,0.0,80.0,1,1,1,36,0.8488502502441406,1,36,1,0.000649036664981395,0.0040070051327347755,4.8434038035338745e-05,0.9952954649925232,1,1,0,1,0.1,0.1,0.0,0.3614524179744041
2324,2324,36,0,0.0,0.9999493360519409,0.32148633439778473,14.528772404667212,3.2,0.0,3,0.40911008448012676,GOOD,111.39016831652535,109.56749208751602,2.7391873021879007,0,0.0,80.0,1,1,1,36,0.9999493360519409,1,36,1,0.11918993294239044,0.31319746375083923,0.08180363476276398,0.48580893874168396,1,1,0,1,0.1,0.1,0.0,0.20911008448012677
2325,2325,36,0,0.0,0.9925901889801025,0.3700641173275884,15.012355168356098,0.20000000000000018,0.0,3,0.43893217263002593,GOOD,62.35519781755787,61.927540172569,1.5481885043142252,0,0.0,80.0,1,1,1,36,0.9925901889801025,1,36,1,0.019446443766355515,0.44947710633277893,0.07180514931678772,0.45927131175994873,0,1,1,1,0.0,0.16656186535299597,0.1,0.17237030727702998
2326,2326,36,1,6.2,0.8045373558998108,0.3056061555063503,14.034881225659731,0.0,0.0,3,0.3988779004926593,GOOD,97.74317930445781,96.65496567240524,2.416374141810131,0,0.0,80.0,1,1,1,36,0.8045373558998108,1,36,1,0.138407364487648,0.3128066956996918,0.4516385495662689,0.0971473678946495,1,1,1,0,0.1,0.10413803156878254,0.19473986892387676,0.0
2327,2327,36,0,0.0,0.9924085140228271,0.3517197610899118,15.66018126725869,3.2,0.0,3,0.42791480376895963,GOOD,89.84044576621517,88.08095618708691,2.202023904677173,0,0.0,80.0,1,1,1,36,0.9924085140228271,1,36,1,0.22435122728347778,0.034846484661102295,0.5390517711639404,0.20175059139728546,1,0,1,1,0.1,0.0,0.2279148037689596,0.1
2328,2328,37,0,0.0,0.9995710253715515,0.3144982937297223,15.09067848351763,0.20000000000000018,0.0,3,0.40463931170733913,GOOD,76.67880085002622,75.9209707336708,1.89802426834177,0,0.0,80.0,1,1,1,37,0.9995710253715515,1,37,1,0.033630020916461945,0.47355034947395325,0.31017187237739563,0.18264774978160858,0,1,1,1,0.0,0.2046393117073391,0.1,0.1
2329,2329,37,1,6.2,0.9997938275337219,0.30848050021344103,14.715366271170813,0.0,0.0,3,0.4007493113199936,GOOD,82.52641687978519,81.526234242613,2.038155856065325,0,0.0,80.0,1,1,1,37,0.9997938275337219,1,37,1,0.03451037406921387,0.19457679986953735,0.358808696269989,0.41210415959358215,0,1,1,1,0.0,0.1,0.13306552249871756,0.16768378882127602
2330,2330,37,0,0.0,0.9999271631240845,0.3313504588505932,14.492371757005465,3.2,0.0,3,0.41533900163850057,GOOD,52.37791192071011,51.480836768692555,1.2870209192173139,0,0.0,80.0,1,1,1,37,0.9999271631240845,1,37,1,0.06849154829978943,0.382588654756546,0.10925088077783585,0.4396688938140869,0,1,1,1,0.0,0.13978235982532775,0.1,0.17555664181317285
2331,2331,37,0,0.0,0.9998362064361572,0.37478395891273186,15.89883834846918,0.20000000000000018,0.0,3,0.4417224005534869,GOOD,90.42667096629047,89.29313091259823,2.232328272814956,0,0.0,80.0,1,1,1,37,0.9998362064361572,1,37,1,0.5021745562553406,0.4170854389667511,0.008808517828583717,0.07193142920732498,1,1,0,1,0.19593282371196943,0.14578957684151742,0.0,0.1
2332,2332,37,1,6.2,0.7795578837394714,0.4562521374801689,18.223344509793534,0.0,0.0,3,0.4873729062964429,GOOD,99.19157049852188,97.5240085673861,2.4381002141846526,0,0.0,80.0,1,1,0,37,0.7795578837394714,1,37,1,0.7252750992774963,0.19378040730953217,0.0074814497493207455,0.07346303761005402,1,1,0,1,0.28737290629644296,0.1,0.0,0.1
2333,2333,37,0,0.0,0.9327943921089172,0.46113361420115145,18.349438394806086,3.2,0.0,3,0.4899731897532601,GOOD,75.95657284111951,75.35869355824066,1.8839673389560165,0,0.0,80.0,1,1,1,37,0.9327943921089172,1,37,1,0.26348793506622314,0.7340391278266907,0.0012827715836465359,0.0011901427060365677,1,1,1,0,0.1,0.28997318975326014,0.1,0.0
2334,2334,37,0,0.0,0.9990617632865906,0.5555432218406035,20.910588818388636,0.20000000000000018,0.0,3,0.537796353334255,GOOD,73.47144783273262,73.28143707325451,1.8320359268313628,0,0.0,80.0,1,1,1,37,0.9990617632865906,1,37,1,0.08659045398235321,0.9044865965843201,0.008211095817387104,0.0007118918583728373,1,1,1,0,0.1,0.33779635333425506,0.1,0.0
2335,2335,37,1,6.2,0.9909381866455078,0.46290061201883603,18.132791178804702,0.0,0.0,3,0.4909110456457497,GOOD,71.1555925762097,71.10639323241462,1.7776598308103655,0,0.0,80.0,1,1,1,37,0.9909381866455078,1,37,1,0.12480660527944565,0.7372128367424011,0.11250324547290802,0.025477316230535507,1,1,1,0,0.1,0.29091104564574977,0.1,0.0
2336,2336,37,0,0.0,0.31080156564712524,0.29800924891501135,12.25894632631233,3.2,0.0,3,0.39388895042389915,GOOD,100.15255797921735,98.99490343222865,2.4748725858057163,0,0.0,80.0,1,1,0,37,0.31080156564712524,1,27,0,0.2117966115474701,0.2500169575214386,0.09348434954881668,0.4447021186351776,1,1,0,1,0.1,0.1,0.0,0.19388895042389917
2337,2337,37,0,0.0,0.9742060899734497,0.41304480131092364,15.926814539364663,0.20000000000000018,0.0,3,0.4637217932738592,GOOD,83.41504355046119,81.99017486060397,2.049754371515099,0,0.0,80.0,1,1,1,37,0.9742060899734497,1,37,1,0.6479462385177612,0.032897159457206726,0.14288337528705597,0.17627321183681488,1,0,1,1,0.26372179327385925,0.0,0.1,0.1
2338,2338,37,1,6.2,0.9997811913490295,0.5236101410366404,19.42820721677527,0.0,0.0,3,0.5221111297192165,GOOD,47.86276561137977,46.927521075516275,1.173188026887907,0,0.0,80.0,1,1,1,37,0.9997811913490295,1,37,1,0.05993225425481796,0.8466460704803467,0.04937616363167763,0.04404556751251221,1,1,1,0,0.1,0.3221111297192165,0.1,0.0
2339,2339,37,0,0.0,0.998524010181427,0.42911353305118355,16.59448418939858,3.2,0.0,3,0.47265584412577316,GOOD,87.74704303436948,86.35623220410446,2.1589058051026115,0,0.0,80.0,1,1,1,37,0.998524010181427,1,37,1,0.08894453942775726,0.06536640226840973,0.16903753578662872,0.6766515970230103,1,0,1,1,0.1,0.0,0.1,0.27265584412577315
2340,2340,37,0,0.0,0.9999816417694092,0.5943924939685757,22.053625720604284,0.20000000000000018,0.0,3,0.5562827394763986,GOOD,87.88558338377263,87.24907638617391,2.181226909654348,0,0.0,80.0,1,1,1,37,0.9999816417694092,1,37,1,0.9750834107398987,0.023817094042897224,0.0007213839562609792,0.0003781216510105878,1,1,1,0,0.35628273947639866,0.1,0.1,0.0
2341,2341,37,1,6.2,0.9999666213989258,0.3135933883216841,14.290307920702308,0.0,0.0,3,0.40405675835731447,GOOD,40.676921527146476,40.5997476200517,1.0149936905012926,0,0.0,80.0,1,1,1,37,0.9999666213989258,1,37,1,0.35250768065452576,0.14576691389083862,0.071823850274086,0.4299015402793884,1,1,0,1,0.12709839563839145,0.1,0.0,0.17695836271892304
2342,2342,37,0,0.0,0.9893961548805237,0.5342782530921288,19.94270979706837,3.2,0.0,3,0.527403096288466,GOOD,88.8711821915,87.9364968965191,2.1984124224129777,0,0.0,80.0,1,1,1,37,0.9893961548805237,1,37,1,0.0727948471903801,0.8659493327140808,0.049351565539836884,0.011904184706509113,1,1,1,0,0.1,0.3274030962884661,0.1,0.0
2343,2343,37,0,0.0,0.999798595905304,0.4389057084010399,17.17315461686505,0.20000000000000018,0.0,3,0.47801831990134824,GOOD,95.3537180481934,95.32162935370289,2.3830407338425723,0,0.0,80.0,1,1,1,37,0.999798595905304,1,37,1,0.6941758990287781,0.17689135670661926,0.05399903655052185,0.07493364810943604,1,1,0,1,0.2780183199013483,0.1,0.0,0.1
2344,2344,37,1,6.2,0.9998107552528381,0.39028401568258664,15.878181171912349,0.0,0.0,3,0.45076408803098567,GOOD,102.19141850301023,100.33158147660524,2.508289536915131,0,0.0,80.0,1,1,1,37,0.9998107552528381,1,37,1,0.022266637533903122,0.023999784141778946,0.5030275583267212,0.45070600509643555,0,1,1,1,0.0,0.1,0.19048942497302832,0.16027466305795732
2345,2345,37,0,0.0,0.9998831748962402,0.2784521683796009,13.352635290244992,3.2,0.05560995837656968,3,0.38074501731599086,GOOD,46.51871841107731,45.77560166493721,1.1443900416234303,0,0.0,80.0,1,1,1,37,0.9998831748962402,1,37,1,0.34757351875305176,0.3555978238582611,0.11019769310951233,0.1866310089826584,1,1,0,1,0.13762947544334053,0.14311554187265038,0.0,0.1
2346,2346,37,0,0.0,0.9949259757995605,0.5195408243187191,19.80295732543157,0.20000000000000018,0.0,3,0.5200783390187811,GOOD,73.09282165549756,72.7370712120231,1.8184267803005776,0,0.0,80.0,1,1,1,37,0.9949259757995605,1,37,1,0.8392883539199829,0.005015826318413019,0.0964638814330101,0.05923188105225563,1,0,1,1,0.32007833901878113,0.0,0.1,0.1
2347,2347,37,1,6.2,0.9263415336608887,0.38330557901061935,16.058008460494634,0.0,0.0,3,0.44671598853413097,GOOD,87.28662575158847,85.69823699747813,2.1424559249369532,0,0.0,80.0,1,1,1,37,0.9263415336608887,1,37,1,0.1519358605146408,0.5950007438659668,0.04948987811803818,0.20357346534729004,1,1,0,1,0.1,0.246715988534131,0.0,0.1
2348,2348,37,0,0.0,0.9996421337127686,0.58853618691077,21.866410693928408,3.2,0.0,3,0.5535355423855584,GOOD,65.37988783157874,64.53924850097255,1.6134812125243139,0,0.0,80.0,1,1,1,37,0.9996421337127686,1,37,1,0.025498343631625175,0.9644261598587036,0.008788942359387875,0.0012865344760939479,1,1,1,0,0.1,0.3535355423855584,0.1,0.0
2349,2349,37,0,0.0,0.9998996257781982,0.5866338610725024,21.80987349533862,0.20000000000000018,0.0,3,0.5526402216956616,GOOD,78.06640474795662,76.78650839972268,1.919662709993067,0,0.0,80.0,1,1,1,37,0.9998996257781982,1,37,1,0.036132801324129105,0.9609654545783997,0.001602236763574183,0.0012995130382478237,1,1,1,0,0.1,0.35264022169566167,0.1,0.0
2350,2350,37,1,6.2,0.9028066992759705,0.40129279261090284,16.94682821145342,0.0,0.0,3,0.45707725055994325,GOOD,67.88045428766165,67.08898363227813,1.6772245908069534,0,0.0,80.0,1,1,1,37,0.9028066992759705,1,37,1,0.3272143602371216,0.0343344621360302,0.626994788646698,0.011456342414021492,1,1,1,0,0.1,0.1,0.25707725055994324,0.0
2351,2351,37,0,0.0,0.9984116554260254,0.33037065538366134,14.573808113008573,3.2,0.0,3,0.41472446819397346,GOOD,118.16895363688666,116.94852967993707,2.923713241998427,0,0.0,80.0,1,1,1,37,0.9984116554260254,1,37,1,0.4647979736328125,0.11055493354797363,0.355263888835907,0.0693831741809845,1,1,1,0,0.19173761242300377,0.1,0.12298685577096968,0.0
2352,2352,37,0,0.0,0.9999370574951172,0.5263394629177549,19.65845728963922,0.20000000000000018,0.0,3,0.5234701152269255,GOOD,71.5946834502829,70.8100917040047,1.7702522926001176,0,0.0,80.0,1,1,1,37,0.9999370574951172,1,37,1,0.8515826463699341,0.06766371428966522,0.04804869741201401,0.032704975455999374,1,1,1,0,0.3234701152269256,0.1,0.1,0.0
2353,2353,37,1,6.2,0.998916506767273,0.4584273824971926,17.668734855240988,0.0,0.0,3,0.4885333336048864,GOOD,97.83252815719487,97.08770382533945,2.4271925956334863,0,0.0,80.0,1,1,1,37,0.998916506767273,1,37,1,0.10184314846992493,0.7291797995567322,0.051220521330833435,0.11775653064250946,1,1,0,1,0.1,0.2885333336048864,0.0,0.1
2354,2354,37,0,0.0,0.9999841451644897,0.39743324719492973,16.914487581840515,3.2,0.0,3,0.45487390593592003,GOOD,89.35785995014437,89.24911702356889,2.2312279255892222,0,0.0,80.0,1,1,1,37,0.9999841451644897,1,37,1,0.6201221346855164,0.20512595772743225,0.16672179102897644,0.008030100725591183,1,1,1,0,0.2548739059359201,0.1,0.1,0.0
2355,2355,37,0,0.0,0.9998047947883606,0.33908510790044133,14.678821152064806,0.20000000000000018,0.0,3,0.42015862659439407,GOOD,80.39777737269497,79.66933151908628,1.9917332879771572,0,0.0,80.0,1,1,1,37,0.9998047947883606,1,37,1,0.16831578314304352,0.5167620778083801,0.09120822697877884,0.22371387481689453,1,1,0,1,0.1,0.22015862659439409,0.0,0.1
2356,2356,37,1,6.2,0.9999682903289795,0.5140793481284551,19.52730665689392,0.0,0.0,3,0.5173375538176126,GOOD,100.66046256038888,98.95676236123184,2.4739190590307962,0,0.0,80.0,1,1,1,37,0.9999682903289795,1,37,1,0.8294183015823364,0.12178712338209152,0.03032178431749344,0.018472885712981224,1,1,1,0,0.31733755381761264,0.1,0.1,0.0
2357,2357,37,0,0.0,0.9869663715362549,0.34565157281963976,15.001052401197798,3.2,0.0,3,0.4242073560102302,GOOD,66.16301538027048,65.21775483131135,1.630443870782784,0,0.0,80.0,1,1,1,37,0.9869663715362549,1,37,1,0.5150853395462036,0.3391813039779663,0.06610339879989624,0.07963000237941742,1,1,0,1,0.21607405721619702,0.10813329879403319,0.0,0.1
2358,2358,37,0,0.0,0.9798691868782043,0.4902455660797638,19.03572640367762,0.20000000000000018,0.0,3,0.505202817239917,GOOD,90.54412370814532,89.53813701167132,2.2384534252917834,0,0.0,80.0,1,1,1,37,0.9798691868782043,1,37,1,0.7864124178886414,0.19087277352809906,0.013569359667599201,0.00914550106972456,1,1,1,0,0.30520281723991705,0.1,0.1,0.0
2359,2359,37,1,6.2,0.9999401569366455,0.4327988693464545,17.361739294434837,0.0,0.0,3,0.4746811493384844,GOOD,55.20327107937226,54.589728529255865,1.3647432132313968,0,0.0,80.0,1,1,1,37,0.9999401569366455,1,37,1,0.21187403798103333,0.6832442283630371,0.07433497905731201,0.03054673597216606,1,1,1,0,0.1,0.2746811493384844,0.1,0.0
2360,2360,37,0,0.0,0.4852840304374695,0.40146401975382223,15.288473523177185,3.2,0.0,3,0.45717475503339977,GOOD,72.58015514327936,71.616299648925,1.790407491223125,0,0.0,80.0,1,1,0,24,0.4852840304374695,0,5,0,0.10098595917224884,0.060776542872190475,0.6272997856140137,0.21093769371509552,1,0,1,1,0.1,0.0,0.2571747550333998,0.1
2361,2361,37,0,0.0,0.999756395816803,0.4348230074689971,17.464111152801284,0.20000000000000018,0.0,3,0.47578986229181164,GOOD,70.3673229337745,69.1218635362482,1.728046588406205,0,0.0,80.0,1,1,1,37,0.999756395816803,1,37,1,0.6868665814399719,0.15957008302211761,0.0263544749468565,0.12720894813537598,1,1,0,1,0.2757898622918117,0.1,0.0,0.1
2362,2362,37,1,6.2,0.9996919631958008,0.4726554818527125,18.5300544175433,0.0,0.0,3,0.4960566500393555,GOOD,82.10326280003,80.54321352174155,2.0135803380435386,0,0.0,80.0,1,1,1,37,0.9996919631958008,1,37,1,0.17194268107414246,0.7547458410263062,0.05937296152114868,0.01393852662295103,1,1,1,0,0.1,0.29605665003935555,0.1,0.0
2363,2363,37,0,0.0,0.9591404795646667,0.5952247594024708,21.978795406460982,3.2,0.0,3,0.5566720554164599,GOOD,103.04583420704847,102.69973160856983,2.567493290214246,0,0.0,80.0,1,1,1,37,0.9591404795646667,1,37,1,0.010199806652963161,0.9765983819961548,0.006532103754580021,0.0066697075963020325,1,1,0,1,0.1,0.35667205541645997,0.0,0.1
2364,2364,37,0,0.0,0.9999139308929443,0.4588207297563054,18.33797919988202,0.20000000000000018,0.0,3,0.4887428782918055,GOOD,67.04684650671638,66.90494755144027,1.6726236887860069,0,0.0,80.0,1,1,1,37,0.9999139308929443,1,37,1,0.729885995388031,0.2607613205909729,0.0058168675750494,0.003535865107551217,1,1,1,0,0.28874287829180556,0.1,0.1,0.0
2365,2365,37,1,6.2,0.8694695830345154,0.559373818222996,20.966443605694877,0.0,0.0,3,0.5396472820238501,GOOD,55.380810730119656,54.678376155893176,1.3669594038973294,0,0.0,80.0,1,1,1,37,0.8694695830345154,1,26,0,0.9114367365837097,0.04289989545941353,0.04083141312003136,0.004831986501812935,1,1,1,0,0.3396472820238502,0.1,0.1,0.0
2366,2366,37,0,0.0,0.9998341798782349,0.2733283618716821,14.569763967953582,3.2,0.0,3,0.3772257022819917,GOOD,49.88050058714202,48.91372996544223,1.222843249136056,0,0.0,80.0,1,1,1,37,0.9998341798782349,1,37,1,0.31314003467559814,0.36200150847435,0.30626025795936584,0.018598202615976334,1,1,1,0,0.11608527685203224,0.14980260432227913,0.11133782110768034,0.0
2367,2367,37,0,0.0,0.5739496946334839,0.5282177398671041,19.477614995649958,0.20000000000000018,0.0,3,0.5244033021804172,GOOD,114.91607317667908,113.79015354961795,2.844753838740449,0,0.0,80.0,1,1,0,37,0.5739496946334839,1,37,1,0.014878989197313786,0.8549807071685791,0.04422425106167793,0.08591613918542862,0,1,1,1,0.0,0.32440330218041724,0.1,0.1
2368,2368,37,1,6.2,0.999948263168335,0.41448503278529847,16.73220578727481,0.0,0.0,3,0.4645295573982736,GOOD,85.94969363451551,84.98992969909892,2.124748242477473,0,0.0,80.0,1,1,1,37,0.999948263168335,1,37,1,0.6505163908004761,0.08193284273147583,0.22059029340744019,0.04696054756641388,1,1,1,0,0.26452955739827366,0.1,0.1,0.0
2369,2369,37,0,0.0,0.9997866749763489,0.507491938267718,19.45293534376677,3.2,0.0,3,0.5140122867385765,GOOD,108.89936355214653,107.54907530134412,2.688726882533603,0,0.0,80.0,1,1,1,37,0.9997866749763489,1,37,1,0.04756031930446625,0.8175209164619446,0.011265669018030167,0.12365315854549408,1,1,0,1,0.1,0.3140122867385765,0.0,0.1
2370,2370,37,0,0.0,0.9999608993530273,0.6015175041521673,22.25291850640632,0.20000000000000018,0.0,3,0.5596069008340988,GOOD,79.51368849260118,78.53025931638312,1.9632564829095782,0,0.0,80.0,1,1,1,37,0.9999608993530273,1,37,1,0.9880564212799072,0.0017007988644763827,0.00869760662317276,0.0015452022198587656,1,1,1,0,0.35960690083409885,0.1,0.1,0.0
2371,2371,37,1,6.2,0.9921466708183289,0.31317355186009965,15.293598090435115,0.0,0.0,3,0.40378619370017554,GOOD,117.90062142149178,116.95571866337389,2.923892966584347,0,0.0,80.0,1,1,1,37,0.9921466708183289,1,37,1,0.2697058916091919,0.24136295914649963,0.47122859954833984,0.017702605575323105,1,1,1,0,0.1,0.1,0.20378619370017556,0.0
2372,2372,37,0,0.0,0.9999010562896729,0.36875289477464585,16.076696213332106,3.2,0.10231547470431934,3,0.4381538636046872,GOOD,44.47323346997018,43.90738101182722,1.0976845252956806,0,0.0,80.0,1,1,1,37,0.9999010562896729,1,37,1,0.16617697477340698,0.5691846013069153,0.23659904301166534,0.028039414435625076,1,1,1,0,0.1,0.23815386360468724,0.1,0.0
2373,2373,37,0,0.0,0.9989481568336487,0.5994230007403856,22.17622512420275,0.20000000000000018,0.0,3,0.5586317665641007,WEAK,18.12430094323307,15.30931272486008,0.382732818121502,0,0.0,80.0,1,1,1,37,0.9989481568336487,1,37,1,0.010134500451385975,0.9842420220375061,0.0031498526223003864,0.0024736118502914906,1,1,1,0,0.1,0.3586317665641008,0.1,0.0
2374,2374,37,0,0.0,0.9720479846000671,0.34254208614839693,15.706092096793022,0.0,0.0,3,0.4222949574716657,DOWN,0.0,0.0,0.0,1,0.0,80.0,1,1,1,37,0.9720479846000671,1,37,1,0.0031916301231831312,0.5228553414344788,0.2001504749059677,0.27380257844924927,0,1,1,1,0.0,0.22229495747166564,0.1,0.1
2375,2375,37,0,0.0,0.9973738193511963,0.322743822750284,13.76849144494128,0.0,0.0,3,0.40990941718240237,DOWN,0.0,0.0,0.0,1,0.0,80.0,1,1,1,37,0.9973738193511963,1,37,1,0.48801684379577637,0.23268428444862366,0.13620588183403015,0.14309298992156982,1,1,0,1,0.20990941718240233,0.1,0.0,0.1
2376,2376,37,1,6.2,0.9998825788497925,0.607830637323207,22.46590870678858,0.0,0.0,3,0.5625358692451758,WEAK,12.821926395083116,12.027415772519042,0.3006853943129761,0,0.0,80.0,1,1,1,37,0.9998825788497925,1,37,1,0.9995574951171875,0.00017004967958200723,8.209014777094126e-05,0.00019043605425395072,1,1,0,1,0.3625358692451759,0.1,0.0,0.1
2377,2377,37,0,0.0,0.9999569654464722,0.4484096297147373,17.768824854432314,3.2,0.981203233387943,3,0.4831660289744555,WEAK,9.51572424671286,8.751870664482277,0.21879676661205694,0,0.0,80.0,1,1,1,37,0.9999569654464722,1,37,1,0.7112061977386475,0.22819001972675323,0.026902342215180397,0.03370145708322525,1,1,0,1,0.28316602897445553,0.1,0.0,0.1
2378,2378,37,0,0.0,0.9998908042907715,0.4029275594727265,16.929923236065022,0.20000000000000018,0.981203233387943,3,0.4580073137341232,DOWN,0.0,0.0,0.0,1,0.0,80.0,1,1,1,37,0.9998908042907715,1,37,1,0.6207467913627625,0.3610564172267914,0.0076302518136799335,0.010566599667072296,1,1,0,1,0.2528010975386995,0.10520621619542372,0.0,0.1
2379,2379,37,0,0.0,0.7946262359619141,0.320443862597637,14.017072502708759,0.0,0.981203233387943,3,0.4084462428489156,DOWN,0.0,0.0,0.0,1,0.0,80.0,1,1,0,37,0.7946262359619141,1,37,1,0.11742791533470154,0.4839790165424347,0.20350530743598938,0.1950877457857132,0,1,1,1,0.0,0.20844624284891564,0.1,0.1
2380,2380,37,1,6.2,0.9376255869865417,0.35378608523372196,14.857072963738233,0.0,0.6530873127954817,3,0.42916994482596404,WEAK,14.766121749389576,13.124636823698454,0.32811592059246136,0,0.0,80.0,1,1,1,37,0.9376255869865417,1,37,1,0.4392995834350586,0.4331425130367279,0.05868561193346977,0.06887222826480865,1,1,0,1,0.166452223326338,0.16271772149962607,0.0,0.1
2381,2381,37,0,0.0,0.9971964359283447,0.5569583183383794,20.816926455497242,3.2,0.18704621899722396,3,0.5384808632791482,GOOD,66.95414781616869,66.6416437519303,1.6660410937982577,0,0.0,80.0,1,1,1,37,0.9971964359283447,1,37,1,0.06141531094908714,0.9070538282394409,0.021333083510398865,0.010197730734944344,1,1,1,0,0.1,0.3384808632791483,0.1,0.0
2382,2382,37,0,0.0,0.966009795665741,0.33557994638079675,14.20395456521922,0.20000000000000018,0.0,3,0.4179813714694215,GOOD,57.201735071817325,57.0732083570777,1.4268302089269425,0,0.0,80.0,1,1,1,37,0.966009795665741,1,37,1,0.5105881690979004,0.2645946741104126,0.14334867894649506,0.08146850764751434,1,1,1,0,0.21798137146942145,0.1,0.1,0.0
2383,2383,37,1,6.2,0.9849762320518494,0.5888697611263317,21.865732933715165,0.0,0.0,3,0.553692388330011,GOOD,112.46056254638742,112.26888099440794,2.8067220248601985,0,0.0,80.0,1,1,1,37,0.9849762320518494,1,37,1,0.9650330543518066,0.028209874406456947,0.002093816874548793,0.0046632601879537106,1,1,0,1,0.35369238833001104,0.1,0.0,0.1
2384,2384,37,0,0.0,0.9999525547027588,0.2553513577018279,13.468476446956448,3.2,0.0,3,0.36460952688012294,GOOD,82.27599156021083,81.69263395405646,2.0423158488514117,0,0.0,80.0,1,1,1,37,0.9999525547027588,1,37,1,0.25928962230682373,0.31217774748802185,0.33859336376190186,0.08993927389383316,1,1,1,0,0.1,0.12287522149582716,0.1417343053842958,0.0
2385,2385,37,0,0.0,0.9997242093086243,0.309548939844168,14.77634854578846,0.20000000000000018,0.0,3,0.40144272035760886,GOOD,43.47360481874831,42.90969161998184,1.072742290499546,0,0.0,80.0,1,1,1,37,0.9997242093086243,1,37,1,0.3795188367366791,0.19829343259334564,0.39379727840423584,0.02839045040309429,1,1,1,0,0.14609206273364359,0.1,0.1553506576239653,0.0
2386,2386,37,1,6.2,0.8107025027275085,0.41587694743241255,16.757985584697334,0.0,0.0,3,0.4653088902041366,GOOD,94.47730126837533,93.40544151712032,2.335136037928008,0,0.0,80.0,1,1,1,37,0.8107025027275085,1,37,1,0.05524729937314987,0.24449557065963745,0.047256313264369965,0.6530008316040039,1,1,0,1,0.1,0.1,0.0,0.2653088902041366
2387,2387,37,0,0.0,0.9980525970458984,0.43347761853592676,17.55074402280689,3.2,0.0,3,0.4750532196538636,GOOD,68.01132338352659,67.70332024474087,1.6925830061185216,0,0.0,80.0,1,1,1,37,0.9980525970458984,1,37,1,0.12050749361515045,0.6844587922096252,0.016706794500350952,0.17832693457603455,1,1,0,1,0.1,0.27505321965386365,0.0,0.1
2388,2388,37,0,0.0,0.9995514750480652,0.23847311088446868,12.591360639535768,0.20000000000000018,0.0,3,0.3523535367063624,GOOD,42.08419619020056,41.80792116205324,1.045198029051331,0,0.0,80.0,1,1,1,37,0.9995514750480652,1,37,1,0.14662788808345795,0.2860680818557739,0.24106577038764954,0.3262382745742798,0,1,1,1,0.0,0.11133850270758514,0.1,0.1410150339987772
2389,2389,37,1,6.2,0.9659011363983154,0.3835758527691977,16.368216883694785,0.0,0.0,3,0.446873453413702,GOOD,48.697363174908745,48.63611042155364,1.215902760538841,0,0.0,80.0,1,1,1,37,0.9659011363983154,1,37,1,0.5954807996749878,0.17114503681659698,0.027494268491864204,0.2058798372745514,1,1,0,1,0.24687345341370195,0.1,0.0,0.1
2390,2390,37,0,0.0,0.9965795874595642,0.4501873954241186,17.995875373095306,3.2,0.0,3,0.484122862046485,GOOD,71.82197769138801,70.67020449363909,1.7667551123409773,0,0.0,80.0,1,1,1,37,0.9965795874595642,1,37,1,0.24347032606601715,0.7143941521644592,0.013539325445890427,0.028596200048923492,1,1,0,1,0.1,0.28412286204648507,0.0,0.1
2391,2391,37,0,0.0,0.9997026324272156,0.5516086872797247,20.723423749812557,0.20000000000000018,0.0,3,0.5358885466234458,WEAK,19.226728167186387,17.037978042069,0.425949451051725,0,0.0,80.0,1,1,1,37,0.9997026324272156,1,37,1,0.058114372193813324,0.03890568017959595,0.005629505030810833,0.8973504304885864,1,1,0,1,0.1,0.1,0.0,0.3358885466234458
2392,2392,37,1,6.2,0.9999809265136719,0.47162918054910524,18.632677288589065,0.0,0.0,3,0.4955178006370513,WEAK,12.955047297364604,11.08655457240585,0.2771638643101463,0,0.0,80.0,1,1,1,37,0.9999809265136719,1,37,1,0.752900242805481,0.18527574837207794,0.05710557475686073,0.00471849087625742,1,1,1,0,0.29551780063705135,0.1,0.1,0.0
2393,2393,37,0,0.0,0.9998985528945923,0.5994832928955918,22.198596297357923,3.2,1.0168024719705488,3,0.5586598604695995,WEAK,7.792015046939861,7.3279011211780425,0.18319752802945108,0,0.0,80.0,1,1,1,37,0.9998985528945923,1,37,1,0.9843518137931824,0.008304900489747524,0.0009301819372922182,0.006413096096366644,1,1,0,1,0.3586598604695995,0.1,0.0,0.1
2394,2394,37,0,0.0,0.9997617602348328,0.5731999170006284,21.393118474698277,0.20000000000000018,0.9055088709700329,3,0.5462758304220353,WEAK,4.779549704400207,4.451744040020641,0.11129360100051602,0,0.0,80.0,1,1,1,37,0.9997617602348328,1,37,1,0.02554996870458126,0.9365425109863281,0.0028092369902879,0.03509826213121414,1,1,0,1,0.1,0.34627583042203536,0.0,0.1
2395,2395,37,0,0.0,0.9998703002929688,0.3366709611975009,14.912822438687225,0.0,0.9055088709700329,3,0.4186602764920522,DOWN,0.0,0.0,0.0,1,0.0,80.0,1,1,1,37,0.9998703002929688,1,37,1,0.494739830493927,0.3394346237182617,0.06056484580039978,0.10526064783334732,1,1,0,1,0.20761179029145796,0.11104848620059421,0.0,0.1
2396,2396,37,1,6.2,0.9984365105628967,0.5879297863989331,21.725338067542033,0.0,0.0,3,0.5532503001595961,GOOD,88.14861913890573,86.47824900360992,2.161956225090248,0,0.0,80.0,1,1,1,37,0.9984365105628967,1,37,1,0.010201464407145977,0.9633229374885559,0.01123224850744009,0.015243321657180786,0,1,1,1,0.0,0.35325030015959613,0.1,0.1
2397,2397,37,0,0.0,0.9996073842048645,0.4037053209822808,16.291561357076823,3.2,0.0,3,0.45844914095104927,GOOD,82.167847133797,81.02442621982459,2.025610655495615,0,0.0,80.0,1,1,1,37,0.9996073842048645,1,37,1,0.24193905293941498,0.6312928199768066,0.06504896283149719,0.06171917915344238,1,1,1,0,0.1,0.2584491409510493,0.1,0.0
2398,2398,37,0,0.0,0.9998186230659485,0.3174155933160346,15.000091498795399,0.20000000000000018,0.0,3,0.40651170538621806,GOOD,78.21215901657993,76.93401145531742,1.9233502863829355,0,0.0,80.0,1,1,1,37,0.9998186230659485,1,37,1,0.2408268302679062,0.47866564989089966,0.23732125759124756,0.04318623244762421,1,1,1,0,0.1,0.20651170538621808,0.1,0.0
2399,2399,37,1,6.2,0.9998512268066406,0.3815009063270929,16.010922379404672,0.0,0.0,3,0.4456631375810788,GOOD,104.67595291942726,102.6089374697603,2.5652234367440077,0,0.0,80.0,1,1,1,37,0.9998512268066406,1,37,1,0.20921282470226288,0.5917958617210388,0.050349555909633636,0.1486417055130005,1,1,0,1,0.1,0.24566313758107874,0.0,0.1
2400,2400,37,0,0.0,0.990481972694397,0.2914194367829233,14.287365523251157,3.2,0.0,3,0.38950961596908495,GOOD,99.76730103486184,98.5645372475572,2.46411343118893,0,0.0,80.0,1,1,1,37,0.990481972694397,1,37,1,0.43320485949516296,0.2367444634437561,0.26475486159324646,0.06529579311609268,1,1,1,0,0.18950961596908497,0.1,0.1,0.0
2401,2401,37,0,0.0,0.9981801509857178,0.48646416002979226,19.002369341880705,0.20000000000000018,0.0,3,0.503250657729631,GOOD,99.18991238663476,97.70259671380633,2.4425649178451585,0,0.0,80.0,1,1,1,37,0.9981801509857178,1,37,1,0.0035374744329601526,0.20885781943798065,0.008005174808204174,0.7795995473861694,0,1,1,1,0.0,0.1,0.1,0.303250657729631
2402,2402,37,1,6.2,0.9987626075744629,0.5885157436365717,21.761808012541373,0.0,0.0,3,0.5535259285526343,GOOD,67.94573401888442,67.05770861071082,1.6764427152677706,0,0.0,80.0,1,1,1,37,0.9987626075744629,1,37,1,0.01347796805202961,0.9643889665603638,0.013303613290190697,0.008829442784190178,1,1,1,0,0.1,0.3535259285526343,0.1,0.0
2403,2403,37,0,0.0,0.9946215152740479,0.36379245639306323,13.459973481389813,3.2,0.0,3,0.43519687794183004,GOOD,87.56549640935802,86.24995592856754,2.1562488982141885,0,0.0,80.0,1,1,1,37,0.9946215152740479,1,34,0,0.4901968538761139,0.09733805060386658,0.4045732915401459,0.007891805842518806,1,1,1,0,0.19320583293417085,0.1,0.14199104500765916,0.0
2404,2404,37,0,0.0,0.9999746084213257,0.5938045328693329,22.00819201845099,0.20000000000000018,0.0,3,0.5560075395556788,GOOD,73.60996023912982,72.86102273107595,1.8215255682768987,0,0.0,80.0,1,1,1,37,0.9999746084213257,1,37,1,0.9740132093429565,0.019264480099081993,0.004284683149307966,0.0024375799112021923,1,1,1,0,0.3560075395556789,0.1,0.1,0.0
2405,2405,37,1,6.2,0.9994698166847229,0.5448061930616814,20.513748336158063,0.0,0.0,3,0.5325739801046492,GOOD,53.52290772317044,53.24403474240245,1.3311008685600614,0,0.0,80.0,1,1,1,37,0.9994698166847229,1,37,1,0.0690600723028183,0.007774523925036192,0.03814661502838135,0.8850187659263611,1,0,1,1,0.1,0.0,0.1,0.3325739801046491
2406,2406,37,0,0.0,0.9999364614486694,0.43343255262141356,16.671822473929026,3.2,0.0,3,0.47502852487917235,GOOD,64.71756339274528,63.45588241351711,1.5863970603379278,0,0.0,80.0,1,1,1,37,0.9999364614486694,1,37,1,0.08766694366931915,0.6843781471252441,0.08128561824560165,0.14666932821273804,1,1,0,1,0.1,0.2750285248791724,0.0,0.1
2407,2407,37,0,0.0,0.9999072551727295,0.44979165866388415,17.9783422664663,0.20000000000000018,0.0,3,0.483910031415685,GOOD,97.84568699848359,96.722607757879,2.4180651939469753,0,0.0,80.0,1,1,1,37,0.9999072551727295,1,37,1,0.7136844396591187,0.22710451483726501,0.04506078362464905,0.014150249771773815,1,1,1,0,0.28391003141568505,0.1,0.1,0.0
2408,2408,37,1,6.2,0.9998965263366699,0.546281871706693,20.63727904502203,0.0,0.0,3,0.5332947653997129,GOOD,91.51663572873449,90.22305067519649,2.2555762668799124,0,0.0,80.0,1,1,1,37,0.9998965263366699,1,37,1,0.027080262079834938,0.8876932263374329,0.0018434313824400306,0.08338307589292526,1,1,0,1,0.1,0.3332947653997129,0.0,0.1
2409,2409,37,0,0.0,0.8954116702079773,0.4316627060218887,14.08520076856938,3.2,0.0,3,0.47405768453458214,GOOD,85.0775596849985,84.96211150745712,2.1240527876864284,0,0.0,80.0,1,1,1,28,0.8954116702079773,0,37,1,0.03963850066065788,0.0990528091788292,0.180097296833992,0.6812114119529724,0,1,1,1,0.0,0.1,0.1,0.2740576845345821
2410,2410,37,0,0.0,0.9956626296043396,0.5510801718547332,20.745569335132295,0.20000000000000018,0.0,3,0.5356317583929192,GOOD,96.65751843270111,95.70239788348734,2.3925599470871837,0,0.0,80.0,1,1,1,37,0.9956626296043396,1,37,1,0.06725650280714035,0.8963920474052429,0.03289534151554108,0.003456122474744916,1,1,1,0,0.1,0.33563175839291925,0.1,0.0
2411,2411,37,1,6.2,0.9993810653686523,0.5148214155543192,19.71950442682179,0.0,0.0,3,0.5177108044739802,GOOD,87.72643643042332,87.05510237856532,2.1763775594641332,0,0.0,80.0,1,1,1,37,0.9993810653686523,1,37,1,0.14832763373851776,0.8307590484619141,0.006032352801412344,0.014880980364978313,1,1,0,1,0.1,0.31771080447398026,0.0,0.1
2412,2412,37,0,0.0,0.916651725769043,0.42813165921736857,17.313495232524545,3.2,0.0,3,0.47211478197148316,GOOD,97.88279071172389,96.48443831433977,2.4121109578584945,0,0.0,80.0,1,1,1,34,0.916651725769043,0,34,0,0.020979976281523705,0.1964125633239746,0.674895703792572,0.10771169513463974,0,1,1,1,0.0,0.1,0.2721147819714832,0.1
2413,2413,37,0,0.0,0.9853801131248474,0.3349805605103408,15.068864143441033,0.20000000000000018,0.0,3,0.4176079223092869,GOOD,111.22864013233982,109.90414554829802,2.7476036387074507,0,0.0,80.0,1,1,1,37,0.9853801131248474,1,37,1,0.1425892859697342,0.027021409943699837,0.41461503505706787,0.4157743453979492,1,0,1,1,0.1,0.0,0.15844264378295062,0.15916527852633625
2414,2414,37,1,6.2,0.9950661659240723,0.4483457375975425,17.90210944203103,0.0,0.0,3,0.4831316055385676,WEAK,4.145468319031482,3.5452300156202945,0.08863075039050737,0,0.0,80.0,1,1,1,37,0.9950661659240723,1,37,1,0.2346409410238266,0.7110916376113892,0.017238829284906387,0.03702859953045845,1,1,0,1,0.1,0.28313160553856764,0.0,0.1
2415,2415,37,0,0.0,0.9999057054519653,0.5743792911955736,21.339157494921245,3.2,0.9599337146276576,3,0.5468375302249305,WEAK,10.589967397178471,9.602651414893693,0.24006628537234231,0,0.0,80.0,1,1,1,37,0.9999057054519653,1,37,1,0.9386854767799377,0.009051676839590073,0.02373255230486393,0.028530249372124672,1,0,1,1,0.3468375302249306,0.0,0.1,0.1
2416,2416,37,0,0.0,0.9999470710754395,0.38817686465254475,14.860921414332173,0.20000000000000018,0.7857055723176346,3,0.44954559908220415,WEAK,8.565458245232648,6.96912569240092,0.174228142310023,0,0.0,80.0,1,1,1,37,0.9999470710754395,1,37,1,0.6036562919616699,0.12963218986988068,0.1060212180018425,0.16069023311138153,1,1,0,1,0.2495455990822041,0.1,0.0,0.1
2417,2417,37,1,6.2,0.9999790191650391,0.5267462826585457,20.096276277253892,0.0,0.6742498546537283,3,0.5236723771296219,WEAK,5.162725868638324,4.45822870655625,0.11145571766390626,0,0.0,80.0,1,1,1,37,0.9999790191650391,1,37,1,0.12562993168830872,0.8523185849189758,0.001982450718060136,0.02006901241838932,1,1,0,1,0.1,0.32367237712962194,0.0,0.1
2418,2418,37,0,0.0,0.9994416832923889,0.25924336159985883,13.02031751147857,3.2,1.793646010399534,3,0.3673776642478165,WEAK,3.7261666064151386,3.224153770167768,0.0806038442541942,0,0.0,80.0,1,1,1,37,0.9994416832923889,1,37,1,0.3443998396396637,0.21608008444309235,0.12430134415626526,0.3152186870574951,1,1,0,1,0.14402709460586458,0.1,0.0,0.1233505696419519
2419,2419,37,0,0.0,0.9261046648025513,0.38229005152254075,15.493656959358987,0.20000000000000018,1.6835734124374553,3,0.4461238327382875,WEAK,5.1175475593975115,4.402903918483149,0.11007259796207874,0,0.0,80.0,1,1,1,19,0.9261046648025513,0,37,1,0.48893192410469055,0.03476349264383316,0.4470311105251312,0.02927340567111969,1,1,1,0,0.18528624150820852,0.1,0.16083759123007893,0.0
2420,2420,37,1,6.2,0.9230061173439026,0.5835458962881416,21.714913822157325,0.0,1.3269465572350954,3,0.5511837892174597,WEAK,15.925027214748637,14.265074208094399,0.35662685520236,0,0.0,80.0,1,1,1,5,0.9230061173439026,0,5,0,0.9553490281105042,0.035424333065748215,0.0015680079814046621,0.007658618036657572,1,1,0,1,0.35118378921745974,0.1,0.0,0.1
2421,2421,37,0,0.0,0.9947927594184875,0.5901098857297701,21.864345208796898,3.2,2.1130434726056135,3,0.5542751032775823,WEAK,19.12195796547396,16.556123385179276,0.41390308462948194,0,0.0,80.0,1,1,1,37,0.9947927594184875,1,37,1,0.023625966161489487,0.9672894477844238,0.004385349806398153,0.004699296783655882,1,1,0,1,0.1,0.3542751032775824,0.0,0.1
2422,2422,37,0,0.0,0.9999449253082275,0.5669576828450069,21.156739046229255,0.20000000000000018,0.0,3,0.5432931744167887,GOOD,105.65693472893946,105.24115765694135,2.631028941423534,0,0.0,80.0,1,1,1,37,0.9999449253082275,1,37,1,0.012790079228579998,0.9252038598060608,0.0067201824858784676,0.05528589338064194,1,1,0,1,0.1,0.34329317441678875,0.0,0.1
2423,2423,37,1,6.2,0.9999874830245972,0.37961395423364974,16.20776233907322,0.0,0.0,3,0.44455961802012933,GOOD,96.41299417247718,94.5448695334452,2.3636217383361298,0,0.0,80.0,1,1,1,37,0.9999874830245972,1,37,1,0.3518613278865814,0.578148603439331,0.0442044697701931,0.025785576552152634,1,1,1,0,0.10602948834836118,0.2385301296717682,0.1,0.0
2424,2424,37,0,0.0,0.9982072114944458,0.344761196829563,14.543340015317705,3.2,1.055134558632508,3,0.4236606384145668,WEAK,6.939391243803679,5.794617654699677,0.14486544136749194,0,0.0,80.0,1,1,1,37,0.9982072114944458,1,37,1,0.14050263166427612,0.5267689228057861,0.22494783997535706,0.1077805906534195,1,1,1,0,0.1,0.22366063841456676,0.1,0.0
2425,2425,37,0,0.0,0.9801384210586548,0.48805094499579565,18.751855111650038,0.20000000000000018,0.768522326230306,3,0.5040707597128382,WEAK,13.325562898932697,11.464489296088082,0.28661223240220207,0,0.0,80.0,1,1,1,37,0.9801384210586548,1,37,1,0.7824580669403076,0.02508903108537197,0.149760901927948,0.042692024260759354,1,0,1,1,0.30407075971283826,0.0,0.1,0.1
2426,2426,37,1,6.2,0.9999598264694214,0.36848025653603644,16.11193039707396,0.0,0.0,3,0.43799185865806667,GOOD,40.41453998682861,40.36784986527577,1.0091962466318944,0,0.0,80.0,1,1,1,37,0.9999598264694214,1,37,1,0.3630357086658478,0.5421837568283081,0.08727402985095978,0.0075064972043037415,1,1,1,0,0.11576011465658079,0.2222317440014859,0.1,0.0
2427,2427,37,0,0.0,0.882827639579773,0.5890428346824627,21.75225594070369,3.2,0.0,3,0.553773749674017,GOOD,60.612199307821896,59.51274829273293,1.4878187073183233,0,0.0,80.0,1,1,1,37,0.882827639579773,1,37,1,0.018917594105005264,0.965347945690155,0.006748295854777098,0.008986151777207851,1,1,0,1,0.1,0.3537737496740171,0.0,0.1
2428,2428,38,0,0.0,0.9911333918571472,0.5179436824430608,19.518939786263836,0.20000000000000018,0.0,3,0.5192783265718309,GOOD,103.75133910726309,102.01181976985352,2.5502954942463383,0,0.0,80.0,1,1,1,38,0.9911333918571472,1,38,1,0.15023472905158997,0.8364014029502869,0.0076838708482682705,0.00567997619509697,1,1,1,0,0.1,0.319278326571831,0.1,0.0
2429,2429,38,1,6.2,0.546922504901886,0.27643360657074867,14.24765067414603,0.0,0.0,3,0.37936245440081606,GOOD,71.31080995364576,70.07875969242843,1.751968992310711,0,0.0,80.0,1,1,0,25,0.546922504901886,0,38,1,0.04771668463945389,0.37764108180999756,0.25368019938468933,0.32096201181411743,0,1,1,1,0.0,0.15912704583072138,0.1,0.12023540857009465
2430,2430,38,0,0.0,0.9985474944114685,0.5835551717553107,21.72054484213159,3.2,0.0,3,0.5511881697356485,GOOD,99.45211547240419,97.65884599055968,2.4414711497639923,0,0.0,80.0,1,1,1,38,0.9985474944114685,1,38,1,0.001103537972085178,0.9553658962249756,0.00307578407227993,0.04045473411679268,0,1,1,1,0.0,0.3511881697356486,0.1,0.1
2431,2431,38,1,6.2,0.4001707136631012,0.3487789848589521,14.135923237011156,0.20000000000000018,0.0,3,0.4261221220743576,GOOD,82.28595439697413,80.8209968845676,2.0205249221141903,0,0.0,80.0,1,1,0,29,0.4001707136631012,0,38,1,0.05280955508351326,0.17098332941532135,0.24234825372695923,0.5338588953018188,0,1,1,1,0.0,0.1,0.1,0.22612212207435758
2432,2432,38,0,0.0,0.4473349153995514,0.3933650293232847,16.53844964169163,3.4000000000000004,0.0,3,0.45253982069941795,GOOD,104.92565568230744,104.81265838879189,2.620316459719797,0,0.0,80.0,1,1,0,29,0.4473349153995514,0,38,1,0.006559653207659721,0.37499430775642395,0.03286254405975342,0.5855834484100342,0,1,1,1,0.0,0.11570277496112596,0.1,0.23683704573829198
2433,2433,38,0,0.0,0.9766877293586731,0.584880144293666,21.69439654662242,0.40000000000000036,0.0,3,0.5518135562874249,GOOD,82.26339916834854,82.14228787625744,2.053557196906436,0,0.0,80.0,1,1,1,38,0.9766877293586731,1,38,1,0.005754758603870869,0.02277931198477745,0.01369033008813858,0.9577755928039551,0,1,1,1,0.0,0.1,0.1,0.35181355628742483
2434,2434,38,1,6.2,0.7419390678405762,0.5293940451758993,19.93433171701247,0.0,0.0,3,0.5249868828689475,WEAK,2.099021132716378,1.7679583865610724,0.044198959664026816,0,0.0,80.0,1,1,0,38,0.7419390678405762,1,38,1,0.09474782645702362,0.8571091294288635,0.02928011119365692,0.018862947821617126,1,1,1,0,0.1,0.3249868828689475,0.1,0.0
2435,2435,38,0,0.0,0.9899466633796692,0.5424702374660058,19.998062124934933,3.2,0.7666514738941937,3,0.5314309997250499,WEAK,19.415936094897013,17.333941044232247,0.4333485261058062,0,0.0,80.0,1,1,1,4,0.9899466633796692,0,4,0,0.056916069239377975,0.8807859420776367,0.038085028529167175,0.024212896823883057,1,1,1,0,0.1,0.33143099972504997,0.1,0.0
2436,2436,38,0,0.0,0.7523640394210815,0.4004147019153326,16.51097877052928,0.20000000000000018,0.0,3,0.45657689883962027,GOOD,42.154861232702615,41.68831367880408,1.042207841970102,0,0.0,80.0,1,1,0,38,0.7523640394210815,1,38,1,0.09329252690076828,0.6254308223724365,0.031040219590067863,0.2502363920211792,1,1,0,1,0.1,0.2565768988396203,0.0,0.1
2437,2437,38,1,6.2,0.9873678088188171,0.580283161876419,21.584635413683614,0.0,0.0,3,0.5496407339530611,WEAK,19.635923630822948,17.660727500289898,0.4415181875072475,0,0.0,80.0,1,1,1,38,0.9873678088188171,1,38,1,0.004016966093331575,0.9494163393974304,0.00811524037271738,0.03845144063234329,0,1,1,1,0.0,0.34964073395306117,0.1,0.1
2438,2438,38,0,0.0,0.3463186025619507,0.5137156171820159,19.239344760584185,3.2,1.117012228977911,3,0.5171545033068088,WEAK,3.80820450436069,3.319510840883563,0.08298777102208908,0,0.0,80.0,1,1,0,36,0.3463186025619507,0,38,1,0.13199950754642487,0.028373947367072105,0.010865377262234688,0.8287611603736877,1,1,0,1,0.1,0.1,0.0,0.31715450330680883
2439,2439,38,1,6.2,0.5317368507385254,0.35851940538549226,14.826763248994489,0.20000000000000018,0.9771475219116629,3,0.43203134803612114,WEAK,6.519109981003779,5.594588282649924,0.1398647070662481,0,0.0,80.0,1,1,0,38,0.5317368507385254,1,38,1,0.10754867643117905,0.542670726776123,0.009443309158086777,0.34033724665641785,1,1,0,1,0.1,0.22697081679127043,0.0,0.10506053124485071
2440,2440,38,0,0.0,0.5006275177001953,0.31224261912828216,14.78342869940024,3.4000000000000004,2.1309708829762637,3,0.40318560411582693,WEAK,2.01719600162265,1.847065557415962,0.046176638935399056,0,0.0,80.0,1,1,0,38,0.5006275177001953,1,38,1,0.31758713722229004,0.007346656639128923,0.4617858827114105,0.21328029036521912,1,0,1,1,0.10504337642610248,0.0,0.19814222768972448,0.1
2441,2441,38,0,0.0,0.7473767995834351,0.29093221426073623,14.396840931397321,0.40000000000000036,2.03314428155299,3,0.38918387028767654,WEAK,4.229951654608886,3.9130640569309643,0.09782660142327411,0,0.0,80.0,1,1,0,38,0.7473767995834351,1,38,1,0.04331139475107193,0.29500600695610046,0.22932705283164978,0.4323555529117584,0,1,1,1,0.0,0.1,0.1,0.18918387028767655
2442,2442,38,1,6.2,0.500827968120575,0.5694791960764728,21.32253990474517,0.0,1.9524008229219318,3,0.5444999674322982,WEAK,3.848499022711567,3.2297383452423114,0.0807434586310578,0,0.0,80.0,1,1,0,38,0.500827968120575,1,38,1,0.047570496797561646,0.929783284664154,0.02250736579298973,0.00013885121734347194,1,1,1,0,0.1,0.34449996743229827,0.1,0.0
2443,2443,38,0,0.0,0.999767005443573,0.600079030148437,22.21263803674632,3.2,2.755026368804073,3,0.5589373759999327,WEAK,18.678579035210642,15.894978164714349,0.39737445411785877,0,0.0,80.0,1,1,1,38,0.999767005443573,1,38,1,0.0013148232828825712,0.9854366779327393,0.0022091714199632406,0.011039345525205135,0,1,1,1,0.0,0.3589373759999327,0.1,0.1
2444,2444,38,0,0.0,0.9337882399559021,0.5872676869714513,21.672176907301544,0.20000000000000018,2.674138157959284,3,0.5529386899103712,WEAK,3.5353383597183416,3.23552843379156,0.080888210844789,0,0.0,80.0,1,1,1,38,0.9337882399559021,1,38,1,0.004247805569320917,0.9621184468269348,0.03298930451273918,0.0006445451872423291,1,1,1,0,0.1,0.35293868991037125,0.1,0.0
2445,2445,38,0,0.0,0.9151996374130249,0.4113395114667653,17.192949236541423,0.0,2.674138157959284,3,0.4627635461882666,DOWN,0.0,0.0,0.0,1,0.0,80.0,1,1,1,39,0.9151996374130249,0,39,0,0.3443915843963623,0.009354145266115665,0.00135049840901047,0.6449037790298462,1,1,0,1,0.1,0.1,0.0,0.2627635461882666
2446,2446,38,0,0.0,0.9915061593055725,0.5605459153161012,21.028630872276935,0.0,2.674138157959284,3,0.5402123674781174,DOWN,0.0,0.0,0.0,1,0.0,80.0,1,1,1,38,0.9915061593055725,1,38,1,0.003968591336160898,0.9135638475418091,0.002741423901170492,0.07972605526447296,1,1,0,1,0.1,0.34021236747811745,0.0,0.1
2447,2447,38,1,6.2,0.5843822956085205,0.5178646346757839,19.81096979021458,0.0,2.5024029600230153,3,0.5192386993305067,WEAK,7.8642477397559105,6.869407917450748,0.1717351979362687,0,0.0,80.0,1,1,0,38,0.5843822956085205,1,38,1,0.02820008061826229,0.8362585306167603,0.13024915754795074,0.005292275920510292,1,1,1,0,0.1,0.31923869933050675,0.1,0.0
2448,2448,39,0,0.0,0.9996693134307861,0.5971517787213342,22.094158219716668,3.2,3.2523851768938803,3,0.557572430416932,WEAK,19.63392412980014,18.00071132516541,0.4500177831291352,0,0.0,80.0,1,1,1,39,0.9996693134307861,1,39,1,0.008418736979365349,0.0033770662266761065,0.00809765886515379,0.9801065325737,1,0,1,1,0.1,0.0,0.1,0.357572430416932
2449,2449,39,0,0.0,0.8352661728858948,0.5282995049400987,19.00525909195954,0.20000000000000018,3.0258917800200162,3,0.5244438879198401,WEAK,9.72867576260321,9.059735874954546,0.22649339687386366,0,0.0,80.0,1,1,1,27,0.8352661728858948,0,27,0,0.13736969232559204,0.0004527862765826285,0.00704894820228219,0.8551286458969116,1,0,1,1,0.1,0.0,0.1,0.32444388791984013
2450,2450,39,1,6.2,0.49816545844078064,0.29223719234363554,13.028254923579311,0.0,2.621309086462378,3,0.3900557369101497,WEAK,17.42115296183552,16.18330774230555,0.4045826935576388,0,0.0,80.0,1,1,0,30,0.49816545844078064,0,22,0,0.2237141728401184,0.16024534404277802,0.18140985071659088,0.4346305727958679,1,0,1,1,0.1,0.0,0.1,0.19005573691014974
2451,2451,39,0,0.0,0.9154760837554932,0.4156135263868659,16.34092247065334,3.2,3.605931628608972,3,0.46516150096928627,WEAK,9.319468485080302,8.615098314136228,0.2153774578534057,0,0.0,80.0,1,1,1,39,0.9154760837554932,1,39,1,0.17315955460071564,0.09751156717538834,0.6525306105613708,0.07679835706949234,1,1,1,0,0.1,0.1,0.26516150096928626,0.0
2452,2452,39,1,6.2,0.7888884544372559,0.564407465369035,19.921085653680173,0.20000000000000018,2.061157622137873,3,0.5420699108982594,GOOD,61.86746427919202,61.79096025884396,1.544774006471099,0,0.0,80.0,1,1,0,39,0.7888884544372559,1,39,1,0.005765537731349468,0.920573353767395,0.001210125396028161,0.07245096564292908,1,1,0,1,0.1,0.34206991089825944,0.0,0.1
2453,2453,39,0,0.0,0.7491158843040466,0.5897792290601419,21.85089733253406,3.4000000000000004,0.6784554596113173,3,0.5541197928473109,GOOD,104.81678845594766,103.30808650106222,2.5827021625265556,0,0.0,80.0,1,1,0,39,0.7491158843040466,1,39,1,0.966687798500061,0.00470103370025754,0.01340437214821577,0.015206832438707352,1,0,1,1,0.354119792847311,0.0,0.1,0.1
2454,2454,39,0,0.0,0.999049961566925,0.4904872149237219,19.136455727177992,0.40000000000000036,0.47411622158793265,3,0.5053273126407574,WEAK,9.686277512067246,8.173569520935382,0.20433923802338458,0,0.0,80.0,1,1,1,39,0.999049961566925,1,39,1,0.001993859186768532,0.041247960180044174,0.7868478894233704,0.16991026699543,0,1,1,1,0.0,0.1,0.3053273126407574,0.1
2455,2455,39,1,6.2,0.6322231888771057,0.6069332481047475,22.437246356275615,0.0,0.34055346935835995,3,0.5621204574059653,WEAK,5.9068334568486724,5.342510089182908,0.1335627522295727,0,0.0,80.0,1,1,0,27,0.6322231888771057,0,39,1,0.0010709684574976563,0.0008339736377820373,0.00017277665028814226,0.9979223012924194,1,1,0,1,0.1,0.1,0.0,0.3621204574059653
2456,2456,39,0,0.0,0.8947890400886536,0.3926096088134756,16.580292302207816,3.2,1.1807797493989025,3,0.45210508181719555,WEAK,16.339831742106593,14.390948798378293,0.35977371995945734,0,0.0,80.0,1,1,1,39,0.8947890400886536,1,39,1,0.14441825449466705,0.6115385293960571,0.21901945769786835,0.025023767724633217,1,1,1,0,0.1,0.2521050818171956,0.1,0.0
2457,2457,39,0,0.0,0.9977704286575317,0.604961407138681,22.377573052548794,0.20000000000000018,0.717190599409622,3,0.5612065892964763,WEAK,19.882382425046657,18.543565999571218,0.46358914998928047,0,0.0,80.0,1,1,1,39,0.9977704286575317,1,39,1,0.9943296909332275,0.005418400280177593,8.427190914517269e-05,0.00016760318248998374,1,1,0,1,0.3612065892964763,0.1,0.0,0.1
2458,2458,39,0,0.0,0.992628812789917,0.4462456808423094,17.928507711279885,0.0,0.717190599409622,3,0.4819987803531529,DOWN,0.0,0.0,0.0,1,0.0,80.0,1,1,1,39,0.992628812789917,1,39,1,0.022455452010035515,0.7073267102241516,0.01176962535828352,0.2584482729434967,1,1,0,1,0.1,0.28199878035315296,0.0,0.1
2459,2459,39,0,0.0,0.8780590891838074,0.39571725197494195,15.962478069005254,0.0,0.717190599409622,3,0.45389084043488487,DOWN,0.0,0.0,0.0,1,0.0,80.0,1,1,1,37,0.8780590891838074,0,37,0,0.015283394604921341,0.018915344029664993,0.5827254056930542,0.3830758035182953,0,1,1,1,0.0,0.1,0.2341953412603908,0.11969549917449407
2460,2460,39,0,0.0,0.4764060974121094,0.3209647131320672,12.019667671130417,0.0,0.717190599409622,3,0.40877805302228254,DOWN,0.0,0.0,0.0,1,0.0,80.0,1,1,0,34,0.4764060974121094,0,27,0,0.3843308985233307,0.191168874502182,0.41463470458984375,0.009865517728030682,1,1,1,0,0.14474035616187383,0.1,0.16403769686040873,0.0
2461,2461,39,0,0.0,0.8555434942245483,0.2619141406745451,13.193414879287143,0.0,0.717190599409622,3,0.3692652158022627,DOWN,0.0,0.0,0.0,1,0.0,80.0,1,1,1,37,0.8555434942245483,0,39,1,0.25165948271751404,0.3638666868209839,0.08265537768602371,0.30181851983070374,1,1,0,1,0.1,0.15650258952449028,0.0,0.11276262627777237
2462,2462,39,1,6.2,0.2424199879169464,0.4039670663572746,15.948272506049852,0.0,0.0,3,0.4585977363400017,GOOD,90.60659019161935,89.23525978893282,2.2308814947233206,0,0.0,80.0,1,1,0,28,0.2424199879169464,0,39,1,0.13151094317436218,0.1492440551519394,0.08748572319746017,0.6317592263221741,1,1,0,1,0.1,0.1,0.0,0.2585977363400017
2463,2463,39,0,0.0,0.9973779916763306,0.40143986016684857,16.57625489367649,3.2,0.0,3,0.4571609987328489,GOOD,61.725229643526205,61.50163692747404,1.537540923186851,0,0.0,80.0,1,1,1,39,0.9973779916763306,1,39,1,0.6272567510604858,0.13049745559692383,0.03836986795067787,0.20387598872184753,1,1,0,1,0.2571609987328489,0.1,0.0,0.1
2464,2464,39,0,0.0,0.9773386120796204,0.374329894349209,15.53910567690043,0.20000000000000018,0.0,3,0.441454737983231,GOOD,78.38755843019135,77.48801299345989,1.9372003248364973,0,0.0,80.0,1,1,1,39,0.9773386120796204,1,39,1,0.4546060860157013,0.08038706332445145,0.0013639507815241814,0.463642954826355,1,1,0,1,0.16806302891804772,0.1,0.0,0.17339170906518322
2465,2465,39,1,6.2,0.9995212554931641,0.6072193114371096,22.447055773531787,0.0,0.0,3,0.562252912753122,GOOD,101.52273821636928,100.14984516012724,2.503746129003181,0,0.0,80.0,1,1,1,22,0.9995212554931641,0,22,0,0.9984435439109802,0.0003910361847374588,9.512664837529883e-05,0.0010703541338443756,1,1,0,1,0.362252912753122,0.1,0.0,0.1
2466,2466,39,0,0.0,0.5849724411964417,0.336971952430168,14.993702629137836,3.2,0.0,3,0.4188473804231593,GOOD,78.31043991479547,77.78507729747217,1.9446269324368044,0,0.0,80.0,1,1,0,39,0.5849724411964417,1,39,1,0.3947256803512573,0.03437095880508423,0.4401226341724396,0.1307806670665741,1,0,1,1,0.1453168817294006,0.0,0.17353049869375872,0.1
2467,2467,39,0,0.0,0.9931296706199646,0.373758652344818,15.847650066081368,0.20000000000000018,0.0,3,0.4411177708122552,GOOD,40.819628830678354,40.542494597861825,1.0135623649465457,0,0.0,80.0,1,1,1,39,0.9931296706199646,1,39,1,0.07535747438669205,0.4991592764854431,0.0076654222793877125,0.4178178310394287,1,1,0,1,0.1,0.19455910377210253,0.0,0.1465586670401527
