t,sample_id,label,u,c_comm,proxy_acc,cost,G,Y_bw,Q_net,active_views,active_token_ratio_sum,network_state,bandwidth_mbps,effective_bandwidth_mbps,B_t,is_disconnected,comm_delay_ms,e2e_delay_ms,deadline_met,transmission_success,business_available,real_pred,real_conf,real_correct,traj_pred,traj_correct,w_1,w_2,w_3,w_4,v_1,v_2,v_3,v_4,k_1,k_2,k_3,k_4
0,0,0,1,6.2,0.999988317489624,0.36364987634286994,15.717711201902809,0.0,0.0,3,0.4351115869021086,JITTER,97.39560485559633,96.5407082336417,2.4135177058410426,0,0.0,80.0,1,1,1,0,0.999988317489624,1,0,1,0.5601472854614258,0.13485881686210632,0.2577750086784363,0.047218915075063705,1,1,1,0,0.23511158690210862,0.1,0.1,0.0
1,1,0,0,0.0,0.9999943971633911,0.36778618661716794,16.087541446643105,3.2,0.0,3,0.43757916319383405,JITTER,105.85979199113825,104.38332730118836,2.6095831825297093,0,0.0,80.0,1,1,1,0,0.9999943971633911,1,0,1,9.99999993922529e-09,0.5249578952789307,0.09632721543312073,0.3787148892879486,0,1,1,1,0.0,0.21228828717166962,0.1,0.12529087602216446
2,2,0,0,0.0,0.9806204438209534,0.25324907110456074,12.052930774126782,0.20000000000000018,0.0,3,0.36310552486990033,JITTER,29.417734788764953,28.843722796876126,0.7210930699219031,0,0.0,80.0,1,1,1,0,0.9806204438209534,1,0,1,0.19891206920146942,0.3670075237751007,0.22603927552700043,0.20804113149642944,0,1,1,1,0.0,0.16310552486990035,0.1,0.1
3,3,0,1,6.2,0.9999921321868896,0.3073280000000001,11.716384230920776,0.0,0.0,4,0.4,JITTER,96.1139701990353,94.60293497479701,2.3650733743699255,0,0.0,80.0,1,1,1,0,0.9999921321868896,1,0,1,0.2663012742996216,0.2610095739364624,0.21196620166301727,0.2607229948043823,1,1,1,1,0.1,0.1,0.1,0.1
4,4,0,0,0.0,0.9999827146530151,0.2542660410348189,13.608920497520494,3.2,0.3871048066205802,3,0.3638338541491722,JITTER,32.81136326755458,32.515807735176786,0.8128951933794197,0,0.0,80.0,1,1,1,0,0.9999827146530151,1,0,1,0.07866712659597397,0.2730303704738617,0.33033257722854614,0.3179699182510376,0,1,1,1,0.0,0.1,0.13633941488008786,0.12749443926908433
5,5,0,0,0.0,0.9999678134918213,0.36632835544526987,15.111374887776211,0.20000000000000018,0.0,3,0.4367110637830982,JITTER,57.07980242325812,56.0218111741327,1.4005452793533175,0,0.0,80.0,1,1,1,0,0.9999678134918213,1,0,1,0.09449591487646103,0.16981856524944305,0.1707957684993744,0.5648897886276245,0,1,1,1,0.0,0.1,0.1,0.23671106378309822
6,6,0,1,6.2,0.9999892711639404,0.3361451695164262,15.469909137431411,0.0,0.0,3,0.41833323001535794,JITTER,84.38651200806646,82.99791235290536,2.074947808822634,0,0.0,80.0,1,1,1,0,0.9999892711639404,1,0,1,0.16700272262096405,9.99999993922529e-09,0.4004429280757904,0.43255430459976196,1,0,1,1,0.1,0.0,0.14917594945621704,0.1691572805591409
7,7,0,0,0.0,0.9999912977218628,0.3427143188875376,14.857473532986031,3.2,0.0,3,0.4224011106712462,JITTER,64.3414198827331,64.0490026424937,1.6012250660623426,0,0.0,80.0,1,1,1,0,0.9999912977218628,1,0,1,0.08274177461862564,0.2654181718826294,0.5231590270996094,0.1286810338497162,0,1,1,1,0.0,0.1,0.2224011106712462,0.1
8,8,0,0,0.0,0.999996542930603,0.43094887013032407,17.052879849289468,0.20000000000000018,0.0,3,0.4736655503487833,JITTER,75.45847870158349,75.36216764037287,1.884054191009322,0,0.0,80.0,1,1,1,0,0.999996542930603,1,0,1,0.1932826191186905,0.6799343824386597,0.0498233363032341,0.07695959508419037,1,1,0,1,0.1,0.27366555034878337,0.0,0.1
9,9,0,1,6.2,0.999996542930603,0.2333714128693383,11.99477145924595,0.0,0.0,3,0.348564179348383,JITTER,102.7631171992582,101.4648811457066,2.536622028642665,0,0.0,80.0,1,1,1,0,0.999996542930603,1,0,1,0.3225240111351013,0.21107199788093567,0.1882808357477188,0.27812322974205017,1,1,0,1,0.14086137174907112,0.1,0.0,0.10770280759931186
10,10,0,0,0.0,0.999994158744812,0.4814042414050488,18.63280376808472,3.2,0.0,3,0.5006265552653637,JITTER,95.80877400853738,95.12944004132314,2.3782360010330783,0,0.0,80.0,1,1,1,0,0.999994158744812,1,0,1,0.022156888619065285,0.057363223284482956,0.14999207854270935,0.7704877853393555,0,1,1,1,0.0,0.1,0.1,0.30062655526536364
11,11,0,0,0.0,0.9999972581863403,0.23097273186582065,12.641347102417907,0.20000000000000018,0.0,3,0.3467682142763877,JITTER,117.06980243949033,114.97865217493582,2.874466304373396,0,0.0,80.0,1,1,1,0,0.9999972581863403,1,0,1,0.13841108977794647,0.2686178386211395,0.3052220046520233,0.2877490520477295,0,1,1,1,0.0,0.10164312788998003,0.12912074654017602,0.11600433984623165
12,12,0,1,6.2,0.9999881982803345,0.37376787656984123,16.04337869178503,0.0,0.0,3,0.4411232140902227,JITTER,97.83834970737618,97.45748710806792,2.4364371777016984,0,0.0,80.0,1,1,1,0,0.9999881982803345,1,0,1,0.03730703145265579,0.04615334793925285,0.5780738592147827,0.33846578001976013,0,1,1,1,0.0,0.1,0.24112321409022272,0.1
13,13,0,0,0.0,0.9999575614929199,0.26429673016415994,12.602989172483063,3.2,0.0,3,0.370940985586214,JITTER,66.67210037270343,66.61369059131805,1.6653422647829512,0,0.0,80.0,1,1,1,0,0.9999575614929199,1,0,1,0.16553767025470734,0.1633681356906891,0.29474401473999023,0.37635013461112976,1,0,1,1,0.1,0.0,0.10683690497302192,0.16410408061319207
14,14,0,0,0.0,0.9998179078102112,0.22787538195284543,11.980113485949161,0.20000000000000018,0.0,3,0.3444352816433831,JITTER,35.42894920675478,34.9449550733517,0.8736238768337925,0,0.0,80.0,1,1,1,0,0.9998179078102112,1,0,1,0.22692342102527618,0.29101839661598206,0.18500758707523346,0.2970506250858307,1,1,0,1,0.1,0.11993820162323143,0.0,0.12449708002015167
15,15,0,1,6.2,0.9999935626983643,0.36284025071274806,15.875094257469103,0.0,0.0,3,0.4346269534527415,JITTER,94.47621559078172,92.64808242942905,2.3162020607357263,0,0.0,80.0,1,1,1,0,0.9999935626983643,1,0,1,0.13204190135002136,0.034800510853528976,0.5587142109870911,0.2744434177875519,1,0,1,1,0.1,0.0,0.23462695345274145,0.1
16,16,0,0,0.0,0.9999879598617554,0.31865600580554837,14.894621246298122,3.2,0.0,3,0.4073052242643216,JITTER,52.58253581381519,52.19294159861211,1.3048235399653028,0,0.0,80.0,1,1,1,0,0.9999879598617554,1,0,1,0.052351247519254684,0.18208850920200348,0.48084163665771484,0.2847185730934143,0,1,1,1,0.0,0.1,0.2073052242643216,0.1
17,17,0,0,0.0,0.9999595880508423,0.2968877233609641,13.405981586505323,0.20000000000000018,0.0,3,0.39314707255499315,JITTER,66.95558112758079,66.70185782849036,1.667546445712259,0,0.0,80.0,1,1,1,0,0.9999595880508423,1,0,1,0.1350162774324417,0.3493669033050537,0.39543992280960083,0.12017683684825897,1,1,1,0,0.1,0.131320739246244,0.16182633330874915,0.0
18,18,0,1,6.2,0.9999511241912842,0.45560951179695686,17.966707577202826,0.0,0.0,3,0.4870295558955159,JITTER,32.99215053354716,32.67825996283524,0.8169564990708811,0,0.0,80.0,1,1,1,0,0.9999511241912842,1,0,1,0.20432515442371368,0.7241217494010925,0.046658437699079514,0.02489466220140457,1,1,1,0,0.1,0.28702955589551593,0.1,0.0
19,19,0,0,0.0,0.9999809265136719,0.3574260372886847,15.413722566020127,3.2,0.14702412019554378,3,0.4313720671447403,JITTER,42.69093490508841,42.119035192178245,1.0529758798044562,0,0.0,80.0,1,1,1,0,0.9999809265136719,1,0,1,0.07067348062992096,0.34989500045776367,0.5306729674339294,0.04875859618186951,1,1,1,0,0.1,0.11114148646810626,0.22023058067663406,0.0
20,20,0,0,0.0,0.9999949932098389,0.26220537420279677,13.403398528203104,0.20000000000000018,0.0,3,0.3694704596519076,JITTER,63.715191887233075,62.654106866390265,1.5663526716597567,0,0.0,80.0,1,1,1,0,0.9999949932098389,1,0,1,0.30354899168014526,0.10115420073270798,0.23249927163124084,0.3627975285053253,1,0,1,1,0.11386362850861059,0.0,0.1,0.15560683114329701
21,21,0,1,6.2,0.9999674558639526,0.3445864061716964,14.874077831577527,0.0,0.0,3,0.42355322883560703,JITTER,90.0265102002249,89.4640846276931,2.2366021156923277,0,0.0,80.0,1,1,1,0,0.9999674558639526,1,0,1,0.07987160235643387,0.0682433620095253,0.5005629658699036,0.3513220548629761,1,0,1,1,0.1,0.0,0.20763700574433727,0.11591622309126975
22,22,0,0,0.0,0.9997712969779968,0.49455299075347076,18.86077714622351,3.2,0.0,3,0.5074173849173718,JITTER,103.2259801395201,101.56452834784093,2.5391132086960235,0,0.0,80.0,1,1,1,0,0.9997712969779968,1,0,1,0.042098697274923325,0.1339723765850067,0.029752513393759727,0.7941765189170837,1,1,0,1,0.1,0.1,0.0,0.3074173849173717
23,23,0,0,0.0,0.9999892711639404,0.27168222135503634,13.16297943864701,0.20000000000000018,0.0,3,0.3760880517861359,JITTER,58.74783790301745,58.40906484876588,1.460226621219147,0,0.0,80.0,1,1,1,0,0.9999892711639404,1,0,1,0.39732593297958374,0.2905164957046509,0.13188780844211578,0.18026982247829437,1,1,0,1,0.1750079399989977,0.10108011178713827,0.0,0.1
24,24,0,1,6.2,0.9999953508377075,0.27035291822751745,12.730186949388912,0.0,0.0,3,0.37516685044719456,JITTER,88.24955039749754,88.00288852058843,2.200072213014711,0,0.0,80.0,1,1,1,0,0.9999953508377075,1,0,1,0.26788437366485596,0.16276255249977112,0.17277134954929352,0.3965817391872406,1,0,1,1,0.1,0.0,0.1,0.17516685044719452
25,25,0,0,0.0,0.9999949932098389,0.3365027945653817,15.901312276638404,3.2,0.20037670541534225,3,0.41855570334680015,JITTER,39.99082024751083,39.98493178338631,0.9996232945846577,0,0.0,80.0,1,1,1,0,0.9999949932098389,1,0,1,9.99999993922529e-09,0.22612760961055756,0.5122132301330566,0.26165926456451416,0,1,1,1,0.0,0.1,0.21855570334680016,0.1
26,26,0,0,0.0,0.9999881982803345,0.30357152574915097,13.649219919565123,0.20000000000000018,0.0,3,0.39754788121924,JITTER,98.69243775021384,97.38012271466613,2.4345030678666535,0,0.0,80.0,1,1,1,0,0.9999881982803345,1,0,1,0.3815212547779083,0.13490307331085205,0.378343790769577,0.10523181408643723,1,1,1,0,0.14981421775768686,0.1,0.14773366346155317,0.0
27,27,0,1,6.2,0.9999872446060181,0.27210814712808423,12.927248445393872,0.0,0.0,3,0.37638273956586965,JITTER,90.51653786263351,89.10316008469437,2.227579002117359,0,0.0,80.0,1,1,1,0,0.9999872446060181,1,0,1,0.37106674909591675,0.1710825264453888,0.3177407383918762,0.14011000096797943,1,1,1,0,0.15663163903868962,0.1,0.11975110052718002,0.0
28,28,0,0,0.0,0.9999971389770508,0.3407583306959665,14.474943785855437,3.2,0.0,3,0.4211939918212726,JITTER,65.891577553834,65.1420724614102,1.6285518115352549,0,0.0,80.0,1,1,1,0,0.9999971389770508,1,0,1,0.427550345659256,0.4157721996307373,0.07488615810871124,0.08179133385419846,1,1,0,1,0.16423658729778853,0.15695740452348408,0.0,0.1
29,29,0,0,0.0,0.999890923500061,0.24360760268358042,12.590271281057486,0.20000000000000018,0.0,3,0.35612654424548734,JITTER,33.979699812765745,33.901865862400015,0.8475466465600004,0,0.0,80.0,1,1,1,0,0.999890923500061,1,0,1,0.22441884875297546,0.34305012226104736,0.1515563577413559,0.2809746563434601,1,1,0,1,0.1,0.15075008578961133,0.0,0.10537645845587601
30,30,0,1,6.2,0.6721455454826355,0.35361414744273195,15.462894704664482,0.0,0.0,3,0.4290656452181435,JITTER,86.84029617904716,86.02209349764125,2.1505523374410314,0,0.0,80.0,1,1,0,0,0.6721455454826355,1,0,1,0.10838605463504791,0.01955569162964821,0.47392329573631287,0.39813485741615295,1,0,1,1,0.1,0.0,0.18752272235083847,0.14154292286730505
31,31,0,0,0.0,0.9999943971633911,0.4471559250275792,17.79576326687931,3.2,0.0,3,0.48249011629434446,JITTER,76.52361064811888,75.35280115389568,1.883820028847392,0,0.0,80.0,1,1,1,0,0.9999943971633911,1,0,1,0.13321922719478607,0.7089584469795227,0.1349497139453888,0.022872596979141235,1,1,1,0,0.1,0.2824901162943445,0.1,0.0
32,32,0,0,0.0,0.9999616146087646,0.3277355588075706,15.083690780465272,0.20000000000000018,0.0,3,0.41306719792277913,JITTER,83.47183200005908,82.54766626545073,2.0636916566362684,0,0.0,80.0,1,1,1,0,0.9999616146087646,1,0,1,0.41164666414260864,0.16571760177612305,0.02012729085981846,0.40250834822654724,1,1,0,1,0.15941300771620595,0.1,0.0,0.1536541902065732
33,33,0,1,6.2,0.9999769926071167,0.24360846508023956,12.825534429271189,0.0,0.0,3,0.35612717460773125,JITTER,75.92071607454136,75.45919389262455,1.886479847315614,0,0.0,80.0,1,1,1,0,0.9999769926071167,1,0,1,0.13046906888484955,0.3205414414405823,0.30348530411720276,0.24550418555736542,0,1,1,1,0.0,0.13429710836880063,0.12183006623893064,0.1
34,34,0,0,0.0,0.9999909400939941,0.28377677461106404,12.9848362620131,3.2,0.6279955216851903,3,0.3843681120890923,JITTER,23.08178345679394,22.880179132592385,0.5720044783148096,0,0.0,80.0,1,1,1,0,0.9999909400939941,1,0,1,0.16289092600345612,0.4198946952819824,0.15567122399806976,0.2615431249141693,1,1,0,1,0.1,0.18436811208909223,0.0,0.1
35,35,0,0,0.0,0.9997968077659607,0.49310937686432565,18.997715870171113,0.20000000000000018,0.0,3,0.5066762609756231,JITTER,41.45846728195292,41.11972785376095,1.0279931963440239,0,0.0,80.0,1,1,1,0,0.9997968077659607,1,0,1,0.7915740013122559,0.02914809249341488,0.017140643671154976,0.16213728487491608,1,1,0,1,0.30667626097562317,0.1,0.0,0.1
36,36,0,1,6.2,0.9999499320983887,0.23183446045698622,12.403337890904282,0.0,0.0,3,0.34741448512952733,JITTER,105.34030732681661,104.84744218007796,2.6211860545019494,0,0.0,80.0,1,1,1,0,0.9999499320983887,1,0,1,0.15595486760139465,0.29424068331718445,0.24691343307495117,0.30289098620414734,0,1,1,1,0.0,0.12046652447030434,0.1,0.12694796065922298
37,37,0,0,0.0,0.9997499585151672,0.2577535678472126,13.029322844387343,3.2,0.557877257316156,3,0.3663205387543711,JITTER,25.8302741689066,25.684909707353757,0.642122742683844,0,0.0,80.0,1,1,1,0,0.9997499585151672,1,0,1,0.12809018790721893,0.3651636838912964,0.21567700803279877,0.2910691499710083,0,1,1,1,0.0,0.15948614122750557,0.1,0.10683439752686552
38,38,0,0,0.0,0.9999514818191528,0.410648607714226,17.06461732963318,0.20000000000000018,0.0,3,0.4623747439572748,JITTER,49.35937577666836,48.70594005700461,1.2176485014251153,0,0.0,80.0,1,1,1,0,0.9999514818191528,1,0,1,0.017071044072508812,0.11366135627031326,0.22559620440006256,0.6436713337898254,0,1,1,1,0.0,0.1,0.1,0.2623747439572748
39,39,0,1,6.2,0.9999957084655762,0.31614112124242266,13.776408792629901,0.0,0.0,3,0.4056947812587929,JITTER,75.70321523412784,74.51634293721523,1.8629085734303807,0,0.0,80.0,1,1,1,0,0.9999957084655762,1,0,1,0.13030526041984558,0.4764305353164673,0.22857573628425598,0.16468849778175354,0,1,1,1,0.0,0.2056947812587929,0.1,0.1
40,40,0,0,0.0,0.9999920129776001,0.28521804496223346,13.021287073744787,3.2,0.0,3,0.38534295710023314,JITTER,86.43135403273875,85.72886269883115,2.143221567470779,0,0.0,80.0,1,1,1,0,0.9999920129776001,1,0,1,0.2569795250892639,0.16629008948802948,0.15432772040367126,0.4224027395248413,1,1,0,1,0.1,0.1,0.0,0.1853429571002331
41,41,0,0,0.0,0.9999936819076538,0.4111345016119428,16.46772269220228,0.20000000000000018,0.0,3,0.462648212128981,JITTER,101.40203846660347,101.06341057765623,2.526585264441406,0,0.0,80.0,1,1,1,0,0.9999936819076538,1,0,1,9.99999993922529e-09,9.99999993922529e-09,0.509666919708252,0.49033302068710327,0,1,1,1,0.0,0.1,0.18676319824755147,0.17588501388142955
42,42,0,1,6.2,0.9999719858169556,0.27706686248597606,13.857962785731694,0.0,0.0,3,0.379796728830173,JITTER,22.271207313386046,22.23109782187682,0.5557774455469205,0,0.0,80.0,1,1,1,0,0.9999719858169556,1,0,1,0.22622519731521606,0.07373833656311035,0.3644370436668396,0.3355993926525116,1,0,1,1,0.1,0.0,0.1497808576011331,0.13001587122903988
43,43,0,0,0.0,0.9998273849487305,0.34788041107993384,14.521057601420608,3.2,0.0,3,0.42557285001084666,JITTER,92.23593505964503,91.38390149534511,2.284597537383628,0,0.0,80.0,1,1,1,0,0.9998273849487305,1,0,1,0.11334492266178131,0.23262333869934082,0.5322727560997009,0.12175892293453217,0,1,1,1,0.0,0.1,0.22557285001084662,0.1
44,44,0,0,0.0,0.9999971389770508,0.3202421218994748,15.203172931154661,0.20000000000000018,0.0,3,0.40831765058518066,JITTER,36.12717790336018,35.76515122880601,0.8941287807201503,0,0.0,80.0,1,1,1,0,0.9999971389770508,1,0,1,0.031822945922613144,0.4836249351501465,0.3112174868583679,0.17333459854125977,0,1,1,1,0.0,0.20831765058518067,0.1,0.1
45,45,0,1,6.2,0.9999961853027344,0.2297639940672426,12.076201684410847,0.0,0.0,3,0.34585966185624206,JITTER,35.23121027131684,34.74056608030552,0.868514152007638,0,0.0,80.0,1,1,1,0,0.9999961853027344,1,0,1,0.326662540435791,0.23145824670791626,0.18323734402656555,0.2586418390274048,1,1,0,1,0.14585966185624202,0.1,0.0,0.1
46,46,0,0,0.0,0.999993085861206,0.3589541709158845,14.64484493678996,3.2,0.0,3,0.43229322427659955,JITTER,64.61562755740307,64.12322904466477,1.6030807261166193,0,0.0,80.0,1,1,1,0,0.999993085861206,1,0,1,0.5518385767936707,0.17139483988285065,0.11846340447664261,0.15830320119857788,1,1,0,1,0.23229322427659957,0.1,0.0,0.1
47,47,0,0,0.0,0.9999896287918091,0.5652107678910616,21.070512220830242,0.20000000000000018,0.0,3,0.5424555288466245,JITTER,50.15120891478765,49.51902023473046,1.2379755058682615,0,0.0,80.0,1,1,1,0,0.9999896287918091,1,0,1,0.019029462710022926,0.922031819820404,0.04953110218048096,0.009407599456608295,1,1,1,0,0.1,0.34245552884662456,0.1,0.0
48,48,0,1,6.2,0.9999959468841553,0.3802031679373786,15.84652679779765,0.0,0.0,3,0.4449044934559111,JITTER,56.18126105533904,56.0827753953675,1.4020693848841876,0,0.0,80.0,1,1,1,0,0.9999959468841553,1,0,1,0.4277138113975525,0.05190425366163254,0.5036070346832275,0.01677488349378109,1,1,1,0,0.15025014604200668,0.1,0.1946543474139044,0.0
49,49,0,0,0.0,0.9999909400939941,0.3690122633669908,15.91650030023612,3.2,0.4202797014268459,3,0.43830792798794316,JITTER,31.80059021205153,31.18881194292616,0.7797202985731541,0,0.0,80.0,1,1,1,0,0.9999909400939941,1,0,1,0.0400041788816452,0.1698513776063919,0.5696441531181335,0.22050023078918457,0,1,1,1,0.0,0.1,0.23830792798794312,0.1
50,50,0,0,0.0,0.9999980926513672,0.5001502109376029,19.03725246912741,0.20000000000000018,0.0,3,0.5102807141110379,JITTER,110.8580690707607,109.30670543537478,2.73266763588437,0,0.0,80.0,1,1,1,0,0.9999980926513672,1,0,1,0.027437681332230568,0.8042709827423096,0.13850711286067963,0.02978425659239292,0,1,1,1,0.0,0.31028071411103797,0.1,0.1
51,51,0,1,6.2,0.9999313354492188,0.3730447670205276,15.425393958527025,0.0,0.0,3,0.4406962982733251,JITTER,46.58699614595196,45.68397582282704,1.142099395570676,0,0.0,80.0,1,1,1,0,0.9999313354492188,1,0,1,0.08089865744113922,0.22472795844078064,0.5767916440963745,0.11758173257112503,0,1,1,1,0.0,0.1,0.2406962982733251,0.1
52,52,0,0,0.0,0.9999961853027344,0.3967663363379196,16.5066168851255,3.2,0.0,3,0.45449209626279263,JITTER,97.87509039657947,96.47177655521232,2.4117944138803082,0,0.0,80.0,1,1,1,0,0.9999961853027344,1,0,1,0.6189349889755249,0.04445328935980797,0.30010488629341125,0.036506835371255875,1,1,1,0,0.2544920962627927,0.1,0.1,0.0
53,53,0,0,0.0,0.9999885559082031,0.4194497905954438,16.30681940142879,0.20000000000000018,0.0,3,0.46730337478283357,JITTER,64.93615021437887,64.58258383528738,1.6145645958821846,0,0.0,80.0,1,1,1,0,0.9999885559082031,1,0,1,0.1586628407239914,0.659380316734314,0.08535410463809967,0.09660268574953079,1,1,0,1,0.1,0.2673033747828336,0.0,0.1
54,54,0,1,6.2,0.99998939037323,0.3073280000000001,11.716383611198907,0.0,0.0,4,0.4,JITTER,29.63909621534993,29.104049829842566,0.7276012457460642,0,0.0,80.0,1,1,1,0,0.99998939037323,1,0,1,0.2643933892250061,0.25111332535743713,0.20382925868034363,0.28066402673721313,1,1,1,1,0.1,0.1,0.1,0.1
55,55,0,0,0.0,0.9999953508377075,0.3080964605706204,13.95838603220012,3.2,0.0,3,0.4004997792550849,JITTER,65.57762898336111,65.31221879023379,1.6328054697558447,0,0.0,80.0,1,1,1,0,0.9999953508377075,1,0,1,0.13917891681194305,0.42006173729896545,0.09077224880456924,0.3499871790409088,1,1,0,1,0.1,0.17302266431454374,0.0,0.12747711494054115
56,56,0,0,0.0,0.9999377727508545,0.24615064351668603,13.321891424689165,0.20000000000000018,0.0,3,0.3579805362094616,JITTER,50.59566241506525,50.009542459577574,1.2502385614894393,0,0.0,80.0,1,1,1,0,0.9999377727508545,1,0,1,0.3265085816383362,0.2944224178791046,0.28393569588661194,0.09513327479362488,1,1,1,0,0.13742313946857304,0.11409144725088505,0.10646594949000351,0.0
57,57,0,1,6.2,0.999995231628418,0.5002394838543747,19.42001676377492,0.0,0.0,3,0.5103262526453988,JITTER,37.677278293923166,37.0317803984772,0.9257945099619301,0,0.0,80.0,1,1,1,0,0.999995231628418,1,0,1,9.99999993922529e-09,0.8044320344924927,0.12235518544912338,0.07321271300315857,0,1,1,1,0.0,0.3103262526453988,0.1,0.1
58,58,0,0,0.0,0.999991774559021,0.34125220060394357,14.286185880293383,3.2,0.0,3,0.42149910501061794,JITTER,95.85195298352102,94.47271439497713,2.3618178598744284,0,0.0,80.0,1,1,1,0,0.999991774559021,1,0,1,0.23310355842113495,0.5205813050270081,0.12218105792999268,0.1241341382265091,1,1,0,1,0.1,0.22149910501061795,0.0,0.1
59,59,0,0,0.0,0.999991774559021,0.3724135863499151,15.809529761786258,0.20000000000000018,0.0,3,0.4403233179121039,JITTER,63.20930397751037,62.41626887351556,1.5604067218378892,0,0.0,80.0,1,1,1,0,0.999991774559021,1,0,1,0.2724388837814331,0.052321065217256546,0.5756725668907166,0.0995674654841423,1,0,1,1,0.1,0.0,0.24032331791210385,0.1
60,60,0,1,6.2,0.9999946355819702,0.2877152821739135,13.65707764719593,0.0,0.0,3,0.3870262229596193,JITTER,78.40979689127356,77.3907100905056,1.9347677522626403,0,0.0,80.0,1,1,1,0,0.9999946355819702,1,0,1,0.11071867495775223,0.28245383501052856,0.4267505705356598,0.1800769567489624,0,1,1,1,0.0,0.1,0.18702622295961932,0.1
61,61,0,0,0.0,0.9999971389770508,0.48691873795473667,18.657385242530005,3.2,0.4948028998620452,3,0.5034857348848907,JITTER,28.44443211398891,28.20788400551819,0.7051971001379548,0,0.0,80.0,1,1,1,0,0.9999971389770508,1,0,1,0.10204922407865524,0.7804183959960938,0.08713440597057343,0.03039800375699997,1,1,1,0,0.1,0.3034857348848907,0.1,0.0
62,62,0,0,0.0,0.9999932050704956,0.2846378100320976,15.111776473941823,0.20000000000000018,0.0,3,0.3849507952460512,JITTER,24.16141738618925,23.922707018815004,0.5980676754703751,0,0.0,80.0,1,1,1,0,0.9999932050704956,1,0,1,9.99999993922529e-09,0.41517913341522217,0.28284168243408203,0.3019791841506958,0,1,1,1,0.0,0.1807489587552221,0.1,0.10420183649082909
63,63,0,1,6.2,0.9999862909317017,0.21881950624680904,11.886193422649502,0.0,0.0,3,0.3375218892795254,JITTER,52.98612123327853,52.83296570943058,1.3208241427357645,0,0.0,80.0,1,1,1,0,0.9999862909317017,1,0,1,0.19183838367462158,0.24281878769397736,0.25736621022224426,0.3079766035079956,0,1,1,1,0.0,0.1,0.1,0.1375218892795254
64,64,0,0,0.0,0.9999910593032837,0.28326526834967797,13.800991471109896,3.2,0.45040723605185917,3,0.3840215450173661,JITTER,30.340296772255165,29.98371055792563,0.7495927639481408,0,0.0,80.0,1,1,1,0,0.9999910593032837,1,0,1,0.08607174456119537,0.19987201690673828,0.3932744860649109,0.32078176736831665,0,1,1,1,0.0,0.1,0.16658029174286756,0.11744125327449853
65,65,0,0,0.0,0.9999922513961792,0.2749233111307185,13.658741947766089,0.20000000000000018,0.0,3,0.37832471135156,JITTER,37.05929685368861,36.3736108318437,0.9093402707960925,0,0.0,80.0,1,1,1,0,0.9999922513961792,1,0,1,0.29462942481040955,0.09766998887062073,0.4005544185638428,0.2071460634469986,1,0,1,1,0.10272124549684966,0.0,0.1756034658547103,0.1
66,66,0,1,6.2,0.9999971389770508,0.35414931364219293,15.892342793505495,0.0,0.0,3,0.4293902004143634,JITTER,78.1061139700395,77.56426092032423,1.939106523008106,0,0.0,80.0,1,1,1,0,0.9999971389770508,1,0,1,0.36784547567367554,0.12674686312675476,0.5054076910018921,9.99999993922529e-09,1,1,1,0,0.12299809209939197,0.1,0.20639210831497143,0.0
67,67,0,0,0.0,0.999977707862854,0.30942315172056084,15.397519901716317,3.2,0.0,3,0.4013611470568693,JITTER,79.09154914814167,79.05547727841541,1.9763869319603853,0,0.0,80.0,1,1,1,0,0.999977707862854,1,0,1,0.0048197186551988125,0.3108729124069214,0.46216028928756714,0.22214707732200623,0,1,1,1,0.0,0.10162083544613554,0.19974031161073383,0.1
68,68,0,0,0.0,0.9999974966049194,0.3390202593256228,13.960425318564319,0.20000000000000018,0.0,3,0.42011844790425823,JITTER,115.85592132414453,114.73836714324811,2.868459178581203,0,0.0,80.0,1,1,1,0,0.9999974966049194,1,0,1,0.14299562573432922,0.5166478157043457,0.16841833293437958,0.17193827033042908,0,1,1,1,0.0,0.2201184479042582,0.1,0.1
69,69,0,1,6.2,0.9999961853027344,0.2234317823796671,11.756191695917357,0.0,0.0,3,0.3410604820031923,JITTER,98.27352272502863,98.11091935448025,2.4527729838620065,0,0.0,80.0,1,1,1,0,0.9999961853027344,1,0,1,0.20134791731834412,0.3074667751789093,0.22076678276062012,0.27041858434677124,0,1,1,1,0.0,0.13466841965279183,0.1,0.10639206235040044
70,70,0,0,0.0,0.9999918937683105,0.3271279297901101,14.780118446756035,3.2,0.0,3,0.4126841023860721,JITTER,68.66583308381604,67.99193699246787,1.6997984248116969,0,0.0,80.0,1,1,1,0,0.9999918937683105,1,0,1,0.2398214340209961,0.07001412659883499,0.19444531202316284,0.49571913480758667,1,0,1,1,0.1,0.0,0.1,0.21268410238607213
71,71,0,0,0.0,0.9998663663864136,0.3789499358383986,15.369710754582165,0.20000000000000018,0.0,3,0.4441706373694766,JITTER,113.78264549749828,112.48159089140864,2.812039772285216,0,0.0,80.0,1,1,1,0,0.9998663663864136,1,0,1,0.09302273392677307,0.22381870448589325,0.587267279624939,0.09589128941297531,0,1,1,1,0.0,0.1,0.2441706373694766,0.1
72,72,0,1,6.2,0.9999866485595703,0.3333986992258198,14.899888005636859,0.0,0.0,3,0.41662073140049594,JITTER,67.34894010569539,66.9893295468303,1.6747332386707576,0,0.0,80.0,1,1,1,0,0.9999866485595703,1,0,1,0.12943729758262634,0.506748378276825,0.2952173054218292,0.06859700381755829,1,1,1,0,0.1,0.2166207314004959,0.1,0.0
73,73,0,0,0.0,0.9999690055847168,0.3833981996291976,15.52735011670666,3.2,0.0,3,0.44676995671815967,JITTER,53.15689973425522,52.60335312040375,1.3150838280100938,0,0.0,80.0,1,1,1,0,0.9999690055847168,1,0,1,0.0878869965672493,0.14775563776493073,0.16919216513633728,0.5951652526855469,0,1,1,1,0.0,0.1,0.1,0.24676995671815968
74,74,0,0,0.0,0.9999922513961792,0.3216661206014432,15.429156256559297,0.20000000000000018,0.0,3,0.40922446269892265,JITTER,63.89114603050467,63.86352961947153,1.5965882404867884,0,0.0,80.0,1,1,1,0,0.9999922513961792,1,0,1,0.4520255923271179,9.99999993922529e-09,0.19946004450321198,0.3485143184661865,1,0,1,1,0.1875340582967773,0.0,0.1,0.12169040440214537
75,75,0,1,6.2,0.9999610185623169,0.24398205031268072,12.101013417213792,0.0,0.0,3,0.35640013902433365,JITTER,102.62919241943578,100.78974729359791,2.519743682339948,0,0.0,80.0,1,1,1,0,0.9999610185623169,1,0,1,0.35104942321777344,0.21753378212451935,0.18945880234241486,0.24195800721645355,1,1,0,1,0.1564001390243336,0.1,0.0,0.1
76,76,0,0,0.0,0.9999938011169434,0.3600040327819301,15.179750459335164,3.2,0.3588027921590464,3,0.4329249439232806,JITTER,34.024908899861074,33.64788831363814,0.8411972078409535,0,0.0,80.0,1,1,1,0,0.9999938011169434,1,0,1,0.10769911855459213,0.08124425262212753,0.5536956191062927,0.2573610246181488,1,0,1,1,0.1,0.0,0.23292494392328064,0.1
77,77,0,0,0.0,0.9999899864196777,0.22935258643904421,12.353974648338228,0.20000000000000018,0.0,3,0.34554988082322513,JITTER,30.857574113544356,30.442700143682917,0.761067503592073,0,0.0,80.0,1,1,1,0,0.9999899864196777,1,0,1,0.159988135099411,0.2485603392124176,0.31307122111320496,0.2783803939819336,0,1,1,1,0.0,0.1,0.13584151551219015,0.109708365311035
78,78,0,1,6.2,0.9999610185623169,0.2446970474366539,12.107456489307298,0.0,0.0,3,0.3569219779339533,JITTER,48.12337838390083,47.488705484617086,1.1872176371154273,0,0.0,80.0,1,1,1,0,0.9999610185623169,1,0,1,0.3522789478302002,0.2174292355775833,0.18943651020526886,0.24085533618927002,1,1,0,1,0.15692197793395327,0.1,0.0,0.1
79,79,0,0,0.0,0.9999921321868896,0.5415011307148947,20.19652222113767,3.2,0.0,3,0.5309560947868113,JITTER,92.69946142868827,91.2743972581027,2.2818599314525674,0,0.0,80.0,1,1,1,0,0.9999921321868896,1,0,1,0.05983705073595047,0.03713472932577133,0.023997988551855087,0.879030168056488,1,1,0,1,0.1,0.1,0.0,0.3309560947868112
80,80,0,0,0.0,0.9999986886978149,0.2827997449024455,15.007351563575622,0.20000000000000018,0.0,3,0.3837058611641676,JITTER,30.774094595589656,30.210305892130748,0.7552576473032687,0,0.0,80.0,1,1,1,0,0.9999986886978149,1,0,1,0.286996066570282,0.3967089354991913,9.99999993922529e-09,0.31629499793052673,1,1,0,1,0.1,0.16912956335895377,0.0,0.11457629780521386
81,81,0,1,6.2,0.9999803304672241,0.2646929028810029,12.500861293203068,0.0,0.0,3,0.3712188960777547,JITTER,43.021399089488085,42.989208279283815,1.0747302069820954,0,0.0,80.0,1,1,1,0,0.9999803304672241,1,0,1,0.17489412426948547,0.21378140151500702,0.2245461791753769,0.3867783546447754,0,1,1,1,0.0,0.1,0.1,0.17121889607775467
82,82,0,0,0.0,0.9999949932098389,0.3360015520196717,15.893101739151305,3.2,0.0,3,0.418243854359551,JITTER,75.48524693914834,74.92526373529655,1.873131593382414,0,0.0,80.0,1,1,1,0,0.9999949932098389,1,0,1,9.99999993922529e-09,0.23127667605876923,0.5113305449485779,0.2573927640914917,0,1,1,1,0.0,0.1,0.218243854359551,0.1
83,83,0,0,0.0,0.9999872446060181,0.3163189959447456,14.42606084125396,0.20000000000000018,0.0,3,0.4058088959467777,JITTER,102.97897431324131,101.31431616163432,2.532857904040858,0,0.0,80.0,1,1,1,0,0.9999872446060181,1,0,1,0.08362287282943726,0.1996077001094818,0.4767424464225769,0.24002696573734283,0,1,1,1,0.0,0.1,0.20580889594677773,0.1
84,84,0,1,6.2,0.9999692440032959,0.3525170019954867,14.889236523855702,0.0,0.0,3,0.42839950511485947,JITTER,51.71388928227154,50.72832660599593,1.2682081651498984,0,0.0,80.0,1,1,1,0,0.9999692440032959,1,0,1,0.10401637852191925,0.0926063135266304,0.5404600501060486,0.26291728019714355,1,0,1,1,0.1,0.0,0.22839950511485943,0.1
85,85,0,0,0.0,0.9999847412109375,0.3043750069299614,13.56303575623118,3.2,0.0,3,0.3980736406114149,JITTER,49.09178381401186,48.58608234920968,1.214652058730242,0,0.0,80.0,1,1,1,0,0.9999847412109375,1,0,1,0.1334463357925415,0.1951068639755249,0.4558260440826416,0.2156207412481308,0,1,1,1,0.0,0.1,0.1980736406114149,0.1
86,86,0,0,0.0,0.9999977350234985,0.3060321405322929,13.842349190545173,0.20000000000000018,0.0,3,0.3991558020325886,JITTER,45.596509056760276,44.74290267437508,1.1185725668593771,0,0.0,80.0,1,1,1,0,0.9999977350234985,1,0,1,0.18225155770778656,0.24404463171958923,0.45872458815574646,0.11497921496629715,1,1,1,0,0.1,0.1,0.19915580203258862,0.0
87,87,0,1,6.2,0.9999765157699585,0.3130025226404581,11.71794344856066,0.0,0.0,4,0.403675921507055,JITTER,36.46078175820182,36.42803223235603,0.9107008058089008,0,0.0,80.0,1,1,1,0,0.9999765157699585,1,0,1,0.3158527612686157,0.21241889894008636,0.2504705786705017,0.22125771641731262,1,1,1,1,0.10367592150705496,0.1,0.1,0.1
88,88,0,0,0.0,0.999987006187439,0.26292874104020125,12.524093759982474,3.2,0.0,3,0.3699797524206845,JITTER,63.509706000303794,62.24919639400236,1.5562299098500592,0,0.0,80.0,1,1,1,0,0.999987006187439,1,0,1,0.3837260603904724,0.22902055084705353,0.2153743952512741,0.17187897861003876,1,1,1,0,0.16997975242068444,0.1,0.1,0.0
89,89,0,0,0.0,0.9999891519546509,0.2190176881343008,11.85665413272459,0.20000000000000018,0.0,3,0.3376746992085421,JITTER,109.1677266254914,107.53324991313687,2.688331247828422,0,0.0,80.0,1,1,1,0,0.9999891519546509,1,0,1,0.19404546916484833,0.24099907279014587,0.2566412389278412,0.3083142638206482,0,1,1,1,0.0,0.1,0.1,0.13767469920854206
90,90,0,1,6.2,0.9999924898147583,0.32168216417887874,13.469798066151387,0.0,0.0,3,0.40923466791183194,JITTER,109.07924908785249,107.13011931668632,2.678252982917158,0,0.0,80.0,1,1,1,0,0.9999924898147583,1,0,1,0.18398867547512054,0.4861527383327484,0.1714041531085968,0.15845444798469543,1,1,1,0,0.1,0.2092346679118319,0.1,0.0
91,91,0,0,0.0,0.9999886751174927,0.3389668440382006,14.375427413376304,3.2,0.0,3,0.42008535013056003,JITTER,71.8858360386449,71.43161955824984,1.785790488956246,0,0.0,80.0,1,1,1,0,0.9999886751174927,1,0,1,0.11299709230661392,0.16572828590869904,0.5165536999702454,0.20472091436386108,0,1,1,1,0.0,0.1,0.22008535013056,0.1
92,92,0,0,0.0,0.9999808073043823,0.2729300409650059,12.99300966068866,0.20000000000000018,0.0,3,0.37695073691630876,JITTER,97.2012432110988,95.91495726380815,2.397873931595204,0,0.0,80.0,1,1,1,0,0.9999808073043823,1,0,1,0.1789213865995407,0.14587704837322235,0.27415087819099426,0.4010506868362427,1,0,1,1,0.1,0.0,0.1,0.17695073691630872
93,93,0,1,6.2,0.999987006187439,0.26344100111442675,13.300047406508511,0.0,0.0,3,0.3703399900118985,JITTER,57.36577288737101,57.25738981886214,1.4314347454715535,0,0.0,80.0,1,1,1,0,0.999987006187439,1,0,1,0.22308698296546936,0.3576589822769165,0.1077612042427063,0.31149283051490784,1,1,0,1,0.1,0.1513948538074498,0.0,0.11894513620444869
94,94,0,0,0.0,0.9999974966049194,0.256263137589231,12.431673351993702,3.2,0.0,3,0.36525990015779375,JITTER,94.6789611349026,94.18197135517245,2.354549283879311,0,0.0,80.0,1,1,1,0,0.9999974966049194,1,0,1,0.3713042736053467,0.1733415126800537,0.17381396889686584,0.28154024481773376,1,0,1,1,0.16461582258983135,0.0,0.1,0.10064407756796243
95,95,0,0,0.0,0.9999823570251465,0.29283885887878663,13.410942555866278,0.20000000000000018,0.0,3,0.3904570595698902,JITTER,113.68131505337793,113.13343801626164,2.828335950406541,0,0.0,80.0,1,1,1,0,0.9999823570251465,1,0,1,0.133197620511055,0.2333107590675354,0.43567973375320435,0.19781193137168884,0,1,1,1,0.0,0.1,0.19045705956989015,0.1
96,96,0,1,6.2,0.9997196793556213,0.39551731177880894,16.08375379097644,0.0,0.0,3,0.4537761594482403,JITTER,32.275793241148605,31.739296825836565,0.7934824206459141,0,0.0,80.0,1,1,1,0,0.9997196793556213,1,0,1,0.1839340776205063,0.1341700702905655,0.0651838481426239,0.6167119741439819,1,1,0,1,0.1,0.1,0.0,0.2537761594482403
97,97,0,0,0.0,0.9999796152114868,0.37405947942912604,15.907954452736401,3.2,0.3199558425257616,3,0.4412952563114465,JITTER,35.328431662449404,35.20176629896953,0.8800441574742384,0,0.0,80.0,1,1,1,0,0.9999796152114868,1,0,1,0.017713524401187897,0.06463956832885742,0.38790589570999146,0.5297410488128662,0,1,1,1,0.0,0.1,0.1288152567785626,0.2124799995328839
98,98,0,0,0.0,0.9999970197677612,0.36154928062886654,15.014007681578597,0.20000000000000018,0.0,3,0.43385307243045323,JITTER,79.93827915208435,78.54005946095872,1.963501486523968,0,0.0,80.0,1,1,1,0,0.9999970197677612,1,0,1,0.247414693236351,0.5564295649528503,0.10093970596790314,0.09521608054637909,1,1,1,0,0.1,0.23385307243045325,0.1,0.0
99,99,0,1,6.2,0.9999959468841553,0.30654513720007986,14.890260279499614,0.0,0.0,3,0.3994902111187666,JITTER,39.643466571457324,39.39742044839839,0.9849355112099598,0,0.0,80.0,1,1,1,0,0.9999959468841553,1,0,1,0.4596221148967743,0.039916619658470154,0.2767846882343292,0.2236766219139099,1,0,1,1,0.19949021111876655,0.0,0.1,0.1
100,100,1,0,0.0,0.9992470741271973,0.37682199067830324,15.802688461990595,3.2,0.0,3,0.44292178985871167,JITTER,97.74048382411776,95.84074812259252,2.396018703064813,0,0.0,80.0,1,1,1,1,0.9992470741271973,1,1,1,0.1257103830575943,0.5834911465644836,0.23197656869888306,0.058821890503168106,1,1,1,0,0.1,0.24292178985871163,0.1,0.0
101,101,1,0,0.0,0.9798672199249268,0.4010513469090891,16.266292985694104,0.20000000000000018,0.0,3,0.4569397251115186,JITTER,70.07411862023423,69.8724488069756,1.74681122017439,0,0.0,80.0,1,1,1,1,0.9798672199249268,1,1,1,0.5129095315933228,0.4647311270236969,0.004873333964496851,0.017486028373241425,1,1,0,1,0.19219293511867644,0.16474678999284217,0.0,0.1
102,102,1,1,6.2,0.997858464717865,0.33598107341123234,15.023435634984711,0.0,0.0,3,0.41823110861093216,JITTER,21.393628770820154,21.295365253804636,0.532384131345116,0,0.0,80.0,1,1,1,1,0.997858464717865,1,1,1,0.19818070530891418,0.5112944841384888,0.22781024873256683,0.06271454691886902,1,1,1,0,0.1,0.21823110861093217,0.1,0.0
103,103,1,0,0.0,0.9999237060546875,0.5966764777697126,22.096373897488554,3.2,0.38168756573272167,3,0.5573504872932495,JITTER,33.18222177865211,32.73249737069113,0.8183124342672783,0,0.0,80.0,1,1,1,1,0.9999237060546875,1,1,1,0.9792411923408508,0.01596684567630291,0.002551166107878089,0.0022408165968954563,1,1,1,0,0.3573504872932496,0.1,0.1,0.0
104,104,1,0,0.0,0.9843493103981018,0.3943236701823083,15.826207694211408,0.20000000000000018,0.0,3,0.453090910834682,JITTER,32.18325046285311,31.85734360272939,0.7964335900682348,0,0.0,80.0,1,1,1,1,0.9843493103981018,1,1,1,0.40172672271728516,0.03413095697760582,0.0031623125541955233,0.5609800219535828,1,1,0,1,0.13079863125951008,0.1,0.0,0.22229227957517192
105,105,1,1,6.2,0.7965403199195862,0.5055947139277753,19.32404303556601,0.0,0.0,3,0.5130505869733694,JITTER,89.42624356428865,88.38690205557982,2.2096725513894957,0,0.0,80.0,1,1,0,2,0.7965403199195862,0,1,1,0.14190341532230377,0.8140959143638611,0.016988549381494522,0.02701210044324398,1,1,0,1,0.1,0.3130505869733694,0.0,0.1
106,106,1,0,0.0,0.9997991919517517,0.45518232799685904,17.403206214807973,3.2,0.21663434117337332,3,0.4868011805855028,JITTER,39.97756516600576,39.33462635306506,0.9833656588266266,0,0.0,80.0,1,1,1,1,0.9997991919517517,1,1,1,0.7233551144599915,0.12023583054542542,0.06479430943727493,0.09161479771137238,1,1,0,1,0.28680118058550286,0.1,0.0,0.1
107,107,1,0,0.0,0.9998525381088257,0.48179061585625754,18.742401750338423,0.20000000000000018,0.0,3,0.5008274160991011,JITTER,91.54071296158017,90.18777050986753,2.2546942627466886,0,0.0,80.0,1,1,1,1,0.9998525381088257,1,1,1,0.18529176712036133,0.7711833715438843,0.02863549068570137,0.014889351092278957,1,1,1,0,0.1,0.30082741609910113,0.1,0.0
108,108,1,1,6.2,0.9751154184341431,0.34445572428515203,14.261983024980477,0.0,0.0,3,0.42347290647981917,JITTER,33.10577515573132,33.02383584376503,0.8255958960941258,0,0.0,80.0,1,1,1,1,0.9751154184341431,1,1,1,0.15990221500396729,0.18604104220867157,0.5262300968170166,0.12782666087150574,1,1,1,0,0.1,0.1,0.22347290647981913,0.0
109,109,1,0,0.0,0.9999685287475586,0.4502186693064452,18.03072277962586,3.2,0.0,3,0.48413967742007924,JITTER,112.75625510065076,111.85966653574313,2.7964916633935784,0,0.0,80.0,1,1,1,1,0.9999685287475586,1,1,1,0.7144502401351929,0.15297655761241913,0.011063721962273121,0.12150949239730835,1,1,0,1,0.2841396774200793,0.1,0.0,0.1
110,110,1,0,0.0,0.9998074173927307,0.6035699961943882,22.319408888531427,0.20000000000000018,0.0,3,0.5605608303292062,JITTER,50.09486917809397,49.605358101406196,1.240133952535155,0,0.0,80.0,1,1,1,1,0.9998074173927307,1,1,1,0.0009427090408280492,0.9917949438095093,0.0010267351754009724,0.0062355706468224525,0,1,1,1,0.0,0.36056083032920627,0.1,0.1
111,111,1,1,6.2,0.9989376664161682,0.5070645002625392,19.24037913524139,0.0,0.0,3,0.5137957762365702,JITTER,86.28642127635824,84.63727505757743,2.115931876439436,0,0.0,80.0,1,1,1,1,0.9989376664161682,1,1,1,0.8167492151260376,0.025803348049521446,0.1080828607082367,0.04936463013291359,1,0,1,1,0.3137957762365703,0.0,0.1,0.1
112,112,1,0,0.0,0.9998743534088135,0.6047192318870959,22.352663667872257,3.2,0.006377911346240106,3,0.5610942482861094,JITTER,48.6446226882055,47.74488354615039,1.1936220886537598,0,0.0,80.0,1,1,1,1,0.9998743534088135,1,1,1,0.9938884973526001,0.00028284924337640405,0.0027670515701174736,0.003061598399654031,1,0,1,1,0.3610942482861095,0.0,0.1,0.1
113,113,1,0,0.0,0.9994377493858337,0.41851734952532027,17.337087326845527,0.20000000000000018,0.0,3,0.46678367576546687,JITTER,22.48594913862563,22.236266039793122,0.555906650994828,0,0.0,80.0,1,1,1,1,0.9994377493858337,1,1,1,0.6577150821685791,0.2520243227481842,0.0036142603494226933,0.08664629608392715,1,1,0,1,0.2667836757654669,0.1,0.0,0.1
114,114,1,1,6.2,0.9973510503768921,0.5161246622359722,19.462342431021963,0.0,0.0,3,0.5183656708132008,JITTER,83.39751116810851,83.22087956986897,2.080521989246724,0,0.0,80.0,1,1,1,1,0.9973510503768921,1,1,1,0.833113968372345,0.11260512471199036,0.027193477377295494,0.027087422087788582,1,1,1,0,0.3183656708132009,0.1,0.1,0.0
115,115,1,0,0.0,0.9999481439590454,0.4068440451321473,15.925651048674482,3.2,0.3562830672682096,3,0.46022786327764087,JITTER,34.033959706391265,33.74867730927161,0.8437169327317904,0,0.0,80.0,1,1,1,1,0.9999481439590454,1,1,1,0.124125175178051,0.6368869543075562,0.1455506831407547,0.09343718737363815,1,1,1,0,0.1,0.2602278632776409,0.1,0.0
116,116,1,0,0.0,0.9998643398284912,0.49931760511779105,19.124720834649473,0.20000000000000018,0.0,3,0.5098558021058085,JITTER,116.62319121431817,115.23294352116372,2.8808235880290933,0,0.0,80.0,1,1,1,1,0.9998643398284912,1,1,1,0.8027690052986145,0.07956275343894958,0.019520927220582962,0.09814726561307907,1,1,0,1,0.30985580210580854,0.1,0.0,0.1
117,117,1,1,6.2,0.9977520108222961,0.5715970212114381,21.23959734239412,0.0,0.0,3,0.545511493052333,JITTER,113.30232216002112,111.4796029681469,2.786990074203673,0,0.0,80.0,1,1,1,1,0.9977520108222961,1,1,1,0.010560738854110241,0.9336303472518921,0.04202978312969208,0.013779141940176487,0,1,1,1,0.0,0.3455114930523331,0.1,0.1
118,118,1,0,0.0,0.9932208061218262,0.45487376626062664,17.629334134937462,3.2,0.0,3,0.48663615475641686,JITTER,66.73816015552916,65.6906867803212,1.6422671695080302,0,0.0,80.0,1,1,1,2,0.9932208061218262,0,1,1,0.19744756817817688,0.7228013873100281,0.00011483281559776515,0.07963613420724869,1,1,0,1,0.1,0.2866361547564169,0.0,0.1
119,119,1,0,0.0,0.992398202419281,0.42187499866812517,17.23598333633575,0.20000000000000018,0.0,3,0.4686523735172091,JITTER,21.783678397698772,21.736127243207086,0.5434031810801772,0,0.0,80.0,1,1,1,1,0.992398202419281,1,1,1,0.1492920070886612,0.6637125015258789,0.020578227937221527,0.16641727089881897,1,1,0,1,0.1,0.26865237351720916,0.0,0.1
120,120,1,1,6.2,0.9407687187194824,0.4363172164618187,17.48964883485844,0.0,0.0,3,0.4766066541510288,JITTER,102.94286148827364,101.3023288651747,2.5325582216293676,0,0.0,80.0,1,1,1,6,0.9407687187194824,0,6,0,0.027046283707022667,0.2071574330329895,0.07625503838062286,0.689541220664978,0,1,1,1,0.0,0.1,0.1,0.2766066541510288
121,121,1,0,0.0,0.9772483706474304,0.3757621838353587,16.117883147664166,3.2,0.12987977255841532,3,0.44229849547331557,JITTER,43.26407419664337,42.80480909766338,1.0701202274415846,0,0.0,80.0,1,1,1,1,0.9772483706474304,1,1,1,0.5816109776496887,0.05509811267256737,0.328754186630249,0.0345366932451725,1,1,1,0,0.24229849547331558,0.1,0.1,0.0
122,122,1,0,0.0,0.9831137657165527,0.5187596803706347,19.649992870212856,0.20000000000000018,0.0,3,0.5196872158892526,JITTER,80.60158207000109,79.2027594200388,1.98006898550097,0,0.0,80.0,1,1,1,1,0.9831137657165527,1,1,1,0.8378763198852539,0.0038771256804466248,0.1522713303565979,0.0059753055684268475,1,0,1,1,0.31968721588925264,0.0,0.1,0.1
123,123,1,1,6.2,0.9992807507514954,0.5484910908183254,20.449206249035548,0.0,0.0,3,0.5343720263310561,JITTER,80.31071573387257,79.64803737347624,1.9912009343369061,0,0.0,80.0,1,1,1,1,0.9992807507514954,1,1,1,0.05151015892624855,0.8916978240013123,0.03690829500555992,0.019883714616298676,1,1,1,0,0.1,0.3343720263310561,0.1,0.0
124,124,1,0,0.0,0.9934952855110168,0.28766832698987255,14.460844320250224,3.2,0.0,3,0.3869946402975766,JITTER,57.41840434071827,56.92933494398101,1.4232333735995253,0,0.0,80.0,1,1,1,1,0.9934952855110168,1,1,1,0.2591429352760315,0.42666879296302795,0.2615080773830414,0.05268020182847977,1,1,1,0,0.1,0.18699464029757654,0.1,0.0
125,125,1,0,0.0,0.9140251278877258,0.2999016819075336,14.423496697735146,0.20000000000000018,0.0,3,0.39513761771875155,JITTER,85.19310255799742,83.71501819081786,2.0928754547704465,0,0.0,80.0,1,1,1,1,0.9140251278877258,1,1,1,0.3059788942337036,0.18573135137557983,0.06266919523477554,0.4456205368041992,1,1,0,1,0.10157234626146713,0.1,0.0,0.1935652714572844
126,126,1,1,6.2,0.9961996674537659,0.6068813013070747,22.437216787886012,0.0,0.0,3,0.5620964012329069,JITTER,65.38968820762997,65.06556517269188,1.626639129317297,0,0.0,80.0,1,1,1,1,0.9961996674537659,1,1,1,0.00014522744459100068,0.9978276491165161,6.05182685831096e-05,0.0019665956497192383,1,1,0,1,0.1,0.362096401232907,0.0,0.1
127,127,1,0,0.0,0.9863953590393066,0.33531359358076285,14.44884026219835,3.2,0.12463191042809929,3,0.4178154607682163,JITTER,43.66623629975811,43.01472358287602,1.0753680895719007,0,0.0,80.0,1,1,1,1,0.9863953590393066,1,1,1,0.16971424221992493,0.5101191997528076,0.2182711958885193,0.10189542174339294,1,1,1,0,0.1,0.2178154607682163,0.1,0.0
128,128,1,0,0.0,0.9995757937431335,0.38891054563974914,16.449188116541713,0.20000000000000018,0.0,3,0.44997023458857377,JITTER,101.65687634239104,101.44283152748514,2.5360707881871285,0,0.0,80.0,1,1,1,1,0.9995757937431335,1,1,1,0.3646688163280487,0.5860128402709961,0.01510208286345005,0.03421621769666672,1,1,0,1,0.11096125403381005,0.2390089805547637,0.0,0.1
129,129,1,1,6.2,0.9994639754295349,0.3835371022867384,15.966016029487292,0.0,0.0,3,0.4468508803044152,JITTER,26.655885695517817,26.33898257962462,0.6584745644906156,0,0.0,80.0,1,1,1,1,0.9994639754295349,1,1,1,0.4368634819984436,0.5018729567527771,0.05099751800298691,0.010266022756695747,1,1,1,0,0.15449015276481967,0.19236072753959557,0.1,0.0
130,130,1,0,0.0,0.9763450026512146,0.5891124827267402,21.893109828012683,3.2,0.34884072342724504,3,0.5538064876315411,JITTER,34.61732441926983,34.0463710629102,0.8511592765727549,0,0.0,80.0,1,1,1,1,0.9763450026512146,1,1,1,0.0003744269779417664,0.9654746651649475,0.034088701009750366,6.222373485798016e-05,1,1,1,0,0.1,0.3538064876315411,0.1,0.0
131,131,1,0,0.0,0.8410393595695496,0.33951187787761367,15.155694061520988,0.20000000000000018,0.0,3,0.4204229477026984,JITTER,51.033467392407445,50.88662172040814,1.2721655430102035,0,0.0,80.0,1,1,1,1,0.8410393595695496,1,1,1,0.011714917607605457,0.4234328269958496,0.14775165915489197,0.41710060834884644,0,1,1,1,0.0,0.16217179556800995,0.1,0.1582511521346884
132,132,1,1,6.2,0.9970237612724304,0.42722142615912484,17.158570072472152,0.0,0.0,3,0.4716126430547535,JITTER,112.09704724874503,111.72593490185257,2.793148372546314,0,0.0,80.0,1,1,1,1,0.9970237612724304,1,1,1,0.03622640296816826,0.12700296938419342,0.6732681393623352,0.1635025292634964,0,1,1,1,0.0,0.1,0.2716126430547535,0.1
133,133,1,0,0.0,0.9999771118164062,0.5059314825681976,19.015415731657292,3.2,0.0,3,0.5132214259695698,JITTER,48.47200823379356,48.32308923866215,1.2080772309665537,0,0.0,80.0,1,1,1,1,0.9999771118164062,1,1,1,0.0819098949432373,0.8147038221359253,0.06352855265140533,0.03985767811536789,1,1,1,0,0.1,0.3132214259695698,0.1,0.0
134,134,1,0,0.0,0.9998997449874878,0.35224157779785736,15.14994689683939,0.20000000000000018,0.0,3,0.4282321165275985,JITTER,31.549006366535497,31.53566238849474,0.7883915597123685,0,0.0,80.0,1,1,1,1,0.9998997449874878,1,1,1,0.5267162919044495,0.34227651357650757,0.0665527954697609,0.06445443630218506,1,1,1,0,0.22017349272329825,0.10805862380430023,0.1,0.0
135,135,1,1,6.2,0.9980625510215759,0.29332898080855124,14.76562542966818,0.0,0.0,3,0.39078367530824176,JITTER,25.539540916426013,25.45033565657259,0.6362583914143148,0,0.0,80.0,1,1,1,1,0.9980625510215759,1,1,1,0.43396681547164917,0.2286330908536911,0.3028146028518677,0.03458549082279205,1,1,1,0,0.18907329007240173,0.1,0.10171038523584006,0.0
136,136,1,0,0.0,0.9999377727508545,0.43681170145028486,17.451177196016644,3.2,0.5740344265614016,3,0.47687665048778394,JITTER,25.33819326271754,25.038622937543934,0.6259655734385984,0,0.0,80.0,1,1,1,1,0.9999377727508545,1,1,1,0.6904264688491821,0.03051833063364029,0.03527597337961197,0.24377919733524323,1,0,1,1,0.276876650487784,0.0,0.1,0.1
137,137,1,0,0.0,0.9999451637268066,0.4505981667397685,17.78718970109584,0.20000000000000018,0.0,3,0.4843436794711937,JITTER,88.07145267995064,87.37810055690525,2.1844525139226314,0,0.0,80.0,1,1,1,1,0.9999451637268066,1,1,1,0.7151308655738831,0.15243877470493317,0.10314082354307175,0.02928953617811203,1,1,1,0,0.28434367947119377,0.1,0.1,0.0
138,138,1,1,6.2,0.7293164730072021,0.5851060380283274,21.730071800333928,0.0,0.0,3,0.5519201073413772,JITTER,51.79910969520494,51.27642949729247,1.2819107374323118,0,0.0,80.0,1,1,0,1,0.7293164730072021,1,1,1,0.009444603696465492,0.9581864476203918,0.0038082210812717676,0.028560683131217957,1,1,0,1,0.1,0.35192010734137724,0.0,0.1
139,139,1,0,0.0,0.9980720281600952,0.5152261405060364,19.77965233688143,3.2,0.0,3,0.5179142627119155,JITTER,107.50049422346086,105.67055281280875,2.641763820320219,0,0.0,80.0,1,1,1,1,0.9980720281600952,1,1,1,0.0631023645401001,0.8314903378486633,0.002372012473642826,0.10303530097007751,1,1,0,1,0.1,0.3179142627119156,0.0,0.1
140,140,1,0,0.0,0.9611164331436157,0.5793189565904092,21.575501582818077,0.20000000000000018,0.0,3,0.5491838993689809,JITTER,24.347506201279195,24.25912552821572,0.606478138205393,0,0.0,80.0,1,1,1,2,0.9611164331436157,0,1,1,0.0052169011905789375,0.947663426399231,0.04700176790356636,0.00011792989971581846,1,1,1,0,0.1,0.349183899368981,0.1,0.0
141,141,1,1,6.2,0.9991884827613831,0.38268078922073295,15.94740796647406,0.0,0.0,3,0.4463517655333261,JITTER,43.6744871104396,43.456649621115844,1.086416240527896,0,0.0,80.0,1,1,1,1,0.9991884827613831,1,1,1,0.2764292061328888,0.07309159636497498,0.5938910841941833,0.056588124483823776,1,1,1,0,0.1,0.1,0.24635176553332608,0.0
142,142,1,0,0.0,0.9990921020507812,0.554777821189863,20.85750711541629,3.2,0.0,3,0.537425750704926,JITTER,77.12326517427726,76.48119482548536,1.9120298706371341,0,0.0,80.0,1,1,1,1,0.9990921020507812,1,1,1,0.0425509475171566,0.9030981659889221,0.003033615415915847,0.05131730064749718,1,1,0,1,0.1,0.3374257507049261,0.0,0.1
143,143,1,0,0.0,0.9999672174453735,0.3523734689706622,15.442954963745192,0.20000000000000018,0.0,3,0.42831228132588084,JITTER,24.9254119927594,24.739162266210908,0.6184790566552727,0,0.0,80.0,1,1,1,1,0.9999672174453735,1,1,1,0.5402064919471741,0.21570263803005219,0.1918090581893921,0.05228179693222046,1,1,1,0,0.22831228132588086,0.1,0.1,0.0
144,144,1,1,6.2,0.9977838397026062,0.561103789209334,20.942837925052586,0.0,0.0,3,0.5404811192629627,JITTER,72.37529487176371,72.22812419270711,1.805703104817678,0,0.0,80.0,1,1,1,1,0.9977838397026062,1,1,1,0.021028639748692513,0.9145763516426086,0.05428827926516533,0.010106625966727734,1,1,1,0,0.1,0.34048111926296276,0.1,0.0
145,145,1,0,0.0,0.6429198980331421,0.28763774763391836,14.698372760953056,3.2,0.0,3,0.38697407084265856,JITTER,103.34585537885597,103.23845450811761,2.5809613627029404,0,0.0,80.0,1,1,0,2,0.6429198980331421,0,1,1,0.29431214928627014,0.42661553621292114,0.031240029260516167,0.24783222377300262,1,1,0,1,0.1,0.18697407084265857,0.0,0.1
146,146,1,0,0.0,0.9918009638786316,0.4440504910460322,17.936423245581615,0.20000000000000018,0.0,3,0.48081178482988063,JITTER,112.48418690180621,112.26121367896829,2.8065303419742076,0,0.0,80.0,1,1,1,1,0.9918009638786316,1,1,1,0.20525653660297394,0.7033923268318176,0.08390719443559647,0.00744396960362792,1,1,1,0,0.1,0.2808117848298807,0.1,0.0
147,147,1,1,6.2,0.5106514096260071,0.26050850141401133,13.18159314877866,0.0,0.0,3,0.3682729975658784,JITTER,104.35749515977527,102.47352273780763,2.5618380684451907,0,0.0,80.0,1,1,0,1,0.5106514096260071,1,1,1,0.24028122425079346,0.12266602367162704,0.2575114667415619,0.3795412480831146,1,0,1,1,0.1,0.0,0.1,0.16827299756587835
148,148,1,0,0.0,0.9997560381889343,0.46845153672985945,18.543612794853512,3.2,0.0,3,0.4938456815962743,JITTER,117.95706805865927,116.0649756317745,2.9016243907943626,0,0.0,80.0,1,1,1,1,0.9997560381889343,1,1,1,0.7471873164176941,0.20497213304042816,0.04234396293759346,0.005496562458574772,1,1,1,0,0.29384568159627433,0.1,0.1,0.0
149,149,1,0,0.0,0.9999409914016724,0.48856128417409894,18.78129619450009,0.20000000000000018,0.0,3,0.504334236145318,JITTER,97.94775407713288,96.68915819881524,2.417228954970381,0,0.0,80.0,1,1,1,1,0.9999409914016724,1,1,1,0.1578461229801178,0.7833775281906128,0.02444649115204811,0.03432994708418846,1,1,0,1,0.1,0.30433423614531807,0.0,0.1
150,150,2,1,6.2,0.9999983310699463,0.6077979930372188,22.465580227426365,0.0,0.0,3,0.5625207632047486,JITTER,97.8996354578129,97.63618321473909,2.4409045803684775,0,0.0,80.0,1,1,1,2,0.9999983310699463,1,2,1,3.868196654366329e-05,0.9994980096817017,3.379985719220713e-05,0.0004295445396564901,1,1,0,1,0.1,0.3625207632047487,0.0,0.1
151,151,2,0,0.0,0.6972483396530151,0.29289144250305893,13.871114022768772,3.2,0.0,3,0.3904921142169828,JITTER,73.60680359476373,72.8497975585629,1.8212449389640726,0,0.0,80.0,1,1,0,2,0.6972483396530151,1,2,1,0.33814725279808044,0.39764708280563354,0.08534111082553864,0.1788645088672638,1,1,0,1,0.12541429434287404,0.16507781987410877,0.0,0.1
152,152,2,0,0.0,0.9999104738235474,0.5604837451239777,20.857345212033668,0.20000000000000018,0.0,3,0.5401824091490677,JITTER,105.75721441225575,104.77832697751717,2.6194581744379293,0,0.0,80.0,1,1,1,2,0.9999104738235474,1,2,1,0.027268273755908012,0.04430506378412247,0.014975637197494507,0.9134510159492493,1,1,0,1,0.1,0.1,0.0,0.3401824091490677
153,153,2,1,6.2,0.9999152421951294,0.5580135002310739,20.808367955478502,0.0,0.0,3,0.5389907096848221,JITTER,58.508949610035344,57.760546105850516,1.444013652646263,0,0.0,80.0,1,1,1,2,0.9999152421951294,1,2,1,0.05419287830591202,0.9089683294296265,0.023406395688652992,0.01343233697116375,1,1,1,0,0.1,0.33899070968482214,0.1,0.0
154,154,2,0,0.0,0.9998301267623901,0.5842490738495577,21.71070224866564,3.2,0.03710154808065491,3,0.5515157797140657,JITTER,46.646331750084606,46.5159380767738,1.162898451919345,0,0.0,80.0,1,1,1,2,0.9998301267623901,1,2,1,0.003316263435408473,0.9566278457641602,0.0052193449810147285,0.03483650088310242,0,1,1,1,0.0,0.3515157797140658,0.1,0.1
155,155,2,0,0.0,0.9999977350234985,0.5991703727138523,22.162355123815995,0.20000000000000018,0.0,3,0.5585140359188228,JITTER,67.78772740237457,67.22252774486941,1.6805631936217353,0,0.0,80.0,1,1,1,2,0.9999977350234985,1,2,1,0.0070694321766495705,0.9837819933891296,0.002993987174704671,0.006154537200927734,1,1,0,1,0.1,0.3585140359188228,0.0,0.1
156,156,2,1,6.2,0.9999932050704956,0.44714847752657966,17.759585938746497,0.0,0.0,3,0.48248609827693223,JITTER,43.25699405288737,42.93904492919705,1.0734761232299264,0,0.0,80.0,1,1,1,2,0.9999932050704956,1,2,1,0.025509247556328773,0.08544520288705826,0.708945095539093,0.1801004856824875,0,1,1,1,0.0,0.1,0.2824860982769323,0.1
157,157,2,0,0.0,0.9999765157699585,0.41990728809452516,17.142547893531894,3.2,0.0,3,0.4675581512377932,JITTER,56.63924498262474,56.268262952555034,1.406706573813876,0,0.0,80.0,1,1,1,2,0.9999765157699585,1,2,1,0.025793660432100296,0.6601974368095398,0.034419260919094086,0.27958962321281433,0,1,1,1,0.0,0.26755815123779325,0.1,0.1
158,158,2,0,0.0,0.9999825954437256,0.4995606972002178,19.40241051607685,0.20000000000000018,0.0,3,0.5099798982981274,JITTER,57.946407972692896,57.1516806994859,1.4287920174871476,0,0.0,80.0,1,1,1,2,0.9999825954437256,1,2,1,0.18052534759044647,0.803207516670227,9.99999993922529e-09,0.016267139464616776,1,1,0,1,0.1,0.30997989829812744,0.0,0.1
159,159,2,1,6.2,0.9998784065246582,0.4097884631933379,16.915478017410194,0.0,0.0,3,0.46189024507685406,JITTER,49.687647457128534,48.74471709413786,1.2186179273534465,0,0.0,80.0,1,1,1,2,0.9998784065246582,1,2,1,0.6421371698379517,0.02652731165289879,0.2671523988246918,0.06418313831090927,1,0,1,1,0.2618902450768541,0.0,0.1,0.1
160,160,2,0,0.0,0.9999533891677856,0.30805614174737056,13.96627411200603,3.2,0.0,3,0.4004735728389114,JITTER,111.63480195381779,110.56107514540169,2.7640268786350424,0,0.0,80.0,1,1,1,2,0.9999533891677856,1,2,1,0.22092562913894653,0.46226635575294495,0.10810963809490204,0.20869840681552887,1,1,0,1,0.1,0.20047357283891135,0.0,0.1
161,161,2,0,0.0,0.9999580383300781,0.5268782722817681,19.686244409643553,0.20000000000000018,0.0,3,0.5237379827092604,JITTER,52.83612050046888,52.270314558956855,1.3067578639739215,0,0.0,80.0,1,1,1,2,0.9999580383300781,1,2,1,0.031798526644706726,0.852557361125946,0.046516451984643936,0.069127656519413,0,1,1,1,0.0,0.32373798270926046,0.1,0.1
162,162,2,1,6.2,0.999961256980896,0.2982968856156308,13.773482071129543,0.0,0.0,3,0.3940789941781374,JITTER,104.85604887736245,103.4874942757921,2.5871873568948027,0,0.0,80.0,1,1,1,2,0.999961256980896,1,2,1,0.15097670257091522,0.32722896337509155,0.10104011744260788,0.42075419425964355,1,1,0,1,0.1,0.11615053151941693,0.0,0.1779284626587205
163,163,2,0,0.0,0.9997523427009583,0.391423855179752,16.795570105999687,3.2,0.0,3,0.45142184506866967,JITTER,100.43918279470775,99.36905899341616,2.4842264748354044,0,0.0,80.0,1,1,1,2,0.9997523427009583,1,2,1,0.3507842421531677,0.6054816842079163,0.004679790232330561,0.0390542671084404,1,1,0,1,0.1022764679749511,0.24914537709371856,0.0,0.1
164,164,2,0,0.0,0.995765209197998,0.34617900828240744,15.40734877512918,0.20000000000000018,0.0,3,0.42453088515469983,JITTER,83.29176292676208,82.81174314471205,2.0702935786178016,0,0.0,80.0,1,1,1,2,0.995765209197998,1,2,1,0.047318197786808014,0.15100280940532684,0.27240878343582153,0.5292702317237854,0,1,1,1,0.0,0.1,0.1,0.2245308851546998
165,165,2,1,6.2,0.9997575879096985,0.4004801302586034,16.387704292093016,0.0,0.0,3,0.45661419997978553,JITTER,93.48931623102908,93.11086289076222,2.3277715722690555,0,0.0,80.0,1,1,1,2,0.9997575879096985,1,2,1,0.14037907123565674,0.183493971824646,0.05057959631085396,0.6255473494529724,1,1,0,1,0.1,0.1,0.0,0.2566141999797855
166,166,2,0,0.0,0.9999949932098389,0.5570486304019348,20.888681214240307,3.2,0.0,3,0.5385245194604877,JITTER,89.47981288184982,87.939473258297,2.198486831457425,0,0.0,80.0,1,1,1,2,0.9999949932098389,1,2,1,0.04310419782996178,0.9072176814079285,0.0056528449058532715,0.0440252423286438,1,1,0,1,0.1,0.3385245194604878,0.0,0.1
167,167,2,0,0.0,0.9999909400939941,0.3993077432981658,16.16176160759788,0.20000000000000018,0.0,3,0.4559453516956895,JITTER,33.210283730154394,32.80220922012528,0.820055230503132,0,0.0,80.0,1,1,1,2,0.9999909400939941,1,2,1,0.010009651072323322,0.5042110681533813,0.016218824312090874,0.4695603847503662,0,1,1,1,0.0,0.1878640555517481,0.1,0.16808129614394138
168,168,2,1,6.2,0.9907808899879456,0.5831705122861222,21.538042661963793,0.0,0.0,3,0.5510064776612688,JITTER,29.50957482299346,29.08126363033963,0.7270315907584908,0,0.0,80.0,1,1,1,2,0.9907808899879456,1,2,1,0.016746627166867256,0.9546663761138916,0.01352546364068985,0.015061464160680771,1,1,0,1,0.1,0.3510064776612688,0.0,0.1
169,169,2,0,0.0,0.9996938705444336,0.30151836607453114,13.559947152492992,3.2,0.50208037958046,3,0.39620122317239287,JITTER,28.449321882352024,27.916784816781593,0.6979196204195399,0,0.0,80.0,1,1,1,2,0.9996938705444336,1,2,1,0.1259315013885498,0.42502444982528687,0.3302169442176819,0.11882709711790085,1,1,1,0,0.1,0.1792453559152795,0.11695586725711338,0.0
170,170,2,0,0.0,0.9999929666519165,0.5481399732714712,20.519199431355368,0.20000000000000018,0.0,3,0.5342009593481536,JITTER,33.74079300378021,33.093725405927565,0.8273431351481891,0,0.0,80.0,1,1,1,2,0.9999929666519165,1,2,1,0.07811000198125839,0.8910613059997559,0.01410924643278122,0.016719471663236618,1,1,0,1,0.1,0.33420095934815364,0.0,0.1
171,171,2,1,6.2,0.9438463449478149,0.43975349766489563,16.992592786669135,0.0,0.0,3,0.4784797667238898,JITTER,100.08841760850967,98.90000376071596,2.4725000940178994,0,0.0,80.0,1,1,1,3,0.9438463449478149,0,2,1,0.6956942081451416,0.09720434993505478,0.06854144483804703,0.13856002688407898,1,1,0,1,0.27847976672388985,0.1,0.0,0.1
172,172,2,0,0.0,0.9999717473983765,0.5592866785889832,20.82995771107617,3.2,0.0,3,0.5396052470763375,JITTER,98.26241046295469,96.69981244948785,2.4174953112371966,0,0.0,80.0,1,1,1,2,0.9999717473983765,1,2,1,0.058348748832941055,0.9112786054611206,0.014496332965791225,0.015876226127147675,1,1,0,1,0.1,0.33960524707633755,0.0,0.1
173,173,2,0,0.0,0.9963766932487488,0.38484625409735534,15.640404139210752,0.20000000000000018,0.0,3,0.4476128630238364,JITTER,114.60270628173303,114.02193792019878,2.85054844800497,0,0.0,80.0,1,1,1,2,0.9963766932487488,1,2,1,0.19115906953811646,0.5977375507354736,0.1293182224035263,0.08178511261940002,1,1,1,0,0.1,0.24761286302383642,0.1,0.0
174,174,2,1,6.2,0.9998492002487183,0.5339908587830551,20.188018950442874,0.0,0.0,3,0.5272612291656439,JITTER,79.00758953583092,78.85739737609335,1.9714349344023336,0,0.0,80.0,1,1,1,2,0.9998492002487183,1,2,1,0.009642641991376877,0.09833310544490814,0.8654290437698364,0.02659527026116848,0,1,1,1,0.0,0.1,0.32726122916564393,0.1
175,175,2,0,0.0,0.9999984502792358,0.35714693057682256,15.41343021122355,3.2,0.0,3,0.431203609421857,JITTER,81.61657000241213,81.33696582818625,2.0334241457046565,0,0.0,80.0,1,1,1,2,0.9999984502792358,1,2,1,0.023369379341602325,0.46338850259780884,0.09668567031621933,0.41655653715133667,0,1,1,1,0.0,0.17973752226016185,0.1,0.1514660871616951
176,176,2,0,0.0,0.9739059209823608,0.4866786795207324,18.664076642252986,0.20000000000000018,0.0,3,0.503361606474429,JITTER,76.49506114724419,75.61929900377282,1.8904824750943208,0,0.0,80.0,1,1,1,2,0.9739059209823608,1,2,1,0.029431963339447975,0.7799859642982483,0.056280042976140976,0.13430200517177582,0,1,1,1,0.0,0.303361606474429,0.1,0.1
177,177,2,1,6.2,0.9991700649261475,0.5172698265923179,19.84166452573414,0.0,0.0,3,0.5189404205045941,JITTER,66.59851529812273,65.90238529218682,1.6475596323046706,0,0.0,80.0,1,1,1,2,0.9991700649261475,1,2,1,0.8351835012435913,0.11531347781419754,0.0019307394977658987,0.04757228121161461,1,1,0,1,0.31894042050459415,0.1,0.0,0.1
178,178,2,0,0.0,0.999988317489624,0.5388919862049575,20.20016508296276,3.2,0.0,3,0.5296753827994767,JITTER,96.3923390006588,94.85151764748846,2.371287941187212,0,0.0,80.0,1,1,1,2,0.999988317489624,1,2,1,0.07611464709043503,0.018514661118388176,0.03106680139899254,0.8743038773536682,1,0,1,1,0.1,0.0,0.1,0.3296753827994766
179,179,2,0,0.0,0.999992847442627,0.34804682652035895,16.095379471825296,0.20000000000000018,0.0,3,0.42567462841410786,JITTER,69.21532155754292,68.3853005003673,1.7096325125091825,0,0.0,80.0,1,1,1,2,0.999992847442627,1,2,1,0.532566487789154,0.21187275648117065,9.99999993922529e-09,0.2555607259273529,1,1,0,1,0.22567462841410788,0.1,0.0,0.1
180,180,2,1,6.2,0.7751737833023071,0.5891578880520475,21.88866719586101,0.0,0.0,3,0.5538278292937553,JITTER,113.12362356901018,112.85272962112681,2.8213182405281705,0,0.0,80.0,1,1,0,2,0.7751737833023071,1,2,1,0.0017858142964541912,0.9655572772026062,0.0010590307647362351,0.03159786015748978,1,1,0,1,0.1,0.35382782929375534,0.0,0.1
181,181,2,0,0.0,0.9999253749847412,0.5443834471742758,20.40912765928624,3.2,0.40863172727164765,3,0.532367312894336,JITTER,31.710356590011052,31.65473090913409,0.7913682727283523,0,0.0,80.0,1,1,1,2,0.9999253749847412,1,2,1,0.014437268488109112,0.018878012895584106,0.0824320837855339,0.884252667427063,0,1,1,1,0.0,0.1,0.1,0.3323673128943361
182,182,2,0,0.0,0.9999988079071045,0.5771510779107043,21.37042561953585,0.20000000000000018,0.0,3,0.5481553813572804,JITTER,85.78632850405278,85.06811111993024,2.126702777998256,0,0.0,80.0,1,1,1,2,0.9999988079071045,1,2,1,0.024558115750551224,0.9437227845191956,0.012827036902308464,0.018892044201493263,1,1,0,1,0.1,0.3481553813572804,0.0,0.1
183,183,2,1,6.2,0.9999827146530151,0.46882722659114584,17.62678097503165,0.0,0.0,3,0.49404366966704566,JITTER,97.43214161418433,96.1241513318369,2.4031037832959226,0,0.0,80.0,1,1,1,2,0.9999827146530151,1,2,1,0.09035258740186691,0.0723363608121872,0.08944841474294662,0.7478626370429993,1,0,1,1,0.1,0.0,0.1,0.29404366966704565
184,184,2,0,0.0,0.9997925162315369,0.33196743924325717,14.481330062539076,3.2,0.0,3,0.4157255060722522,JITTER,53.36377583282382,52.40497121184164,1.310124280296041,0,0.0,80.0,1,1,1,2,0.9997925162315369,1,2,1,0.06778305023908615,0.3963967263698578,0.10857689380645752,0.42724326252937317,0,1,1,1,0.0,0.148205411427019,0.1,0.16752009464523318
185,185,2,0,0.0,0.9999942779541016,0.5952679150075512,22.081133553388533,0.20000000000000018,0.0,3,0.5566922352590946,JITTER,96.25321470706523,95.73241755200142,2.3933104388000355,0,0.0,80.0,1,1,1,2,0.9999942779541016,1,2,1,0.0014599045971408486,0.9766769409179688,0.0003630099236033857,0.021500052884221077,1,1,0,1,0.1,0.35669223525909466,0.0,0.1
186,186,2,1,6.2,0.9995635151863098,0.3496483050179962,14.963260360996674,0.0,0.0,3,0.42665283927491615,JITTER,56.4192017772054,56.06439272340611,1.4016098180851528,0,0.0,80.0,1,1,1,2,0.9995635151863098,1,2,1,0.28924980759620667,0.08366134017705917,0.09169524163007736,0.5353936553001404,1,0,1,1,0.1,0.0,0.1,0.2266528392749161
187,187,2,0,0.0,0.9999939203262329,0.26477428421935395,13.345365211239987,3.2,0.30861333121220946,3,0.37127595837245675,JITTER,35.76116486249997,35.65546675151162,0.8913866687877905,0,0.0,80.0,1,1,1,2,0.9999939203262329,1,2,1,0.3715645968914032,0.3006133437156677,0.10831601917743683,0.21950602531433105,1,1,0,1,0.16051057453495607,0.11076538383750073,0.0,0.1
188,188,2,0,0.0,0.9999896287918091,0.5713159383041058,21.3520201189638,0.20000000000000018,0.0,3,0.5453773488861688,JITTER,113.61274633757441,112.61771673160517,2.8154429182901293,0,0.0,80.0,1,1,1,2,0.9999896287918091,1,2,1,0.0018434394150972366,0.9331197142601013,0.04109929874539375,0.023937586694955826,0,1,1,1,0.0,0.3453773488861689,0.1,0.1
189,189,2,1,6.2,0.9999707937240601,0.24646718696193168,12.681870775845262,0.0,0.0,3,0.3582106391731441,JITTER,58.331982277740984,57.48070200120319,1.43701755003008,0,0.0,80.0,1,1,1,2,0.9999707937240601,1,2,1,0.22105412185192108,0.35334479808807373,0.14840123057365417,0.27719977498054504,1,1,0,1,0.1,0.15677224528712644,0.0,0.10143839388601764
190,190,2,0,0.0,0.9682270884513855,0.3973677519013769,15.760224177488848,3.2,0.0,3,0.4548364237578276,JITTER,75.29930652528999,73.88949268889938,1.8472373172224845,0,0.0,80.0,1,1,1,2,0.9682270884513855,1,2,1,0.03049888089299202,0.5366219282150269,3.567786916391924e-05,0.43284353613853455,1,1,0,1,0.1,0.2071150056483819,0.0,0.14772141810944572
191,191,2,0,0.0,0.9941797256469727,0.3073562062467043,13.847851526696004,0.20000000000000018,0.0,3,0.40001835537246777,JITTER,98.03014939093921,97.09029599124726,2.4272573997811815,0,0.0,80.0,1,1,1,2,0.9941797256469727,1,2,1,0.29022032022476196,0.13280341029167175,0.11593490093946457,0.4610413610935211,1,1,0,1,0.1,0.1,0.0,0.20001835537246773
192,192,2,1,6.2,0.9999364614486694,0.40645846464887675,17.013796514177486,0.0,0.0,3,0.46000972447351846,JITTER,57.635947348082624,56.498638472578314,1.412465961814458,0,0.0,80.0,1,1,1,2,0.9999364614486694,1,2,1,0.02807595394551754,0.3213469684123993,0.6361995935440063,0.014377476647496223,1,1,1,0,0.1,0.1,0.26000972447351844,0.0
193,193,2,0,0.0,0.9999953508377075,0.2747679399314547,12.915440044852335,3.2,0.0,3,0.37821779231454666,JITTER,91.77602360036434,90.03008632906328,2.250752158226582,0,0.0,80.0,1,1,1,2,0.9999953508377075,1,2,1,0.3644167184829712,0.3304153084754944,0.16445156931877136,0.14071641862392426,1,1,1,0,0.1508096228066577,0.12740816950788902,0.1,0.0
194,194,2,0,0.0,0.9999861717224121,0.6060622600185467,22.410420204265833,0.20000000000000018,0.0,3,0.5617169731669587,JITTER,31.847857721704138,31.306104209656425,0.7826526052414107,0,0.0,80.0,1,1,1,2,0.9999861717224121,1,2,1,0.00017355028830934316,0.9963353276252747,0.0006300517125055194,0.0028610765002667904,0,1,1,1,0.0,0.3617169731669587,0.1,0.1
195,195,2,1,6.2,0.9999922513961792,0.3437676093004823,15.143084194841933,0.0,0.0,3,0.42304971170017025,JITTER,83.70738839912076,83.50327349346736,2.087581837336684,0,0.0,80.0,1,1,1,2,0.9999922513961792,1,2,1,0.09258423000574112,0.5158083438873291,0.057361796498298645,0.3342456519603729,1,1,0,1,0.1,0.21738384488595083,0.0,0.10566586681421941
196,196,2,0,0.0,0.9950490593910217,0.3779717929465683,15.433614115403792,3.2,0.0,3,0.4435970219248123,JITTER,78.82579999692206,77.74415809983371,1.9436039524958428,0,0.0,80.0,1,1,1,2,0.9950490593910217,1,2,1,0.10752156376838684,0.5855313539505005,0.08706044405698776,0.2198866754770279,1,1,0,1,0.1,0.24359702192481228,0.0,0.1
197,197,2,0,0.0,0.9999982118606567,0.5802356239675251,21.59518318327441,0.20000000000000018,0.0,3,0.5496182196807167,JITTER,21.230268588860284,21.037362741767407,0.5259340685441852,0,0.0,80.0,1,1,1,2,0.9999982118606567,1,2,1,0.033007293939590454,0.9493299126625061,0.003151597222313285,0.014511195942759514,1,1,0,1,0.1,0.3496182196807167,0.0,0.1
198,198,2,1,6.2,0.9969114661216736,0.4274896478332039,17.314622865621246,0.0,0.0,3,0.47176066569192454,JITTER,102.53995111963212,101.93422911920162,2.5483557279800406,0,0.0,80.0,1,1,1,2,0.9969114661216736,1,2,1,0.025398338213562965,0.2612297832965851,0.673747718334198,0.039624180644750595,0,1,1,1,0.0,0.1,0.2717606656919246,0.1
199,199,2,0,0.0,0.9999988079071045,0.5771510779107043,21.37042561953585,3.2,0.0,3,0.5481553813572804,JITTER,65.85480817985511,65.27223793998918,1.6318059484997296,0,0.0,80.0,1,1,1,2,0.9999988079071045,1,2,1,0.024558115750551224,0.9437227845191956,0.012827036902308464,0.018892044201493263,1,1,0,1,0.1,0.3481553813572804,0.0,0.1
200,200,2,0,0.0,0.991779625415802,0.36731525458265457,15.178932386158404,0.20000000000000018,0.0,3,0.43729892421127003,JITTER,50.19273914424916,49.27075685463392,1.2317689213658483,0,0.0,80.0,1,1,1,8,0.991779625415802,0,2,1,0.5666377544403076,0.10634900629520416,0.23608286678791046,0.09093042463064194,1,1,1,0,0.23729892421127005,0.1,0.1,0.0
201,201,2,1,6.2,0.9999125003814697,0.3320870994510552,15.008797732699994,0.0,0.0,3,0.4158004250440509,JITTER,98.12940354315158,97.91236404695492,2.447809101173873,0,0.0,80.0,1,1,1,2,0.9999125003814697,1,2,1,0.19332119822502136,0.5044403076171875,0.24302302300930023,0.05921545252203941,1,1,1,0,0.1,0.21580042504405086,0.1,0.0
202,202,2,0,0.0,0.999997615814209,0.5532453126559582,20.726491292310193,3.2,0.0,3,0.5366829496358154,JITTER,119.70346578375731,117.59859998322129,2.9399649995805324,0,0.0,80.0,1,1,1,2,0.999997615814209,1,2,1,0.00955946370959282,0.9003185033798218,0.07539744675159454,0.014724526554346085,0,1,1,1,0.0,0.33668294963581546,0.1,0.1
203,203,2,0,0.0,0.60662841796875,0.3567326099467455,15.532529964077144,0.20000000000000018,0.0,3,0.4309534205218569,JITTER,48.39084378640389,47.58088115336893,1.1895220288342232,0,0.0,80.0,1,1,0,2,0.60662841796875,1,2,1,0.051498472690582275,0.25252631306648254,0.14806503057479858,0.5479101538658142,0,1,1,1,0.0,0.1,0.1,0.23095342052185688
204,204,2,1,6.2,0.9999263286590576,0.3953375907336653,16.269693075963655,0.0,0.0,3,0.45367305095002214,JITTER,30.641953187138284,30.029662779533485,0.7507415694883371,0,0.0,80.0,1,1,1,2,0.9999263286590576,1,2,1,0.020879579707980156,0.5576964616775513,0.014162118546664715,0.40726175904273987,1,1,0,1,0.1,0.2199946845476404,0.0,0.13367836640238173
205,205,2,0,0.0,0.9997027516365051,0.4517332591741659,17.22539879737242,3.2,0.0,3,0.4849533457887623,JITTER,86.56847361065368,85.44286700559314,2.1360716751398288,0,0.0,80.0,1,1,1,2,0.9997027516365051,1,2,1,0.10851725190877914,0.10255090147256851,0.07176496088504791,0.7171668410301208,1,1,0,1,0.1,0.1,0.0,0.2849533457887623
206,206,2,0,0.0,0.9999644756317139,0.38804026354892407,15.945603180107348,0.20000000000000018,0.0,3,0.44946649360995994,JITTER,29.044072698413274,28.523002633404108,0.7130750658351027,0,0.0,80.0,1,1,1,2,0.9999644756317139,1,2,1,0.41087037324905396,0.5378772020339966,0.025917351245880127,0.025335069745779037,1,1,1,0,0.13795528884489613,0.21151120476506377,0.1,0.0
207,207,2,1,6.2,0.9999803304672241,0.5006832585154173,18.991667181126637,0.0,0.0,3,0.510552563904933,JITTER,22.89995032044694,22.7896513091487,0.5697412827287175,0,0.0,80.0,1,1,1,2,0.9999803304672241,1,2,1,0.0317293144762516,0.8052326440811157,0.11302037537097931,0.05001765489578247,0,1,1,1,0.0,0.310552563904933,0.1,0.1
208,208,2,0,0.0,0.9999991655349731,0.5620726367175312,21.110722095098087,3.2,0.35576773186269084,3,0.5409475373741288,JITTER,34.3021875166635,33.76929072549236,0.8442322681373091,0,0.0,80.0,1,1,1,2,0.9999991655349731,1,2,1,9.99999993922529e-09,0.916334867477417,0.028167251497507095,0.05549793690443039,0,1,1,1,0.0,0.34094753737412886,0.1,0.1
209,209,2,0,0.0,0.9999988079071045,0.39064187780084525,16.329093009837365,0.20000000000000018,0.0,3,0.45097069965755854,JITTER,39.82042272128979,39.09518273827943,0.9773795684569859,0,0.0,80.0,1,1,1,2,0.9999988079071045,1,2,1,0.016916530206799507,0.5746681094169617,0.028554819524288177,0.3798605501651764,0,1,1,1,0.0,0.2317085214130272,0.1,0.11926217824453136
210,210,2,1,6.2,0.9995282888412476,0.5187789047146182,19.277234365495126,0.0,0.0,3,0.5196968451584719,JITTER,85.62690393274902,85.56497391399947,2.139124347849987,0,0.0,80.0,1,1,1,2,0.9995282888412476,1,2,1,0.837911069393158,0.05834203585982323,0.045558977872133255,0.058187954127788544,1,1,0,1,0.31969684515847197,0.1,0.0,0.1
211,211,2,0,0.0,0.9938103556632996,0.3465705146371078,15.732353035270883,3.2,0.6869560185444338,3,0.42477087598262,JITTER,20.542983412870047,20.521759258222644,0.5130439814555662,0,0.0,80.0,1,1,1,2,0.9938103556632996,1,2,1,0.02435045689344406,0.5299610495567322,0.2733292579650879,0.17235931754112244,0,1,1,1,0.0,0.22477087598262,0.1,0.1
212,212,2,0,0.0,0.9991304278373718,0.5258451745240365,20.016101397941874,0.20000000000000018,0.0,3,0.5232242606060358,JITTER,80.59251776477277,79.30064902317616,1.9825162255794042,0,0.0,80.0,1,1,1,2,0.9991304278373718,1,2,1,0.0067165931686758995,0.8506885170936584,0.005990165751427412,0.1366046667098999,1,1,0,1,0.1,0.3232242606060358,0.0,0.1
213,213,2,1,6.2,0.9999707937240601,0.43656366399747387,17.441808417022308,0.0,0.0,3,0.47674123737333907,JITTER,43.85528206273885,43.11026077487933,1.0777565193719834,0,0.0,80.0,1,1,1,2,0.9999707937240601,1,2,1,0.2240002304315567,0.6899824142456055,0.05511714145541191,0.030900226905941963,1,1,1,0,0.1,0.2767412373733391,0.1,0.0
214,214,2,0,0.0,0.9999939203262329,0.5495112353926447,20.608650997626405,3.2,0.567221823920093,3,0.5348687376646235,JITTER,25.723194015326037,25.311127043196276,0.6327781760799069,0,0.0,80.0,1,1,1,2,0.9999939203262329,1,2,1,0.01045052520930767,0.8935472965240479,0.033593423664569855,0.06240876019001007,0,1,1,1,0.0,0.33486873766462355,0.1,0.1
215,215,2,0,0.0,0.9999929666519165,0.5772285033163728,21.483830194392112,0.20000000000000018,0.0,3,0.5481921479259569,JITTER,112.77954301722804,111.03798236901292,2.775949559225323,0,0.0,80.0,1,1,1,2,0.9999929666519165,1,2,1,0.00479220412671566,0.9438635110855103,0.007216451223939657,0.04412782937288284,0,1,1,1,0.0,0.348192147925957,0.1,0.1
216,216,2,1,6.2,0.999994158744812,0.5194126273544692,19.24549873680896,0.0,0.0,3,0.5200141702619799,JITTER,89.81207839786371,88.30686349598899,2.207671587399725,0,0.0,80.0,1,1,1,2,0.999994158744812,1,2,1,0.056848715990781784,0.8390566110610962,0.055020883679389954,0.049073725938797,1,1,1,0,0.1,0.32001417026198,0.1,0.0
217,217,2,0,0.0,0.9999696016311646,0.38722690160022727,15.448820034447092,3.2,0.6020446629380604,3,0.4489951885047432,JITTER,24.015129954706644,23.918213482477583,0.5979553370619396,0,0.0,80.0,1,1,1,2,0.9999696016311646,1,2,1,0.0989893451333046,0.10143623501062393,0.19760656356811523,0.6019678115844727,0,1,1,1,0.0,0.1,0.1,0.2489951885047432
218,218,2,0,0.0,0.9999598264694214,0.23849882656996485,12.369715619947485,0.20000000000000018,0.0,3,0.35237253416993375,JITTER,32.492367930564306,32.16449979924986,0.8041124949812466,0,0.0,80.0,1,1,1,2,0.9999598264694214,1,2,1,0.341630220413208,0.23352913558483124,0.25807997584342957,0.16676068305969238,1,1,1,0,0.15237253416993377,0.1,0.1,0.0
219,219,2,1,6.2,0.9999055862426758,0.3891329963531523,16.20817546675537,0.0,0.0,3,0.45009890413938136,JITTER,94.51881283288445,93.3278534004841,2.3331963350121026,0,0.0,80.0,1,1,1,2,0.9999055862426758,1,2,1,9.99999993922529e-09,0.4358869791030884,0.048824019730091095,0.5152890086174011,0,1,1,1,0.0,0.15208894319112673,0.1,0.19800996094825465
220,220,2,0,0.0,0.999962329864502,0.39432649903398775,16.127013289980642,3.2,0.0,3,0.45309253605373717,JITTER,105.1131099761935,104.7868115693096,2.61967028923274,0,0.0,80.0,1,1,1,2,0.999962329864502,1,2,1,0.19906973838806152,0.12601959705352783,0.060317691415548325,0.614592969417572,1,1,0,1,0.1,0.1,0.0,0.25309253605373716
221,221,2,0,0.0,0.9999960660934448,0.5088151663753162,18.835054540091573,0.20000000000000018,0.0,3,0.5146819650861912,JITTER,93.46210919351616,93.10126789554678,2.3275316973886695,0,0.0,80.0,1,1,1,2,0.9999960660934448,1,2,1,0.058359961956739426,0.8199101090431213,0.06035781279206276,0.061372119933366776,0,1,1,1,0.0,0.3146819650861913,0.1,0.1
222,222,2,1,6.2,0.999866247177124,0.5937643520220901,22.014184471464485,0.0,0.0,3,0.5559887276144403,JITTER,47.07587513178002,46.40748743408645,1.1601871858521613,0,0.0,80.0,1,1,1,2,0.999866247177124,1,2,1,0.008321288973093033,0.9739400744438171,0.001943373354151845,0.01579529605805874,1,1,0,1,0.1,0.35598872761444034,0.0,0.1
223,223,2,0,0.0,0.9999977350234985,0.3966610882183513,17.010638078580342,3.2,0.0,3,0.4544318119005277,JITTER,118.02047848986818,116.57698510997152,2.914424627749288,0,0.0,80.0,1,1,1,2,0.9999977350234985,1,2,1,9.99999993922529e-09,0.6187476515769958,0.11414626240730286,0.2671060562133789,0,1,1,1,0.0,0.25443181190052777,0.1,0.1
224,224,2,0,0.0,0.9998937845230103,0.37254630079557327,15.881196095927084,0.20000000000000018,0.0,3,0.4404017684062528,JITTER,25.450031499129558,25.136329845172522,0.6284082461293131,0,0.0,80.0,1,1,1,2,0.9998937845230103,1,2,1,0.3677574694156647,0.5465198755264282,0.02767074480652809,0.05805197358131409,1,1,0,1,0.11737035038248805,0.22303141802376478,0.0,0.1
225,225,2,1,6.2,0.9997285008430481,0.4247211758839888,16.944737796015108,0.0,0.0,3,0.4702305963749855,JITTER,24.23505515801671,23.806508756362735,0.5951627189090684,0,0.0,80.0,1,1,1,2,0.9997285008430481,1,2,1,0.1193726435303688,0.1641605943441391,0.04766827076673508,0.668798565864563,1,1,0,1,0.1,0.1,0.0,0.2702305963749855
226,226,2,0,0.0,0.9999982118606567,0.287549499085758,13.09787471328236,3.2,0.0,3,0.38691470360044866,JITTER,90.95782851006207,90.64288185075777,2.2660720462689445,0,0.0,80.0,1,1,1,2,0.9999982118606567,1,2,1,0.4264618456363678,0.15090526640415192,0.17184866964817047,0.2507841885089874,1,0,1,1,0.18691470360044868,0.0,0.1,0.1
227,227,2,0,0.0,0.9999978542327881,0.40635032959466716,16.411376839954027,0.20000000000000018,0.0,3,0.45994852943183007,JITTER,29.17210058241981,29.06501958615755,0.7266254896539388,0,0.0,80.0,1,1,1,2,0.9999978542327881,1,2,1,0.057663872838020325,0.6360068321228027,0.06931474804878235,0.23701448738574982,0,1,1,1,0.0,0.2599485294318301,0.1,0.1
228,228,2,1,6.2,0.9996317625045776,0.4409482883487993,17.533737955111814,0.0,0.0,3,0.47912932993138646,JITTER,118.00271795541924,116.92048991226955,2.9230122478067386,0,0.0,80.0,1,1,1,2,0.9996317625045776,1,2,1,0.0968950018286705,0.6978342533111572,0.03147801011800766,0.1737927496433258,1,1,0,1,0.1,0.2791293299313865,0.0,0.1
229,229,2,0,0.0,0.9880358576774597,0.5955373884741836,22.0531684135429,3.2,0.0,3,0.5568182262700365,JITTER,98.4080948341408,97.1555401844732,2.4288885046118303,0,0.0,80.0,1,1,1,2,0.9880358576774597,1,2,1,0.00815841555595398,0.9771674871444702,0.002701736753806472,0.011972326785326004,1,1,0,1,0.1,0.35681822627003656,0.0,0.1
230,230,2,0,0.0,0.9999964237213135,0.4070933632834415,17.162257001874707,0.20000000000000018,0.0,3,0.46036885782808434,JITTER,77.24131499586373,77.01711396154347,1.925427849038587,0,0.0,80.0,1,1,1,2,0.9999964237213135,1,2,1,0.28432607650756836,0.6373314261436462,0.0046246955171227455,0.07371781766414642,1,1,0,1,0.1,0.2603688578280844,0.0,0.1
231,231,2,1,6.2,0.9814599752426147,0.49170627445601633,19.155847124299825,0.0,0.0,3,0.50595489452895,JITTER,114.60244535580951,113.91175330428663,2.847793832607166,0,0.0,80.0,1,1,1,2,0.9814599752426147,1,2,1,0.03685915842652321,0.1708744913339615,0.0032213893719017506,0.7890449166297913,1,1,0,1,0.1,0.1,0.0,0.3059548945289501
232,232,2,0,0.0,0.6399511694908142,0.40825183356935174,16.867291422271897,3.2,0.0,3,0.46102343096536796,JITTER,77.80172158075422,76.71284611655767,1.917821152913942,0,0.0,80.0,1,1,0,6,0.6399511694908142,0,2,1,0.07665934413671494,0.2801113724708557,0.0038324196357280016,0.6393969058990479,1,1,0,1,0.1,0.1,0.0,0.26102343096536795
233,233,2,0,0.0,0.9999526739120483,0.26580381426293714,13.882466482160346,0.20000000000000018,0.0,3,0.37199707996231357,JITTER,84.92331552453089,83.32574760782725,2.0831436901956812,0,0.0,80.0,1,1,1,2,0.9999526739120483,1,2,1,0.2524091899394989,0.0760791003704071,0.3887012302875519,0.28281041979789734,1,0,1,1,0.1,0.0,0.17199707996231353,0.1
234,234,2,1,6.2,0.9999982118606567,0.5815568758624295,21.677876015403037,0.0,0.0,3,0.5502436304247472,JITTER,34.8438989920058,34.4896391625907,0.8622409790647675,0,0.0,80.0,1,1,1,2,0.9999982118606567,1,2,1,0.04535100981593132,0.9517321586608887,9.99999993922529e-09,0.0029168338514864445,1,1,0,1,0.1,0.35024363042474727,0.0,0.1
235,235,2,0,0.0,0.9999860525131226,0.39695768596527786,16.258830487066945,3.2,0.0,3,0.45460167764908765,JITTER,60.403439074076594,59.83061063483388,1.4957652658708471,0,0.0,80.0,1,1,1,2,0.9999860525131226,1,2,1,0.030630411580204964,0.5041207075119019,0.4644344449043274,0.0008144403691403568,1,1,1,0,0.1,0.1886631591667954,0.1659385184822922,0.0
236,236,2,0,0.0,0.9999918937683105,0.3384938621947032,14.711940240695753,0.20000000000000018,0.0,3,0.4197921620100108,JITTER,31.921752619774463,31.83614192049439,0.7959035480123599,0,0.0,80.0,1,1,1,2,0.9999918937683105,1,2,1,0.08816438913345337,0.5157203674316406,0.1795862317085266,0.2165289670228958,0,1,1,1,0.0,0.21979216201001076,0.1,0.1
237,237,2,1,6.2,0.9999417066574097,0.4254618359457496,17.423884454287194,0.0,0.0,3,0.4706404291488697,JITTER,47.80755457812574,47.516210938635695,1.1879052734658924,0,0.0,80.0,1,1,1,2,0.9999417066574097,1,2,1,0.6701224446296692,0.24390220642089844,0.014282298274338245,0.071693055331707,1,1,0,1,0.27064042914886977,0.1,0.0,0.1
238,238,2,0,0.0,0.9999339580535889,0.554035566754558,20.75911154660254,3.2,0.0,3,0.5370661110901199,JITTER,62.790321368135,62.02303927952783,1.550575981988196,0,0.0,80.0,1,1,1,2,0.9999339580535889,1,2,1,0.0447259359061718,0.9017518162727356,0.045508336275815964,0.008013946004211903,1,1,1,0,0.1,0.33706611109011997,0.1,0.0
239,239,2,0,0.0,0.9998143315315247,0.6003427019493741,22.192107645599265,0.20000000000000018,0.0,3,0.5590601596930936,JITTER,83.4629117418263,82.77549301150543,2.069387325287636,0,0.0,80.0,1,1,1,2,0.9998143315315247,1,2,1,0.003366416087374091,0.9859168529510498,0.005613033194094896,0.005103603936731815,0,1,1,1,0.0,0.3590601596930937,0.1,0.1
240,240,2,1,6.2,0.9998537302017212,0.5570991246703486,20.883125777385363,0.0,0.0,3,0.5385489264726909,JITTER,60.87831094286971,60.61333380050379,1.5153333450125948,0,0.0,80.0,1,1,1,2,0.9998537302017212,1,2,1,0.04907999932765961,0.9073092937469482,0.006159238982945681,0.037451405078172684,1,1,0,1,0.1,0.33854892647269097,0.0,0.1
241,241,2,0,0.0,0.9998875856399536,0.5413787399137654,20.16480264021692,3.2,0.0,3,0.5308960876968121,JITTER,78.83062484090082,78.33077417811549,1.9582693544528873,0,0.0,80.0,1,1,1,2,0.9998875856399536,1,2,1,0.029338201507925987,0.8788084387779236,0.026049382984638214,0.06580399721860886,1,1,0,1,0.1,0.3308960876968121,0.0,0.1
242,242,2,0,0.0,0.9999947547912598,0.4267813022900152,16.733492367599368,0.20000000000000018,0.0,3,0.4713696525875148,JITTER,23.60598342773637,23.40844853756575,0.5852112134391437,0,0.0,80.0,1,1,1,2,0.9999947547912598,1,2,1,0.0949428603053093,0.16639238595962524,0.06618350744247437,0.6724812388420105,1,1,0,1,0.1,0.1,0.0,0.2713696525875148
243,243,2,1,6.2,0.9999828338623047,0.5336543643709866,20.139660961081173,0.0,0.0,3,0.5270950761186514,JITTER,67.41326750901703,67.10910846156949,1.6777277115392373,0,0.0,80.0,1,1,1,2,0.9999828338623047,1,2,1,0.014367015101015568,0.8648198843002319,0.10834915935993195,0.012463941238820553,1,1,1,0,0.1,0.3270950761186514,0.1,0.0
244,244,2,0,0.0,0.9999939203262329,0.333041153336065,14.94258370756351,3.2,0.0,3,0.41639727373652535,JITTER,77.24579331221156,76.37172332655913,1.9092930831639785,0,0.0,80.0,1,1,1,2,0.9999939203262329,1,2,1,0.043504439294338226,0.1304500252008438,0.46355608105659485,0.36248940229415894,0,1,1,1,0.0,0.1,0.18978924442586495,0.1266080293106604
245,245,2,0,0.0,0.9999749660491943,0.380932297201662,16.512816159618566,0.20000000000000018,0.0,3,0.4453308937825149,JITTER,90.20021811103715,89.03131622265185,2.2257829055662963,0,0.0,80.0,1,1,1,2,0.9999749660491943,1,2,1,0.1138397827744484,0.5907862782478333,0.28203150629997253,0.01334245316684246,1,1,1,0,0.1,0.24533089378251485,0.1,0.0
246,246,2,1,6.2,0.9999566078186035,0.5646821882947515,20.922911700880466,0.0,0.0,3,0.5422018199568599,JITTER,85.24330565210316,84.704202860194,2.1176050715048502,0,0.0,80.0,1,1,1,2,0.9999566078186035,1,2,1,0.04062531515955925,0.9210721254348755,0.019340958446264267,0.018961580470204353,1,1,1,0,0.1,0.34220181995685994,0.1,0.0
247,247,2,0,0.0,0.9999938011169434,0.26495943126196303,13.35012131381645,3.2,0.0,3,0.371405745585606,JITTER,98.74322219859539,97.65873648081751,2.4414684120204377,0,0.0,80.0,1,1,1,2,0.9999938011169434,1,2,1,0.3722667992115021,0.3003312945365906,0.10822043567895889,0.21918146312236786,1,1,0,1,0.1609116940268802,0.11049405155872585,0.0,0.1
248,248,2,0,0.0,0.9999144077301025,0.4082389973193669,16.948369041636944,0.20000000000000018,0.0,3,0.4610161831613904,JITTER,63.14181951798901,62.35126817623724,1.5587817044059311,0,0.0,80.0,1,1,1,2,0.9999144077301025,1,2,1,0.09072339534759521,0.2481125295162201,0.6393740177154541,0.021790118888020515,1,1,1,0,0.1,0.1,0.2610161831613904,0.0
249,249,2,1,6.2,0.9999419450759888,0.40154325721871237,16.462744305236825,0.0,0.0,3,0.4572198693892734,JITTER,56.06573344502543,55.490791408726906,1.3872697852181728,0,0.0,80.0,1,1,1,2,0.9999419450759888,1,2,1,0.2612217366695404,0.6274409294128418,0.046748850494623184,0.06458846479654312,1,1,0,1,0.1,0.25721986938927344,0.0,0.1
250,250,3,0,0.0,0.9984241724014282,0.3217453623275498,14.66591181043441,3.2,0.0,3,0.4092748653584486,JITTER,93.67056884822203,92.00997159565972,2.300249289891493,0,0.0,80.0,1,1,1,3,0.9984241724014282,1,3,1,0.07223957031965256,0.4862636923789978,0.2075565606355667,0.23394018411636353,0,1,1,1,0.0,0.2092748653584486,0.1,0.1
251,251,3,1,6.2,0.8542518615722656,0.35515277377390725,14.345871209931524,0.20000000000000018,0.0,3,0.4299980953714413,JITTER,112.10571972951917,110.97651709837648,2.7744129274594123,0,0.0,80.0,1,1,1,27,0.8542518615722656,0,3,1,0.519113302230835,0.029264893382787704,0.0952414870262146,0.35638031363487244,1,0,1,1,0.21425593114379046,0.0,0.1,0.1157421642276508
252,252,3,0,0.0,0.9999983310699463,0.35219410279241237,15.327599484479569,3.4000000000000004,0.0,3,0.42820325706236195,JITTER,72.02751147405691,70.8752579702759,1.7718814492568975,0,0.0,80.0,1,1,1,3,0.9999983310699463,1,3,1,0.09141776710748672,0.3642755150794983,0.0396953821182251,0.5046112537384033,1,1,0,1,0.1,0.12144601625690712,0.0,0.20675724080545485
253,253,3,0,0.0,0.9989891648292542,0.3555025212504061,15.380004349002988,0.40000000000000036,0.0,3,0.4302097701106157,JITTER,51.44506917442013,50.5834853032945,1.2645871325823625,0,0.0,80.0,1,1,1,3,0.9989891648292542,1,3,1,0.06096476688981056,0.3211250901222229,0.5457356572151184,0.07217448204755783,0,1,1,1,0.0,0.1,0.2302097701106157,0.1
254,254,3,1,6.2,0.9996706247329712,0.29304548347725407,13.810156817596301,0.0,0.0,3,0.3905947868630625,JITTER,69.41416465174234,69.25332269696194,1.7313330674240488,0,0.0,80.0,1,1,1,3,0.9996706247329712,1,3,1,0.1046009361743927,0.20758409798145294,0.2517748773097992,0.43604007363319397,0,1,1,1,0.0,0.1,0.1,0.1905947868630625
255,255,3,0,0.0,0.9999974966049194,0.4544354817056379,17.084114068119458,3.2,0.531305730059471,3,0.4864016539698538,JITTER,27.20591470729437,26.747770797621158,0.6686942699405289,0,0.0,80.0,1,1,1,3,0.9999974966049194,1,3,1,0.08655118197202682,0.7220149040222168,0.09113860130310059,0.10029532015323639,0,1,1,1,0.0,0.28640165396985384,0.1,0.1
256,256,3,0,0.0,0.9352647066116333,0.2541558347519486,13.170390745267802,0.20000000000000018,0.0,3,0.36375499752678664,JITTER,25.55679169068779,25.413361130301936,0.6353340282575485,0,0.0,80.0,1,1,1,3,0.9352647066116333,1,3,1,0.2553127706050873,0.1179143562912941,0.36857154965400696,0.25820133090019226,1,0,1,1,0.1,0.0,0.1637549975267866,0.1
257,257,3,1,6.2,0.9999889135360718,0.30996540369623127,13.820993130453447,0.0,0.0,3,0.4017126779722072,JITTER,53.41300405015458,53.228200990121124,1.330705024753028,0,0.0,80.0,1,1,1,3,0.9999889135360718,1,3,1,0.23358480632305145,0.18023909628391266,0.4656088650226593,0.1205672100186348,1,1,1,0,0.1,0.1,0.20171267797220724,0.0
258,258,3,0,0.0,0.7109248638153076,0.44304420762348357,16.907917248329603,3.2,0.0,3,0.4802666808852947,JITTER,51.38933698019892,50.626007408516436,1.265650185212911,0,0.0,80.0,1,1,0,3,0.7109248638153076,1,3,1,0.7015891671180725,0.07951229810714722,0.13375915586948395,0.08513928204774857,1,0,1,1,0.2802666808852947,0.0,0.1,0.1
259,259,3,1,6.2,0.7646343111991882,0.35315667913956345,13.436028254285706,0.20000000000000018,0.0,3,0.4287880156917351,JITTER,21.468284356007075,21.113124470220228,0.5278281117555057,0,0.0,80.0,1,1,0,3,0.7646343111991882,1,3,1,0.54159015417099,0.11324409395456314,0.10879555344581604,0.2363702356815338,1,1,0,1,0.22878801569173504,0.1,0.0,0.1
260,260,3,0,0.0,0.9877034425735474,0.5356212508787614,20.132898307742224,3.4000000000000004,0.0,3,0.5280655382248933,JITTER,105.65480235745582,104.86817789863926,2.621704447465982,0,0.0,80.0,1,1,1,12,0.9877034425735474,0,12,0,0.8683808445930481,0.0810571238398552,0.012320096604526043,0.038241904228925705,1,1,0,1,0.32806553822489337,0.1,0.0,0.1
261,261,3,0,0.0,0.999994158744812,0.2376066379458498,12.34936489506811,0.40000000000000036,0.0,3,0.3517128300175639,JITTER,35.361289906063476,34.93636006901101,0.8734090017252752,0,0.0,80.0,1,1,1,3,0.999994158744812,1,3,1,0.2622034549713135,0.1677609235048294,0.3400992751121521,0.22993634641170502,1,0,1,1,0.1,0.0,0.15171283001756394,0.1
262,262,3,1,6.2,0.999987006187439,0.5794737777843755,21.452940146463625,0.0,0.0,3,0.5492572783134395,JITTER,31.967255586489433,31.733946176808494,0.7933486544202124,0,0.0,80.0,1,1,1,3,0.999987006187439,1,3,1,0.9479448795318604,0.023333057761192322,0.011797921732068062,0.01692417450249195,1,1,0,1,0.34925727831343956,0.1,0.0,0.1
263,263,3,0,0.0,0.9999734163284302,0.3833195572113741,16.12210348291006,3.2,0.0,3,0.44672413377018116,JITTER,115.84291809009724,113.53656790291508,2.8384141975728774,0,0.0,80.0,1,1,1,3,0.9999734163284302,1,3,1,0.027608053758740425,0.3673396408557892,0.03413919359445572,0.5709130167961121,0,1,1,1,0.0,0.11405049621595797,0.1,0.23267363755422318
264,264,3,0,0.0,0.9999587535858154,0.46937481477915255,18.302204205791114,0.20000000000000018,0.0,3,0.4943321059111838,JITTER,97.21048913545856,96.60591472582459,2.415147868145615,0,0.0,80.0,1,1,1,3,0.9999587535858154,1,3,1,0.024569693952798843,0.09183455258607864,0.7488470077514648,0.13474875688552856,0,1,1,1,0.0,0.1,0.29433210591118386,0.1
265,265,3,1,6.2,0.9999892711639404,0.4485252790943304,17.892118498873963,0.0,0.0,3,0.48322833166086937,JITTER,88.76650491660925,87.51417576441037,2.1878543941102593,0,0.0,80.0,1,1,1,3,0.9999892711639404,1,3,1,0.21963801980018616,0.05068692937493324,0.0182614978402853,0.711413562297821,1,1,0,1,0.1,0.1,0.0,0.28322833166086936
266,266,3,0,0.0,0.9988017082214355,0.42115361645979077,17.52735673172445,3.2,0.0,3,0.46825151765679957,JITTER,58.784169516364976,58.03068739363248,1.4507671848408121,0,0.0,80.0,1,1,1,3,0.9988017082214355,1,3,1,9.99999993922529e-09,0.30648064613342285,0.031095638871192932,0.6624237298965454,0,1,1,1,0.0,0.1,0.1,0.26825151765679955
267,267,3,0,0.0,0.6053077578544617,0.34115453144895674,13.675261138683696,0.20000000000000018,0.0,3,0.4214387824582968,JITTER,21.072764497567626,20.984656041444868,0.5246164010361217,0,0.0,80.0,1,1,0,2,0.6053077578544617,0,3,1,0.07577282190322876,0.495401531457901,0.3488074541091919,0.08001811802387238,0,1,1,1,0.0,0.20599244477107456,0.11544633768722229,0.1
268,268,3,1,6.2,0.9999192953109741,0.27978878363689064,13.739954615557952,0.0,0.0,3,0.3816577420248768,JITTER,72.50883029672612,72.27136198609946,1.8067840496524867,0,0.0,80.0,1,1,1,3,0.9999192953109741,1,3,1,0.09130490571260452,0.3980472683906555,0.20249994099140167,0.30814793705940247,0,1,1,1,0.0,0.17148661876007573,0.1,0.11017112326480108
269,269,3,0,0.0,0.9202913045883179,0.41084144768062325,15.39325167652077,3.2,0.3005333044860129,3,0.46248329645570196,JITTER,36.59068678765337,35.97866782055948,0.8994666955139871,0,0.0,80.0,1,1,1,9,0.9202913045883179,0,9,0,0.10254278779029846,0.6440153121948242,0.03446037322282791,0.2189815640449524,1,1,0,1,0.1,0.262483296455702,0.0,0.1
270,270,4,0,0.0,0.9999980926513672,0.6048211148931959,22.360764192283526,0.20000000000000018,0.0,3,0.5611415128330932,JITTER,118.91330026836054,117.59105707765704,2.9397764269414264,0,0.0,80.0,1,1,1,4,0.9999980926513672,1,4,1,0.0023844779934734106,0.0024986807256937027,0.001042722724378109,0.9940741062164307,1,1,0,1,0.1,0.1,0.0,0.36114151283309326
271,271,4,1,6.2,0.9982485771179199,0.41882034477483915,17.37076934888606,0.0,0.0,3,0.4669526145768115,JITTER,103.90697308817134,101.84894655769568,2.546223663942392,0,0.0,80.0,1,1,1,4,0.9982485771179199,1,4,1,0.007637830916792154,0.013542250730097294,0.6582561731338501,0.32056373357772827,0,1,1,1,0.0,0.1,0.2669526145768115,0.1
272,272,4,0,0.0,0.9999942779541016,0.48597206575497814,19.054935798771023,3.2,0.3536662215058969,3,0.5029960558002966,JITTER,34.15958885687747,33.85335113976412,0.8463337784941031,0,0.0,80.0,1,1,1,4,0.9999942779541016,1,4,1,9.99999993922529e-09,0.2014213353395462,0.019865483045578003,0.7787131667137146,0,1,1,1,0.0,0.1,0.1,0.30299605580029654
273,273,4,0,0.0,0.9999864101409912,0.5086140730043399,19.263855507199594,0.20000000000000018,0.0,3,0.5145802490148113,JITTER,59.25727158419199,59.16240154136915,1.4790600385342287,0,0.0,80.0,1,1,1,4,0.9999864101409912,1,4,1,0.02567090280354023,0.8195469975471497,0.09977173060178757,0.05501038208603859,0,1,1,1,0.0,0.3145802490148113,0.1,0.1
274,274,4,1,6.2,0.9999294281005859,0.5291859642294919,19.95878796437729,0.0,0.0,3,0.5248836983839197,JITTER,95.53301727947445,94.70421289322078,2.36760532233052,0,0.0,80.0,1,1,1,4,0.9999294281005859,1,4,1,0.016689442098140717,0.8567326068878174,0.09493961930274963,0.031638357788324356,0,1,1,1,0.0,0.32488369838391973,0.1,0.1
275,275,4,0,0.0,0.9785013794898987,0.5470272296893646,20.301543867984698,3.2,0.0,3,0.533658460440487,JITTER,66.93269341904013,66.7309944597846,1.668274861494615,0,0.0,80.0,1,1,1,37,0.9785013794898987,0,37,0,0.07556935399770737,0.011060724034905434,0.8890442252159119,0.024325689300894737,1,0,1,1,0.1,0.0,0.3336584604404871,0.1
276,276,4,0,0.0,0.999891996383667,0.4963575562710291,19.31498622839007,0.20000000000000018,0.0,3,0.5083422950507237,JITTER,38.09266522308681,37.40158533105789,0.9350396332764472,0,0.0,80.0,1,1,1,4,0.999891996383667,1,4,1,0.0003321932163089514,0.20150482654571533,0.0007326669874601066,0.7974303364753723,0,1,1,1,0.0,0.1,0.1,0.30834229505072375
277,277,4,1,6.2,0.922616183757782,0.3212315191712989,15.343132273995167,0.0,0.0,3,0.4089479187316566,JITTER,24.46490889742789,24.350974698673774,0.6087743674668444,0,0.0,80.0,1,1,1,4,0.922616183757782,1,4,1,0.022825123742222786,0.48536160588264465,0.18130354583263397,0.3105097711086273,0,1,1,1,0.0,0.2089479187316566,0.1,0.1
278,278,4,0,0.0,0.9999924898147583,0.6074999382455654,22.456082845620422,3.2,0.0,3,0.5623828205243204,JITTER,49.20593303145284,48.72352048258093,1.2180880120645234,0,0.0,80.0,1,1,1,4,0.9999924898147583,1,4,1,0.0008836984052322805,2.297066748724319e-05,0.0001385000068694353,0.9989548921585083,1,0,1,1,0.1,0.0,0.1,0.36238282052432036
279,279,4,0,0.0,0.9999933242797852,0.39053097219368754,16.402365958654585,0.20000000000000018,0.0,3,0.45090667844976473,JITTER,78.6445173014796,77.86862626067091,1.9467156565167727,0,0.0,80.0,1,1,1,4,0.9999933242797852,1,4,1,0.011464834213256836,0.3798341453075409,0.03425293043255806,0.5744481086730957,0,1,1,1,0.0,0.11927806629570689,0.1,0.2316286121540578
280,280,4,1,6.2,0.9999550580978394,0.41199159036096555,16.748599810391575,0.0,0.0,3,0.4631302005414502,JITTER,28.4115334556882,28.273074135228875,0.7068268533807219,0,0.0,80.0,1,1,1,4,0.9999550580978394,1,4,1,0.041936978697776794,0.20317529141902924,0.10882066190242767,0.6460670828819275,0,1,1,1,0.0,0.1,0.1,0.2631302005414502
281,281,4,0,0.0,0.999700665473938,0.35144456780924455,14.907034906655404,3.2,0.0,3,0.4277473660314426,JITTER,104.35883847625412,103.0280781521038,2.575701953802595,0,0.0,80.0,1,1,1,4,0.999700665473938,1,4,1,0.3720378577709198,0.038566093891859055,0.49517470598220825,0.0942213162779808,1,0,1,1,0.1264058521625347,0.0,0.20134151386890795,0.1
282,282,4,0,0.0,0.9986873269081116,0.5556640696316507,20.34299169264692,0.20000000000000018,0.0,3,0.537854843803357,JITTER,84.91490501342744,83.77670009807044,2.094417502451761,0,0.0,80.0,1,1,1,36,0.9986873269081116,0,4,1,0.03029942885041237,0.05163320526480675,0.904705822467804,0.0133615517988801,1,1,1,0,0.1,0.1,0.33785484380335706,0.0
283,283,4,1,6.2,0.9999585151672363,0.44479241222519605,17.693282945004484,0.0,0.0,3,0.48121328823294973,JITTER,96.29030190395291,96.17839623899013,2.4044599059747536,0,0.0,80.0,1,1,1,4,0.9999585151672363,1,4,1,0.026351725682616234,0.7047219276428223,0.08773081749677658,0.18119552731513977,0,1,1,1,0.0,0.2812132882329498,0.1,0.1
284,284,4,0,0.0,0.9996492862701416,0.46322724862437875,18.18229413881554,3.2,0.0,3,0.4910842159079233,JITTER,56.66083849326124,56.04943695582033,1.4012359238955083,0,0.0,80.0,1,1,1,4,0.9996492862701416,1,4,1,0.02196696028113365,0.10767176747322083,0.7377995848655701,0.13256172835826874,0,1,1,1,0.0,0.1,0.2910842159079233,0.1
285,285,4,0,0.0,0.9999735355377197,0.5717581477685997,21.300170997281747,0.20000000000000018,0.0,3,0.5455883743097016,JITTER,53.845648329732605,52.936218081074394,1.3234054520268599,0,0.0,80.0,1,1,1,4,0.9999735355377197,1,4,1,0.006521034985780716,0.021731967106461525,0.03782394900918007,0.933923065662384,0,1,1,1,0.0,0.1,0.1,0.3455883743097017
286,286,4,1,6.2,0.7133328914642334,0.4169794070629052,17.402022792255426,0.0,0.0,3,0.46592523206820846,JITTER,68.25725085872939,67.20796273491601,1.6801990683729002,0,0.0,80.0,1,1,0,36,0.7133328914642334,0,4,1,0.0025117548648267984,0.6549689769744873,0.03558250516653061,0.30693674087524414,0,1,1,1,0.0,0.2659252320682085,0.1,0.1
287,287,4,0,0.0,0.9999828338623047,0.33474578831575247,14.266437055834533,3.2,0.0,3,0.41746155573705834,JITTER,105.20155168811691,104.13945474250903,2.603486368562726,0,0.0,80.0,1,1,1,4,0.9999828338623047,1,4,1,0.416942834854126,0.08464638888835907,0.08549007773399353,0.4129207730293274,1,0,1,1,0.1599847564436586,0.0,0.1,0.15747679929339972
288,288,4,0,0.0,0.9999901056289673,0.40833520174137355,16.934547025924278,0.20000000000000018,0.0,3,0.4610705008320218,JITTER,110.95522438713499,109.6523350158282,2.7413083753957053,0,0.0,80.0,1,1,1,4,0.9999901056289673,1,4,1,0.022922325879335403,0.29778313636779785,0.039749063551425934,0.6395455598831177,0,1,1,1,0.0,0.1,0.1,0.26107050083202177
289,289,4,1,6.2,0.9992741942405701,0.38096347942098724,16.32288906255677,0.0,0.0,3,0.4453491202777986,JITTER,105.02742988337218,104.31200236531397,2.6078000591328494,0,0.0,80.0,1,1,1,4,0.9992741942405701,1,4,1,0.04715702682733536,0.019830651581287384,0.3517747223377228,0.5812375545501709,1,0,1,1,0.1,0.0,0.10561362386648912,0.23973549641130945
290,290,4,0,0.0,0.9999879598617554,0.5661899247825455,21.045007982550583,3.2,0.0,3,0.5429251936701547,JITTER,69.88169585314853,69.1389777583388,1.72847444395847,0,0.0,80.0,1,1,1,4,0.9999879598617554,1,4,1,0.013207671232521534,0.02447623386979103,0.03850645571947098,0.9238097071647644,0,1,1,1,0.0,0.1,0.1,0.3429251936701547
291,291,4,0,0.0,0.9999899864196777,0.5658476170020765,21.119755627767525,0.20000000000000018,0.0,3,0.542761047675725,JITTER,30.497971589607058,30.254870729080054,0.7563717682270014,0,0.0,80.0,1,1,1,4,0.9999899864196777,1,4,1,0.0316043496131897,0.007178261876106262,0.0380292609333992,0.9231881499290466,1,0,1,1,0.1,0.0,0.1,0.342761047675725
292,292,4,1,6.2,0.9958305954933167,0.5466101961082742,20.27361186208391,0.0,0.0,3,0.5334550007957046,JITTER,111.7337672551676,110.3240620007282,2.758101550018205,0,0.0,80.0,1,1,1,4,0.9958305954933167,1,4,1,0.047059789299964905,0.028740407899022102,0.03591151908040047,0.8882883191108704,1,0,1,1,0.1,0.0,0.1,0.33345500079570467
293,293,4,0,0.0,0.9999698400497437,0.44902349251315976,17.61516944065272,3.2,0.2626295555545055,3,0.48349663763172834,JITTER,37.75065824369675,37.494817777819776,0.9373704444454944,0,0.0,80.0,1,1,1,4,0.9999698400497437,1,4,1,0.14515990018844604,0.7123069167137146,0.10347107797861099,0.03906211629509926,1,1,1,0,0.1,0.2834966376317284,0.1,0.0
294,294,4,0,0.0,0.9220800995826721,0.40196156615709727,16.714852567015424,0.20000000000000018,0.0,3,0.45745796250808185,JITTER,39.160300966269986,39.140859340026836,0.9785214835006709,0,0.0,80.0,1,1,1,4,0.9220800995826721,1,4,1,0.0051728542894124985,0.015166987664997578,0.5979968905448914,0.3816632926464081,0,1,1,1,0.0,0.1,0.24027934778709722,0.11717861472098462
295,295,4,1,6.2,0.999661922454834,0.5901514546569934,21.826000299384773,0.0,0.0,3,0.5542946252481853,JITTER,112.74604585040267,111.73537377075995,2.7933843442689987,0,0.0,80.0,1,1,1,4,0.999661922454834,1,4,1,0.013822266831994057,0.011094704270362854,0.007717972621321678,0.9673650860786438,1,1,0,1,0.1,0.1,0.0,0.3542946252481852
296,296,4,0,0.0,0.9999854564666748,0.27511546257590214,13.778566078139898,3.2,0.0,3,0.3784568990186018,JITTER,50.75350724207861,50.14601091255972,1.253650272813993,0,0.0,80.0,1,1,1,4,0.9999854564666748,1,4,1,0.29651570320129395,0.08840826153755188,0.21597278118133545,0.39910322427749634,1,0,1,1,0.10394784882896516,0.0,0.1,0.1745090501896366
297,297,4,0,0.0,0.9999834299087524,0.45886667656176616,17.920594866308353,0.20000000000000018,0.0,3,0.4887673493001152,JITTER,20.731445629301565,20.616169625566794,0.5154042406391699,0,0.0,80.0,1,1,1,4,0.9999834299087524,1,4,1,0.03480154275894165,0.20142339169979095,0.03380658105015755,0.7299684882164001,1,1,0,1,0.1,0.1,0.0,0.28876734930011516
298,298,4,1,6.2,0.9999538660049438,0.5897221641398313,21.920179818095775,0.0,0.0,3,0.5540929848781768,JITTER,90.30334656988926,89.15871594062938,2.2289678985157346,0,0.0,80.0,1,1,1,4,0.9999538660049438,1,4,1,0.02148384414613247,9.99999993922529e-09,0.011932166293263435,0.9665839672088623,1,0,1,1,0.1,0.0,0.1,0.35409298487817675
299,299,4,0,0.0,0.9999994039535522,0.4980845661542172,19.114740150407087,3.2,0.0,3,0.5092258817288866,JITTER,118.18059475425355,116.71430989249806,2.9178577473124516,0,0.0,80.0,1,1,1,4,0.9999994039535522,1,4,1,0.054134439677000046,0.017995018512010574,0.1273256242275238,0.8005449175834656,1,0,1,1,0.1,0.0,0.1,0.30922588172888665
300,300,4,0,0.0,0.9982604384422302,0.5264243735350604,20.10469526284487,0.20000000000000018,0.0,3,0.5235123373870274,JITTER,67.75058736277327,66.71883729491611,1.6679709323729028,0,0.0,80.0,1,1,1,4,0.9982604384422302,1,4,1,0.0007183515699580312,0.08639786392450333,0.06114758923649788,0.8517362475395203,0,1,1,1,0.0,0.1,0.1,0.32351233738702734
301,301,4,1,6.2,0.999727189540863,0.43118113682258064,17.592462732239397,0.0,0.0,3,0.47379317791485903,JITTER,110.3327871964053,108.74245934595355,2.718561483648839,0,0.0,80.0,1,1,1,4,0.999727189540863,1,4,1,0.030847355723381042,0.011287221685051918,0.2775155305862427,0.6803498864173889,1,0,1,1,0.1,0.0,0.1,0.273793177914859
302,302,4,0,0.0,0.9997256398200989,0.5642945932498904,21.151209127728322,3.2,0.0,3,0.5420157056984678,JITTER,116.32112235493796,114.50184797198537,2.8625461992996346,0,0.0,80.0,1,1,1,4,0.9997256398200989,1,4,1,0.0016636914806440473,0.07581552863121033,0.0021523600444197655,0.9203684329986572,0,1,1,1,0.0,0.1,0.1,0.34201570569846773
303,303,4,0,0.0,0.9999940395355225,0.3401905264241511,15.672815110083942,0.20000000000000018,0.0,3,0.420842928567013,JITTER,106.68014382619265,106.43669105169216,2.660917276292304,0,0.0,80.0,1,1,1,4,0.9999940395355225,1,4,1,0.011740409769117832,0.5041898488998413,0.1462075412273407,0.3378622233867645,0,1,1,1,0.0,0.21186161295423042,0.1,0.10898131561278257
304,304,4,1,6.2,0.9888120889663696,0.5634423355800299,21.050422159465334,0.0,0.0,3,0.541606246174724,JITTER,93.24135029937877,92.42066100747017,2.3105165251867543,0,0.0,80.0,1,1,1,4,0.9888120889663696,1,4,1,0.04234088584780693,0.0316486731171608,0.007189248688519001,0.9188212156295776,1,1,0,1,0.1,0.1,0.0,0.341606246174724
305,305,4,0,0.0,0.9999990463256836,0.40232172478769757,16.392571084249997,3.2,0.0,3,0.457662858396088,JITTER,75.31038024112752,74.32516621763244,1.8581291554408113,0,0.0,80.0,1,1,1,4,0.9999990463256836,1,4,1,0.42115336656570435,0.009750195778906345,0.009790544398128986,0.5593058466911316,1,0,1,1,0.1395424379174486,0.0,0.1,0.21812042047863942
306,306,4,0,0.0,0.9997343420982361,0.5995901945402008,22.189276424270112,0.20000000000000018,0.0,3,0.5587096691935209,JITTER,116.98151167055694,114.67796302408557,2.8669490756021396,0,0.0,80.0,1,1,1,4,0.9997343420982361,1,4,1,0.0014918309170752764,0.010492406785488129,0.003469344461336732,0.9845464825630188,0,1,1,1,0.0,0.1,0.1,0.358709669193521
307,307,4,1,6.2,0.9967708587646484,0.4089212834306297,16.419784513219145,0.0,0.0,3,0.4614012684013977,JITTER,48.82282454879053,48.10634618344107,1.2026586545860267,0,0.0,80.0,1,1,1,4,0.9967708587646484,1,4,1,0.000829167605843395,0.0040763248689472675,0.4937135577201843,0.5013809204101562,0,1,1,1,0.0,0.1,0.17853779075515416,0.18286347764624353
308,308,4,0,0.0,0.9999740123748779,0.49513558830242793,19.065112088607314,3.2,0.0,3,0.5077161730344008,JITTER,94.99835379352686,94.3400287650079,2.3585007191251974,0,0.0,80.0,1,1,1,4,0.9999740123748779,1,4,1,0.10576357692480087,0.0160321407020092,0.7952269315719604,0.0829772800207138,1,0,1,1,0.1,0.0,0.3077161730344008,0.1
309,309,4,0,0.0,0.9999884366989136,0.5318074307765488,20.14110075691797,0.20000000000000018,0.0,3,0.5261821693400468,JITTER,32.3869774864221,32.36045452080388,0.809011363020097,0,0.0,80.0,1,1,1,4,0.9999884366989136,1,4,1,0.008703486993908882,0.08134239912033081,0.04847745597362518,0.861476719379425,0,1,1,1,0.0,0.1,0.1,0.32618216934004685
310,310,4,1,6.2,0.9997026324272156,0.2916014749036674,14.99621423539961,0.0,0.0,3,0.38963125255202247,JITTER,97.73431275291786,96.77710339848272,2.4194275849620683,0,0.0,80.0,1,1,1,4,0.9997026324272156,1,4,1,9.99999993922529e-09,0.3608705699443817,0.2671163082122803,0.372013121843338,0,1,1,1,0.0,0.14109352022832192,0.1,0.14853773232370054
311,311,4,0,0.0,0.999893069267273,0.38245504766523036,15.874920239717776,3.2,0.0,3,0.44622009573364385,JITTER,118.55401694949262,117.4515275293597,2.9362881882339926,0,0.0,80.0,1,1,1,4,0.999893069267273,1,4,1,0.0614953450858593,0.23384694755077362,0.1111675351858139,0.5934901833534241,0,1,1,1,0.0,0.1,0.1,0.2462200957336438
312,312,4,0,0.0,0.9999997615814209,0.4488159074660836,17.933258162305737,0.20000000000000018,0.0,3,0.4833848636637723,JITTER,117.79169790738402,116.82209318505659,2.920552329626415,0,0.0,80.0,1,1,1,4,0.9999997615814209,1,4,1,0.01578100025653839,0.7119346857070923,0.11460541933774948,0.15767893195152283,0,1,1,1,0.0,0.28338486366377236,0.1,0.1
313,313,4,1,6.2,0.9991866946220398,0.6005001626224272,22.233658733128685,0.0,0.0,3,0.5591334713343152,JITTER,99.36821505599725,99.19964826215775,2.479991206553944,0,0.0,80.0,1,1,1,4,0.9991866946220398,1,4,1,0.0007537929341197014,0.004636629484593868,0.008405886590480804,0.9862036108970642,0,1,1,1,0.0,0.1,0.1,0.3591334713343153
314,314,4,0,0.0,0.999997615814209,0.5411896564584648,20.34050650109407,3.2,0.0,3,0.5308033684728504,JITTER,75.54617101377639,74.33432009715845,1.8583580024289614,0,0.0,80.0,1,1,1,4,0.999997615814209,1,4,1,0.012992557138204575,0.04203629866242409,0.06650522351264954,0.8784658908843994,0,1,1,1,0.0,0.1,0.1,0.3308033684728503
315,315,4,0,0.0,0.999997615814209,0.4005499800027085,16.245859542015356,0.20000000000000018,0.0,3,0.4566540184277186,JITTER,112.47016672198886,110.61984557510024,2.765496139377506,0,0.0,80.0,1,1,1,4,0.999997615814209,1,4,1,0.5357714295387268,0.01101671066135168,0.012455057352781296,0.44075673818588257,1,0,1,1,0.20540779986553545,0.0,0.1,0.1512462185621831
316,316,4,1,6.2,0.9990068078041077,0.47014373173159424,18.54417782609278,0.0,0.0,3,0.49473684087383557,JITTER,23.697072720117422,23.520433630419348,0.5880108407604837,0,0.0,80.0,1,1,1,4,0.9990068078041077,1,4,1,0.05531870573759079,0.00847872719168663,0.18597327172756195,0.7502293586730957,1,0,1,1,0.1,0.0,0.1,0.29473684087383556
317,317,4,0,0.0,0.9995275735855103,0.5979194954441354,22.076295643319746,3.2,0.5796127361579292,3,0.557930731439876,JITTER,24.869847231385126,24.815490553682828,0.6203872638420708,0,0.0,80.0,1,1,1,4,0.9995275735855103,1,4,1,0.005119423847645521,0.007128907833248377,0.006247362121939659,0.9815043210983276,0,1,1,1,0.0,0.1,0.1,0.35793073143987597
318,318,4,0,0.0,0.9999567270278931,0.45504063687197954,18.29830666905987,0.20000000000000018,0.0,3,0.4867254078992588,JITTER,87.53056286674841,86.28192503889872,2.157048125972468,0,0.0,80.0,1,1,1,4,0.9999567270278931,1,4,1,0.15647408366203308,0.7231008410453796,9.99999993922529e-09,0.12042506039142609,1,1,0,1,0.1,0.2867254078992588,0.0,0.1
319,319,4,1,6.2,0.9999523162841797,0.5237608595885169,20.04287970918348,0.0,0.0,3,0.5221862678470675,JITTER,97.37206827516263,95.68664239343337,2.3921660598358345,0,0.0,80.0,1,1,1,4,0.9999523162841797,1,4,1,0.0002432327892165631,9.99999993922529e-09,0.1528380960226059,0.8469186425209045,1,0,1,1,0.1,0.0,0.1,0.3221862678470674
320,320,4,0,0.0,0.9999988079071045,0.6046548429647092,22.361610029983506,3.2,0.0,3,0.5610643755667868,JITTER,93.943146847651,92.43841889598329,2.3109604723995822,0,0.0,80.0,1,1,1,4,0.9999988079071045,1,4,1,0.0006172250723466277,0.003886523889377713,0.0017250397941097617,0.9937711954116821,0,1,1,1,0.0,0.1,0.1,0.36106437556678683
321,321,4,0,0.0,0.9999029636383057,0.5032734241718687,19.362523686007098,0.20000000000000018,0.0,3,0.511871471421123,JITTER,24.896370982327923,24.779589500052268,0.6194897375013068,0,0.0,80.0,1,1,1,4,0.9999029636383057,1,4,1,0.020947672426700592,0.15934240818023682,0.00980361457914114,0.8099063038825989,1,1,0,1,0.1,0.1,0.0,0.3118714714211229
322,322,4,1,6.2,0.9988442659378052,0.3999143473237378,16.493663730701037,0.0,0.0,3,0.45629154248450327,JITTER,82.18977733752457,80.77919478322838,2.0194798695807097,0,0.0,80.0,1,1,1,4,0.9988442659378052,1,4,1,0.009102310985326767,0.39909985661506653,0.01577998697757721,0.5760177969932556,0,1,1,1,0.0,0.12768111521742287,0.1,0.2286104272670804
323,323,4,0,0.0,0.24860960245132446,0.31868440693727373,13.239985324648622,3.2,0.6940117758888726,3,0.4073233749838613,JITTER,20.45001249396591,20.239528964445093,0.5059882241111273,0,0.0,80.0,1,1,0,6,0.24860960245132446,0,4,1,0.025754492729902267,0.2840343117713928,0.20931974053382874,0.48089146614074707,0,1,1,1,0.0,0.1,0.1,0.20732337498386125
324,324,4,0,0.0,0.9999986886978149,0.5549639025781575,20.773295269639902,0.20000000000000018,0.0,3,0.5375158737610112,JITTER,87.72873993643972,87.67679173307599,2.1919197933268997,0,0.0,80.0,1,1,1,4,0.9999986886978149,1,4,1,0.013523862697184086,0.009695043787360191,0.9034357070922852,0.0733453556895256,1,0,1,1,0.1,0.0,0.3375158737610112,0.1
325,325,4,1,6.2,0.9999910593032837,0.35001101534901624,15.194940318238396,0.0,0.0,3,0.42687407769937386,JITTER,60.13555575533879,59.058365728421286,1.4764591432105323,0,0.0,80.0,1,1,1,4,0.9999910593032837,1,4,1,0.03811062127351761,0.4784126579761505,0.09787941724061966,0.3855973184108734,0,1,1,1,0.0,0.1917364785357308,0.1,0.13513759916364304
326,326,4,0,0.0,0.9999837875366211,0.4537270005471104,18.20908059010287,3.2,0.0,3,0.4860223472922055,JITTER,87.16128088558587,86.74698873831223,2.168674718457806,0,0.0,80.0,1,1,1,4,0.9999837875366211,1,4,1,0.004183690529316664,0.7207436561584473,0.2358250468969345,0.039247650653123856,0,1,1,1,0.0,0.28602234729220555,0.1,0.1
327,327,4,0,0.0,0.9999853372573853,0.4436591965292598,18.015107587481527,0.20000000000000018,0.0,3,0.48059989397084507,JITTER,105.27811296319126,104.54531113302232,2.613632778325558,0,0.0,80.0,1,1,1,4,0.9999853372573853,1,4,1,0.00124204414896667,0.00221092626452446,0.2938559055328369,0.7026911377906799,0,1,1,1,0.0,0.1,0.1,0.28059989397084506
328,328,4,1,6.2,0.9428943991661072,0.5664485525545833,21.18929661284582,0.0,0.0,3,0.5430491798943585,JITTER,105.33446711440594,104.70468571064904,2.6176171427662265,0,0.0,80.0,1,1,1,4,0.9428943991661072,1,4,1,0.9242793321609497,0.0048335520550608635,0.0034217413049191236,0.0674653872847557,1,1,0,1,0.34304917989435857,0.1,0.0,0.1
329,329,4,0,0.0,0.6219845414161682,0.603200407982205,22.322425880485717,3.2,0.0,3,0.5603891779926046,JITTER,79.0320250883149,78.4046055404588,1.9601151385114701,0,0.0,80.0,1,1,0,36,0.6219845414161682,0,4,1,0.00024269818095490336,0.9911217093467712,0.0007512278389185667,0.00788436084985733,0,1,1,1,0.0,0.3603891779926046,0.1,0.1
330,330,4,0,0.0,0.9998716115951538,0.5600558680357762,20.936017493493182,0.20000000000000018,0.0,3,0.5399761803270429,JITTER,47.4825050755067,46.640585596595606,1.1660146399148903,0,0.0,80.0,1,1,1,4,0.9998716115951538,1,4,1,0.08298889547586441,0.9126744866371155,0.0018979829037562013,0.0024386104196310043,1,1,0,1,0.1,0.3399761803270429,0.0,0.1
331,331,4,1,6.2,0.9999426603317261,0.37737221307605295,16.158922451871415,0.0,0.0,3,0.44324504141723775,JITTER,38.75936819394913,38.6936233201127,0.9673405830028176,0,0.0,80.0,1,1,1,4,0.9999426603317261,1,4,1,0.31656402349472046,0.033925846219062805,0.06504271179437637,0.5844674110412598,1,0,1,1,0.1,0.0,0.1,0.24324504141723777
332,332,4,0,0.0,0.9999955892562866,0.4606917881196595,17.874998154642725,3.2,0.0,3,0.4897384044249226,JITTER,54.19269385456604,53.41487788204221,1.3353719470510554,0,0.0,80.0,1,1,1,4,0.9999955892562866,1,4,1,0.04024164751172066,0.17105324566364288,0.055459409952163696,0.7332456707954407,0,1,1,1,0.0,0.1,0.1,0.2897384044249226
333,333,4,0,0.0,0.9976980090141296,0.5366185252668647,20.283111815076577,0.20000000000000018,0.0,3,0.5285569128034324,JITTER,100.74316059762818,98.73082932309913,2.4682707330774782,0,0.0,80.0,1,1,1,4,0.9976980090141296,1,4,1,0.01718878000974655,0.8701866269111633,0.11041203886270523,0.002212601713836193,1,1,1,0,0.1,0.32855691280343247,0.1,0.0
334,334,4,1,6.2,0.9999088048934937,0.3930236949555049,16.14178398843226,0.0,0.0,3,0.45234343705370206,JITTER,49.636205701116495,49.23123188910716,1.230780797227679,0,0.0,80.0,1,1,1,4,0.9999088048934937,1,4,1,0.004380658734589815,0.03579963743686676,0.4686726927757263,0.4911469519138336,0,1,1,1,0.0,0.1,0.16970513409806873,0.1826383029556333
335,335,4,0,0.0,0.9965108036994934,0.4716677967224722,18.684157244165412,3.2,0.3676282598278836,3,0.49553808628774454,JITTER,33.682127802962626,33.29486960688465,0.8323717401721163,0,0.0,80.0,1,1,1,4,0.9965108036994934,1,4,1,0.7529696822166443,0.03862762451171875,0.0009405551827512681,0.2074621468782425,1,1,0,1,0.2955380862877446,0.1,0.0,0.1
336,336,4,0,0.0,0.9999899864196777,0.6033322764961453,22.308678822012386,0.20000000000000018,0.0,3,0.560450429318708,JITTER,119.75800372629172,118.07928151385738,2.9519820378464345,0,0.0,80.0,1,1,1,4,0.9999899864196777,1,4,1,0.00164727249648422,0.005487584043294191,0.0015032181981950998,0.9913619160652161,1,1,0,1,0.1,0.1,0.0,0.3604504293187081
337,337,4,1,6.2,0.8610698580741882,0.6030469086357,22.31318664518757,0.0,0.0,3,0.5603178709737343,JITTER,79.52128404133717,78.89725015959165,1.9724312539897912,0,0.0,80.0,1,1,1,36,0.8610698580741882,0,4,1,0.007576049771159887,0.9908421039581299,0.000586859358008951,0.0009949196828529239,1,1,0,1,0.1,0.36031787097373436,0.0,0.1
338,338,4,0,0.0,0.9975364208221436,0.44675976786258964,17.826717475536036,3.2,0.0,3,0.482276338213648,JITTER,111.52987602855548,110.42145510129649,2.7605363775324125,0,0.0,80.0,1,1,1,4,0.9975364208221436,1,4,1,0.03735508397221565,0.7082482576370239,0.02000969834625721,0.23438696563243866,1,1,0,1,0.1,0.28227633821364806,0.0,0.1
339,339,4,0,0.0,0.9999977350234985,0.4111345150597526,16.889307155561937,0.20000000000000018,0.0,3,0.4626482196953676,JITTER,33.43669133130615,33.19235039344422,0.8298087598361056,0,0.0,80.0,1,1,1,4,0.9999977350234985,1,4,1,0.3972555100917816,9.99999993922529e-09,9.99999993922529e-09,0.602744460105896,1,0,1,1,0.12351511217858549,0.0,0.1,0.2391331075167821
340,340,4,1,6.2,0.9993997812271118,0.5577681434180782,20.987013190352542,0.0,0.0,3,0.5388722003809803,JITTER,26.71666688477669,26.60874275142391,0.6652185687855978,0,0.0,80.0,1,1,1,4,0.9993997812271118,1,4,1,4.1014456655830145e-05,0.0297522135078907,0.061683617532253265,0.9085231423377991,0,1,1,1,0.0,0.1,0.1,0.3388722003809802
341,341,4,0,0.0,0.9999862909317017,0.3412829369021065,14.291390732457243,3.2,0.6607612918440361,3,0.42151808661782586,JITTER,21.76687809999122,21.569548326238554,0.5392387081559639,0,0.0,80.0,1,1,1,4,0.9999862909317017,1,4,1,0.12636221945285797,0.5206354856491089,0.23117339611053467,0.12182887643575668,1,1,1,0,0.1,0.22151808661782588,0.1,0.0
342,342,4,0,0.0,0.9999920129776001,0.3423294105047298,15.007569491932479,0.20000000000000018,0.0,3,0.4221638410332318,JITTER,83.45402649517972,82.88104373016041,2.0720260932540104,0,0.0,80.0,1,1,1,4,0.9999920129776001,1,4,1,0.05267462879419327,0.10048812627792358,0.35726332664489746,0.48957395553588867,0,1,1,1,0.0,0.1,0.12029024326940815,0.20187359776382366
343,343,4,1,6.2,0.9999908208847046,0.39372766123457054,16.285681695012464,0.0,0.0,3,0.4527483643729754,JITTER,62.03817715052771,60.8480252546645,1.5212006313666127,0,0.0,80.0,1,1,1,4,0.9999908208847046,1,4,1,0.0033786252606660128,0.5354800820350647,0.035238247364759445,0.4259030520915985,0,1,1,1,0.0,0.20787490334752665,0.1,0.14487346102544874
344,344,4,0,0.0,0.9999896287918091,0.5438132247226379,20.248676079296473,3.2,0.0,3,0.5320884218555786,JITTER,95.19631215749155,94.1665610126303,2.3541640253157574,0,0.0,80.0,1,1,1,4,0.9999896287918091,1,4,1,0.02489221654832363,0.06466089189052582,0.027227455750107765,0.8832193613052368,0,1,1,1,0.0,0.1,0.1,0.33208842185557863
345,345,4,0,0.0,0.9999828338623047,0.33328222996600043,14.81866513315697,0.20000000000000018,0.0,3,0.4165479540518493,JITTER,48.45408751118252,47.584824283482575,1.1896206070870645,0,0.0,80.0,1,1,1,4,0.9999828338623047,1,4,1,0.1280897855758667,0.07431265711784363,0.5065433979034424,0.2910541594028473,1,0,1,1,0.1,0.0,0.21654795405184932,0.1
346,346,4,1,6.2,0.9995782971382141,0.2883144509898052,14.774983084293073,0.0,0.0,3,0.3874290055948317,JITTER,43.50971168806595,43.226600319974175,1.0806650079993545,0,0.0,80.0,1,1,1,4,0.9995782971382141,1,4,1,0.35257819294929504,0.014106037095189095,0.26043033599853516,0.37288543581962585,1,0,1,1,0.1368924246076001,0.0,0.1,0.15053658098723158
347,347,4,0,0.0,0.9999783039093018,0.22583608048670878,12.40581046467182,3.2,0.0,3,0.34289060855161535,JITTER,110.90648144229485,109.73188851974707,2.743297212993677,0,0.0,80.0,1,1,1,4,0.9999783039093018,1,4,1,0.15315327048301697,0.29472994804382324,0.26760101318359375,0.28451576828956604,0,1,1,1,0.0,0.12374664629614018,0.10315149391053921,0.11599246834493596
348,348,4,0,0.0,0.9999960660934448,0.6034321749541519,22.323357119184912,0.20000000000000018,0.0,3,0.5604968264852881,JITTER,94.23179494179767,93.11845609566619,2.327961402391655,0,0.0,80.0,1,1,1,4,0.9999960660934448,1,4,1,0.0006950842798687518,0.001405730377882719,0.006355212070047855,0.9915438890457153,0,1,1,1,0.0,0.1,0.1,0.360496826485288
349,349,4,1,6.2,0.999637246131897,0.601972817722345,22.279586499418322,0.0,0.0,3,0.5598186556175111,JITTER,85.34392090094951,84.83291002194737,2.1208227505486845,0,0.0,80.0,1,1,1,4,0.999637246131897,1,4,1,0.007566860876977444,0.0006593799334950745,0.002888072980567813,0.9888857007026672,1,0,1,1,0.1,0.0,0.1,0.35981865561751103
350,350,4,0,0.0,0.9999704360961914,0.39607296623206817,16.922195493461732,3.2,0.10368680153977561,3,0.45409479815359727,JITTER,44.13720616266629,43.852527938408976,1.0963131984602243,0,0.0,80.0,1,1,1,4,0.9999704360961914,1,4,1,0.005513233598321676,0.08313125371932983,0.2936546802520752,0.6177008748054504,0,1,1,1,0.0,0.1,0.1,0.25409479815359726
351,351,4,0,0.0,0.9998785257339478,0.35307335000866624,15.954119084891678,0.20000000000000018,0.0,3,0.4287374253408416,JITTER,35.544156408342246,34.92262107734311,0.8730655269335778,0,0.0,80.0,1,1,1,4,0.9998785257339478,1,4,1,0.16754953563213348,0.5414429306983948,0.016483822837471962,0.27452367544174194,1,1,0,1,0.1,0.22873742534084154,0.0,0.1
352,352,4,1,6.2,0.9994940757751465,0.5419317901432276,20.389805920368094,0.0,0.0,3,0.5311671892697243,JITTER,48.32469332501141,47.78201726920498,1.1945504317301245,0,0.0,80.0,1,1,1,4,0.9994940757751465,1,4,1,0.029753664508461952,0.010930710472166538,0.07950525730848312,0.8798103928565979,1,0,1,1,0.1,0.0,0.1,0.3311671892697242
353,353,4,0,0.0,0.9845619797706604,0.5416568150002635,20.44867327788184,3.2,0.0,3,0.5310324155689339,JITTER,99.1974425141374,97.64237557351755,2.441059389337939,0,0.0,80.0,1,1,1,4,0.9845619797706604,1,4,1,0.020140381529927254,0.005931554827839136,0.09461582452058792,0.8793122172355652,1,0,1,1,0.1,0.0,0.1,0.3310324155689338
354,354,4,0,0.0,0.9999853372573853,0.22877846637449312,12.14369424775108,0.20000000000000018,0.0,3,0.34511711607819107,JITTER,63.83862585841929,63.23055361571518,1.5807638403928796,0,0.0,80.0,1,1,1,4,0.9999853372573853,1,4,1,0.2363881915807724,0.2957359254360199,0.2944011986255646,0.17347468435764313,1,1,1,0,0.1,0.12306192388780982,0.12205519219038127,0.0
355,355,4,1,6.2,0.49246591329574585,0.3165229330668811,14.067340835822556,0.0,0.0,3,0.4059396913851857,JITTER,119.47017489350249,117.85828932235451,2.946457233058863,0,0.0,80.0,1,1,0,4,0.49246591329574585,1,4,1,0.22598521411418915,0.47710007429122925,0.18718558549880981,0.1097290888428688,1,1,1,0,0.1,0.20593969138518567,0.1,0.0
356,356,4,0,0.0,0.9999825954437256,0.37750318529456367,16.543931924080066,3.2,0.0,3,0.44332195188954626,JITTER,101.46384431178826,99.63231240347133,2.4908078100867836,0,0.0,80.0,1,1,1,4,0.9999825954437256,1,4,1,0.14864200353622437,0.006322922650724649,0.2603352665901184,0.584699809551239,1,0,1,1,0.1,0.0,0.1,0.24332195188954628
357,357,4,0,0.0,0.9999959468841553,0.599982606542108,22.222260344871057,0.20000000000000018,0.0,3,0.5588924678128526,JITTER,98.75898362293393,98.39322114502242,2.459830528625561,0,0.0,80.0,1,1,1,4,0.9999959468841553,1,4,1,0.003815920790657401,0.010484421625733376,0.00043850892689079046,0.985261082649231,1,1,0,1,0.1,0.1,0.0,0.35889246781285256
358,358,4,1,6.2,0.9999227523803711,0.5441249168374815,20.60248706538445,0.0,0.0,3,0.5322408859741632,JITTER,76.21707337375722,76.06175188446922,1.9015437971117306,0,0.0,80.0,1,1,1,4,0.9999227523803711,1,4,1,9.99999993922529e-09,0.03501979261636734,0.08119598031044006,0.8837841749191284,0,1,1,1,0.0,0.1,0.1,0.33224088597416324
359,359,4,0,0.0,0.9999984502792358,0.5124376822320155,19.739799940890308,3.2,0.0,3,0.5165108579544555,JITTER,85.29221265639984,83.66253532459655,2.091563383114914,0,0.0,80.0,1,1,1,4,0.9999984502792358,1,4,1,0.1735474020242691,9.99999993922529e-09,9.99999993922529e-09,0.8264525532722473,1,0,1,1,0.1,0.0,0.1,0.31651085795445544
360,360,4,0,0.0,0.9999699592590332,0.5384797619566817,20.33772198833706,0.20000000000000018,0.0,3,0.5294727570287163,JITTER,71.27320643001113,70.65601967275751,1.7664004918189378,0,0.0,80.0,1,1,1,4,0.9999699592590332,1,4,1,0.05811170116066933,0.007691415026783943,0.06063958629965782,0.8735572695732117,1,0,1,1,0.1,0.0,0.1,0.32947275702871637
361,361,4,1,6.2,0.9977515339851379,0.5779499020419873,21.521115386397316,0.0,0.0,3,0.5485345960486532,JITTER,23.584275141816317,23.131563413641963,0.5782890853410491,0,0.0,80.0,1,1,1,4,0.9977515339851379,1,4,1,0.003649061778560281,0.005258997902274132,0.04591718688607216,0.9451747536659241,0,1,1,1,0.0,0.1,0.1,0.3485345960486531
362,362,4,0,0.0,0.9999967813491821,0.6080558413153114,22.473641967863884,3.2,0.4431156434512531,3,0.5626400706324375,JITTER,30.30026841301588,30.275374261949874,0.7568843565487469,0,0.0,80.0,1,1,1,4,0.9999967813491821,1,4,1,5.378461537475232e-06,9.33548653847538e-06,1.737109232635703e-05,0.9999678730964661,0,1,1,1,0.0,0.1,0.1,0.3626400706324374
363,363,4,0,0.0,0.9997711777687073,0.5838198308390228,21.732519342713278,0.20000000000000018,0.0,3,0.5513131454251068,JITTER,44.60666115049385,44.54819927327701,1.1137049818319251,0,0.0,80.0,1,1,1,4,0.9997711777687073,1,4,1,0.00831237155944109,0.03502455726265907,0.9558472037315369,0.0008159143035300076,1,1,1,0,0.1,0.1,0.35131314542510683,0.0
364,364,4,1,6.2,0.9978464841842651,0.48015044200252827,18.884140101384887,0.0,0.0,3,0.4999741986275671,JITTER,65.51178424117623,64.83558758746705,1.6208896896866762,0,0.0,80.0,1,1,1,4,0.9978464841842651,1,4,1,0.0062851510010659695,0.7682307958602905,0.0017848507268354297,0.2236991673707962,1,1,0,1,0.1,0.29997419862756713,0.0,0.1
365,365,4,0,0.0,0.9880093932151794,0.4051984183726327,16.843794409719926,3.2,0.0,3,0.45929614176655736,JITTER,51.256994902858395,51.20475327894663,1.2801188319736658,0,0.0,80.0,1,1,1,4,0.9880093932151794,1,4,1,0.024176720529794693,0.2955265939235687,0.046343058347702026,0.6339536309242249,0,1,1,1,0.0,0.1,0.1,0.25929614176655735
366,366,4,0,0.0,0.9999508857727051,0.5886117349867878,21.828672792184616,0.20000000000000018,0.0,3,0.5535710688359538,JITTER,31.16003682492267,30.920413413372465,0.7730103353343116,0,0.0,80.0,1,1,1,4,0.9999508857727051,1,4,1,0.004201090428978205,0.9645636081695557,0.022266335785388947,0.008968937210738659,0,1,1,1,0.0,0.3535710688359538,0.1,0.1
367,367,4,1,6.2,0.9945012331008911,0.6069580765037998,22.438725881656406,0.0,0.0,3,0.5621319548880566,JITTER,26.05284508265361,25.6890485074613,0.6422262126865326,0,0.0,80.0,1,1,1,4,0.9945012331008911,1,4,1,0.0009226218680851161,0.997967541217804,0.00012068382056895643,0.000989142688922584,1,1,0,1,0.1,0.3621319548880566,0.0,0.1
368,368,4,0,0.0,0.9999268054962158,0.4295479495403223,17.705864651741322,3.2,0.1885961128632483,3,0.4728950320517156,JITTER,40.702054152481196,40.45615548547006,1.0114038871367517,0,0.0,80.0,1,1,1,4,0.9999268054962158,1,4,1,0.00045723433140665293,0.31245842576026917,0.009655763395130634,0.6774285435676575,0,1,1,1,0.0,0.1,0.1,0.2728950320517156
369,369,4,0,0.0,0.9999865293502808,0.5129372361210274,19.462827080220272,0.20000000000000018,0.0,3,0.5167625589543627,JITTER,59.41257771780975,58.91754067375557,1.4729385168438893,0,0.0,80.0,1,1,1,4,0.9999865293502808,1,4,1,0.05606582760810852,0.02092844806611538,0.09565079212188721,0.8273549675941467,1,0,1,1,0.1,0.0,0.1,0.3167625589543628
370,370,5,1,6.2,0.8932546377182007,0.5998485745008904,22.20773104517759,0.0,0.0,3,0.5588300379344686,JITTER,20.166070767480054,20.120870386830106,0.5030217596707527,0,0.0,80.0,1,1,1,5,0.8932546377182007,1,5,1,0.005016363225877285,0.9850170016288757,0.0012021599104627967,0.008764551021158695,1,1,0,1,0.1,0.35883003793446866,0.0,0.1
371,371,5,0,0.0,0.9998302459716797,0.4923683203269987,19.04088636344683,3.2,0.0,3,0.506295395241053,JITTER,106.2764563740878,106.27383546380274,2.6568458865950686,0,0.0,80.0,1,1,1,5,0.9998302459716797,1,5,1,0.15341250598430634,0.7902382016181946,0.012716706842184067,0.04363257437944412,1,1,0,1,0.1,0.3062953952410531,0.0,0.1
372,372,5,0,0.0,0.9489338994026184,0.509612367774534,19.407381386007227,0.20000000000000018,0.0,3,0.5150850039705631,JITTER,70.8167355812875,70.12343689806089,1.7530859224515223,0,0.0,80.0,1,1,1,5,0.9489338994026184,1,5,1,0.11686675995588303,0.8213496804237366,0.04325998201966286,0.018523573875427246,1,1,1,0,0.1,0.31508500397056316,0.1,0.0
373,373,5,1,6.2,0.9999865293502808,0.4280118614242014,17.271102552350644,0.0,0.0,3,0.47204872487805416,JITTER,53.30941610106378,52.8495402692114,1.3212385067302852,0,0.0,80.0,1,1,1,5,0.9999865293502808,1,5,1,0.21797244250774384,0.6746814846992493,0.029373254626989365,0.07797276973724365,1,1,0,1,0.1,0.2720487248780542,0.0,0.1
374,374,5,0,0.0,0.9992227554321289,0.5339697541274369,20.269831339443222,3.2,0.0,3,0.5272508097207883,JITTER,98.05811375265843,96.40837677839475,2.410209419459869,0,0.0,80.0,1,1,1,5,0.9992227554321289,1,5,1,0.8653908371925354,0.11310028284788132,0.003661406459286809,0.017847495153546333,1,1,0,1,0.32725080972078835,0.1,0.0,0.1
375,375,5,0,0.0,0.9999589920043945,0.39273955192817595,16.475132702899437,0.20000000000000018,0.0,3,0.45217989287759186,JITTER,46.034854341525005,45.73793833199533,1.1434484582998834,0,0.0,80.0,1,1,1,5,0.9999589920043945,1,5,1,0.21709507703781128,0.6117696762084961,0.0328795500099659,0.138255774974823,1,1,0,1,0.1,0.2521798928775919,0.0,0.1
376,376,5,1,6.2,0.99997878074646,0.557679676955709,20.762599573883413,0.0,0.0,3,0.5388294639785489,JITTER,44.248285302833274,43.823622649753844,1.095590566243846,0,0.0,80.0,1,1,1,5,0.99997878074646,1,5,1,0.026595665141940117,0.908362627029419,0.04899464175105095,0.016047030687332153,1,1,1,0,0.1,0.33882946397854896,0.1,0.0
377,377,5,0,0.0,0.9978637099266052,0.3651763069527729,15.88935111501737,3.2,0.0,3,0.436023827193483,JITTER,88.3258357658813,87.92262324605585,2.1980655811513965,0,0.0,80.0,1,1,1,5,0.9978637099266052,1,5,1,0.3082970082759857,0.5628497004508972,0.036823567003011703,0.09202978760004044,1,1,0,1,0.1,0.236023827193483,0.0,0.1
378,378,5,0,0.0,0.9999176263809204,0.5089241616846366,19.38299483419511,0.20000000000000018,0.0,3,0.5147370881640548,JITTER,53.073574205486665,52.08599746466144,1.302149936616536,0,0.0,80.0,1,1,1,5,0.9999176263809204,1,5,1,0.09663348644971848,0.8201069235801697,0.06423541158437729,0.019024202600121498,1,1,1,0,0.1,0.3147370881640549,0.1,0.0
379,379,5,1,6.2,0.9997416138648987,0.3321685860093361,14.43934602853042,0.0,0.0,3,0.4158514358592921,JITTER,24.856928984695806,24.627862637580883,0.6156965659395222,0,0.0,80.0,1,1,1,5,0.9997416138648987,1,5,1,0.41319265961647034,0.10575763136148453,0.41089800000190735,0.0701516717672348,1,1,1,0,0.1586439055726954,0.1,0.15720753028659665,0.0
380,380,5,0,0.0,0.9999676942825317,0.4737960531202209,18.18122141877525,3.2,0.0,3,0.49665480986970434,JITTER,91.15580415967779,90.88150903142638,2.2720377257856597,0,0.0,80.0,1,1,1,5,0.9999676942825317,1,5,1,0.04109995812177658,0.756797194480896,0.14889535307884216,0.05320745334029198,0,1,1,1,0.0,0.2966548098697044,0.1,0.1
381,381,5,0,0.0,0.9999748468399048,0.5546877202398046,20.621118670949954,0.20000000000000018,0.0,3,0.5373821075246288,JITTER,24.737402000548187,24.669025163811035,0.616725629095276,0,0.0,80.0,1,1,1,5,0.9999748468399048,1,5,1,0.020058762282133102,0.902934730052948,0.04762914031744003,0.029377344995737076,0,1,1,1,0.0,0.3373821075246288,0.1,0.1
382,382,5,1,6.2,0.9999357461929321,0.5434973457712168,20.45369055610772,0.0,0.0,3,0.5319338651628892,JITTER,111.88231935306828,111.86159923573126,2.796539980893282,0,0.0,80.0,1,1,1,5,0.9999357461929321,1,5,1,0.08738595247268677,0.8826469779014587,0.020497411489486694,0.009469631128013134,1,1,1,0,0.1,0.33193386516288925,0.1,0.0
383,383,5,0,0.0,0.9999772310256958,0.5644766063624984,21.04164914219976,3.2,0.2298024667470705,3,0.5421031121816547,JITTER,38.83219748113518,38.807901330117176,0.9701975332529295,0,0.0,80.0,1,1,1,5,0.9999772310256958,1,5,1,0.032327473163604736,0.920698881149292,0.037023305892944336,0.009950431063771248,1,1,1,0,0.1,0.3421031121816548,0.1,0.0
384,384,5,0,0.0,0.9993360638618469,0.3653173846778083,15.522998905275005,0.20000000000000018,0.0,3,0.43610804310304474,JITTER,31.062946756220327,30.677673470791472,0.7669418367697869,0,0.0,80.0,1,1,1,5,0.9993360638618469,1,5,1,0.1535632163286209,0.22027769684791565,0.06305958330631256,0.5630995035171509,1,1,0,1,0.1,0.1,0.0,0.23610804310304476
385,385,5,1,6.2,0.4118333160877228,0.5694169445177574,21.298498835230404,0.0,0.0,3,0.5444702061185434,JITTER,44.16389087390858,43.66111849632189,1.0915279624080474,0,0.0,80.0,1,1,0,34,0.4118333160877228,0,5,1,0.9296702146530151,0.05550936609506607,0.0017427979037165642,0.01307764183729887,1,1,0,1,0.3444702061185434,0.1,0.0,0.1
386,386,5,0,0.0,0.9871835708618164,0.5492003266995524,20.556526681902618,3.2,0.0,3,0.5347174042083962,JITTER,79.01953827661262,77.67709852028072,1.9419274630070182,0,0.0,80.0,1,1,1,5,0.9871835708618164,1,5,1,0.041715048253536224,0.892983615398407,0.0135538624599576,0.05174752697348595,1,1,0,1,0.1,0.33471740420839624,0.0,0.1
387,387,5,0,0.0,0.9978645443916321,0.5562476554859719,20.769627472812793,0.20000000000000018,0.0,3,0.5381372105467502,JITTER,20.47413929118739,20.124699187638974,0.5031174796909744,0,0.0,80.0,1,1,1,5,0.9978645443916321,1,5,1,0.06915315240621567,0.9057645201683044,0.012538164854049683,0.012544108554720879,1,1,0,1,0.1,0.3381372105467503,0.0,0.1
388,388,5,1,6.2,0.9975358247756958,0.5146879769566269,19.559164327080477,0.0,0.0,3,0.5176437063709289,JITTER,81.9119086426974,81.64529605137693,2.041132401284423,0,0.0,80.0,1,1,1,5,0.9975358247756958,1,5,1,0.11531127989292145,0.8305179476737976,0.03682848438620567,0.01734231412410736,1,1,1,0,0.1,0.317643706370929,0.1,0.0
389,389,5,0,0.0,0.504810631275177,0.40192694973067433,16.923706791045078,3.2,0.0,3,0.4574382642307049,JITTER,97.2937388135284,95.62905940104528,2.390726485026132,0,0.0,80.0,1,1,0,5,0.504810631275177,1,5,1,0.2380758672952652,0.6281244158744812,0.12083441019058228,0.012965326197445393,1,1,1,0,0.1,0.2574382642307049,0.1,0.0
390,390,5,0,0.0,0.9999340772628784,0.5255803753132698,19.60759650539053,0.20000000000000018,0.0,3,0.5230925043166819,JITTER,45.42634837541573,44.591599538739416,1.1147899884684855,0,0.0,80.0,1,1,1,5,0.9999340772628784,1,5,1,0.03492246940732002,0.8502095341682434,0.06943130493164062,0.04543665051460266,0,1,1,1,0.0,0.3230925043166819,0.1,0.1
391,391,5,1,6.2,0.9968365430831909,0.5846404162452152,21.748910035675873,0.0,0.0,3,0.5517004572652221,JITTER,65.44574302986578,64.65591179434107,1.6163977948585266,0,0.0,80.0,1,1,1,5,0.9968365430831909,1,5,1,0.9573395848274231,0.03884679079055786,0.002359921345487237,0.0014537357492372394,1,1,1,0,0.35170045726522214,0.1,0.1,0.0
392,392,5,0,0.0,0.998991072177887,0.46601733076485147,18.53516803457697,3.2,0.0,3,0.49256092989700406,JITTER,118.46495336176436,117.6083662678726,2.940209156696815,0,0.0,80.0,1,1,1,5,0.998991072177887,1,5,1,0.74281245470047,0.25183582305908203,0.0018142471089959145,0.003537391312420368,1,1,0,1,0.2925609298970041,0.1,0.0,0.1
393,393,5,0,0.0,0.9997915625572205,0.34546097837273804,14.976717230009227,0.20000000000000018,0.0,3,0.4240903845838889,JITTER,101.31593458201128,100.67075649815371,2.516768912453843,0,0.0,80.0,1,1,1,5,0.9997915625572205,1,5,1,0.3090563118457794,0.5280033946037292,0.07746044546365738,0.08547985553741455,1,1,0,1,0.1,0.22409038458388894,0.0,0.1
394,394,5,1,6.2,0.9985933899879456,0.5640878550408653,20.949389388489934,0.0,0.0,3,0.5419164086089762,JITTER,99.9213522241491,98.72082931415575,2.468020732853894,0,0.0,80.0,1,1,1,5,0.9985933899879456,1,5,1,0.03767285868525505,0.9199931025505066,0.015817005187273026,0.02651705965399742,1,1,0,1,0.1,0.3419164086089762,0.0,0.1
395,395,5,0,0.0,0.9976598024368286,0.5642953811918704,21.162906287516144,3.2,0.16772986804255008,3,0.5420160841149759,JITTER,41.635569522540145,41.290805278297995,1.0322701319574499,0,0.0,80.0,1,1,1,5,0.9976598024368286,1,5,1,0.058212440460920334,0.9203698635101318,0.0008074532961472869,0.02061021327972412,1,1,0,1,0.1,0.34201608411497597,0.0,0.1
396,396,5,0,0.0,0.9999598264694214,0.40226120264145077,15.863492858707748,0.20000000000000018,0.0,3,0.45762843348374194,JITTER,51.763563436356165,51.682700061153625,1.2920675015288408,0,0.0,80.0,1,1,1,5,0.9999598264694214,1,5,1,0.09102868288755417,0.6287198662757874,0.12993194162845612,0.15031951665878296,0,1,1,1,0.0,0.257628433483742,0.1,0.1
397,397,5,1,6.2,0.9969039559364319,0.5641843464833104,20.951660662052518,0.0,0.0,3,0.5419627560524761,JITTER,22.983477009969747,22.824211325749825,0.5706052831437457,0,0.0,80.0,1,1,1,5,0.9969039559364319,1,5,1,0.9201682806015015,0.021414948627352715,0.04256325215101242,0.015853535383939743,1,1,1,0,0.34196275605247617,0.1,0.1,0.0
398,398,5,0,0.0,0.9994990825653076,0.4722832449877217,18.53712064833651,3.2,0.654227003954091,3,0.49586127841162386,JITTER,21.90341478174866,21.83091984183636,0.545772996045909,0,0.0,80.0,1,1,1,5,0.9994990825653076,1,5,1,0.20665104687213898,0.7540764212608337,0.012759019620716572,0.026513539254665375,1,1,0,1,0.1,0.2958612784116239,0.0,0.1
399,399,5,0,0.0,0.9981836676597595,0.6033028597961464,22.28965748707764,0.20000000000000018,0.0,3,0.5604367661982765,JITTER,92.51833208508688,91.20810368329661,2.2802025920824156,0,0.0,80.0,1,1,1,5,0.9981836676597595,1,5,1,0.991308331489563,0.0022370372898876667,0.0023164611775428057,0.004138180520385504,1,0,1,1,0.3604367661982766,0.0,0.1,0.1
400,400,5,1,6.2,0.9994137287139893,0.5025658590002414,19.439331001829878,0.0,0.0,3,0.5115115181649897,JITTER,93.85803864573826,93.26269115388754,2.3315672788471886,0,0.0,80.0,1,1,1,5,0.9994137287139893,1,5,1,0.8086294531822205,0.17830097675323486,0.002967329928651452,0.010102225467562675,1,1,0,1,0.3115115181649898,0.1,0.0,0.1
401,401,5,0,0.0,0.9257700443267822,0.35923579591393684,15.889497684073104,3.2,0.0,3,0.43246277336998906,JITTER,109.00194571176955,107.70737200860582,2.6926843002151455,0,0.0,80.0,1,1,1,5,0.9257700443267822,1,5,1,0.25167301297187805,0.5523366928100586,0.02903045527637005,0.16695985198020935,1,1,0,1,0.1,0.23246277336998908,0.0,0.1
402,402,5,0,0.0,0.9999686479568481,0.5428562496423288,20.391172457563883,0.20000000000000018,0.0,3,0.531620044526308,JITTER,32.602634174662654,32.508922035792516,0.8127230508948129,0,0.0,80.0,1,1,1,5,0.9999686479568481,1,5,1,0.06013207882642746,0.8814853429794312,0.0457136295735836,0.012668912298977375,1,1,1,0,0.1,0.331620044526308,0.1,0.0
403,403,5,1,6.2,0.9994357228279114,0.5974254006139426,22.136881326007693,0.0,0.0,3,0.5577001588743049,JITTER,89.30954269297015,89.00063181546687,2.225015795386672,0,0.0,80.0,1,1,1,5,0.9994357228279114,1,5,1,0.9806047081947327,0.01665583811700344,0.0010349646909162402,0.0017045517452061176,1,1,0,1,0.35770015887430495,0.1,0.0,0.1
404,404,5,0,0.0,0.999884843826294,0.5124063685071631,19.413576138276525,3.2,0.0,3,0.5164950764003822,JITTER,70.72927015820433,69.32632046132487,1.7331580115331218,0,0.0,80.0,1,1,1,5,0.999884843826294,1,5,1,0.02344023436307907,0.8263959884643555,0.11224104464054108,0.0379226915538311,0,1,1,1,0.0,0.3164950764003822,0.1,0.1
405,405,5,0,0.0,0.9999734163284302,0.5208468670161346,19.55571551956439,0.20000000000000018,0.0,3,0.520731625673673,JITTER,20.40076047333395,20.393995661989802,0.509849891549745,0,0.0,80.0,1,1,1,5,0.9999734163284302,1,5,1,0.09367440640926361,0.8416494727134705,0.03521311655640602,0.029462995007634163,1,1,1,0,0.1,0.3207316256736731,0.1,0.0
406,406,5,1,6.2,0.9999459981918335,0.47011568434863266,18.396155553845826,0.0,0.0,3,0.49472208338621826,JITTER,119.30845819305065,117.91341103504405,2.9478352758761015,0,0.0,80.0,1,1,1,5,0.9999459981918335,1,5,1,0.17848210036754608,0.7501789331436157,0.019106706604361534,0.05223221331834793,1,1,0,1,0.1,0.2947220833862183,0.0,0.1
407,407,5,0,0.0,0.9999212026596069,0.5963389300861748,22.080287709318963,3.2,0.39739191321143297,3,0.5571928147624241,JITTER,32.69099755185131,32.10432347154268,0.802608086788567,0,0.0,80.0,1,1,1,5,0.9999212026596069,1,5,1,0.015822304412722588,0.9786266684532166,0.0027406837325543165,0.0028103156946599483,1,1,0,1,0.1,0.35719281476242415,0.0,0.1
408,408,5,0,0.0,0.9999691247940063,0.4884732191820632,19.027266369969848,0.20000000000000018,0.0,3,0.504288780034115,JITTER,108.03803001276921,106.87942928627749,2.671985732156937,0,0.0,80.0,1,1,1,5,0.9999691247940063,1,5,1,0.7832188606262207,0.07591206580400467,0.1343536674976349,0.0065155066549777985,1,1,1,0,0.3042887800341151,0.1,0.1,0.0
409,409,5,1,6.2,0.77271968126297,0.5397862450715791,20.36309400879313,0.0,0.0,3,0.5301146828605775,JITTER,82.17920298607565,81.73019687280473,2.043254921820118,0,0.0,80.0,1,1,0,5,0.77271968126297,1,15,0,0.1062091663479805,0.8759236335754395,0.008556888438761234,0.009310301393270493,1,1,0,1,0.1,0.33011468286057755,0.0,0.1
410,410,5,0,0.0,0.9852648377418518,0.5999112538925495,22.208915720314614,3.2,0.5811483039125855,3,0.5588592338126798,JITTER,25.051969637200514,24.754067843496575,0.6188516960874144,0,0.0,80.0,1,1,1,5,0.9852648377418518,1,5,1,0.9851311445236206,0.002435884205624461,0.0005009274464100599,0.011932025663554668,1,1,0,1,0.3588592338126798,0.1,0.0,0.1
411,411,5,0,0.0,0.9999892711639404,0.31461421220670915,13.240777081961735,0.20000000000000018,0.0,3,0.4047138762636029,JITTER,49.4755193202763,48.818859401968574,1.2204714850492144,0,0.0,80.0,1,1,1,5,0.9999892711639404,1,5,1,0.18279306590557098,0.47375354170799255,0.16728313267230988,0.1761702597141266,1,1,0,1,0.1,0.2047138762636029,0.0,0.1
412,412,5,1,6.2,0.9999850988388062,0.58596048203719,21.679926907364635,0.0,0.0,3,0.5523229512341592,JITTER,103.62451768426013,103.58688013217993,2.589672003304498,0,0.0,80.0,1,1,1,5,0.9999850988388062,1,5,1,0.019255217164754868,0.9597405791282654,0.011749985627830029,0.009254233911633492,1,1,1,0,0.1,0.35232295123415924,0.1,0.0
413,413,5,0,0.0,0.9995118379592896,0.5558980400073863,20.602093146193656,3.2,0.0,3,0.5379680676580678,JITTER,79.57137746857273,79.20331124608158,1.9800827811520396,0,0.0,80.0,1,1,1,5,0.9995118379592896,1,5,1,0.032855529338121414,0.9051302671432495,0.023806003853678703,0.03820813074707985,1,1,0,1,0.1,0.33796806765806786,0.0,0.1
414,414,5,0,0.0,0.9998177886009216,0.4730668423133196,18.33264289898274,0.20000000000000018,0.0,3,0.49627246654878465,JITTER,107.38884979038014,106.84403499853376,2.671100874963344,0,0.0,80.0,1,1,1,5,0.9998177886009216,1,5,1,0.12701231241226196,0.7554856538772583,0.028883682563900948,0.08861836045980453,1,1,0,1,0.1,0.2962724665487847,0.0,0.1
415,415,5,1,6.2,0.9953542947769165,0.5518009041018402,20.54622858539488,0.0,0.0,3,0.5359819079353589,JITTER,81.07701332354182,80.17942456220042,2.0044856140550107,0,0.0,80.0,1,1,1,5,0.9953542947769165,1,5,1,0.04669848456978798,0.8976989984512329,0.01961592026054859,0.03598654270172119,1,1,0,1,0.1,0.335981907935359,0.0,0.1
416,416,5,0,0.0,0.6274589896202087,0.6065999735680146,22.41776852601406,3.2,0.0,3,0.5619661025733583,JITTER,59.61665000592489,58.80870040791936,1.4702175101979842,0,0.0,80.0,1,1,0,5,0.6274589896202087,1,5,1,0.00029505370184779167,0.9973150491714478,0.0015195049345493317,0.0008703076164238155,0,1,1,1,0.0,0.3619661025733584,0.1,0.1
417,417,5,0,0.0,0.9998593330383301,0.3676000928426006,15.698809718821165,0.20000000000000018,0.0,3,0.4374684452490365,JITTER,92.5769634715434,91.52725588018498,2.2881813970046245,0,0.0,80.0,1,1,1,5,0.9998593330383301,1,5,1,0.29733315110206604,0.5671423077583313,0.08174405246973038,0.05378052219748497,1,1,1,0,0.1,0.23746844524903646,0.1,0.0
418,418,5,1,6.2,0.9999794960021973,0.4555741409719768,17.73621524548753,0.0,0.0,3,0.48701065048299474,JITTER,95.84222371847541,93.95716613035773,2.3489291532589434,0,0.0,80.0,1,1,1,5,0.9999794960021973,1,5,1,0.16481563448905945,0.7240582704544067,0.041460663080215454,0.06966538727283478,1,1,0,1,0.1,0.2870106504829948,0.0,0.1
419,419,5,0,0.0,0.9974060654640198,0.4754515568451788,18.763107307001608,3.2,0.0,3,0.4975217408038153,JITTER,61.92723879008051,61.289904639451635,1.532247615986291,0,0.0,80.0,1,1,1,5,0.9974060654640198,1,5,1,0.23275324702262878,0.7597751617431641,0.002074440708383918,0.005397209897637367,1,1,0,1,0.1,0.2975217408038153,0.0,0.1
420,420,5,0,0.0,0.9998894929885864,0.421041075248136,17.508149667281913,0.20000000000000018,0.0,3,0.46818895008994654,JITTER,21.246987794121324,20.90872361372735,0.5227180903431837,0,0.0,80.0,1,1,1,5,0.9998894929885864,1,5,1,0.662222683429718,0.008851498365402222,0.32779309153556824,0.0011327477404847741,1,1,1,0,0.2681889500899466,0.1,0.1,0.0
421,421,5,1,6.2,0.9999818801879883,0.34526660600274595,15.865552197711532,0.0,0.0,3,0.42397106133682705,JITTER,72.02300670459938,71.43535452791784,1.7858838631979461,0,0.0,80.0,1,1,1,5,0.9999818801879883,1,5,1,0.5276604890823364,0.1369556188583374,0.3222365379333496,0.013147351332008839,1,1,1,0,0.223971061336827,0.1,0.1,0.0
422,422,5,0,0.0,0.9921024441719055,0.590388221161387,21.845667530684565,3.2,0.47790124279636903,3,0.5544058045389778,JITTER,29.407196308939582,28.883950288145236,0.7220987572036309,0,0.0,80.0,1,1,1,5,0.9921024441719055,1,5,1,0.018172726035118103,0.9677959084510803,0.0073744007386267185,0.006656921934336424,1,1,1,0,0.1,0.35440580453897785,0.1,0.0
423,423,5,0,0.0,0.9993220567703247,0.4049912287404209,16.341127394604648,0.20000000000000018,0.0,3,0.45917870107308933,JITTER,59.50072400405564,58.68844201834976,1.4672110504587441,0,0.0,80.0,1,1,1,5,0.9993220567703247,1,5,1,0.4892233610153198,0.49715718626976013,0.002229271922260523,0.011390193365514278,1,1,0,1,0.1773405095022554,0.18183819157083395,0.0,0.1
424,424,5,1,6.2,0.9603205323219299,0.5784699605662802,21.537956624002973,0.0,0.0,3,0.5487813353823884,JITTER,34.937415636815075,34.26553445556107,0.8566383613890267,0,0.0,80.0,1,1,1,5,0.9603205323219299,1,5,1,0.9461200833320618,0.03346897289156914,0.0035360874608159065,0.016874829307198524,1,1,0,1,0.3487813353823884,0.1,0.0,0.1
425,425,5,0,0.0,0.9726108312606812,0.5956677682521908,22.080140934116823,3.2,0.25767134661293867,3,0.5568791744700551,JITTER,37.84417618218309,37.69314613548245,0.9423286533870613,0,0.0,80.0,1,1,1,5,0.9726108312606812,1,5,1,0.01706693321466446,0.9774048328399658,0.0011687244987115264,0.004359470214694738,1,1,0,1,0.1,0.3568791744700551,0.0,0.1
426,426,5,0,0.0,0.9998840093612671,0.5489877778889138,20.598981102799453,0.20000000000000018,0.0,3,0.5346139223445807,JITTER,105.89828605577138,103.96546708599732,2.599136677149933,0,0.0,80.0,1,1,1,5,0.9998840093612671,1,5,1,0.07873353362083435,0.8925982713699341,0.018615035340189934,0.010053242556750774,1,1,1,0,0.1,0.33461392234458076,0.1,0.0
427,427,5,1,6.2,0.9999532699584961,0.561320730706202,20.939389885595546,0.0,0.0,3,0.5405855932070215,JITTER,41.214740752330144,40.82748631610335,1.0206871579025838,0,0.0,80.0,1,1,1,5,0.9999532699584961,1,5,1,0.9149700999259949,0.0578828789293766,0.01080398354679346,0.01634299010038376,1,1,0,1,0.34058559320702153,0.1,0.0,0.1
428,428,5,0,0.0,0.9997074007987976,0.6008901562603702,22.199017120026596,3.2,0.0,3,0.559315005926002,JITTER,93.34949045628298,91.70959058257303,2.2927397645643257,0,0.0,80.0,1,1,1,5,0.9997074007987976,1,5,1,0.9869138598442078,0.004122427199035883,0.005172572564333677,0.003791063791140914,1,1,1,0,0.3593150059260021,0.1,0.1,0.0
429,429,5,0,0.0,0.713088870048523,0.4417904252066681,17.82396600078742,0.20000000000000018,0.0,3,0.4795866397930909,JITTER,57.90526950373052,57.306506449236586,1.4326626612309148,0,0.0,80.0,1,1,0,5,0.713088870048523,1,5,1,0.1877930611371994,0.6993428468704224,0.011900302954018116,0.1009637713432312,1,1,0,1,0.1,0.27958663979309095,0.0,0.1
430,430,5,1,6.2,0.9990812540054321,0.38303139627741,15.791278040775103,0.0,0.0,3,0.4465561895011929,JITTER,94.1716410519735,92.79459555690286,2.3198648889225715,0,0.0,80.0,1,1,1,5,0.9990812540054321,1,5,1,0.42584526538848877,0.5117665529251099,0.024801304563879967,0.03758688271045685,1,1,0,1,0.14823531553439784,0.19832087396679507,0.0,0.1
431,431,5,0,0.0,0.9997352957725525,0.5570868378627711,20.708622981392104,3.2,0.0,3,0.5385429875982405,JITTER,98.29601300260849,97.17556856165221,2.4293892140413056,0,0.0,80.0,1,1,1,5,0.9997352957725525,1,5,1,0.026693424209952354,0.9072870016098022,0.047329436987638474,0.01869017630815506,1,1,1,0,0.1,0.33854298759824053,0.1,0.0
432,432,5,0,0.0,0.9998670816421509,0.5649613691697857,21.13430084042344,0.20000000000000018,0.0,3,0.542335836644956,JITTER,30.46150968047752,29.910781857458026,0.7477695464364507,0,0.0,80.0,1,1,1,5,0.9998670816421509,1,5,1,0.9215790033340454,0.06451545655727386,0.009645997546613216,0.004259501583874226,1,1,1,0,0.34233583664495604,0.1,0.1,0.0
433,433,5,1,6.2,0.999618649482727,0.49021976688440194,18.703220229950315,0.0,0.0,3,0.5051895239043296,JITTER,106.55725393210282,104.85639250948174,2.6214098127370438,0,0.0,80.0,1,1,1,5,0.999618649482727,1,5,1,0.13417431712150574,0.7863659262657166,0.03313906490802765,0.046320654451847076,1,1,0,1,0.1,0.30518952390432963,0.0,0.1
434,434,5,0,0.0,0.9999688863754272,0.5146959272437952,19.486020708903993,3.2,0.45340836213908453,3,0.517647704327369,JITTER,29.98624771607295,29.863665514436615,0.7465916378609154,0,0.0,80.0,1,1,1,5,0.9999688863754272,1,5,1,0.07022003084421158,0.8305323123931885,0.07663510739803314,0.02261260151863098,1,1,1,0,0.1,0.317647704327369,0.1,0.0
435,435,5,0,0.0,0.9993613362312317,0.509679502325591,19.350745733815355,0.20000000000000018,0.0,3,0.515118930601761,JITTER,94.3600365107652,94.31636650737289,2.3579091626843223,0,0.0,80.0,1,1,1,5,0.9993613362312317,1,5,1,0.11255072057247162,0.8214709162712097,0.02279403619468212,0.04318433254957199,1,1,0,1,0.1,0.315118930601761,0.0,0.1
436,436,5,1,6.2,0.9997114539146423,0.31165122363810055,14.86443658823697,0.0,0.0,3,0.40280360123682707,JITTER,117.92246337072797,117.03298677563382,2.9258246693908454,0,0.0,80.0,1,1,1,5,0.9997114539146423,1,5,1,0.023517021909356117,0.38415810465812683,0.19843946397304535,0.39388537406921387,0,1,1,1,0.0,0.14825872042828359,0.1,0.15454488080854348
437,437,5,0,0.0,0.9998216032981873,0.43677348091479373,17.841734703499213,3.2,0.0,3,0.47685578694452163,JITTER,91.93125336908236,90.29934291670503,2.257483572917626,0,0.0,80.0,1,1,1,5,0.9998216032981873,1,5,1,0.2882445454597473,0.019110994413495064,0.69035804271698,0.0022864649072289467,1,1,1,0,0.1,0.1,0.2768557869445216,0.0
438,438,5,0,0.0,0.9999814033508301,0.5630767948658374,20.818141132384174,0.20000000000000018,0.0,3,0.5414305305403514,JITTER,59.462988815008224,59.08345738300607,1.4770864345751518,0,0.0,80.0,1,1,1,5,0.9999814033508301,1,5,1,0.03328102082014084,0.9181576371192932,0.025393357500433922,0.023168018087744713,1,1,1,0,0.1,0.34143053054035144,0.1,0.0
439,439,5,1,6.2,0.9997679591178894,0.38486841272420247,16.720609324950615,0.0,0.0,3,0.447625749135538,JITTER,80.87411288982467,79.9343728858189,1.9983593221454727,0,0.0,80.0,1,1,1,5,0.9997679591178894,1,5,1,0.3456459939479828,0.5960507392883301,0.0025354111567139626,0.055767882615327835,1,1,0,1,0.10100382606293049,0.24662192307260747,0.0,0.1
440,440,5,0,0.0,0.9974730610847473,0.5538211092102022,20.680202510165024,3.2,0.0,3,0.5369621565479841,JITTER,60.91399776247972,60.18086763983087,1.504521690995772,0,0.0,80.0,1,1,1,5,0.9974730610847473,1,5,1,0.06851572543382645,0.9013628363609314,0.014039888046681881,0.01608155108988285,1,1,0,1,0.1,0.3369621565479841,0.0,0.1
441,441,5,0,0.0,0.9993610978126526,0.574356920534013,21.43278977877575,0.20000000000000018,0.0,3,0.5468268811324062,JITTER,113.53813695664948,112.47623688658322,2.8119059221645806,0,0.0,80.0,1,1,1,5,0.9993610978126526,1,5,1,0.9386448264122009,0.05585017055273056,0.003256057156249881,0.0022489381954073906,1,1,1,0,0.34682688113240623,0.1,0.1,0.0
442,442,5,1,6.2,0.9993517994880676,0.3140526099466121,14.970784502827614,0.0,0.0,3,0.40435249756605574,JITTER,39.67421807506313,39.374911026580754,0.9843727756645189,0,0.0,80.0,1,1,1,5,0.9993517994880676,1,5,1,0.37136176228523254,0.41207951307296753,0.19748032093048096,0.019078414887189865,1,1,1,0,0.13906990632253075,0.16528259124352498,0.1,0.0
443,443,5,0,0.0,0.9996140599250793,0.6002461822344707,22.207126106842257,3.2,0.0,3,0.5590152166163427,JITTER,59.41069825931186,59.254913079300785,1.4813728269825197,0,0.0,80.0,1,1,1,5,0.9996140599250793,1,5,1,0.9857410788536072,0.008993095718324184,0.0032451122533529997,0.0020207588095217943,1,1,1,0,0.3590152166163427,0.1,0.1,0.0
444,444,5,0,0.0,0.9999130964279175,0.5673817817475627,21.23791038922316,0.20000000000000018,0.0,3,0.5434963350528982,JITTER,36.28715005545549,35.79033392186529,0.8947583480466323,0,0.0,80.0,1,1,1,5,0.9999130964279175,1,5,1,0.9259740114212036,0.06172464042901993,0.001765520661137998,0.01053578406572342,1,1,0,1,0.3434963350528982,0.1,0.0,0.1
445,445,5,1,6.2,0.4932994842529297,0.5232128500283891,19.689539728758593,0.0,0.0,3,0.5219130153179774,JITTER,53.94777542089027,52.91748254101814,1.3229370635254536,0,0.0,80.0,1,1,0,5,0.4932994842529297,1,5,1,0.09280967712402344,0.8459275960922241,0.03684237226843834,0.024420371279120445,1,1,1,0,0.1,0.32191301531797745,0.1,0.0
446,446,5,0,0.0,0.9996494054794312,0.5445312934060464,20.52919175286715,3.2,0.093202266028517,3,0.5324395994032818,JITTER,44.35967453586074,44.27190935885932,1.106797733971483,0,0.0,80.0,1,1,1,5,0.9996494054794312,1,5,1,0.08440428227186203,0.8845205903053284,0.006078585051000118,0.02499649114906788,1,1,0,1,0.1,0.3324395994032818,0.0,0.1
447,447,5,0,0.0,0.9999525547027588,0.49802742742596023,18.490051945087348,0.20000000000000018,0.0,3,0.5091966724783211,JITTER,95.3504563000258,93.67031250868295,2.341757812717074,0,0.0,80.0,1,1,1,5,0.9999525547027588,1,5,1,0.06292915344238281,0.8004418611526489,0.0681919977068901,0.06843692809343338,0,1,1,1,0.0,0.30919667247832117,0.1,0.1
448,448,5,1,6.2,0.9999724626541138,0.49089594579250945,19.15882309028655,0.0,0.0,3,0.5055378174758288,JITTER,47.811335687148784,47.61809364582577,1.1904523411456445,0,0.0,80.0,1,1,1,5,0.9999724626541138,1,5,1,0.7875844836235046,0.2013433426618576,0.009555896744132042,0.001516264397650957,1,1,1,0,0.30553781747582887,0.1,0.1,0.0
449,449,5,0,0.0,0.9998273253440857,0.5956335854430318,22.01699645383629,3.2,0.24565339621494808,3,0.5568631957914509,JITTER,38.576613487108716,38.17386415140207,0.9543466037850519,0,0.0,80.0,1,1,1,5,0.9998273253440857,1,5,1,0.011047767475247383,0.9773426055908203,0.0057713864371180534,0.005838265176862478,1,1,0,1,0.1,0.356863195791451,0.0,0.1
450,450,5,0,0.0,0.9763344526290894,0.47874838570847844,18.796869773503563,0.20000000000000018,0.0,3,0.4992436937799928,JITTER,66.8416641246771,66.49483631195476,1.662370907798869,0,0.0,80.0,1,1,1,15,0.9763344526290894,0,5,1,0.22966785728931427,0.7657073140144348,0.004224182106554508,0.00040070313843898475,1,1,1,0,0.1,0.2992436937799928,0.1,0.0
451,451,5,1,6.2,0.9990422129631042,0.3707208528051592,15.581280504088538,0.0,0.0,3,0.4393214761837342,JITTER,24.51731169894264,24.281214233520217,0.6070303558380055,0,0.0,80.0,1,1,1,5,0.9990422129631042,1,5,1,0.42404845356941223,0.4861629903316498,0.025243759155273438,0.06454490125179291,1,1,0,1,0.15125858335982875,0.18806289282390545,0.0,0.1
452,452,5,0,0.0,0.999942421913147,0.38187587389009686,15.992751163059623,3.2,0.0,3,0.4458820992875414,JITTER,115.93323476356083,114.42026152978903,2.860506538244726,0,0.0,80.0,1,1,1,5,0.999942421913147,1,5,1,0.5575684905052185,0.3774733245372772,0.03638733923435211,0.028570881113409996,1,1,1,0,0.22551128002734452,0.12037081926019694,0.1,0.0
453,453,5,0,0.0,0.997377872467041,0.5811314349254237,21.565762748218944,0.20000000000000018,0.0,3,0.550042326816571,JITTER,69.55065566286184,69.396681536353,1.734917038408825,0,0.0,80.0,1,1,1,5,0.997377872467041,1,5,1,0.032184019684791565,0.9509586095809937,0.009813484735786915,0.007043946068733931,1,1,1,0,0.1,0.350042326816571,0.1,0.0
454,454,5,1,6.2,0.9999773502349854,0.4641156779878906,18.04179382851475,0.0,0.0,3,0.49155491862000344,JITTER,45.24362905495873,44.97689619036642,1.1244224047591604,0,0.0,80.0,1,1,1,5,0.9999773502349854,1,5,1,0.11442176252603531,0.7393956184387207,0.034154415130615234,0.11202824115753174,1,1,0,1,0.1,0.2915549186200035,0.0,0.1
455,455,5,0,0.0,0.9997392296791077,0.5147174688602675,19.356784836103603,3.2,0.0,3,0.5176585367927635,JITTER,96.48035526072343,94.78864787710337,2.3697161969275844,0,0.0,80.0,1,1,1,5,0.9997392296791077,1,5,1,0.033720724284648895,0.8305712342262268,0.1037302166223526,0.031977809965610504,1,1,1,0,0.1,0.31765853679276357,0.1,0.0
456,456,5,0,0.0,0.9999600648880005,0.5927392856078781,21.90591224502282,0.20000000000000018,0.0,3,0.5555085947471207,JITTER,110.16418535664384,107.99490138353046,2.6998725345882617,0,0.0,80.0,1,1,1,5,0.9999600648880005,1,5,1,0.007493371143937111,0.9720743894577026,0.011776036582887173,0.00865625124424696,0,1,1,1,0.0,0.3555085947471207,0.1,0.1
457,457,5,1,6.2,0.9995372295379639,0.3470084330805336,14.700872102499115,0.0,0.0,3,0.4250391565619063,JITTER,118.23666831045324,115.98307946322849,2.8995769865807124,0,0.0,80.0,1,1,1,5,0.9995372295379639,1,5,1,0.23617792129516602,0.5307338237762451,0.09930719435214996,0.1337810605764389,1,1,0,1,0.1,0.2250391565619063,0.0,0.1
458,458,5,0,0.0,0.9834302663803101,0.5191030418908674,19.533383747853655,3.2,0.5223174154369569,3,0.519859175162524,JITTER,27.182214050288437,27.10730338252172,0.6776825845630431,0,0.0,80.0,1,1,1,5,0.9834302663803101,1,5,1,0.8384969830513,0.05746966227889061,0.026593264192342758,0.07744002342224121,1,1,0,1,0.31985917516252405,0.1,0.0,0.1
459,459,5,0,0.0,0.9992619156837463,0.415661409727641,17.01484186117409,0.20000000000000018,0.0,3,0.46518829610918233,JITTER,50.44665264760329,49.888815324158166,1.2472203831039543,0,0.0,80.0,1,1,1,5,0.9992619156837463,1,5,1,0.6526160836219788,0.20856155455112457,0.11063122004270554,0.02819109335541725,1,1,1,0,0.2651882961091824,0.1,0.1,0.0
460,460,5,1,6.2,0.9997522234916687,0.5058654109615651,19.498652046467416,0.0,0.0,3,0.5131879130607052,JITTER,29.69778887054793,29.195422880944736,0.7298855720236185,0,0.0,80.0,1,1,1,5,0.9997522234916687,1,5,1,0.167455792427063,0.8145845532417297,0.013055073097348213,0.004904603585600853,1,1,1,0,0.1,0.31318791306070526,0.1,0.0
461,461,5,0,0.0,0.9796827435493469,0.47171622413636344,18.290616015939815,3.2,0.0,3,0.4955635247554824,JITTER,81.67561790773091,80.78965895394711,2.019741473848678,0,0.0,80.0,1,1,1,15,0.9796827435493469,0,5,1,0.1752343773841858,0.7530567646026611,0.042919255793094635,0.02878963202238083,1,1,1,0,0.1,0.2955635247554824,0.1,0.0
462,462,5,0,0.0,0.9999456405639648,0.5194651527030183,19.75712870289363,0.20000000000000018,0.0,3,0.5200404626869357,JITTER,36.531132336729115,36.34609815172282,0.9086524537930706,0,0.0,80.0,1,1,1,5,0.9999456405639648,1,5,1,0.11879880726337433,0.8391515612602234,0.029812483116984367,0.012237121351063251,1,1,1,0,0.1,0.32004046268693576,0.1,0.0
463,463,5,1,6.2,0.9942795038223267,0.45130882334599587,17.290843431006703,0.0,0.0,3,0.4847254680070463,JITTER,36.03120249822581,35.41727897575666,0.8854319743939165,0,0.0,80.0,1,1,1,5,0.9942795038223267,1,5,1,0.08258988708257675,0.7164055109024048,0.13467276096343994,0.06633179634809494,1,1,1,0,0.1,0.28472546800704635,0.1,0.0
464,464,5,0,0.0,0.9989761114120483,0.4012264354491924,16.790565297840345,3.2,0.0,3,0.45703945820042824,JITTER,78.42278600612181,77.26976805049831,1.931744201262458,0,0.0,80.0,1,1,1,5,0.9989761114120483,1,5,1,0.19795012474060059,0.6268765926361084,0.02259238064289093,0.15258090198040009,1,1,0,1,0.1,0.2570394582004283,0.0,0.1
465,465,5,0,0.0,0.8460428714752197,0.5943269044105681,22.015353142845765,0.20000000000000018,0.0,3,0.5562520465033406,JITTER,49.603286291002576,49.234979274126985,1.2308744818531747,0,0.0,80.0,1,1,1,5,0.8460428714752197,1,5,1,0.013672437518835068,0.9749640226364136,0.0029728366062045097,0.008390716277062893,1,1,0,1,0.1,0.35625204650334064,0.0,0.1
466,466,5,1,6.2,0.9995905756950378,0.5596409151132437,20.76132317096257,0.0,0.0,3,0.5397761054546655,JITTER,60.48549644265338,59.56609878525764,1.489152469631441,0,0.0,80.0,1,1,1,5,0.9995905756950378,1,5,1,0.02017918974161148,0.9119214415550232,0.020598219707608223,0.04730117693543434,0,1,1,1,0.0,0.3397761054546655,0.1,0.1
467,467,5,0,0.0,0.9998639822006226,0.5782241325458,21.373174125285914,3.2,0.0,3,0.5486647172569235,JITTER,97.23529876745681,96.83310726471724,2.420827681617931,0,0.0,80.0,1,1,1,5,0.9998639822006226,1,5,1,0.014826437458395958,0.9456732273101807,0.0174579881131649,0.022042391821742058,0,1,1,1,0.0,0.3486647172569235,0.1,0.1
468,468,5,0,0.0,0.989962637424469,0.3125920476887164,13.0378973428885,0.20000000000000018,0.0,3,0.4034111421476475,JITTER,114.1538856738099,113.87842016188026,2.8469605040470065,0,0.0,80.0,1,1,1,15,0.989962637424469,0,5,1,0.33296287059783936,0.07959349453449249,0.4471956491470337,0.14024803042411804,1,0,1,1,0.11485020638527635,0.0,0.18856093576237112,0.1
469,469,5,1,6.2,0.8654567003250122,0.5302052134494776,20.193223296518337,0.0,0.0,3,0.5253889365972714,JITTER,109.61220824236304,109.39211647401117,2.7348029118502795,0,0.0,80.0,1,1,1,5,0.8654567003250122,1,5,1,0.001785136992111802,0.13541828095912933,0.8585770130157471,0.004219647962599993,0,1,1,1,0.0,0.1,0.3253889365972714,0.1
470,470,6,0,0.0,0.999643087387085,0.2776642107752727,13.992958579293791,3.2,0.05831162108615473,3,0.3802059238779576,JITTER,46.45398111513111,45.66753515655381,1.1416883789138452,0,0.0,80.0,1,1,1,6,0.999643087387085,1,6,1,0.2240784615278244,0.4024994373321533,0.2988888919353485,0.07453328371047974,1,1,1,0,0.1,0.17557147174989404,0.10463445212806352,0.0
471,471,6,0,0.0,0.9998623132705688,0.5765355913325176,21.383066067417943,0.20000000000000018,0.0,3,0.5478630209261363,JITTER,37.94920723460874,37.635315731991334,0.9408828932997834,0,0.0,80.0,1,1,1,6,0.9998623132705688,1,6,1,0.010520719923079014,0.026119433343410492,0.942604124546051,0.02075578272342682,0,1,1,1,0.0,0.1,0.3478630209261363,0.1
472,472,6,1,6.2,0.9428538084030151,0.37519067576841353,15.716065580421255,0.0,0.0,3,0.4419620149062101,JITTER,64.98592999441263,64.66716234538487,1.6166790586346218,0,0.0,80.0,1,1,1,6,0.9428538084030151,1,6,1,0.01785244792699814,0.4785071015357971,0.4416583776473999,0.06198209151625633,0,1,1,1,0.0,0.18183264723805206,0.16012936766815808,0.1
473,473,6,0,0.0,0.9804531335830688,0.4977992324733817,19.001882939535403,3.2,0.0,3,0.5090800027756365,JITTER,91.02452013359866,89.47467357489984,2.236866839372496,0,0.0,80.0,1,1,1,6,0.9804531335830688,1,6,1,0.026836533099412918,0.8000302910804749,0.1555744707584381,0.017558710649609566,1,1,1,0,0.1,0.3090800027756365,0.1,0.0
474,474,6,0,0.0,0.9998096823692322,0.3952764607037371,15.555711480819316,0.20000000000000018,0.0,3,0.453637974448334,JITTER,107.45751398555718,106.72825970113527,2.668206492528382,0,0.0,80.0,1,1,1,6,0.9998096823692322,1,6,1,0.14219214022159576,0.10278238356113434,0.6162833571434021,0.1387420892715454,1,0,1,1,0.1,0.0,0.253637974448334,0.1
475,475,6,1,6.2,0.795624852180481,0.45744598877616083,17.66584851767717,0.0,0.0,3,0.48801013141883715,JITTER,73.08503942878144,72.72194359236379,1.8180485898090948,0,0.0,80.0,1,1,0,6,0.795624852180481,1,6,1,0.09870332479476929,0.12413609772920609,0.7274180054664612,0.049742527306079865,1,1,1,0,0.1,0.1,0.28801013141883713,0.0
476,476,6,0,0.0,0.9994394183158875,0.3071063255736112,14.920139594810822,3.2,0.0915950082755006,3,0.3998557147972035,JITTER,44.47965015501454,44.33619966897997,1.1084049917244994,0,0.0,80.0,1,1,1,6,0.9994394183158875,1,6,1,0.32737091183662415,0.4404503107070923,0.20416882634162903,0.02800988219678402,1,1,1,0,0.11312021123587945,0.18673550356132404,0.1,0.0
477,477,6,0,0.0,0.976983368396759,0.5270489731984733,20.03366330716397,0.20000000000000018,0.0,3,0.5238228175927193,JITTER,114.00190108075147,111.97725278876135,2.7994313197190337,0,0.0,80.0,1,1,1,6,0.976983368396759,1,6,1,0.10450344532728195,0.005808220244944096,0.8528661727905273,0.036822203546762466,1,0,1,1,0.1,0.0,0.32382281759271936,0.1
478,478,6,1,6.2,0.9308342933654785,0.3533087261572249,15.368453018773796,0.0,0.0,3,0.42888031031199814,JITTER,97.73587133276922,96.72398933599916,2.418099733399979,0,0.0,80.0,1,1,1,6,0.9308342933654785,1,6,1,0.5418587923049927,0.21222127974033356,0.18687959015369415,0.05904029309749603,1,1,1,0,0.2288803103119981,0.1,0.1,0.0
479,479,6,0,0.0,0.9728579521179199,0.39869257775092426,16.240095239320258,3.2,0.0,3,0.4555940061658521,JITTER,69.06079155118718,68.32909845063969,1.7082274612659925,0,0.0,80.0,1,1,1,6,0.9728579521179199,1,10,0,0.0050413841381669044,0.38584184646606445,0.586564302444458,0.02255241945385933,0,1,1,1,0.0,0.12045460887376197,0.23513939729209013,0.1
480,480,6,0,0.0,0.9101929068565369,0.4735833676072658,18.70958368025618,0.20000000000000018,0.0,3,0.4965433239894932,JITTER,73.65680135770893,73.0166308215695,1.8254157705392378,0,0.0,80.0,1,1,1,6,0.9101929068565369,1,6,1,0.2284763902425766,0.7564146518707275,0.012828055769205093,0.002280845772475004,1,1,1,0,0.1,0.29654332398949323,0.1,0.0
481,481,6,1,6.2,0.9273055195808411,0.4009481831259099,16.536215856525757,0.0,0.0,3,0.4568809512625438,JITTER,33.175483289206745,33.0921041081888,0.82730260270472,0,0.0,80.0,1,1,1,15,0.9273055195808411,0,6,1,0.07295872271060944,0.626380980014801,0.26009753346443176,0.04056276008486748,1,1,1,0,0.1,0.25688095126254384,0.1,0.0
482,482,6,0,0.0,0.9989612102508545,0.590692034042168,21.910982107087943,3.2,0.0,3,0.554548434384016,JITTER,115.22497158456832,114.11413197304383,2.852853299326096,0,0.0,80.0,1,1,1,6,0.9989612102508545,1,6,1,0.025993620976805687,0.9683487415313721,0.003569880034774542,0.0020877444185316563,1,1,1,0,0.1,0.35454843438401606,0.1,0.0
483,483,6,0,0.0,0.4316585063934326,0.4042263596589305,16.52676664911738,0.20000000000000018,0.0,3,0.4587448922047794,JITTER,115.32055249051889,114.94327697227482,2.8735819243068708,0,0.0,80.0,1,1,0,1,0.4316585063934326,0,6,1,0.09175270795822144,0.2322556972503662,0.6322212815284729,0.043770335614681244,1,1,1,0,0.1,0.1,0.25874489220477936,0.0
484,484,6,1,6.2,0.6807470917701721,0.34395389823386435,15.079042840690263,0.0,0.0,3,0.4231643222736122,JITTER,75.44165520399335,75.128244535848,1.8782061133962,0,0.0,80.0,1,1,0,15,0.6807470917701721,0,6,1,0.038989756256341934,0.46374207735061646,0.38672852516174316,0.11053971201181412,0,1,1,1,0.0,0.18526948361318166,0.13789483866043054,0.1
485,485,6,0,0.0,0.9995744824409485,0.3839504456500083,15.885597656612589,3.2,0.06771949830540525,3,0.44709160422294136,JITTER,45.318460612660154,45.29122006778378,1.1322805016945947,0,0.0,80.0,1,1,1,6,0.9995744824409485,1,6,1,0.014996250160038471,0.4943380355834961,0.4453175663948059,0.045348215848207474,0,1,1,1,0.0,0.18781628965591737,0.159275314567024,0.1
486,486,6,0,0.0,0.9820519089698792,0.3645354713730379,14.661552003155041,0.20000000000000018,0.0,3,0.4356410774498197,JITTER,31.89533107402113,31.310467403900685,0.7827616850975172,0,0.0,80.0,1,1,1,6,0.9820519089698792,1,6,1,0.1771738976240158,0.5617150664329529,0.12440787255764008,0.13670308887958527,1,1,0,1,0.1,0.23564107744981974,0.0,0.1
487,487,6,1,6.2,0.9992501139640808,0.5294985945915825,20.115350341419482,0.0,0.0,3,0.5250387198349249,JITTER,52.153299148233174,51.518980254037956,1.287974506350949,0,0.0,80.0,1,1,1,15,0.9992501139640808,0,15,0,0.006010903976857662,0.12959517538547516,0.8572983145713806,0.0070955706760287285,0,1,1,1,0.0,0.1,0.32503871983492494,0.1
488,488,6,0,0.0,0.9959084987640381,0.2583989118350133,12.722368430441389,3.2,0.0,3,0.3667788349718756,JITTER,66.50141319892731,65.9688017244057,1.6492200431101425,0,0.0,80.0,1,1,1,6,0.9959084987640381,1,6,1,0.26038751006126404,0.15253740549087524,0.37589606642723083,0.21117903292179108,1,0,1,1,0.1,0.0,0.1667788349718756,0.1
489,489,6,0,0.0,0.9964643716812134,0.43609906263409576,16.590298997528635,0.20000000000000018,0.0,3,0.476487490201431,JITTER,73.18860913460682,72.91453397596224,1.8228633493990563,0,0.0,80.0,1,1,1,6,0.9964643716812134,1,6,1,0.05842340365052223,0.6891506910324097,0.11680121719837189,0.13562463223934174,0,1,1,1,0.0,0.27648749020143104,0.1,0.1
490,490,7,1,6.2,0.9236778020858765,0.26243362341890875,13.440690134096666,0.0,0.0,3,0.36963123629210565,JITTER,118.86038985195765,116.91510200609635,2.9228775501524087,0,0.0,80.0,1,1,1,7,0.9236778020858765,1,7,1,0.37658071517944336,0.23027245700359344,0.10286274552345276,0.29028406739234924,1,1,0,1,0.1652022890629222,0.1,0.0,0.10442894722918344
491,491,7,0,0.0,0.9991180300712585,0.5534519272861733,20.47332738872302,3.2,0.0,3,0.5367831549115527,JITTER,94.16146327315153,93.27868204655697,2.3319670511639243,0,0.0,80.0,1,1,1,7,0.9991180300712585,1,7,1,0.028530925512313843,0.04257360100746155,0.028202198445796967,0.9006932377815247,1,1,0,1,0.1,0.1,0.0,0.33678315491155264
492,492,7,0,0.0,0.9996496438980103,0.3374150057588482,15.024208207599392,0.20000000000000018,0.0,3,0.4191226418611659,JITTER,35.28771221263359,34.63794837561849,0.8659487093904623,0,0.0,80.0,1,1,1,7,0.9996496438980103,1,7,1,0.1300583779811859,0.3951011300086975,0.034101538360118866,0.4407390356063843,1,1,0,1,0.1,0.14538895215870937,0.0,0.17373368970245653
493,493,7,1,6.2,0.9789799451828003,0.3083310754465362,14.52723358992959,0.0,0.0,3,0.40065224015068673,JITTER,54.138706738172765,54.08445251059031,1.352111312764758,0,0.0,80.0,1,1,1,7,0.9789799451828003,1,7,1,0.4132809638977051,0.1811741441488266,0.048249125480651855,0.3572957515716553,1,1,0,1,0.16851322682517297,0.1,0.0,0.13213901332551375
494,494,7,0,0.0,0.3099518120288849,0.30451230951931585,13.695051585572081,3.2,0.0,3,0.3981634153595177,JITTER,54.240367681062864,53.378534852244826,1.3344633713061207,0,0.0,80.0,1,1,0,24,0.3099518120288849,0,7,1,0.45606616139411926,0.28616565465927124,0.1338900774717331,0.12387806922197342,1,1,1,0,0.19816341535951773,0.1,0.1,0.0
495,495,7,0,0.0,0.9999630451202393,0.2804415495952574,13.141572981129176,0.20000000000000018,0.0,3,0.3821026991755372,JITTER,82.27087449882082,81.03543155933248,2.025885788983312,0,0.0,80.0,1,1,1,7,0.9999630451202393,1,7,1,0.13430903851985931,0.39736583828926086,0.1580193042755127,0.3103058338165283,0,1,1,1,0.0,0.1707062480392247,0.1,0.11139645113631244
496,496,7,1,6.2,0.9704238772392273,0.27572072693538413,14.407796145698132,0.0,0.0,3,0.3788729799980559,JITTER,99.36353838623774,98.9423271835529,2.4735581795888226,0,0.0,80.0,1,1,1,7,0.9704238772392273,1,7,1,0.4026168882846832,0.29437240958213806,0.2584114372730255,0.04459919407963753,1,1,1,0,0.17662167795189124,0.1022513020461647,0.1,0.0
497,497,7,0,0.0,0.9999226331710815,0.31399318620332156,14.383267471785395,3.2,0.0,3,0.40431424079794254,JITTER,112.37833160931802,111.39392079254964,2.784848019813741,0,0.0,80.0,1,1,1,7,0.9999226331710815,1,7,1,0.0831206813454628,0.47096386551856995,0.31234386563301086,0.13357165455818176,0,1,1,1,0.0,0.2032189966171797,0.1010952441807628,0.1
498,498,7,0,0.0,0.9989377856254578,0.32836754264411167,15.158900065849195,0.20000000000000018,0.0,3,0.4134652720070049,JITTER,83.90136492641646,83.89749074298982,2.0974372685747453,0,0.0,80.0,1,1,1,7,0.9989377856254578,1,7,1,0.16597044467926025,0.3771188259124756,0.018457608297467232,0.4384530782699585,1,1,0,1,0.1,0.1374253202361384,0.0,0.17603995177086648
499,499,7,1,6.2,0.9974510073661804,0.604070746822062,22.343771178355027,0.0,0.0,3,0.560793316198908,JITTER,119.3368498411178,118.66642404446345,2.9666606011115864,0,0.0,80.0,1,1,1,7,0.9974510073661804,1,7,1,0.0006250255391933024,0.004403929226100445,0.0022638882510364056,0.9927071332931519,0,1,1,1,0.0,0.1,0.1,0.360793316198908
500,500,7,0,0.0,0.9999788999557495,0.25510261621965247,13.627882276900976,3.2,0.5508469123603363,3,0.36443189788261043,JITTER,26.206310654015525,25.96612350558654,0.6491530876396636,0,0.0,80.0,1,1,1,7,0.9999788999557495,1,7,1,0.27592387795448303,0.2673020660877228,0.08656901121139526,0.3702050745487213,1,1,0,1,0.1,0.1,0.0,0.1644318978826104
501,501,7,0,0.0,0.84977787733078,0.2513458083780414,13.458597823566873,0.20000000000000018,0.0,3,0.3617385138237335,JITTER,32.90300571820417,32.80276558589717,0.8200691396474293,0,0.0,80.0,1,1,1,3,0.84977787733078,0,7,1,0.08788275718688965,0.32037031650543213,0.2704601585865021,0.32128676772117615,0,1,1,1,0.0,0.1305395162819011,0.1,0.1311989975418324
502,502,7,1,6.2,0.9997037053108215,0.5290721882133239,19.94035255915318,0.0,0.0,3,0.5248272698403919,JITTER,83.22828130302102,82.57422787347562,2.064355696836891,0,0.0,80.0,1,1,1,7,0.9997037053108215,1,7,1,0.017795449122786522,0.8565267324447632,0.019544918090105057,0.1061328798532486,0,1,1,1,0.0,0.3248272698403919,0.1,0.1
503,503,7,0,0.0,0.9976629018783569,0.41069121275373294,16.41752165551871,3.2,0.0,3,0.4623987291637642,JITTER,112.1852450154995,111.46915202458162,2.7867288006145405,0,0.0,80.0,1,1,1,7,0.9976629018783569,1,7,1,0.06379293650388718,0.15708152949810028,0.1353781670331955,0.6437473297119141,0,1,1,1,0.0,0.1,0.1,0.26239872916376417
504,504,7,0,0.0,0.9992383718490601,0.27417693136331184,13.73005088101769,0.20000000000000018,0.0,3,0.37781081200035127,JITTER,92.61801283839011,91.76389057955288,2.2940972644888222,0,0.0,80.0,1,1,1,7,0.9992383718490601,1,7,1,0.3971063196659088,0.29638734459877014,0.09097649902105331,0.21552979946136475,1,1,0,1,0.17360263377636584,0.10420817822398545,0.0,0.1
505,505,7,1,6.2,0.9999569654464722,0.33343436081998423,14.439165331980492,0.0,0.0,3,0.41664301247447655,JITTER,85.99513011292788,84.96371250834967,2.1240928127087417,0,0.0,80.0,1,1,1,7,0.9999569654464722,1,7,1,0.10257694870233536,0.2887391746044159,0.5068111419677734,0.1018727570772171,1,1,1,0,0.1,0.1,0.21664301247447657,0.0
506,506,7,0,0.0,0.9999827146530151,0.4097506315648875,17.256080222432114,3.2,0.0,3,0.46186892375497024,JITTER,67.27839727589982,66.00002552068943,1.6500006380172358,0,0.0,80.0,1,1,1,7,0.9999827146530151,1,7,1,0.014521386474370956,0.6420696973800659,0.0018794536590576172,0.3415294289588928,1,1,0,1,0.1,0.2618689237549703,0.0,0.1
507,507,7,0,0.0,0.994536280632019,0.38867774321258103,15.498143278174851,0.20000000000000018,0.0,3,0.44983553800457377,JITTER,54.271364275495586,54.0789880264786,1.3519747006619651,0,0.0,80.0,1,1,1,7,0.994536280632019,1,7,1,0.6045466661453247,0.17580997943878174,0.12222721427679062,0.09741611033678055,1,1,1,0,0.24983553800457373,0.1,0.1,0.0
508,508,7,1,6.2,0.9970893263816833,0.3064055799830634,13.767926859901753,0.0,0.0,3,0.39939926515008484,JITTER,87.80940608798282,86.32365765789501,2.1580914414473753,0,0.0,80.0,1,1,1,7,0.9970893263816833,1,7,1,0.42106106877326965,0.3451833128929138,0.12963680922985077,0.10411881655454636,1,1,1,0,0.1744262709912935,0.12497299415879135,0.1,0.0
509,509,7,0,0.0,0.9952481389045715,0.34289979640111784,14.976871650381431,3.2,0.6047669468998301,3,0.42251539727390597,JITTER,24.025373993992375,23.80932212400679,0.5952330531001698,0,0.0,80.0,1,1,1,7,0.9952481389045715,1,7,1,0.15335899591445923,0.5234860777854919,0.07433643192052841,0.24881857633590698,1,1,0,1,0.1,0.22251539727390593,0.0,0.1
510,510,7,0,0.0,0.9983755350112915,0.2815735903793399,13.057014695744433,0.20000000000000018,0.0,3,0.38287312745349517,JITTER,109.24876896873263,107.61087074246534,2.6902717685616335,0,0.0,80.0,1,1,1,7,0.9983755350112915,1,7,1,0.1493670791387558,0.3967893719673157,0.140401229262352,0.3134423494338989,1,1,0,1,0.1,0.16976959661018917,0.0,0.11310353084330599
511,511,7,1,6.2,0.9990633130073547,0.5779471803625387,21.509276043729354,0.0,0.0,3,0.5485333044686309,JITTER,119.18077164976282,117.9140854871328,2.94785213717832,0,0.0,80.0,1,1,1,7,0.9990633130073547,1,7,1,0.0060346294194459915,0.044298239052295685,0.004497334361076355,0.9451698064804077,1,1,0,1,0.1,0.1,0.0,0.34853330446863096
512,512,7,0,0.0,0.9847607016563416,0.28408035025968664,13.426541492774643,3.2,0.0,3,0.3845736497151494,JITTER,85.99957188011513,85.47930838651435,2.136982709662859,0,0.0,80.0,1,1,1,7,0.9847607016563416,1,7,1,0.41218793392181396,0.30371057987213135,0.12003134936094284,0.16407012939453125,1,1,0,1,0.17899961748842155,0.10557403222672784,0.0,0.1
513,513,7,0,0.0,0.9988452196121216,0.3108660752621075,14.371654133867171,0.20000000000000018,0.0,3,0.40229588618411705,JITTER,114.75355996659923,113.91279393751991,2.847819848437998,0,0.0,80.0,1,1,1,7,0.9988452196121216,1,7,1,0.06985189765691757,0.4436139166355133,0.33266422152519226,0.15386995673179626,0,1,1,1,0.0,0.1870433088686477,0.11525257731546937,0.1
514,514,7,1,6.2,0.9998847246170044,0.42945153698536215,16.7840829967407,0.0,0.0,3,0.4728419581434873,JITTER,93.85107126866286,93.09436846810199,2.3273592117025497,0,0.0,80.0,1,1,1,7,0.9998847246170044,1,7,1,0.0668138638138771,0.6772561073303223,0.08942469209432602,0.1665053516626358,0,1,1,1,0.0,0.27284195814348733,0.1,0.1
515,515,7,0,0.0,0.9276396036148071,0.29716032419378985,14.536303296335792,3.2,0.0,3,0.39332752398664306,JITTER,76.18189300629993,75.08520508488364,1.877130127122091,0,0.0,80.0,1,1,1,7,0.9276396036148071,1,7,1,0.21347813308238983,0.4063436985015869,0.3390776515007019,0.04110049083828926,1,1,1,0,0.1,0.16892244321784902,0.12440508076879406,0.0
516,516,7,0,0.0,0.8243948221206665,0.3929316135462241,16.174191902871613,0.20000000000000018,0.0,3,0.4522904442422421,JITTER,70.89341517513543,69.60728622366975,1.7401821555917438,0,0.0,80.0,1,1,1,7,0.8243948221206665,1,7,1,0.05485377460718155,0.6121113300323486,0.20654940605163574,0.12648546695709229,0,1,1,1,0.0,0.2522904442422421,0.1,0.1
517,517,7,1,6.2,0.9998632669448853,0.32291354950038537,13.809368965326986,0.0,0.0,3,0.41001718601310666,JITTER,61.930098792781024,61.128634385080254,1.5282158596270063,0,0.0,80.0,1,1,1,7,0.9998632669448853,1,7,1,0.14265483617782593,0.4883148968219757,0.13532285392284393,0.23370739817619324,1,1,0,1,0.1,0.21001718601310662,0.0,0.1
518,518,7,0,0.0,0.5893546938896179,0.5872173268423724,21.062953500313675,3.2,0.0,3,0.5529149812495571,JITTER,54.23624333000541,53.793505642506574,1.3448376410626643,0,0.0,80.0,1,1,0,15,0.5893546938896179,0,7,1,0.012750379741191864,0.012693081051111221,0.962026834487915,0.012529736384749413,1,1,1,0,0.1,0.1,0.352914981249557,0.0
519,519,7,0,0.0,0.9873690009117126,0.5200246801670028,19.56008954528346,0.20000000000000018,0.0,3,0.520320460880737,JITTER,64.00501082335524,63.8439652319806,1.596099130799515,0,0.0,80.0,1,1,1,7,0.9873690009117126,1,7,1,0.8401630520820618,0.04707088693976402,0.08528522402048111,0.027480870485305786,1,1,1,0,0.32032046088073707,0.1,0.1,0.0
520,520,7,1,6.2,0.999919056892395,0.3794483495822617,15.742469252828803,0.0,0.0,3,0.4444626390093397,JITTER,29.17236790590067,28.7829226736703,0.7195730668417575,0,0.0,80.0,1,1,1,7,0.999919056892395,1,7,1,0.16357125341892242,0.1814296692609787,0.5881519317626953,0.06684722751379013,1,1,1,0,0.1,0.1,0.2444626390093397,0.0
521,521,7,0,0.0,0.9999678134918213,0.3963655269960024,15.52867962019568,3.2,0.0,3,0.4542624765977623,JITTER,85.55177383430522,84.4175117954519,2.110437794886298,0,0.0,80.0,1,1,1,7,0.9999678134918213,1,7,1,0.13751453161239624,0.10645151138305664,0.6182215809822083,0.13781240582466125,1,0,1,1,0.1,0.0,0.25426247659776235,0.1
522,522,7,0,0.0,0.9998786449432373,0.4698919318214812,17.857252212488707,0.20000000000000018,0.0,3,0.4946043373774886,JITTER,21.976644534269166,21.833116456565453,0.5458279114141363,0,0.0,80.0,1,1,1,7,0.9998786449432373,1,7,1,0.10286825150251389,0.08982754498720169,0.7497766613960266,0.05752750113606453,1,1,1,0,0.1,0.1,0.2946043373774886,0.0
523,523,7,1,6.2,0.9999747276306152,0.45828169836429256,17.82437697887199,0.0,0.0,3,0.48845570166890634,JITTER,39.780984725919694,39.161872128826175,0.9790468032206544,0,0.0,80.0,1,1,1,7,0.9999747276306152,1,7,1,0.11602330207824707,0.11531566083431244,0.7289182543754578,0.03974274545907974,1,1,1,0,0.1,0.1,0.28845570166890633,0.0
524,524,7,0,0.0,0.999937891960144,0.32258577098498276,14.812691816963886,3.2,0.0,3,0.40980903595723517,JITTER,106.06304013961301,105.53976672458516,2.6384941681146294,0,0.0,80.0,1,1,1,7,0.999937891960144,1,7,1,0.1506490409374237,0.046747226268053055,0.34541428089141846,0.45718950033187866,1,0,1,1,0.1,0.0,0.11940504850191225,0.19040398745532292
525,525,7,0,0.0,0.9908021092414856,0.4653952824235652,18.155527771924366,0.20000000000000018,0.0,3,0.4922320805136746,JITTER,86.78491588479864,86.56038108446367,2.164009527111592,0,0.0,80.0,1,1,1,7,0.9908021092414856,1,7,1,0.028142621740698814,0.7416946887969971,0.032026518136262894,0.19813616573810577,0,1,1,1,0.0,0.29223208051367466,0.1,0.1
526,526,7,1,6.2,0.9999427795410156,0.495541033996785,18.901688052572048,0.0,0.0,3,0.5079240041999142,JITTER,47.515252560171334,47.38348849202865,1.1845872123007162,0,0.0,80.0,1,1,1,7,0.9999427795410156,1,7,1,0.029288528487086296,0.14611373841762543,0.028639784082770348,0.7959579825401306,1,1,0,1,0.1,0.1,0.0,0.30792400419991417
527,527,7,0,0.0,0.9992640614509583,0.30127361756050014,14.018191889216913,3.2,0.007510540133268906,3,0.39604038828207205,JITTER,48.35207665992292,47.69957839466924,1.192489459866731,0,0.0,80.0,1,1,1,7,0.9992640614509583,1,7,1,0.15439432859420776,0.4376225173473358,0.09091560542583466,0.31706759333610535,1,1,0,1,0.1,0.18763917845612924,0.0,0.10840120982594281
528,528,7,0,0.0,0.29984810948371887,0.5991783922121013,22.146740596949197,0.20000000000000018,0.0,3,0.5585177735763823,JITTER,111.03269101852524,110.58295885965777,2.764573971491444,0,0.0,80.0,1,1,0,15,0.29984810948371887,0,7,1,0.003953275736421347,0.9837965965270996,0.0050448826514184475,0.007205253001302481,0,1,1,1,0.0,0.35851777357638237,0.1,0.1
529,529,7,1,6.2,0.9997541308403015,0.3640339554937786,15.208800571678452,0.0,0.0,3,0.4353413039961951,JITTER,74.20790349507192,73.16692823200442,1.8291732058001107,0,0.0,80.0,1,1,1,7,0.9997541308403015,1,7,1,0.08443573117256165,0.5608271956443787,0.21641390025615692,0.13832324743270874,0,1,1,1,0.0,0.23534130399619504,0.1,0.1
530,530,7,0,0.0,0.9934821724891663,0.2967625004123724,14.182420635116198,3.2,0.0,3,0.39306415193532596,JITTER,115.29224684855657,113.88554197284502,2.8471385493211256,0,0.0,80.0,1,1,1,7,0.9934821724891663,1,7,1,0.0812574177980423,0.4425254762172699,0.18058598041534424,0.29563114047050476,0,1,1,1,0.0,0.19306415193532592,0.1,0.1
531,531,7,0,0.0,0.9985842704772949,0.43696501443493685,17.63677816151208,0.20000000000000018,0.0,3,0.4769603306734197,JITTER,45.510693102738074,44.94137421390254,1.1235343553475636,0,0.0,80.0,1,1,1,7,0.9985842704772949,1,7,1,0.09562895447015762,0.6907009482383728,0.017471494153141975,0.19619864225387573,1,1,0,1,0.1,0.27696033067341974,0.0,0.1
532,532,7,1,6.2,0.9997866749763489,0.27345067636697595,12.80237924200145,0.0,0.0,3,0.3773100971290747,JITTER,52.049116167801614,51.03298376776558,1.2758245941941395,0,0.0,80.0,1,1,1,7,0.9997866749763489,1,7,1,0.16005799174308777,0.40195390582084656,0.1725717931985855,0.26541635394096375,0,1,1,1,0.0,0.17731009712907472,0.1,0.1
533,533,7,0,0.0,0.5949051976203918,0.25095748784260963,12.829012232567061,3.2,0.0,3,0.3614589690966099,JITTER,59.967613516363684,59.14554422332372,1.4786386055830931,0,0.0,80.0,1,1,0,7,0.5949051976203918,1,7,1,0.27622848749160767,0.2193501740694046,0.36305689811706543,0.1413644552230835,1,1,1,0,0.1,0.1,0.16145896909660987,0.0
534,534,7,0,0.0,0.622188150882721,0.3793185618334934,14.905775626284758,0.20000000000000018,0.0,3,0.44438661978433047,JITTER,22.32275823467585,22.14414873585423,0.5536037183963558,0,0.0,80.0,1,1,0,7,0.622188150882721,1,7,1,0.5879215598106384,0.1488482803106308,0.12698115408420563,0.13624902069568634,1,1,0,1,0.24438661978433043,0.1,0.0,0.1
535,535,7,1,6.2,0.9994500279426575,0.4392628013066292,17.144126528028465,0.0,0.0,3,0.4782127377933289,JITTER,107.51076133225116,106.19864098951412,2.654966024737853,0,0.0,80.0,1,1,1,7,0.9994500279426575,1,7,1,0.14195497334003448,0.10642731189727783,0.6948153972625732,0.05680236592888832,1,1,1,0,0.1,0.1,0.2782127377933289,0.0
536,536,7,0,0.0,0.9733178615570068,0.3618217127141999,15.627753298773804,3.2,0.0,3,0.43401649861673763,JITTER,64.39428863959763,63.18890804985189,1.5797227012462973,0,0.0,80.0,1,1,1,7,0.9733178615570068,1,7,1,0.21971404552459717,0.019092578440904617,0.20428170263767242,0.5569116473197937,1,0,1,1,0.1,0.0,0.1,0.2340164986167376
537,537,7,0,0.0,0.8939597606658936,0.27913291700307696,13.980060901075657,0.20000000000000018,0.0,3,0.38121014823231625,JITTER,105.39843761472291,104.71921704280464,2.6179804260701163,0,0.0,80.0,1,1,1,8,0.8939597606658936,0,7,1,0.0798141360282898,0.22525843977928162,0.4118201434612274,0.28310728073120117,0,1,1,1,0.0,0.1,0.18121014823231626,0.1
538,538,7,1,6.2,0.9989776611328125,0.44333690567749784,18.011746297359434,0.0,0.0,3,0.4804252992699514,JITTER,74.45484020413396,73.7254444698245,1.8431361117456124,0,0.0,80.0,1,1,1,7,0.9989776611328125,1,7,1,0.015754157677292824,0.2811761498451233,0.0009560345206409693,0.7021136283874512,1,1,0,1,0.1,0.1,0.0,0.2804252992699514
539,539,7,0,0.0,0.9997047781944275,0.255662880622896,12.18764265701906,3.2,0.0,3,0.3648318668050985,JITTER,83.22025001148623,82.66415354812699,2.0666038387031747,0,0.0,80.0,1,1,1,7,0.9997047781944275,1,7,1,0.190841406583786,0.22328688204288483,0.3711719512939453,0.21469973027706146,0,1,1,1,0.0,0.1,0.16483186680509845,0.1
540,540,7,0,0.0,0.9998350143432617,0.478765872663294,18.677253988780596,0.20000000000000018,0.0,3,0.4992528114840478,JITTER,44.42050007658882,43.609673290031445,1.090241832250786,0,0.0,80.0,1,1,1,7,0.9998350143432617,1,7,1,0.01803741045296192,0.013575226068496704,0.2026485651731491,0.7657387852668762,1,0,1,1,0.1,0.0,0.1,0.2992528114840478
541,541,7,1,6.2,0.9999816417694092,0.5454049416165871,20.45340861322216,0.0,0.0,3,0.5328665523445364,JITTER,112.38744994985063,110.49187177754789,2.762296794438697,0,0.0,80.0,1,1,1,7,0.9999816417694092,1,7,1,0.031074505299329758,0.8861038684844971,0.013335412368178368,0.06948629766702652,1,1,0,1,0.1,0.33286655234453644,0.0,0.1
542,542,7,0,0.0,0.9968677163124084,0.5090032501658963,19.149994441067122,3.2,0.0,3,0.5147770825248364,JITTER,117.82044307645613,116.06493844334477,2.9016234610836196,0,0.0,80.0,1,1,1,7,0.9968677163124084,1,7,1,0.07375364005565643,0.8202497363090515,0.03593265265226364,0.07006391882896423,1,1,0,1,0.1,0.3147770825248365,0.0,0.1
543,543,7,0,0.0,0.768723726272583,0.5064193942599499,19.275258944529458,0.20000000000000018,0.0,3,0.5134688373285299,JITTER,96.46672285619997,94.99543151511509,2.374885787877877,0,0.0,80.0,1,1,0,7,0.768723726272583,1,7,1,0.02199668623507023,0.03761524707078934,0.8155845999717712,0.12480344623327255,0,1,1,1,0.0,0.1,0.3134688373285299,0.1
544,544,7,1,6.2,0.9942373037338257,0.3436767885412619,14.993190019937593,0.0,0.0,3,0.4229938247681565,JITTER,68.06076309423065,67.4394334007371,1.6859858350184276,0,0.0,80.0,1,1,1,7,0.9942373037338257,1,7,1,0.5248562693595886,0.31350257992744446,0.07412978261709213,0.08751142024993896,1,1,0,1,0.22299382476815646,0.1,0.0,0.1
545,545,7,0,0.0,0.9686959981918335,0.30334609265080853,14.13321559451331,3.2,0.11362762726360165,3,0.39740024369845484,JITTER,44.022627614900316,43.45489490945593,1.0863723727363983,0,0.0,80.0,1,1,1,7,0.9686959981918335,1,7,1,0.09117663651704788,0.4540269076824188,0.2373480647802353,0.2174484133720398,0,1,1,1,0.0,0.19740024369845485,0.1,0.1
546,546,7,0,0.0,0.9993529915809631,0.35137475138009155,15.37744102267428,0.20000000000000018,0.0,3,0.42770487671774826,JITTER,48.932013610233454,48.67971191798569,1.2169927979496424,0,0.0,80.0,1,1,1,7,0.9993529915809631,1,7,1,0.3941182792186737,0.47293832898139954,0.10883618891239166,0.024107186123728752,1,1,1,0,0.1398668506535508,0.18783802606419744,0.1,0.0
547,547,7,1,6.2,0.9996024966239929,0.30584402805175026,14.172171122050269,0.0,0.0,3,0.39903310621051846,JITTER,78.59613740960548,77.9516767671964,1.9487919191799101,0,0.0,80.0,1,1,1,7,0.9996024966239929,1,7,1,0.4455280303955078,0.15083660185337067,0.08418282121419907,0.31945258378982544,1,1,0,1,0.1906390473030464,0.1,0.0,0.10839405890747206
548,548,7,0,0.0,0.999725878238678,0.29503776758534306,13.470429365522405,3.2,0.16994900080159692,3,0.3919202767455575,JITTER,41.88566087946322,41.20203996793612,1.030050999198403,0,0.0,80.0,1,1,1,7,0.999725878238678,1,7,1,0.26221030950546265,0.13093715906143188,0.43951544165611267,0.16733713448047638,1,0,1,1,0.1,0.0,0.19192027674555748,0.1
549,549,7,0,0.0,0.9989755153656006,0.47919942517770237,18.103546466871965,0.20000000000000018,0.0,3,0.49947881269203986,JITTER,106.0569919294376,105.70127779733686,2.6425319449334217,0,0.0,80.0,1,1,1,7,0.9989755153656006,1,7,1,0.7665190696716309,0.08145197480916977,0.056184932589530945,0.09584403783082962,1,1,0,1,0.2994788126920399,0.1,0.0,0.1
550,550,7,1,6.2,0.990980327129364,0.2501936185746132,12.639437422261555,0.0,0.0,3,0.36090844194130567,JITTER,20.750703279999986,20.61120461519061,0.5152801153797653,0,0.0,80.0,1,1,1,7,0.990980327129364,1,7,1,0.14757102727890015,0.33482158184051514,0.3042122423648834,0.2133951634168625,0,1,1,1,0.0,0.14149284086225916,0.11941560107904656,0.1
551,551,7,0,0.0,0.9996975660324097,0.266691566382233,13.819847787566477,3.2,0.0,3,0.37261777443065436,JITTER,99.75108356807526,98.07691351889757,2.4519228379724396,0,0.0,80.0,1,1,1,7,0.9996975660324097,1,7,1,0.069731704890728,0.2537402808666229,0.33393704891204834,0.34259092807769775,0,1,1,1,0.0,0.1,0.13328611709304808,0.13933165733760625
552,552,7,0,0.0,0.9982333183288574,0.33469677656456764,14.107508781733443,0.20000000000000018,0.0,3,0.41743099333478306,JITTER,33.832907011604924,33.30894632079546,0.8327236580198865,0,0.0,80.0,1,1,1,7,0.9982333183288574,1,7,1,0.1491125524044037,0.21460194885730743,0.5090332627296448,0.12725229561328888,1,1,1,0,0.1,0.1,0.21743099333478308,0.0
553,553,7,1,6.2,0.9999691247940063,0.2674984910107416,13.088968997489294,0.0,0.0,3,0.37318106064583567,JITTER,31.570416730942945,31.32412796049509,0.7831031990123773,0,0.0,80.0,1,1,1,7,0.9999691247940063,1,7,1,0.13463100790977478,0.23420178890228271,0.3916357457637787,0.239531472325325,0,1,1,1,0.0,0.1,0.1731810606458357,0.1
554,554,7,0,0.0,0.9999786615371704,0.4374282635309682,17.286497058876027,3.2,0.0,3,0.47721308879506885,JITTER,119.86095150119158,119.3992691147345,2.9849817278683624,0,0.0,80.0,1,1,1,7,0.9999786615371704,1,7,1,0.17685379087924957,0.04344359040260315,0.6915303468704224,0.08817226439714432,1,0,1,1,0.1,0.0,0.2772130887950689,0.1
555,555,7,0,0.0,0.942246675491333,0.3888827179550829,15.915126428209877,0.20000000000000018,0.0,3,0.449954135958779,JITTER,35.39635825776264,35.09704641691609,0.8774261604229023,0,0.0,80.0,1,1,1,7,0.942246675491333,1,7,1,0.01688220724463463,0.4580538272857666,0.03249802812933922,0.49256598949432373,0,1,1,1,0.0,0.1649940516291912,0.1,0.18496008432958774
556,556,7,1,6.2,0.9963369369506836,0.5391268538709924,20.393127340105575,0.0,0.0,3,0.5297907956022341,JITTER,81.96685259698614,80.43751377859253,2.0109378444648134,0,0.0,80.0,1,1,1,7,0.9963369369506836,1,7,1,0.012479173019528389,0.0050716400146484375,0.10771988332271576,0.8747292757034302,1,0,1,1,0.1,0.0,0.1,0.329790795602234
557,557,7,0,0.0,0.9969845414161682,0.37897985795429934,15.39193200670776,3.2,0.0,3,0.4441881730142776,JITTER,118.08211455330343,117.91764828075243,2.947941207018811,0,0.0,80.0,1,1,1,7,0.9969845414161682,1,7,1,0.10077742487192154,0.2204645872116089,0.09143758565187454,0.5873203873634338,1,1,0,1,0.1,0.1,0.0,0.24418817301427762
558,558,7,0,0.0,0.9737849235534668,0.2981462335502511,14.337311221934534,0.20000000000000018,0.0,3,0.39397946864657957,JITTER,33.79975173479053,33.26521679069142,0.8316304197672855,0,0.0,80.0,1,1,1,7,0.9737849235534668,1,7,1,0.1906592696905136,0.32321518659591675,0.06169715151190758,0.42442843317985535,1,1,0,1,0.1,0.11355317147097516,0.0,0.1804262971756044
559,559,7,1,6.2,0.9997856020927429,0.47994758398364296,18.45012441698436,0.0,0.0,3,0.49986857080614777,JITTER,47.06321522708605,46.2303383924654,1.155758459811635,0,0.0,80.0,1,1,1,7,0.9997856020927429,1,7,1,0.03272750601172447,0.12782545387744904,0.7678656578063965,0.07158142328262329,0,1,1,1,0.0,0.1,0.2998685708061478,0.1
560,560,7,0,0.0,0.9668429493904114,0.4280861602893919,17.247503865053222,3.2,0.0,3,0.4720896947270157,JITTER,86.34532572290868,86.1521802050692,2.1538045051267303,0,0.0,80.0,1,1,1,7,0.9668429493904114,1,7,1,0.6748143434524536,0.030929910019040108,0.046634744852781296,0.24762099981307983,1,0,1,1,0.2720896947270157,0.0,0.1,0.1
561,561,7,0,0.0,0.9989929795265198,0.2694138837679627,14.084355839447271,0.20000000000000018,0.0,3,0.3745147379282,JITTER,103.25292849240071,102.88874223851766,2.572218555962942,0,0.0,80.0,1,1,1,7,0.9989929795265198,1,7,1,0.26420482993125916,0.32614409923553467,0.05309382081031799,0.3565572500228882,1,1,0,1,0.1,0.12668796823630887,0.0,0.1478267696918911
562,562,7,1,6.2,0.9998868703842163,0.3699613649849899,15.30270918927272,0.0,0.0,3,0.43887123124443883,JITTER,62.34953946796538,61.660969948028864,1.5415242487007217,0,0.0,80.0,1,1,1,7,0.9998868703842163,1,7,1,0.17724743485450745,0.16585727035999298,0.571325957775116,0.08556929975748062,1,1,1,0,0.1,0.1,0.23887123124443885,0.0
563,563,7,0,0.0,0.9996533393859863,0.4455796875137395,17.23883968560112,3.2,0.0,3,0.4816389697753253,JITTER,70.07661490802784,69.11493541999319,1.7278733854998298,0,0.0,80.0,1,1,1,7,0.9996533393859863,1,7,1,0.07390513271093369,0.7061329483985901,0.15955621004104614,0.06040570139884949,1,1,1,0,0.1,0.2816389697753253,0.1,0.0
564,564,7,0,0.0,0.9999364614486694,0.40872044018020365,16.30292006444597,0.20000000000000018,0.0,3,0.4612879449871234,JITTER,85.26867348692552,83.57687136983179,2.0894217842457947,0,0.0,80.0,1,1,1,7,0.9999364614486694,1,7,1,0.09898588061332703,0.19172558188438416,0.06905607134103775,0.640232503414154,1,1,0,1,0.1,0.1,0.0,0.2612879449871234
565,565,7,1,6.2,0.9999773502349854,0.4033780661133537,15.576311274674332,0.0,0.0,3,0.4582632874056083,JITTER,119.94219092241879,118.70328547692675,2.967582136923169,0,0.0,80.0,1,1,1,7,0.9999773502349854,1,7,1,0.135430708527565,0.630709707736969,0.11343373358249664,0.12042585015296936,1,1,0,1,0.1,0.25826328740560833,0.0,0.1
566,566,7,0,0.0,0.6241195797920227,0.5515573127404493,20.532173458300065,3.2,0.4727452164631474,3,0.5358635908269891,JITTER,29.519908696086397,29.0901913414741,0.7272547835368526,0,0.0,80.0,1,1,0,7,0.6241195797920227,1,7,1,0.02784731797873974,0.06421627104282379,0.8972572684288025,0.0106791527941823,1,1,1,0,0.1,0.1,0.33586359082698913,0.0
567,567,7,0,0.0,0.9599764347076416,0.36233164274355817,15.230691022319105,0.20000000000000018,0.0,3,0.43432222947102456,JITTER,117.66640782165892,116.91728137071588,2.9229320342678973,0,0.0,80.0,1,1,1,7,0.9599764347076416,1,7,1,0.05143069848418236,0.3849935531616211,0.057056691497564316,0.5065189599990845,0,1,1,1,0.0,0.1307433834304545,0.1,0.20357884604057006
568,568,7,1,6.2,0.9999750852584839,0.5076314531076167,19.561189311232795,0.0,0.0,3,0.5140829355593186,JITTER,66.12088858375738,65.5591560293839,1.6389789007345976,0,0.0,80.0,1,1,1,7,0.9999750852584839,1,7,1,0.03742486983537674,0.14106641709804535,0.0037358994595706463,0.8177728056907654,1,1,0,1,0.1,0.1,0.0,0.31408293555931854
569,569,7,0,0.0,0.9849520325660706,0.340918349794466,14.668543739793252,3.2,0.5799031213545212,3,0.4212928759365664,JITTER,25.141915455692935,24.80387514581915,0.6200968786454788,0,0.0,80.0,1,1,1,7,0.9849520325660706,1,7,1,0.20542079210281372,0.5199928283691406,0.0941544696688652,0.18043187260627747,1,1,0,1,0.1,0.2212928759365664,0.0,0.1
570,570,7,0,0.0,0.9404729008674622,0.5944264510781126,22.022013542713772,0.20000000000000018,0.0,3,0.556298629216199,JITTER,55.33376950684678,54.46230261617022,1.3615575654042555,0,0.0,80.0,1,1,1,7,0.9404729008674622,1,7,1,0.002763322787359357,0.9751452207565308,0.0030964198522269726,0.018995048478245735,0,1,1,1,0.0,0.35629862921619904,0.1,0.1
571,571,7,1,6.2,0.9997683167457581,0.45131699793156477,18.070006852908662,0.0,0.0,3,0.4847298579188627,JITTER,103.21200752819861,101.51678996562411,2.537919749140603,0,0.0,80.0,1,1,1,7,0.9997683167457581,1,7,1,0.017076855525374413,0.7164201736450195,0.01014098059386015,0.25636205077171326,1,1,0,1,0.1,0.28472985791886274,0.0,0.1
572,572,7,0,0.0,0.9999361038208008,0.32493876276244743,13.880333050941317,3.2,0.0,3,0.41130092643190064,JITTER,61.666599803988014,61.27002722587902,1.5317506806469756,0,0.0,80.0,1,1,1,7,0.9999361038208008,1,7,1,0.20397187769412994,0.1323031634092331,0.17185281217098236,0.4918721616268158,1,0,1,1,0.1,0.0,0.1,0.21130092643190065
573,573,7,0,0.0,0.9946947693824768,0.28326897326944317,13.691233038730557,0.20000000000000018,0.0,3,0.3840240563813051,JITTER,94.88207796670548,93.3613280718343,2.3340332017958576,0,0.0,80.0,1,1,1,7,0.9946947693824768,1,7,1,0.10424122959375381,0.41901126503944397,0.27028143405914307,0.20646612346172333,0,1,1,1,0.0,0.18402405638130512,0.1,0.1
574,574,7,1,6.2,0.9999642372131348,0.36108886425878084,14.718487276757394,0.0,0.0,3,0.4335767384670486,JITTER,69.12574463913661,67.89111595491072,1.697277898872768,0,0.0,80.0,1,1,1,7,0.9999642372131348,1,7,1,0.15219692885875702,0.17625054717063904,0.11593764275312424,0.5556148886680603,1,1,0,1,0.1,0.1,0.0,0.2335767384670486
575,575,7,0,0.0,0.6903505325317383,0.26356131368089375,12.88161382754465,3.2,0.3553442296923983,3,0.3704245468356875,JITTER,34.39086960785583,33.78623081230406,0.8446557703076016,0,0.0,80.0,1,1,0,2,0.6903505325317383,0,7,1,0.13546638190746307,0.3275061547756195,0.3419187664985657,0.19510877132415771,0,1,1,1,0.0,0.13014819070817968,0.14027635612750783,0.1
576,576,7,0,0.0,0.9905536770820618,0.27888642487227383,13.181102922887007,0.20000000000000018,0.0,3,0.3810417946460921,JITTER,29.609523297188126,29.518606946748346,0.7379651736687087,0,0.0,80.0,1,1,1,7,0.9905536770820618,1,7,1,0.12785591185092926,0.38757744431495667,0.31657642126083374,0.16799023747444153,0,1,1,1,0.0,0.16477302545965408,0.11626876918643805,0.1
577,577,7,1,6.2,0.9998286962509155,0.32738339068928846,14.294607394821996,0.0,0.0,3,0.412845207672779,JITTER,73.38400132739604,73.2849058026021,1.8321226450650525,0,0.0,80.0,1,1,1,7,0.9998286962509155,1,7,1,0.20749567449092865,0.19099825620651245,0.4961681663990021,0.10533790290355682,1,1,1,0,0.1,0.1,0.212845207672779,0.0
578,578,7,0,0.0,0.9977669715881348,0.25104481617271096,13.54712643959763,3.2,0.567988803610169,3,0.36152185397576975,JITTER,25.280710140011035,25.280447855593234,0.6320111963898309,0,0.0,80.0,1,1,1,7,0.9977669715881348,1,7,1,0.2786400616168976,0.3254392445087433,0.08126369118690491,0.3146570324897766,1,1,0,1,0.1006304555565117,0.13432748149305102,0.0,0.126563916926207
579,579,7,0,0.0,0.9976773858070374,0.31227904979758314,14.468956617324027,0.20000000000000018,0.0,3,0.4032091241161384,JITTER,63.631665969426315,62.64585380809976,1.566146345202494,0,0.0,80.0,1,1,1,7,0.9976773858070374,1,7,1,0.3993411362171173,0.16780072450637817,0.05274438485503197,0.38011378049850464,1,1,0,1,0.15781106651569807,0.1,0.0,0.1453980576004403
580,580,7,1,6.2,0.9997522234916687,0.366197372986422,15.610415680192741,0.0,0.0,3,0.43663298273617557,JITTER,23.483835027991567,23.17748482747163,0.5794371206867908,0,0.0,80.0,1,1,1,7,0.9997522234916687,1,7,1,0.031481362879276276,0.0683869868516922,0.38020309805870056,0.5199285745620728,0,1,1,1,0.0,0.1,0.12666630756668534,0.20996667516949022
581,581,7,0,0.0,0.9998395442962646,0.5489721283423682,20.571670752033686,3.2,0.0,3,0.5346063023888881,JITTER,102.31273174161865,101.96895922656041,2.5492239806640105,0,0.0,80.0,1,1,1,7,0.9998395442962646,1,7,1,0.05083784833550453,0.04462069645524025,0.011971620842814445,0.892569899559021,1,1,0,1,0.1,0.1,0.0,0.3346063023888881
582,582,7,0,0.0,0.9999182224273682,0.3780204284833789,15.924366653557238,0.20000000000000018,0.0,3,0.44362556093977146,JITTER,34.686373482140425,34.089212200844585,0.8522303050211146,0,0.0,80.0,1,1,1,7,0.9999182224273682,1,7,1,0.1942334920167923,0.16845133900642395,0.0516974963247776,0.5856176614761353,1,1,0,1,0.1,0.1,0.0,0.24362556093977147
583,583,7,1,6.2,0.9999275207519531,0.5208554716224075,19.55807125497743,0.0,0.0,3,0.5207359270071272,JITTER,102.31246099500947,101.20965182621974,2.5302412956554936,0,0.0,80.0,1,1,1,7,0.9999275207519531,1,7,1,0.07203635573387146,0.8416650295257568,0.05697678402066231,0.0293218195438385,1,1,1,0,0.1,0.3207359270071273,0.1,0.0
584,584,7,0,0.0,0.9842724800109863,0.35744001573842243,15.315495519668955,3.2,0.0,3,0.4313805022518331,JITTER,101.91998792939803,101.73091396356838,2.5432728490892096,0,0.0,80.0,1,1,1,7,0.9842724800109863,1,7,1,0.13283665478229523,0.549160897731781,0.24988168478012085,0.0681208148598671,1,1,1,0,0.1,0.23138050225183313,0.1,0.0
585,585,7,0,0.0,0.9995160102844238,0.39418965401465994,16.353364869511612,0.20000000000000018,0.0,3,0.4530139097918977,JITTER,59.44815179387544,58.5709377717042,1.464273444292605,0,0.0,80.0,1,1,1,7,0.9995160102844238,1,7,1,0.04371880739927292,0.6143494844436646,0.2329169511795044,0.10901474952697754,0,1,1,1,0.0,0.25301390979189775,0.1,0.1
586,586,7,1,6.2,0.9998511075973511,0.49203505478699866,18.969100658337172,0.0,0.0,3,0.5061240201110193,JITTER,45.745195932396335,45.05688726046893,1.1264221815117235,0,0.0,80.0,1,1,1,7,0.9998511075973511,1,7,1,0.1045941412448883,0.7896375060081482,0.08847060799598694,0.01729775220155716,1,1,1,0,0.1,0.30612402011101936,0.1,0.0
587,587,7,0,0.0,0.9918715953826904,0.33069559903782264,14.626686157259382,3.2,0.0,3,0.4149283739603745,JITTER,70.41786043908138,69.36121792645082,1.7340304481612705,0,0.0,80.0,1,1,1,7,0.9918715953826904,1,7,1,0.12362141162157059,0.4193815588951111,0.40140852332115173,0.05558844283223152,1,1,1,0,0.1,0.16310194149486254,0.15182643246551195,0.0
588,588,7,0,0.0,0.9996448755264282,0.25090975792617876,12.902460546406262,0.20000000000000018,0.0,3,0.3614245942968607,JITTER,66.46796378573296,65.97888673848341,1.6494721684620854,0,0.0,80.0,1,1,1,7,0.9996448755264282,1,7,1,0.3629746437072754,0.2664032280445099,0.1360088288784027,0.234613299369812,1,1,0,1,0.16142459429686065,0.1,0.0,0.1
589,589,7,1,6.2,0.8823797702789307,0.24988380320697134,12.355107665310136,0.0,0.0,3,0.36068491582001205,JITTER,41.91892164786323,41.74422090213027,1.0436055225532568,0,0.0,80.0,1,1,1,7,0.8823797702789307,1,7,1,0.17489223182201385,0.36120688915252686,0.2600306570529938,0.2038702368736267,0,1,1,1,0.0,0.16068491582001207,0.1,0.1
590,590,8,0,0.0,0.9999980926513672,0.3155648751205322,15.574029780584215,3.2,0.0,3,0.405324872606485,JITTER,95.1490810571396,94.92279685026728,2.373069921256682,0,0.0,80.0,1,1,1,8,0.9999980926513672,1,8,1,9.99999993922529e-09,0.3008451759815216,0.22373467683792114,0.47542014718055725,0,1,1,1,0.0,0.1,0.1,0.20532487260648494
591,591,8,0,0.0,0.9986152648925781,0.3077718711435337,14.562986893299993,0.20000000000000018,0.0,3,0.4002887540278559,JITTER,28.598235011094513,28.497402573347923,0.7124350643336981,0,0.0,80.0,1,1,1,8,0.9986152648925781,1,8,1,0.3402136266231537,0.0497119203209877,0.4291050434112549,0.1809694468975067,1,0,1,1,0.12124128530376513,0.0,0.17904746872409075,0.1
592,592,8,1,6.2,0.9980877041816711,0.3616397559710523,15.225765777555104,0.0,0.0,3,0.4339073534813288,JITTER,37.53465114539219,36.91674999584879,0.9229187498962198,0,0.0,80.0,1,1,1,8,0.9980877041816711,1,8,1,0.19822250306606293,0.16512250900268555,0.556589663028717,0.0800652951002121,1,1,1,0,0.1,0.1,0.23390735348132882,0.0
593,593,8,0,0.0,0.9987446069717407,0.40326104923468736,16.864964220912377,3.2,0.0,3,0.4581968132544512,JITTER,59.85066234742124,58.66515424433593,1.4666288561083984,0,0.0,80.0,1,1,1,8,0.9987446069717407,1,8,1,0.1729356348514557,0.020030777901411057,0.17653241753578186,0.6305012106895447,1,0,1,1,0.1,0.0,0.1,0.2581968132544512
594,594,8,0,0.0,0.9999972581863403,0.5287279206245324,20.06466044282588,0.20000000000000018,0.0,3,0.5246564893451926,JITTER,33.72112577906124,33.28036380578442,0.8320090951446105,0,0.0,80.0,1,1,1,8,0.9999972581863403,1,8,1,0.008125916123390198,0.019857482984662056,0.8559038043022156,0.11611282080411911,0,1,1,1,0.0,0.1,0.32465648934519264,0.1
595,595,8,1,6.2,0.9504839181900024,0.4875792537805621,18.717820727064147,0.0,0.0,3,0.5038271138103378,JITTER,64.87295072012506,64.36315548984685,1.6090788872461712,0,0.0,80.0,1,1,1,8,0.9504839181900024,1,8,1,0.042119480669498444,0.14902091026306152,0.027251342311501503,0.7816082835197449,1,1,0,1,0.1,0.1,0.0,0.3038271138103378
596,596,8,0,0.0,0.9997997879981995,0.3969621274063262,16.42581340173215,3.2,0.0,3,0.45460422084320556,JITTER,107.50841990540823,105.41072497841608,2.6352681244604024,0,0.0,80.0,1,1,1,8,0.9997997879981995,1,8,1,0.16887308657169342,0.16945943236351013,0.6192834973335266,0.04238404706120491,1,1,1,0,0.1,0.1,0.25460422084320555,0.0
597,597,8,0,0.0,0.9999724626541138,0.3866597649850303,15.525707701723888,0.20000000000000018,0.0,3,0.44866626647422836,JITTER,107.28589587741787,106.87327286485547,2.671831821621387,0,0.0,80.0,1,1,1,8,0.9999724626541138,1,8,1,0.09259241074323654,0.10001819580793381,0.6009598970413208,0.20642946660518646,0,1,1,1,0.0,0.1,0.24866626647422832,0.1
598,598,8,1,6.2,0.9253963828086853,0.5340330021143986,20.168189360817873,0.0,0.0,3,0.5272820348647657,JITTER,42.0797921208934,41.52764307192803,1.0381910767982008,0,0.0,80.0,1,1,1,3,0.9253963828086853,0,8,1,0.02599329501390457,0.8655053377151489,0.09734483063220978,0.01115654781460762,1,1,1,0,0.1,0.3272820348647657,0.1,0.0
599,599,8,0,0.0,0.9999212026596069,0.33938867063745587,15.574192403075848,3.2,0.0,3,0.420346656039976,JITTER,48.90835816381917,48.18967416685567,1.2047418541713917,0,0.0,80.0,1,1,1,8,0.9999212026596069,1,8,1,0.5172969698905945,0.2451144903898239,0.21060729026794434,0.026981255039572716,1,1,1,0,0.22034665603997602,0.1,0.1,0.0
600,600,8,0,0.0,0.9999978542327881,0.3515662851715661,14.847068620690981,0.20000000000000018,0.0,3,0.4278214314442682,JITTER,76.64206508096447,75.79760936719816,1.8949402341799542,0,0.0,80.0,1,1,1,8,0.9999978542327881,1,8,1,0.2536703050136566,0.11310544610023499,0.09444357454776764,0.538780689239502,1,1,0,1,0.1,0.1,0.0,0.22782143144426822
601,601,8,1,6.2,0.999998927116394,0.5049558141143528,19.393010700645352,0.0,0.0,3,0.512726323750414,JITTER,102.85469248387858,101.39305988913236,2.534826497228309,0,0.0,80.0,1,1,1,8,0.999998927116394,1,8,1,0.04125548154115677,0.13499422371387482,0.8129426836967468,0.010807540267705917,1,1,1,0,0.1,0.1,0.312726323750414,0.0
602,602,8,0,0.0,0.9999973773956299,0.30101082103026877,15.086351667469023,3.2,0.6341159045444326,3,0.39586762050530194,JITTER,22.65777649972917,22.635363818222693,0.5658840954555674,0,0.0,80.0,1,1,1,8,0.9999973773956299,1,8,1,9.99999993922529e-09,0.36904194951057434,0.24590188264846802,0.38505619764328003,0,1,1,1,0.0,0.1426686155656482,0.1,0.15319900493965374
603,603,8,0,0.0,0.9999785423278809,0.5704957478799818,21.299332820126892,0.20000000000000018,0.0,3,0.5449857320005012,JITTER,80.15584524560157,79.37642251013723,1.984410562753431,0,0.0,80.0,1,1,1,8,0.9999785423278809,1,8,1,0.019963078200817108,0.9316297769546509,0.04451833665370941,0.0038887762930244207,1,1,1,0,0.1,0.3449857320005012,0.1,0.0
604,604,8,1,6.2,0.9999935626983643,0.2903748240860539,14.406406220141402,0.0,0.0,3,0.3888108774461922,JITTER,46.01846553429914,45.633147319802724,1.1408286829950682,0,0.0,80.0,1,1,1,8,0.9999935626983643,1,8,1,0.2258070856332779,0.34012582898139954,0.04407770186662674,0.3899894058704376,1,1,0,1,0.1,0.12771364980522576,0.0,0.16109722764096643
605,605,8,0,0.0,0.9999971389770508,0.5810949153832234,21.598179697839445,3.2,0.0,3,0.5500250436269593,JITTER,95.79103187328606,94.20739253181222,2.3551848132953057,0,0.0,80.0,1,1,1,8,0.9999971389770508,1,8,1,0.004798701498657465,0.004760787356644869,0.9508922100067139,0.039548300206661224,1,0,1,1,0.1,0.0,0.3500250436269593,0.1
606,606,8,0,0.0,0.9996042847633362,0.3639372226869632,14.522686775325733,0.20000000000000018,0.0,3,0.4352834596886386,JITTER,76.12230678900443,75.53560251202596,1.8883900628006491,0,0.0,80.0,1,1,1,8,0.9996042847633362,1,8,1,0.13333743810653687,0.560655951499939,0.1674657016992569,0.13854099810123444,0,1,1,1,0.0,0.23528345968863854,0.1,0.1
607,607,8,1,6.2,0.9930129647254944,0.3221428984386716,14.415344870935026,0.0,0.0,3,0.40952762939406906,JITTER,47.0696761495107,46.57834548159956,1.1644586370399892,0,0.0,80.0,1,1,1,8,0.9930129647254944,1,8,1,0.214507058262825,0.09075674414634705,0.4869616627693176,0.20777450501918793,1,0,1,1,0.1,0.0,0.20952762939406908,0.1
608,608,8,0,0.0,0.9999980926513672,0.5262819987446514,19.860372934807017,3.2,0.0,3,0.5234415389937981,JITTER,51.4749618564381,50.89422634317994,1.2723556585794986,0,0.0,80.0,1,1,1,8,0.9999980926513672,1,8,1,0.018083300441503525,0.02191212587058544,0.8514786958694458,0.1085258200764656,0,1,1,1,0.0,0.1,0.32344153899379813,0.1
609,609,8,0,0.0,0.9999985694885254,0.4699690473857011,17.69328055293013,0.20000000000000018,0.0,3,0.49464492131306736,JITTER,87.66523825096377,87.54938125559008,2.188734531389752,0,0.0,80.0,1,1,1,8,0.9999985694885254,1,8,1,0.0695469006896019,0.09818685799837112,0.7499153017997742,0.08235090225934982,0,1,1,1,0.0,0.1,0.2946449213130674,0.1
610,610,8,1,6.2,0.9999926090240479,0.23751061172157054,12.457288499405863,0.0,0.0,3,0.35164175231452555,JITTER,20.106746502274724,20.021382449896745,0.5005345612474187,0,0.0,80.0,1,1,1,8,0.9999926090240479,1,8,1,0.26492413878440857,0.15992477536201477,0.23521657288074493,0.3399345278739929,1,0,1,1,0.1,0.0,0.1,0.15164175231452556
611,611,8,0,0.0,0.9999872446060181,0.38642248827886555,16.383562722944575,3.2,0.0,3,0.448528581614398,JITTER,109.45114977187811,108.0364044294319,2.700910110735798,0,0.0,80.0,1,1,1,8,0.9999872446060181,1,8,1,0.3914320170879364,9.99999993922529e-09,0.553719699382782,0.0548483170568943,1,0,1,1,0.12717162270356044,0.0,0.2213569589108376,0.1
612,612,8,0,0.0,0.9999973773956299,0.44174870320383647,17.62198025955221,0.20000000000000018,0.0,3,0.4795639935490391,JITTER,37.196035193702286,36.53374940058877,0.9133437350147192,0,0.0,80.0,1,1,1,8,0.9999973773956299,1,8,1,0.02643238753080368,0.11624681204557419,0.699268102645874,0.1580527126789093,0,1,1,1,0.0,0.1,0.27956399354903916,0.1
613,613,8,1,6.2,0.9996849298477173,0.3409110117953381,15.638078290841515,0.0,0.0,3,0.42128834191340003,JITTER,66.99559402873399,66.35767302771659,1.6589418256929147,0,0.0,80.0,1,1,1,8,0.9996849298477173,1,8,1,0.28926414251327515,0.16649854183197021,0.5199798941612244,0.024257393553853035,1,1,1,0,0.1,0.1,0.22128834191340005,0.0
614,614,8,0,0.0,0.9999433755874634,0.37995837308544916,16.354463397031623,3.2,0.0,3,0.44476124390542915,JITTER,113.55419438426551,113.41909511611624,2.8354773779029063,0,0.0,80.0,1,1,1,8,0.9999433755874634,1,8,1,0.023407015949487686,0.09866577386856079,0.5890572667121887,0.2888698875904083,0,1,1,1,0.0,0.1,0.24476124390542917,0.1
615,615,8,0,0.0,0.999692440032959,0.5374975448483758,20.061750801732067,0.20000000000000018,0.0,3,0.5289896427067273,JITTER,41.51782746287185,41.03142840666242,1.0257857101665606,0,0.0,80.0,1,1,1,8,0.999692440032959,1,8,1,0.8717784285545349,0.06741902977228165,0.03554490953683853,0.025257686153054237,1,1,1,0,0.32898964270672737,0.1,0.1,0.0
616,616,8,1,6.2,0.9984899759292603,0.306383559080824,15.26322510871552,0.0,0.0,3,0.39938491278384913,JITTER,39.54865095820041,39.01116342812291,0.9752790857030729,0,0.0,80.0,1,1,1,8,0.9984899759292603,1,8,1,0.01284824963659048,0.4593394100666046,0.29849839210510254,0.2293139547109604,0,1,1,1,0.0,0.19938491278384915,0.1,0.1
617,617,8,0,0.0,0.9999977350234985,0.37103554197666544,16.334104151634776,3.2,0.16682228350614725,3,0.43950789729302586,JITTER,41.40922893367202,41.3271086597541,1.0331777164938527,0,0.0,80.0,1,1,1,8,0.9999977350234985,1,8,1,0.012615740299224854,0.18601809442043304,0.22813646495342255,0.5732297301292419,0,1,1,1,0.0,0.1,0.1,0.23950789729302588
618,618,8,0,0.0,0.9999951124191284,0.25249742849249446,12.87353673871582,0.20000000000000018,0.0,3,0.3625662763039016,JITTER,40.698515964083974,40.35442300723631,1.0088605751809079,0,0.0,80.0,1,1,1,8,0.9999951124191284,1,8,1,0.35156184434890747,0.1345893293619156,0.22113238275051117,0.29271647334098816,1,0,1,1,0.1524074592702321,0.0,0.1,0.1101588170336695
619,619,8,1,6.2,0.9999934434890747,0.3812977969125177,15.576826764354553,0.0,0.0,3,0.4455444872337585,JITTER,37.61382991730799,37.512504258974296,0.9378126064743575,0,0.0,80.0,1,1,1,8,0.9999934434890747,1,8,1,0.03339062258601189,0.03285342827439308,0.4661189615726471,0.46763700246810913,1,0,1,1,0.1,0.0,0.17232878789942876,0.1732156993343297
620,620,8,0,0.0,0.9999270439147949,0.43907155951276367,17.53635328327144,3.2,0.0,3,0.4781086267488378,JITTER,106.02818862189409,105.34876591915524,2.6337191479788813,0,0.0,80.0,1,1,1,8,0.9999270439147949,1,8,1,0.027422567829489708,0.6944729089736938,0.22386382520198822,0.05424072593450546,0,1,1,1,0.0,0.27810862674883785,0.1,0.1
621,621,8,0,0.0,0.999997615814209,0.3348122055174246,14.921277490017392,0.20000000000000018,0.0,3,0.4175029681373421,JITTER,56.07586865182536,56.01388192735489,1.4003470481838722,0,0.0,80.0,1,1,1,8,0.999997615814209,1,8,1,0.04262140765786171,0.12736624479293823,0.37687090039253235,0.453141450881958,0,1,1,1,0.0,0.1,0.13497458713506522,0.1825283810022769
622,622,8,1,6.2,0.9999933242797852,0.39784189140456516,17.034747596637708,0.0,0.0,3,0.4551076984436961,JITTER,55.73696235020542,55.44177139675668,1.386044284918917,0,0.0,80.0,1,1,1,8,0.9999933242797852,1,8,1,0.11309698224067688,0.2660534083843231,0.620849609375,9.99999993922529e-09,1,1,1,0,0.1,0.1,0.2551076984436961,0.0
623,623,8,0,0.0,0.9999904632568359,0.4044981518047986,16.94437797405801,3.2,0.0,3,0.45889909084152286,JITTER,81.04850673417886,80.71557519569811,2.017889379892453,0,0.0,80.0,1,1,1,8,0.9999904632568359,1,8,1,0.016425948590040207,0.02644076757133007,0.32442769408226013,0.6327056288719177,0,1,1,1,0.0,0.1,0.1,0.25889909084152285
624,624,8,0,0.0,0.9999932050704956,0.5664202577404368,21.202471613005514,0.20000000000000018,0.0,3,0.543035616731884,JITTER,108.83654530628405,106.81291124013502,2.670322781003376,0,0.0,80.0,1,1,1,8,0.9999932050704956,1,8,1,0.05811528488993645,0.9242279529571533,0.002353788586333394,0.0153029290959239,1,1,0,1,0.1,0.3430356167318841,0.0,0.1
625,625,8,1,6.2,0.9999960660934448,0.498353235669253,18.641462935303508,0.0,0.0,3,0.509363202813975,JITTER,29.98310571767902,29.918700233823188,0.7479675058455797,0,0.0,80.0,1,1,1,8,0.9999960660934448,1,8,1,0.0931050181388855,0.05322650820016861,0.8010295033454895,0.05263887345790863,1,1,1,0,0.1,0.1,0.3093632028139749,0.0
626,626,8,0,0.0,0.9999963045120239,0.3918469181219416,16.38609951495988,3.2,0.4214522330603001,3,0.4516657344932163,JITTER,31.532643811098797,31.14191067758799,0.7785477669396998,0,0.0,80.0,1,1,1,8,0.9999963045120239,1,8,1,0.038007110357284546,0.2330978810787201,0.1187131479382515,0.6101819276809692,0,1,1,1,0.0,0.1,0.1,0.2516657344932163
627,627,8,0,0.0,0.9999974966049194,0.3609813540864968,15.497966648408541,0.20000000000000018,0.0,3,0.4335121873486474,JITTER,32.19689642096229,31.648015116933077,0.791200377923327,0,0.0,80.0,1,1,1,8,0.9999974966049194,1,8,1,0.026774078607559204,0.08472513407468796,0.3953629434108734,0.49313780665397644,0,1,1,1,0.0,0.1,0.137400979932025,0.19611120741662239
628,628,8,1,6.2,0.9999942779541016,0.3946018886154103,15.985046790657428,0.0,0.0,3,0.45325072373112846,JITTER,95.42715149378924,93.86251101156863,2.346562775289216,0,0.0,80.0,1,1,1,8,0.9999942779541016,1,8,1,0.07096540182828903,0.233546182513237,0.08040540665388107,0.6150829792022705,0,1,1,1,0.0,0.1,0.1,0.25325072373112845
629,629,8,0,0.0,0.999988317489624,0.28698397548189336,13.345533910539897,3.2,0.0,3,0.3865340437709276,JITTER,72.60605268860209,71.15875672594032,1.7789689181485082,0,0.0,80.0,1,1,1,8,0.999988317489624,1,8,1,0.15982584655284882,0.11771534383296967,0.3401910662651062,0.3822678029537201,1,0,1,1,0.1,0.0,0.12909890400220533,0.15743513976872223
630,630,8,0,0.0,0.9999916553497314,0.3073280000000001,11.716353754208182,0.20000000000000018,0.0,4,0.4,JITTER,24.417510294416125,24.221552466540064,0.6055388116635017,0,0.0,80.0,1,1,1,8,0.9999916553497314,1,8,1,0.2796843349933624,0.21763138473033905,0.26188820600509644,0.2407960593700409,1,1,1,1,0.1,0.1,0.1,0.1
631,631,8,1,6.2,0.9999977350234985,0.395004626908527,16.721459395295067,0.0,0.0,3,0.4534819629566923,JITTER,52.393666893763616,51.39960656856725,1.2849901642141814,0,0.0,80.0,1,1,1,8,0.9999977350234985,1,8,1,0.0032938604708760977,0.03248727321624756,0.3684089481830597,0.5958099365234375,0,1,1,1,0.0,0.1,0.11147450132470552,0.24200746163198675
632,632,8,0,0.0,0.9999673366546631,0.3482133717368293,15.06602568357452,3.2,0.0,3,0.42577646182963413,JITTER,77.68609584975928,76.4334992774643,1.9108374819366079,0,0.0,80.0,1,1,1,8,0.9999673366546631,1,8,1,0.5328604578971863,0.07445703446865082,0.3034582734107971,0.08922427147626877,1,0,1,1,0.2257764618296341,0.0,0.1,0.1
633,633,8,0,0.0,0.9999969005584717,0.32684880808454136,14.82283316045284,0.20000000000000018,0.0,3,0.4125080035853116,JITTER,37.034119365851886,36.30926229183775,0.9077315572959437,0,0.0,80.0,1,1,1,8,0.9999969005584717,1,8,1,0.41455525159835815,0.03841063380241394,0.14942269027233124,0.39761143922805786,1,0,1,1,0.1616000961037821,0.0,0.1,0.15090790748152952
634,634,8,1,6.2,0.9999953508377075,0.4771106474338839,18.364192550772238,0.0,0.0,3,0.4983890371570505,JITTER,69.86395468763152,69.17415701628909,1.7293539254072272,0,0.0,80.0,1,1,1,8,0.9999953508377075,1,8,1,0.033836714923381805,0.7627601623535156,0.154495507478714,0.048907630145549774,0,1,1,1,0.0,0.29838903715705056,0.1,0.1
635,635,8,0,0.0,0.9999932050704956,0.4418217664646717,17.85755456493898,3.2,0.0,3,0.4796036507797342,JITTER,117.08847285457378,116.19688543974915,2.904922135993729,0,0.0,80.0,1,1,1,8,0.9999932050704956,1,8,1,0.07784344255924225,0.6993989944458008,0.21319949626922607,0.009557998739182949,1,1,1,0,0.1,0.27960365077973426,0.1,0.0
636,636,8,0,0.0,0.9999746084213257,0.5902057004146429,21.897372052585613,0.20000000000000018,0.0,3,0.5543200995910414,JITTER,59.7525024554993,59.05369370929506,1.4763423427323765,0,0.0,80.0,1,1,1,8,0.9999746084213257,1,8,1,0.003700862405821681,0.0026311299297958612,0.9674637913703918,0.026204189285635948,1,0,1,1,0.1,0.0,0.3543200995910415,0.1
637,637,8,1,6.2,0.9999860525131226,0.3129211721611415,14.315911690905798,0.0,0.0,3,0.40362345968747937,JITTER,32.8052610547787,32.59459509887114,0.8148648774717785,0,0.0,80.0,1,1,1,8,0.9999860525131226,1,8,1,0.353310763835907,0.06904653459787369,0.4275875687599182,0.1500551551580429,1,0,1,1,0.127860121862958,0.0,0.1757633378245214,0.1
638,638,8,0,0.0,0.9999971389770508,0.4434232260079756,17.894274923796964,3.2,0.21900979006497245,3,0.48047206782410457,JITTER,39.320832244513056,39.2396083974011,0.9809902099350275,0,0.0,80.0,1,1,1,8,0.9999971389770508,1,8,1,0.009570108726620674,0.11713684350252151,0.7022683024406433,0.17102476954460144,0,1,1,1,0.0,0.1,0.2804720678241046,0.1
639,639,8,0,0.0,0.9999915361404419,0.3898067012728302,16.830014338338284,0.20000000000000018,0.0,3,0.4504883631616238,JITTER,106.61446063310201,105.35783614488285,2.6339459036220716,0,0.0,80.0,1,1,1,8,0.9999915361404419,1,8,1,0.6065537929534912,0.08594291657209396,0.3044486343860626,0.0030545671470463276,1,1,1,0,0.2504883631616238,0.1,0.1,0.0
640,640,8,1,6.2,0.9997755885124207,0.24680116135965718,12.672690665081316,0.0,0.0,3,0.35845325297554653,JITTER,55.86727915279112,55.410654229060256,1.3852663557265066,0,0.0,80.0,1,1,1,8,0.9997755885124207,1,8,1,0.14553633332252502,0.22315795719623566,0.29016420245170593,0.3411415219306946,0,1,1,1,0.0,0.1,0.11071680070884549,0.147736452266701
641,641,8,0,0.0,0.9999971389770508,0.4234175394591886,16.301171726199488,3.2,0.0,3,0.4695083803852412,JITTER,63.15190036873546,62.35220888734848,1.558805222183712,0,0.0,80.0,1,1,1,8,0.9999971389770508,1,8,1,0.09201794117689133,0.13106726109981537,0.11044608056545258,0.6664687395095825,0,1,1,1,0.0,0.1,0.1,0.26950838038524116
642,642,8,0,0.0,0.9999909400939941,0.277467901625239,14.744942651806646,0.20000000000000018,0.0,3,0.38007149694101516,JITTER,112.67693914889932,110.57488410003086,2.7643721025007717,0,0.0,80.0,1,1,1,8,0.9999909400939941,1,8,1,0.007039507385343313,0.3614804446697235,0.31217560172080994,0.31930455565452576,0,1,1,1,0.0,0.14757532838174692,0.1138067999208486,0.11868936863841958
643,643,8,1,6.2,0.9995427131652832,0.297666975486968,13.881675923509915,0.0,0.0,3,0.393662688227819,JITTER,59.14919795306634,58.759685745041104,1.4689921436260276,0,0.0,80.0,1,1,1,8,0.9995427131652832,1,8,1,0.19930501282215118,0.2527404725551605,0.44410449266433716,0.10385004431009293,1,1,1,0,0.1,0.1,0.19366268822781904,0.0
644,644,8,0,0.0,0.9999960660934448,0.40403704176502314,16.118318350672183,3.2,0.0,3,0.45863745390202504,JITTER,65.1046500185255,64.36514683241376,1.609128670810344,0,0.0,80.0,1,1,1,8,0.9999960660934448,1,8,1,0.10849945992231369,0.07532095164060593,0.6318839192390442,0.18429560959339142,1,0,1,1,0.1,0.0,0.2586374539020251,0.1
645,645,8,0,0.0,0.9999974966049194,0.35932138273827957,15.209189756923728,0.20000000000000018,0.0,3,0.4325142867652819,JITTER,66.18179114497482,65.30984153328424,1.6327460383321062,0,0.0,80.0,1,1,1,8,0.9999974966049194,1,8,1,0.06772249937057495,0.04747994989156723,0.49540621042251587,0.3893912434577942,1,0,1,1,0.1,0.0,0.19815963376169923,0.1343546530035827
646,646,8,1,6.2,0.999996542930603,0.26432016938035563,13.362688119085671,0.0,0.0,3,0.37095743371478185,JITTER,75.43990233797636,74.95600734755892,1.8739001836889733,0,0.0,80.0,1,1,1,8,0.999996542930603,1,8,1,0.10696347802877426,0.29967200756073,0.2218891829252243,0.37147533893585205,0,1,1,1,0.0,0.11028580441191813,0.1,0.16067162930286374
647,647,8,0,0.0,0.9999619722366333,0.38863757041499475,16.066328868489244,3.2,0.0,3,0.4498122904437051,JITTER,54.57308057626326,54.15986108224148,1.353996527056037,0,0.0,80.0,1,1,1,8,0.9999619722366333,1,8,1,0.41309916973114014,0.5369758605957031,0.016527187079191208,0.03339781612157822,1,1,0,1,0.13906217239720026,0.21075011804650487,0.0,0.1
648,648,8,0,0.0,0.9999897480010986,0.5782918775918411,21.39840382486814,0.20000000000000018,0.0,3,0.5486968572402008,JITTER,29.463976824938868,29.366119513880196,0.734152987847005,0,0.0,80.0,1,1,1,8,0.9999897480010986,1,8,1,0.027269959449768066,0.01321321353316307,0.9457963705062866,0.01372044812887907,1,0,1,1,0.1,0.0,0.34869685724020083,0.1
649,649,8,1,6.2,0.9998935461044312,0.4563536908485924,17.560546632948537,0.0,0.0,3,0.48742714341931764,JITTER,92.31138021453862,91.59301912498779,2.289825478124695,0,0.0,80.0,1,1,1,8,0.9998935461044312,1,8,1,0.15313445031642914,0.06594210863113403,0.7254573702812195,0.05546613782644272,1,1,1,0,0.1,0.1,0.28742714341931763,0.0
650,650,8,0,0.0,0.8461272716522217,0.34864115794980277,15.373562205224385,3.2,0.17531505074802278,3,0.4260379184656391,JITTER,41.453897256014365,40.98739797007909,1.0246849492519772,0,0.0,80.0,1,1,1,8,0.8461272716522217,1,8,1,0.1197030320763588,0.05159405246376991,0.2950872778892517,0.5336155891418457,1,0,1,1,0.1,0.0,0.1,0.22603791846563906
651,651,8,0,0.0,0.9999940395355225,0.26845846092663034,14.139622173447108,0.20000000000000018,0.0,3,0.3738500770575084,JITTER,95.55395424734273,95.06199975466689,2.3765499938666723,0,0.0,80.0,1,1,1,8,0.9999940395355225,1,8,1,0.3662514388561249,0.05047520250082016,0.31428372859954834,0.2689896523952484,1,0,1,1,0.1550173463823267,0.0,0.11883273067518174,0.1
652,652,8,1,6.2,0.9985344409942627,0.3419669658079909,14.117296444240628,0.0,0.0,3,0.42194029674724587,JITTER,102.67898819237445,100.77428298177824,2.5193570745444562,0,0.0,80.0,1,1,1,8,0.9985344409942627,1,8,1,0.14700192213058472,0.13523434102535248,0.5218413472175598,0.1959223747253418,1,0,1,1,0.1,0.0,0.22194029674724589,0.1
653,653,8,0,0.0,0.9999877214431763,0.3395311771077012,14.720581964369233,3.2,0.0,3,0.4204348968043763,JITTER,79.73945290738408,78.6726225003508,1.96681556250877,0,0.0,80.0,1,1,1,8,0.9999877214431763,1,8,1,0.2821371853351593,0.1115407645702362,0.5175480842590332,0.08877401053905487,1,1,1,0,0.1,0.1,0.22043489680437625,0.0
654,654,8,0,0.0,0.9999860525131226,0.3460790832916447,14.73861704335417,0.20000000000000018,0.0,3,0.42446961005505424,JITTER,25.25759903230554,24.77996778661553,0.6194991946653883,0,0.0,80.0,1,1,1,8,0.9999860525131226,1,8,1,0.5290939211845398,0.23060718178749084,0.09543333947658539,0.14486555755138397,1,1,0,1,0.22446961005505425,0.1,0.0,0.1
655,655,8,1,6.2,0.9859397411346436,0.3894203664329561,15.833531726038391,0.0,0.0,3,0.4502650698052335,JITTER,59.24847342649438,58.15367965988551,1.4538419914971379,0,0.0,80.0,1,1,1,8,0.9859397411346436,1,8,1,0.02562563121318817,0.02255978062748909,0.4728587567806244,0.47895580530166626,1,0,1,1,0.1,0.0,0.17337011553875595,0.17689495426647753
656,656,8,0,0.0,0.9999973773956299,0.38451232205215824,16.210017285440546,3.2,0.0,3,0.44741862348576666,JITTER,77.89775247502425,77.89055659404366,1.9472639148510915,0,0.0,80.0,1,1,1,8,0.9999973773956299,1,8,1,0.04022543504834175,0.11089968681335449,0.2517305612564087,0.5971443057060242,0,1,1,1,0.0,0.1,0.1,0.24741862348576668
657,657,8,0,0.0,0.9999978542327881,0.2801244578823431,13.204360093626544,0.20000000000000018,0.0,3,0.3818866187339732,JITTER,23.854199932343572,23.529583007780037,0.588239575194501,0,0.0,80.0,1,1,1,8,0.9999978542327881,1,8,1,0.16732384264469147,0.12572167813777924,0.32275280356407166,0.38420167565345764,1,0,1,1,0.1,0.0,0.12000038442156077,0.16188623431241242
658,658,8,1,6.2,0.9999747276306152,0.5456888953861722,20.2601341770999,0.0,0.0,3,0.5330052472533751,JITTER,76.26680138319331,76.22633050082116,1.9056582625205292,0,0.0,80.0,1,1,1,8,0.9999747276306152,1,8,1,0.027850501239299774,0.8866184949874878,0.041196130216121674,0.04433486983180046,0,1,1,1,0.0,0.3330052472533751,0.1,0.1
659,659,8,0,0.0,0.9999984502792358,0.40016844448624417,17.082441946838514,3.2,0.0,3,0.45643647848893387,JITTER,94.34599612223853,92.73806610890428,2.318451652722607,0,0.0,80.0,1,1,1,8,0.9999984502792358,1,8,1,9.99999993922529e-09,0.6249922513961792,0.22227777540683746,0.15272998809814453,0,1,1,1,0.0,0.2564364784889339,0.1,0.1
660,660,8,0,0.0,0.9999984502792358,0.3766225690550493,15.988753132578992,0.20000000000000018,0.0,3,0.4428045728784923,JITTER,69.64174824393083,68.99302499584888,1.7248256248962222,0,0.0,80.0,1,1,1,8,0.9999984502792358,1,8,1,0.10419759154319763,0.26750195026397705,0.5831373333930969,0.04516301676630974,1,1,1,0,0.1,0.1,0.24280457287849225,0.0
661,661,8,1,6.2,0.9999985694885254,0.317346716957902,14.685708602234158,0.0,0.0,3,0.40646759828271456,JITTER,20.54731088346275,20.2240401594829,0.5056010039870725,0,0.0,80.0,1,1,1,8,0.9999985694885254,1,8,1,0.06284378468990326,0.47322574257850647,0.14631421864032745,0.3176162838935852,0,1,1,1,0.0,0.2030611642611639,0.1,0.10340643402155064
662,662,8,0,0.0,0.9999978542327881,0.4004170111621679,15.745355692799006,3.2,0.0,3,0.45657821540870924,JITTER,53.07160667461054,52.13885873082942,1.3034714682707356,0,0.0,80.0,1,1,1,8,0.9999978542327881,1,8,1,0.14981308579444885,0.09681753069162369,0.625434935092926,0.12793444097042084,1,0,1,1,0.1,0.0,0.2565782154087093,0.1
663,663,8,0,0.0,0.9999990463256836,0.3085269813687833,14.505446929159975,0.20000000000000018,0.0,3,0.4007795021900049,JITTER,57.3060587558053,56.658410996841084,1.416460274921027,0,0.0,80.0,1,1,1,8,0.9999990463256836,1,8,1,0.2041252702474594,0.4630905091762543,0.0697038397192955,0.263080358505249,1,1,0,1,0.1,0.20077950219000487,0.0,0.1
664,664,8,1,6.2,0.9999974966049194,0.4340493621704588,17.027749246554325,0.0,0.0,3,0.4753664067031397,JITTER,47.03417881993275,46.883116031722544,1.1720779007930637,0,0.0,80.0,1,1,1,8,0.9999974966049194,1,8,1,0.05666867271065712,0.6854819655418396,0.17336852848529816,0.08448087424039841,0,1,1,1,0.0,0.2753664067031397,0.1,0.1
665,665,8,0,0.0,0.9999949932098389,0.39058442163769375,16.278424592237016,3.2,0.0,3,0.4509375337319409,JITTER,97.4907903381328,96.52253037299047,2.413063259324762,0,0.0,80.0,1,1,1,8,0.9999949932098389,1,8,1,0.043958451598882675,0.1555565595626831,0.607936680316925,0.1925482302904129,0,1,1,1,0.0,0.1,0.25093753373194094,0.1
666,666,8,0,0.0,0.9999985694885254,0.28787932197562915,13.257653353354195,0.20000000000000018,0.0,3,0.3871365380211835,JITTER,73.64879237522507,72.22675799295095,1.805668949823774,0,0.0,80.0,1,1,1,8,0.9999985694885254,1,8,1,0.15030936896800995,0.12520958483219147,0.38650473952293396,0.33797627687454224,1,0,1,1,0.1,0.0,0.1598833875264495,0.12725315049473396
667,667,8,1,6.2,0.9999935626983643,0.44082906401728983,17.720420859111236,0.0,0.0,3,0.47906455165986206,JITTER,116.35799122221536,114.36677525248724,2.8591693813121815,0,0.0,80.0,1,1,1,8,0.9999935626983643,1,8,1,0.017814604565501213,0.11755382269620895,0.697620689868927,0.1670108437538147,0,1,1,1,0.0,0.1,0.2790645516598621,0.1
668,668,8,0,0.0,0.9999910593032837,0.41240939318605724,17.33584765165762,3.2,0.2424940490248061,3,0.4633649724141647,JITTER,38.76092927650336,38.30023803900775,0.9575059509751939,0,0.0,80.0,1,1,1,8,0.9999910593032837,1,8,1,0.00021423836005851626,0.13868391513824463,0.21428938210010529,0.6468124985694885,0,1,1,1,0.0,0.1,0.1,0.2633649724141647
669,669,8,0,0.0,0.9999938011169434,0.29032387957363737,13.645367415310703,0.20000000000000018,0.0,3,0.38877676868779476,JITTER,107.81474246555373,107.00728780813614,2.6751821952034036,0,0.0,80.0,1,1,1,8,0.9999938011169434,1,8,1,0.2505633533000946,0.113949716091156,0.4312952756881714,0.2041916847229004,1,0,1,1,0.1,0.0,0.18877676868779472,0.1
670,670,8,1,6.2,0.9999982118606567,0.4870408988868799,18.35538718164417,0.0,0.0,3,0.5035488896010916,JITTER,30.110616593558497,29.62224473313958,0.7405561183284896,0,0.0,80.0,1,1,1,8,0.9999982118606567,1,8,1,0.05241270363330841,0.07324191182851791,0.09370692074298859,0.7806384563446045,0,1,1,1,0.0,0.1,0.1,0.3035488896010915
671,671,8,0,0.0,0.9999887943267822,0.2503597081899447,12.206116525564454,3.2,0.0,3,0.3610282155784289,JITTER,68.17635513621715,67.40679041996817,1.6851697604992044,0,0.0,80.0,1,1,1,8,0.9999887943267822,1,8,1,0.30286288261413574,0.33654913306236267,0.1791251003742218,0.18146291375160217,1,1,0,1,0.11836989439244008,0.14265832118598887,0.0,0.1
672,672,8,0,0.0,0.9999972581863403,0.33019934046660376,14.828066115391639,0.20000000000000018,0.0,3,0.4146169258022463,JITTER,118.21442963178444,116.77880657334931,2.919470164333733,0,0.0,80.0,1,1,1,8,0.9999972581863403,1,8,1,0.40001240372657776,0.13949257135391235,0.41966551542282104,0.04082949087023735,1,1,1,0,0.15113907387203704,0.1,0.16347785193020928,0.0
673,673,8,1,6.2,0.999974250793457,0.47725934690915595,18.734847889323994,0.0,0.0,3,0.49846669672636246,JITTER,62.49793856661014,62.03547336076373,1.5508868340190933,0,0.0,80.0,1,1,1,8,0.999974250793457,1,8,1,0.007365612778812647,0.7630277276039124,0.11800240725278854,0.1116042509675026,0,1,1,1,0.0,0.2984666967263625,0.1,0.1
674,674,8,0,0.0,0.999991774559021,0.460230918463901,17.72188487676941,3.2,0.0,3,0.48949337938637005,JITTER,61.76192926540456,61.61567814939717,1.5403919537349293,0,0.0,80.0,1,1,1,8,0.999991774559021,1,8,1,0.13507400453090668,0.050450634211301804,0.7324180603027344,0.08205728232860565,1,0,1,1,0.1,0.0,0.2894933793863701,0.1
675,675,8,0,0.0,0.9999696016311646,0.46842225674564936,18.348331308816682,0.20000000000000018,0.0,3,0.4938302477481805,JITTER,99.47505584175718,97.80841721680244,2.4452104304200613,0,0.0,80.0,1,1,1,8,0.9999696016311646,1,8,1,0.0767967626452446,0.7471346855163574,0.1564982384443283,0.019570352509617805,1,1,1,0,0.1,0.29383024774818056,0.1,0.0
676,676,8,1,6.2,0.994685173034668,0.39740719754923065,16.845293707099444,0.0,0.0,3,0.45485899840321853,JITTER,48.439713457340886,48.14539703443915,1.2036349258609789,0,0.0,80.0,1,1,1,8,0.994685173034668,1,8,1,0.05202724039554596,0.6200757622718811,0.013025648891925812,0.31487134099006653,1,1,0,1,0.1,0.2548589984032186,0.0,0.1
677,677,8,0,0.0,0.999997615814209,0.3306932185819107,14.288988681218008,3.2,0.0,3,0.4149268805620934,JITTER,107.43342563348132,107.3819212853209,2.684548032133023,0,0.0,80.0,1,1,1,8,0.999997615814209,1,8,1,0.09797538816928864,0.43076470494270325,0.3900200426578522,0.08123994618654251,1,1,1,0,0.1,0.17024421009385562,0.1446826704682378,0.0
678,678,8,0,0.0,0.9999971389770508,0.34429503980198956,14.78799201475785,0.20000000000000018,0.0,3,0.4233741224304177,JITTER,72.04574437672277,71.37762713645002,1.7844406784112505,0,0.0,80.0,1,1,1,8,0.9999971389770508,1,8,1,0.08967912942171097,0.2236236035823822,0.5259466767311096,0.1607505977153778,0,1,1,1,0.0,0.1,0.22337412243041768,0.1
679,679,8,1,6.2,0.9999759197235107,0.45684317458824164,18.341094176591042,0.0,0.0,3,0.48768847988149366,JITTER,89.01267695784597,88.72179830538603,2.218044957634651,0,0.0,80.0,1,1,1,8,0.9999759197235107,1,8,1,9.99999993922529e-09,0.024427397176623344,0.7263359427452087,0.24923667311668396,0,1,1,1,0.0,0.1,0.2876884798814937,0.1
680,680,8,0,0.0,0.999997615814209,0.4798240323072063,18.537834271200687,3.2,0.0,3,0.4998042267223897,JITTER,86.83307407951537,86.17881463923393,2.1544703659808486,0,0.0,80.0,1,1,1,8,0.999997615814209,1,8,1,0.026172207668423653,0.027339763939380646,0.17884473502635956,0.7676432728767395,0,1,1,1,0.0,0.1,0.1,0.2998042267223897
681,681,8,0,0.0,0.9999982118606567,0.537604117495224,20.421260929119555,0.20000000000000018,0.0,3,0.5290420829761837,JITTER,81.8714778169642,81.8058250627368,2.04514562656842,0,0.0,80.0,1,1,1,8,0.9999982118606567,1,8,1,9.99999993922529e-09,0.01428138092160225,0.8719714283943176,0.11374717205762863,0,1,1,1,0.0,0.1,0.32904208297618376,0.1
682,682,8,1,6.2,0.9999709129333496,0.4261516402957199,17.457971918296806,0.0,0.0,3,0.47102180099608804,JITTER,66.17271971845094,65.48154447784681,1.6370386119461704,0,0.0,80.0,1,1,1,8,0.9999709129333496,1,8,1,0.012921796180307865,0.07458057254552841,0.6713555455207825,0.24114207923412323,0,1,1,1,0.0,0.1,0.2710218009960881,0.1
683,683,8,0,0.0,0.9999982118606567,0.22137873480765471,12.243628354547004,3.2,0.16707648118200868,3,0.33948991461912403,JITTER,41.432640285498664,41.31694075271965,1.0329235188179913,0,0.0,80.0,1,1,1,8,0.9999982118606567,1,8,1,0.16598717868328094,0.2638891339302063,0.3074898421764374,0.2626338303089142,0,1,1,1,0.0,0.10234034588895521,0.13577174284021853,0.10137782588995031
684,684,8,0,0.0,0.9999895095825195,0.4686604064699041,18.393681748139482,0.20000000000000018,0.0,3,0.49395576547447306,JITTER,38.84743030123014,38.58005037035302,0.9645012592588256,0,0.0,80.0,1,1,1,8,0.9999895095825195,1,8,1,0.016699286177754402,0.215823233127594,0.7475627660751343,0.019914692267775536,0,1,1,1,0.0,0.1,0.2939557654744731,0.1
685,685,8,1,6.2,0.9997919201850891,0.5035799573668504,19.056304861680083,0.0,0.0,3,0.5120273327336055,JITTER,29.681014930497145,29.118666670477026,0.7279666667619257,0,0.0,80.0,1,1,1,8,0.9997919201850891,1,8,1,0.10133745521306992,0.8104594945907593,0.055699605494737625,0.03250351920723915,1,1,1,0,0.1,0.3120273327336055,0.1,0.0
686,686,8,0,0.0,0.9999977350234985,0.44382407885127545,17.774399252071614,3.2,0.0,3,0.4806891911904402,JITTER,60.49940614958173,59.5205625386873,1.4880140634671826,0,0.0,80.0,1,1,1,8,0.9999977350234985,1,8,1,0.018879476934671402,0.2577715218067169,0.7029865980148315,0.0203623678535223,0,1,1,1,0.0,0.1,0.2806891911904402,0.1
687,687,8,0,0.0,0.999998927116394,0.3660811341631577,16.19696302895122,0.20000000000000018,0.0,3,0.43656367894528136,JITTER,117.44171231088467,117.25207852033625,2.9313019630084067,0,0.0,80.0,1,1,1,8,0.999998927116394,1,8,1,9.99999993922529e-09,0.1001274436712265,0.5407931804656982,0.35907939076423645,0,1,1,1,0.0,0.1,0.2224567430281754,0.11410693591710594
688,688,8,1,6.2,0.9999946355819702,0.3202215415067363,13.803082589443953,0.0,0.0,3,0.40830453008657797,JITTER,85.1669467934994,83.68264176698219,2.0920660441745547,0,0.0,80.0,1,1,1,8,0.9999946355819702,1,8,1,0.19146060943603516,0.19214391708374023,0.13280674815177917,0.4835888147354126,1,1,0,1,0.1,0.1,0.0,0.20830453008657798
689,689,8,0,0.0,0.9999958276748657,0.5328642831371514,20.29071785670937,3.2,0.0,3,0.5267047465260724,JITTER,83.42344339667284,82.70762666965776,2.067690666741444,0,0.0,80.0,1,1,1,8,0.9999958276748657,1,8,1,0.01072479598224163,9.99999993922529e-09,0.12588556110858917,0.8633896708488464,1,0,1,1,0.1,0.0,0.1,0.3267047465260724
690,690,9,0,0.0,0.999555766582489,0.4971024838125603,18.78747090738807,0.20000000000000018,0.0,3,0.5087236090842373,JITTER,63.10763576379383,63.062325887344265,1.5765581471836068,0,0.0,80.0,1,1,1,9,0.999555766582489,1,9,1,0.03970474749803543,0.7987737059593201,0.07374504953622818,0.08777647465467453,0,1,1,1,0.0,0.30872360908423735,0.1,0.1
691,691,9,1,6.2,0.9999735355377197,0.5003019611656134,18.83327841353325,0.0,0.0,3,0.5103581201985213,JITTER,73.46007512892753,72.0003602651719,1.8000090066292977,0,0.0,80.0,1,1,1,9,0.9999735355377197,1,9,1,0.048211853951215744,0.8045447468757629,0.10480224341154099,0.042441148310899734,1,1,1,0,0.1,0.3103581201985214,0.1,0.0
692,692,9,0,0.0,0.9999040365219116,0.3476874125111192,15.373337322820202,3.2,0.0,3,0.4254547830784795,JITTER,115.87075259719342,115.77713081618766,2.894428270404692,0,0.0,80.0,1,1,1,9,0.9999040365219116,1,9,1,0.05162575840950012,0.5319321155548096,0.15099897980690002,0.2654431462287903,0,1,1,1,0.0,0.22545478307847952,0.1,0.1
693,693,9,0,0.0,0.9999489784240723,0.368737823449954,15.196147355187842,0.20000000000000018,0.0,3,0.4381449096049872,JITTER,90.57970036294881,90.03302493883935,2.2508256234709836,0,0.0,80.0,1,1,1,9,0.9999489784240723,1,9,1,0.09158216416835785,0.5691578984260559,0.13221512734889984,0.20704476535320282,0,1,1,1,0.0,0.23814490960498716,0.1,0.1
694,694,9,1,6.2,0.9999910593032837,0.45676606794476843,18.339261744949802,0.0,0.0,3,0.48764732176566195,JITTER,110.29891534061368,110.19939319026166,2.7549848297565416,0,0.0,80.0,1,1,1,9,0.9999910593032837,1,9,1,9.99999993922529e-09,0.7261975407600403,0.27380242943763733,9.99999993922529e-09,0,1,1,1,0.0,0.287647321765662,0.1,0.1
695,695,9,0,0.0,0.9962843656539917,0.49278291741898034,19.09676989487039,3.2,0.0,3,0.5065085125561537,JITTER,113.58741020110806,111.68487618424605,2.7921219046061516,0,0.0,80.0,1,1,1,9,0.9962843656539917,1,9,1,0.00916299968957901,0.1382967233657837,0.06155475601553917,0.7909855246543884,0,1,1,1,0.0,0.1,0.1,0.30650851255615363
696,696,9,0,0.0,0.9812381863594055,0.5435778706441798,20.060083057835474,0.20000000000000018,0.0,3,0.531973269513981,JITTER,31.75043822526015,31.71244924673295,0.7928112311683239,0,0.0,80.0,1,1,1,9,0.9812381863594055,1,9,1,0.057751353830099106,0.0060240961611270905,0.8827928900718689,0.053431689739227295,1,0,1,1,0.1,0.0,0.3319732695139811,0.1
697,697,9,1,6.2,0.9999914169311523,0.2549994079783974,12.804012301757817,0.0,0.0,3,0.3643581703355838,JITTER,103.4707664326936,103.14843912082338,2.5787109780205846,0,0.0,80.0,1,1,1,9,0.9999914169311523,1,9,1,0.21307653188705444,0.3268866240978241,0.3230840265750885,0.13695286214351654,1,1,1,0,0.1,0.13353742898404888,0.13082074135153496,0.0
698,698,9,0,0.0,0.6211429834365845,0.42461646154486354,14.665482395038145,3.2,0.0,3,0.4701726254939578,JITTER,73.48981529758706,72.14385688828263,1.8035964222070657,0,0.0,80.0,1,1,0,9,0.6211429834365845,1,15,0,0.6686114072799683,0.053535543382167816,0.1045299768447876,0.1733231097459793,1,0,1,1,0.2701726254939578,0.0,0.1,0.1
699,699,9,0,0.0,0.9999303817749023,0.33010366604390523,15.475912504792682,0.20000000000000018,0.0,3,0.4145568543484085,JITTER,76.74481135493232,76.13509945922375,1.903377486480594,0,0.0,80.0,1,1,1,9,0.9999303817749023,1,9,1,0.5009511709213257,0.2380329966545105,0.2377990484237671,0.023216815665364265,1,1,1,0,0.21455685434840846,0.1,0.1,0.0
700,700,9,1,6.2,0.9999886751174927,0.3765919631539372,15.160858750013627,0.0,0.0,3,0.4427865804512908,JITTER,64.50160548539921,64.4201823085173,1.6105045577129324,0,0.0,80.0,1,1,1,9,0.9999886751174927,1,9,1,0.2049655169248581,0.5830830335617065,0.10710794478654861,0.10484354943037033,1,1,1,0,0.1,0.24278658045129078,0.1,0.0
701,701,9,0,0.0,0.9999871253967285,0.2987765994081179,13.981408462511386,3.2,0.0,3,0.3943957410074843,JITTER,116.87523213615988,116.14907653625146,2.9037269134062864,0,0.0,80.0,1,1,1,9,0.9999871253967285,1,9,1,0.4100133776664734,0.08275607228279114,0.33905088901519775,0.16817964613437653,1,0,1,1,0.1706161229294663,0.0,0.12377961807801807,0.1
702,702,9,0,0.0,0.6062483191490173,0.5835459946146876,21.697925672796543,0.20000000000000018,0.0,3,0.5511838356542491,JITTER,38.936349167285385,38.713596414829034,0.9678399103707259,0,0.0,80.0,1,1,0,9,0.6062483191490173,1,9,1,0.004569984041154385,0.9553492069244385,0.037564750760793686,0.002516089240089059,1,1,1,0,0.1,0.35118383565424915,0.1,0.0
703,703,9,1,6.2,0.9989467263221741,0.36653897421060033,15.705661124196569,0.0,0.0,3,0.4368365882295282,JITTER,116.43731948914788,116.2177511824808,2.9054437795620203,0,0.0,80.0,1,1,1,9,0.9989467263221741,1,9,1,0.011122030206024647,0.4747788906097412,0.42611420154571533,0.0879848375916481,0,1,1,1,0.0,0.18291778682475726,0.1539188014047709,0.1
704,704,9,0,0.0,0.9998929500579834,0.34477761884479036,14.910959226901518,3.2,0.0,3,0.42367072841116615,JITTER,106.73030405011814,105.2193361687284,2.6304834042182104,0,0.0,80.0,1,1,1,9,0.9998929500579834,1,9,1,0.08139239251613617,0.279700368642807,0.11210931092500687,0.526797890663147,0,1,1,1,0.0,0.1,0.1,0.22367072841116611
705,705,9,0,0.0,0.9999827146530151,0.4692372828421926,18.114451148541807,0.20000000000000018,0.0,3,0.49425967825762285,JITTER,103.00191791590281,100.9915315489567,2.5247882887239177,0,0.0,80.0,1,1,1,9,0.9999827146530151,1,9,1,0.03786448389291763,0.7485997676849365,0.15071232616901398,0.06282349675893784,0,1,1,1,0.0,0.2942596782576229,0.1,0.1
706,706,9,1,6.2,0.9999856948852539,0.5032445571485736,18.936664719720874,0.0,0.0,3,0.5118567911132907,JITTER,104.21546555168719,102.24916493305385,2.5562291233263466,0,0.0,80.0,1,1,1,9,0.9999856948852539,1,9,1,0.0405026413500309,0.8098542094230652,0.05583370476961136,0.09380940347909927,0,1,1,1,0.0,0.3118567911132908,0.1,0.1
707,707,9,0,0.0,0.9999361038208008,0.49982083198008015,19.275317667870667,3.2,0.3956704249679075,3,0.5101126611870479,JITTER,32.69352567909198,32.1731830012837,0.8043295750320925,0,0.0,80.0,1,1,1,9,0.9999361038208008,1,9,1,0.05472881346940994,0.1320275217294693,0.8036767840385437,0.009566882625222206,1,1,1,0,0.1,0.1,0.31011266118704794,0.0
708,708,9,0,0.0,0.9999045133590698,0.27102936120212684,12.86094030445829,0.20000000000000018,0.0,3,0.3756359048165696,JITTER,74.56756940810477,73.75702649792244,1.843925662448061,0,0.0,80.0,1,1,1,9,0.9999045133590698,1,9,1,0.37197422981262207,0.31438878178596497,0.16886259615421295,0.14477433264255524,1,1,1,0,0.15777073702340713,0.11786516779316253,0.1,0.0
709,709,9,1,6.2,0.9999867677688599,0.532724831293717,19.96638313874127,0.0,0.0,3,0.5266358220772883,JITTER,109.89215763205137,107.75628526352828,2.6939071315882073,0,0.0,80.0,1,1,1,9,0.9999867677688599,1,9,1,0.02312285080552101,0.8631372451782227,0.027631469070911407,0.08610843122005463,0,1,1,1,0.0,0.32663582207728836,0.1,0.1
710,710,10,0,0.0,0.7503102421760559,0.5004151527191227,19.271162321100846,3.2,0.0,3,0.5104158502954032,JITTER,90.4838323043181,89.60986997939246,2.2402467494848115,0,0.0,80.0,1,1,0,8,0.7503102421760559,0,10,1,0.010619351640343666,0.8047489523887634,0.01958794891834259,0.16504378616809845,0,1,1,1,0.0,0.3104158502954032,0.1,0.1
711,711,10,0,0.0,0.9931761622428894,0.42753488383864596,17.140692830062957,0.20000000000000018,0.0,3,0.4717856253647794,JITTER,65.64038579018452,65.13319374420709,1.6283298436051774,0,0.0,80.0,1,1,1,15,0.9931761622428894,0,15,0,0.6738286018371582,0.29439207911491394,0.012511126697063446,0.019268183037638664,1,1,0,1,0.27178562536477946,0.1,0.0,0.1
712,712,10,1,6.2,0.9760066270828247,0.6005988404352303,22.227674402382817,0.0,0.0,3,0.559179409541332,JITTER,56.15990295726627,55.7201632325442,1.393004080813605,0,0.0,80.0,1,1,1,15,0.9760066270828247,0,15,0,0.00920833833515644,0.0014010077575221658,0.003007324179634452,0.986383318901062,1,0,1,1,0.1,0.0,0.1,0.3591794095413321
713,713,10,0,0.0,0.9721183776855469,0.3711465699865063,15.525538052148276,3.2,0.47673877968348166,3,0.4395736511516709,JITTER,28.975323525119528,28.930448812660728,0.7232612203165183,0,0.0,80.0,1,1,1,6,0.9721183776855469,0,6,0,0.06192217394709587,0.4810717701911926,0.43008798360824585,0.026918048039078712,1,1,1,0,0.1,0.1848827007839899,0.15469095036768096,0.0
714,714,10,0,0.0,0.8469752669334412,0.5408844901642889,19.89280424953822,0.20000000000000018,0.0,3,0.5306536925355836,JITTER,97.98698438723117,97.11279763534836,2.427819940883709,0,0.0,80.0,1,1,1,15,0.8469752669334412,0,10,1,0.02967832051217556,0.8779130578041077,0.027346894145011902,0.06506176292896271,1,1,0,1,0.1,0.33065369253558363,0.0,0.1
715,715,10,1,6.2,0.7920387983322144,0.39647302364631043,16.91414818545178,0.0,0.0,3,0.45432407174272044,JITTER,113.06844885446205,111.68399125850539,2.792099781462635,0,0.0,80.0,1,1,0,15,0.7920387983322144,0,10,1,0.006685073487460613,0.15956611931324005,0.2153358906507492,0.6184129118919373,0,1,1,1,0.0,0.1,0.1,0.2543240717427204
716,716,10,0,0.0,0.5614114999771118,0.3723479261815564,15.779191463476106,3.2,0.613912329864516,3,0.4402844995409263,JITTER,23.517598218441975,23.443506805419357,0.5860876701354839,0,0.0,80.0,1,1,0,8,0.5614114999771118,0,10,1,0.05405309051275253,0.5755561590194702,0.1284414529800415,0.24194926023483276,0,1,1,1,0.0,0.24028449954092626,0.1,0.1
717,717,10,0,0.0,0.7362130880355835,0.43773399553427145,17.440960430969625,0.20000000000000018,0.0,3,0.4773798290829432,JITTER,40.581979301300755,39.790033318394464,0.9947508329598617,0,0.0,80.0,1,1,0,15,0.7362130880355835,0,10,1,0.0028829225338995457,0.6920777559280396,0.2137879729270935,0.09125134348869324,0,1,1,1,0.0,0.27737982908294323,0.1,0.1
718,718,10,1,6.2,0.9970970153808594,0.32589393905886826,15.338837381390054,0.0,0.0,3,0.4119050042642556,JITTER,41.87042261516349,41.43852445251649,1.0359631113129122,0,0.0,80.0,1,1,1,10,0.9970970153808594,1,10,1,0.379194051027298,0.43083125352859497,0.0025549232959747314,0.18741972744464874,1,1,0,1,0.1396361338545262,0.17226887040972935,0.0,0.1
719,719,10,0,0.0,0.9868190288543701,0.6064728178821267,22.413943467688497,3.2,0.0,3,0.5619071997268,JITTER,113.61769316401961,111.39716548902922,2.7849291372257308,0,0.0,80.0,1,1,1,10,0.9868190288543701,1,10,1,0.001176535035483539,0.9970833659172058,0.0005501368432305753,0.0011899624951183796,1,1,0,1,0.1,0.3619071997268001,0.0,0.1
720,720,10,0,0.0,0.6189042925834656,0.4177160074912571,16.87680917658923,0.20000000000000018,0.0,3,0.46633658246839405,JITTER,43.63604353835446,43.59317754553089,1.0898294386382723,0,0.0,80.0,1,1,0,15,0.6189042925834656,0,10,1,0.33169838786125183,0.6562841534614563,0.009693659842014313,0.0023237860295921564,1,1,1,0,0.1,0.2663365824683941,0.1,0.0
721,721,10,1,6.2,0.9083161950111389,0.5044008855374612,19.46689758699058,0.0,0.0,3,0.5124445122578651,JITTER,35.36018325377585,35.31539712153375,0.8828849280383437,0,0.0,80.0,1,1,1,10,0.9083161950111389,1,10,1,0.007233473937958479,0.8119410872459412,0.0044314684346318245,0.1763940006494522,1,1,0,1,0.1,0.3124445122578652,0.0,0.1
722,722,10,0,0.0,0.9394597411155701,0.5249484665706793,18.625180327298693,3.2,0.22342218112067913,3,0.5227779509613911,JITTER,39.512424109233635,39.06311275517283,0.9765778188793208,0,0.0,80.0,1,1,1,15,0.9394597411155701,0,10,1,0.05127851292490959,0.005060386843979359,0.8490665555000305,0.09459450840950012,1,0,1,1,0.1,0.0,0.32277795096139117,0.1
723,723,10,0,0.0,0.998773992061615,0.4679871234658741,18.039493274112232,0.20000000000000018,0.0,3,0.49360082664549454,JITTER,111.24487962956418,110.04962262853806,2.7512405657134518,0,0.0,80.0,1,1,1,15,0.998773992061615,0,15,0,0.10796735435724258,0.7463525533676147,0.0372484028339386,0.10843167454004288,1,1,0,1,0.1,0.2936008266454946,0.0,0.1
724,724,10,1,6.2,0.976242184638977,0.4486140676629919,18.024075822506003,0.0,0.0,3,0.48327615842869553,JITTER,82.59895566990807,82.26547518657001,2.0566368796642505,0,0.0,80.0,1,1,1,10,0.976242184638977,1,10,1,0.05347779765725136,0.7115727663040161,0.008892242796719074,0.2260572761297226,1,1,0,1,0.1,0.2832761584286956,0.0,0.1
725,725,10,0,0.0,0.587073564529419,0.5127715679358259,18.519188989877634,3.2,0.0,3,0.5166791003720382,JITTER,100.05836206738502,98.82206314161569,2.4705515785403924,0,0.0,80.0,1,1,0,10,0.587073564529419,1,10,1,0.12511195242404938,0.8270556926727295,0.026316672563552856,0.0215157438069582,1,1,1,0,0.1,0.3166791003720383,0.1,0.0
726,726,10,0,0.0,0.6353432536125183,0.30379582287142415,13.23948500428103,0.20000000000000018,0.0,3,0.39769472038793763,JITTER,106.41368291927249,104.39428512869146,2.609857128217287,0,0.0,80.0,1,1,0,15,0.6353432536125183,0,10,1,0.2014995664358139,0.45481324195861816,0.12889835238456726,0.21478883922100067,1,1,0,1,0.1,0.1976947203879376,0.0,0.1
727,727,10,1,6.2,0.583157479763031,0.5572812568978172,20.69772251161367,0.0,0.0,3,0.5386369530873896,JITTER,54.790077575659225,54.69082090278149,1.3672705225695374,0,0.0,80.0,1,1,0,14,0.583157479763031,0,15,0,0.019907642155885696,0.04016073793172836,0.03229184076189995,0.907639741897583,0,1,1,1,0.0,0.1,0.1,0.3386369530873896
728,728,10,0,0.0,0.9910008311271667,0.3100078161650884,13.975238117728995,3.2,0.1445020752980919,3,0.4017401601419388,JITTER,42.592895791678245,42.21991698807632,1.055497924701908,0,0.0,80.0,1,1,1,10,0.9910008311271667,1,10,1,0.1083667203783989,0.2092633992433548,0.46568313241004944,0.21668674051761627,0,1,1,1,0.0,0.1,0.20174016014193882,0.1
729,729,10,0,0.0,0.8036888837814331,0.4120552680263026,16.021500890159395,0.20000000000000018,0.0,3,0.4631659899982704,JITTER,114.56936518244733,113.7025108586152,2.84256277146538,0,0.0,80.0,1,1,1,10,0.8036888837814331,1,10,1,0.16442839801311493,0.6461806893348694,0.09638185054063797,0.09300913661718369,1,1,1,0,0.1,0.26316598999827046,0.1,0.0
730,730,11,1,6.2,0.9942599534988403,0.3428047091715448,14.73892723919535,0.0,0.0,3,0.42245681076465746,JITTER,97.077321366537,96.02796077579734,2.4006990193949336,0,0.0,80.0,1,1,1,11,0.9942599534988403,1,11,1,0.5233184099197388,0.09140928089618683,0.27005600929260254,0.11521626263856888,1,0,1,1,0.22245681076465748,0.0,0.1,0.1
731,731,11,0,0.0,0.9949253797531128,0.4752238704953213,18.119781908684086,3.2,0.24911706560815028,3,0.49740259882958876,JITTER,38.280877043097654,38.03531737567398,0.9508829343918497,0,0.0,80.0,1,1,1,11,0.9949253797531128,1,11,1,0.08140432089567184,0.04557577893137932,0.11365436017513275,0.7593655586242676,1,0,1,1,0.1,0.0,0.1,0.29740259882958875
732,732,11,0,0.0,0.9934146404266357,0.23900190179899197,12.99808860472563,0.20000000000000018,0.0,3,0.352743975224172,JITTER,85.31918850228186,84.17104238997145,2.1042760597492864,0,0.0,80.0,1,1,1,11,0.9934146404266357,1,11,1,0.2882668673992157,0.3181603252887726,0.11546581238508224,0.2781069874763489,1,1,0,1,0.11272717908608612,0.13478712314884747,0.0,0.10522967298923838
733,733,11,1,6.2,0.9135005474090576,0.3537727656712852,15.466148460581177,0.0,0.0,3,0.429161865919078,JITTER,63.47597468090461,63.185704631195,1.579642615779875,0,0.0,80.0,1,1,1,3,0.9135005474090576,0,11,1,0.4068182706832886,0.11002226173877716,0.465594083070755,0.017565440386533737,1,1,1,0,0.14675569331223923,0.1,0.1824061726068388,0.0
734,734,11,0,0.0,0.9995906949043274,0.4142030892002663,16.599923061333303,3.2,0.0,3,0.4643715379301602,JITTER,92.19067795126763,91.87930754738825,2.2969826886847065,0,0.0,80.0,1,1,1,11,0.9995906949043274,1,11,1,0.15272687375545502,0.1413063406944275,0.6500132083892822,0.05595356598496437,1,1,1,0,0.1,0.1,0.2643715379301602,0.0
735,735,11,0,0.0,0.9998970031738281,0.6054070404018628,22.332658672750306,0.20000000000000018,0.0,3,0.5614132523011566,JITTER,113.66696918651266,113.23980057994517,2.8309950144986296,0,0.0,80.0,1,1,1,11,0.9998970031738281,1,11,1,0.0010357163846492767,0.0014090402983129025,0.002413693582639098,0.9951415657997131,0,1,1,1,0.0,0.1,0.1,0.3614132523011566
736,736,11,1,6.2,0.9999879598617554,0.3309302048007977,14.525409604106459,0.0,0.0,3,0.415075529425002,JITTER,30.731236283252045,30.425369700707886,0.7606342425176972,0,0.0,80.0,1,1,1,11,0.9999879598617554,1,11,1,0.11015661805868149,0.3707504868507385,0.06852762401103973,0.4505653381347656,1,1,0,1,0.1,0.13251043933384798,0.0,0.182565090091154
737,737,11,0,0.0,0.999599277973175,0.3074773338351902,11.71571229962295,3.2,0.0,4,0.4000971702538557,JITTER,71.9549598109694,71.22361979578764,1.7805904948946911,0,0.0,80.0,1,1,1,11,0.999599277973175,1,11,1,0.23952578008174896,0.24806135892868042,0.3075520098209381,0.20486082136631012,1,1,1,1,0.1,0.1,0.10009717025385567,0.1
738,738,11,0,0.0,0.9751967191696167,0.5129508299575927,19.584507212411268,0.20000000000000018,0.0,3,0.516769406516533,JITTER,63.666748933883945,62.400016333534516,1.560000408338363,0,0.0,80.0,1,1,1,11,0.9751967191696167,1,11,1,0.047267016023397446,0.8273795247077942,0.113182432949543,0.012171009555459023,1,1,1,0,0.1,0.31676940651653307,0.1,0.0
739,739,11,1,6.2,0.9998365640640259,0.45132371038977126,17.730876712673414,0.0,0.0,3,0.4847334626100548,JITTER,68.62806126705819,67.9720503225503,1.6993012580637576,0,0.0,80.0,1,1,1,11,0.9998365640640259,1,11,1,0.03461543843150139,0.7164322137832642,0.12874944508075714,0.12020298838615417,0,1,1,1,0.0,0.28473346261005483,0.1,0.1
740,740,11,0,0.0,0.83225417137146,0.4988417776033306,18.642047470627908,3.2,0.0,3,0.5096128092274379,JITTER,62.17660627145613,62.09350629867882,1.5523376574669705,0,0.0,80.0,1,1,1,15,0.83225417137146,0,11,1,0.15087926387786865,0.023804590106010437,0.8019106984138489,0.02340543456375599,1,1,1,0,0.1,0.1,0.30961280922743795,0.0
741,741,11,0,0.0,0.9864582419395447,0.480157627711808,18.704007924948343,0.20000000000000018,0.0,3,0.499977939804793,JITTER,79.2956631149616,78.93412600161605,1.9733531500404013,0,0.0,80.0,1,1,1,11,0.9864582419395447,1,11,1,0.7682437300682068,0.1788521260023117,0.044247910380363464,0.008656222373247147,1,1,1,0,0.29997793980479304,0.1,0.1,0.0
742,742,11,1,6.2,0.9999935626983643,0.5962011581608461,22.077821347252264,0.0,0.0,3,0.5571284470368869,JITTER,83.760898022905,83.67574089445664,2.091893522361416,0,0.0,80.0,1,1,1,11,0.9999935626983643,1,11,1,0.014427932910621166,0.00456117931753397,0.9783758521080017,0.0026350088883191347,1,1,1,0,0.1,0.1,0.35712844703688684,0.0
743,743,11,0,0.0,0.9999858140945435,0.3814740515109039,15.95564971006083,3.2,0.0,3,0.44564745162585695,JITTER,118.13871012530016,117.03055702376473,2.9257639255941186,0,0.0,80.0,1,1,1,11,0.9999858140945435,1,11,1,0.08252431452274323,0.27143967151641846,0.05428784340620041,0.5917481780052185,1,1,0,1,0.1,0.1,0.0,0.24564745162585697
744,744,11,0,0.0,0.9986974596977234,0.3252566784550881,14.782686679992466,0.20000000000000018,0.0,3,0.411502082874766,JITTER,109.67553715906985,108.63238861654345,2.7158097154135863,0,0.0,80.0,1,1,1,11,0.9986974596977234,1,11,1,0.1359095275402069,0.492430716753006,0.30397164821624756,0.06768812984228134,1,1,1,0,0.1,0.21150208287476593,0.1,0.0
745,745,11,1,6.2,0.5203520655632019,0.36448914632618457,16.03956982807759,0.0,0.0,3,0.43561339600850424,JITTER,26.033081857422175,25.604986806427345,0.6401246701606836,0,0.0,80.0,1,1,0,11,0.5203520655632019,1,11,1,0.025109676644206047,0.16614533960819244,0.2471119463443756,0.5616330504417419,0,1,1,1,0.0,0.1,0.1,0.2356133960085042
746,746,11,0,0.0,0.9999890327453613,0.44109735771500586,17.556832407102835,3.2,0.0,3,0.4792103116156301,JITTER,84.81837296671344,83.49222575010377,2.0873056437525945,0,0.0,80.0,1,1,1,11,0.9999890327453613,1,11,1,0.04447586089372635,0.698101282119751,0.030025670304894447,0.22739723324775696,1,1,0,1,0.1,0.27921031161563015,0.0,0.1
747,747,11,0,0.0,0.9937294721603394,0.3073280000000001,11.684289080078356,0.20000000000000018,0.0,4,0.4,JITTER,62.81698635088733,62.01552107576591,1.550388026894148,0,0.0,80.0,1,1,1,11,0.9937294721603394,1,11,1,0.28951430320739746,0.2929458022117615,0.21223829686641693,0.20530162751674652,1,1,1,1,0.1,0.1,0.1,0.1
748,748,11,1,6.2,0.9999943971633911,0.5966822726380658,22.09387886492317,0.0,0.0,3,0.5573531937556115,JITTER,105.62290037966075,104.28980113155067,2.607245028288767,0,0.0,80.0,1,1,1,11,0.9999943971633911,1,11,1,0.01354449987411499,0.004682130180299282,0.9792517423629761,0.0025216941721737385,1,1,1,0,0.1,0.1,0.3573531937556116,0.0
749,749,11,0,0.0,0.9963018894195557,0.3417678627483257,14.734031973248223,3.2,0.0,3,0.42181744593964465,JITTER,54.76736348359033,54.04166350132454,1.3510415875331137,0,0.0,80.0,1,1,1,11,0.9963018894195557,1,11,1,0.5214903354644775,0.09048524498939514,0.27542102336883545,0.11260336637496948,1,0,1,1,0.22181744593964467,0.0,0.1,0.1
750,750,12,0,0.0,0.9784261584281921,0.519455689588267,18.85227650856941,0.20000000000000018,0.0,3,0.5200357258677663,JITTER,87.18541886140673,85.51043532782779,2.137760883195695,0,0.0,80.0,1,1,1,4,0.9784261584281921,0,12,1,0.06478168815374374,0.8391344547271729,0.0485493503510952,0.047534506767988205,1,1,1,0,0.1,0.3200357258677663,0.1,0.0
751,751,12,1,6.2,0.9457497000694275,0.377840629520608,16.556490388788283,0.0,0.0,3,0.4435200469298294,JITTER,57.09123215416692,56.60586331669386,1.4151465829173466,0,0.0,80.0,1,1,1,12,0.9457497000694275,1,12,1,0.005895562469959259,0.5852985978126526,0.29344749450683594,0.11535834521055222,0,1,1,1,0.0,0.24352004692982934,0.1,0.1
752,752,12,0,0.0,0.9931720495223999,0.5490780582270438,20.555987513906274,3.2,0.0,3,0.5346578788254903,JITTER,101.21229611870592,100.18850881539743,2.5047127203849358,0,0.0,80.0,1,1,1,12,0.9931720495223999,1,12,1,0.013340868055820465,0.8927619457244873,0.0736941322684288,0.02020309679210186,0,1,1,1,0.0,0.33465787882549036,0.1,0.1
753,753,12,0,0.0,0.9999707937240601,0.38041355989390047,14.247907947629418,0.20000000000000018,0.0,3,0.445027574204478,JITTER,93.6573093115733,92.79620628145754,2.319905157036439,0,0.0,80.0,1,1,1,8,0.9999707937240601,0,8,0,0.08857794106006622,0.21264302730560303,0.5898653268814087,0.10891369730234146,0,1,1,1,0.0,0.1,0.24502757420447804,0.1
754,754,12,1,6.2,0.9978171586990356,0.6079122476640625,22.469508475486435,0.0,0.0,3,0.5625736323985391,JITTER,41.54951418127005,40.93025702859872,1.0232564257149679,0,0.0,80.0,1,1,1,12,0.9978171586990356,1,12,1,0.9997062087059021,0.00026399767375551164,2.266908040837734e-06,2.755534660536796e-05,1,1,0,1,0.3625736323985391,0.1,0.0,0.1
755,755,12,0,0.0,0.9998751878738403,0.4424101063832985,17.797161894454206,3.2,0.3754001773729265,3,0.47992287011294216,JITTER,33.115516918470995,32.983992905082935,0.8245998226270734,0,0.0,80.0,1,1,1,12,0.9998751878738403,1,12,1,0.04850183054804802,0.23615679144859314,0.014888311736285686,0.7004530429840088,1,1,0,1,0.1,0.1,0.0,0.27992287011294215
756,756,12,0,0.0,0.9214863181114197,0.3634472031200872,15.351534225759913,0.20000000000000018,0.0,3,0.43499031949097156,JITTER,82.68249827842087,81.44677559906293,2.0361693899765734,0,0.0,80.0,1,1,1,12,0.9214863181114197,1,12,1,0.5597885251045227,0.2873190641403198,0.08068333566188812,0.07220913469791412,1,1,1,0,0.23499031949097157,0.1,0.1,0.0
757,757,12,1,6.2,0.7467415928840637,0.5778777937151749,21.567195909389994,0.0,0.0,3,0.5485003758285268,JITTER,109.4687886867815,108.87199441309168,2.7217998603272924,0,0.0,80.0,1,1,0,3,0.7467415928840637,0,12,1,0.945043683052063,0.04276202619075775,0.0001723050227155909,0.012021955102682114,1,1,0,1,0.3485003758285269,0.1,0.0,0.1
758,758,12,0,0.0,0.9999330043792725,0.3112868556995298,14.30462217291736,3.2,0.43804269797199935,3,0.4025680628680338,JITTER,31.072425860055436,30.478292081120024,0.7619573020280006,0,0.0,80.0,1,1,1,12,0.9999330043792725,1,12,1,0.23203672468662262,0.08705173432826996,0.21298833191394806,0.4679231643676758,1,0,1,1,0.1,0.0,0.1,0.20256806286803383
759,759,12,0,0.0,0.6124120354652405,0.35416057850472316,14.57321537950129,0.20000000000000018,0.0,3,0.4293970294310091,JITTER,35.44230880221424,35.30219331771283,0.8825548329428208,0,0.0,80.0,1,1,0,12,0.6124120354652405,1,12,1,0.04945264011621475,0.5081791877746582,0.36509913206100464,0.07726902514696121,0,1,1,1,0.0,0.20806736674419438,0.1213296626868147,0.1
760,760,12,1,6.2,0.9996676445007324,0.41242903657142815,16.516348386682346,0.0,0.0,3,0.4633760075027065,JITTER,49.13294535584657,48.612734226461946,1.2153183556615488,0,0.0,80.0,1,1,1,12,0.9996676445007324,1,12,1,0.23411239683628082,0.05936231091618538,0.05967773497104645,0.6468475461006165,1,0,1,1,0.1,0.0,0.1,0.2633760075027065
761,761,12,0,0.0,0.9995796084403992,0.5340059052893203,20.075881175186694,3.2,0.0,3,0.5272686575545126,JITTER,108.2825566034078,106.63547924829292,2.6658869812073234,0,0.0,80.0,1,1,1,12,0.9995796084403992,1,12,1,0.8654562830924988,0.09056427329778671,0.017584186047315598,0.026395294815301895,1,1,0,1,0.3272686575545126,0.1,0.0,0.1
762,762,12,0,0.0,0.9998960494995117,0.5807906906787953,21.629600857038113,0.20000000000000018,0.0,3,0.5498810455393401,JITTER,90.81575538426351,90.49757227229377,2.262439306807344,0,0.0,80.0,1,1,1,12,0.9998960494995117,1,12,1,0.0018074034014716744,0.027385758236050606,0.020467793568968773,0.9503390789031982,0,1,1,1,0.0,0.1,0.1,0.3498810455393401
763,763,12,1,6.2,0.9995675683021545,0.5473704265939145,20.470996172805584,0.0,0.0,3,0.5338258389587582,JITTER,55.76826315259743,55.23466691636741,1.3808666729091854,0,0.0,80.0,1,1,1,12,0.9995675683021545,1,12,1,0.8896663188934326,0.06597963720560074,0.028313403949141502,0.016040602698922157,1,1,1,0,0.3338258389587583,0.1,0.1,0.0
764,764,12,0,0.0,0.987492561340332,0.3996553503319069,16.737386571009118,3.2,0.3361849450346672,3,0.45614376424417297,JITTER,34.74259534855858,34.55260219861331,0.8638150549653327,0,0.0,80.0,1,1,1,12,0.987492561340332,1,12,1,0.023926084861159325,0.24538415670394897,0.10661125183105469,0.6240785121917725,0,1,1,1,0.0,0.1,0.1,0.25614376424417296
765,765,12,0,0.0,0.9991450309753418,0.4823703770621955,18.906127126739733,0.20000000000000018,0.0,3,0.5011286600406086,JITTER,50.833320395284424,50.70392295991735,1.2675980739979338,0,0.0,80.0,1,1,1,12,0.9991450309753418,1,12,1,0.21101009845733643,0.004064575303345919,0.7722271680831909,0.012698122300207615,1,0,1,1,0.1,0.0,0.3011286600406087,0.1
766,766,12,1,6.2,0.9714245796203613,0.44124046820065005,17.203494712017857,0.0,0.0,3,0.4792880432745995,JITTER,75.02396919082577,73.96608891693188,1.849152222923297,0,0.0,80.0,1,1,1,12,0.9714245796203613,1,12,1,0.6983576416969299,0.16819190979003906,0.055783066898584366,0.07766735553741455,1,1,0,1,0.27928804327459955,0.1,0.0,0.1
767,767,12,0,0.0,0.9947956204414368,0.34078403229171533,15.421264700891424,3.2,0.5316644384978535,3,0.42120987573755186,JITTER,26.993163147686122,26.733422460085855,0.6683355615021465,0,0.0,80.0,1,1,1,12,0.9947956204414368,1,12,1,0.03964868187904358,0.23200523853302002,0.2085900604724884,0.5197560787200928,0,1,1,1,0.0,0.1,0.1,0.22120987573755188
768,768,12,0,0.0,0.999879002571106,0.49752466392815997,18.998117043030273,0.20000000000000018,0.0,3,0.5089395881003723,JITTER,98.2211195267795,96.75175096956572,2.418793774239143,0,0.0,80.0,1,1,1,12,0.999879002571106,1,12,1,0.7995350956916809,0.025348525494337082,0.03164883330464363,0.1434674859046936,1,0,1,1,0.30893958810037236,0.0,0.1,0.1
769,769,12,1,6.2,0.9968582391738892,0.5602509568321693,20.959567212948986,0.0,0.0,3,0.540070219276493,JITTER,101.50730962187541,100.59731560714833,2.5149328901787085,0,0.0,80.0,1,1,1,12,0.9968582391738892,1,12,1,0.9130285382270813,0.038319237530231476,0.0071379742585122585,0.04151429980993271,1,1,0,1,0.34007021927649306,0.1,0.0,0.1
770,770,12,0,0.0,0.9917883276939392,0.36586612274200986,16.013088612734627,3.2,0.0,3,0.4364354560528835,JITTER,102.05570826398608,101.56430375999604,2.5391075939999013,0,0.0,80.0,1,1,1,12,0.9917883276939392,1,12,1,0.006505690515041351,0.5324524641036987,0.09410106390714645,0.36694082617759705,0,1,1,1,0.0,0.21757673032963834,0.1,0.11885872572324516
771,771,12,0,0.0,0.9978545308113098,0.5515234902126213,20.705994007413906,0.20000000000000018,0.0,3,0.5358471604954025,JITTER,56.08105614175153,55.883252002111576,1.3970813000527895,0,0.0,80.0,1,1,1,12,0.9978545308113098,1,12,1,0.8971959352493286,0.024475770071148872,0.07308246195316315,0.0052457815036177635,1,1,1,0,0.33584716049540253,0.1,0.1,0.0
772,772,12,1,6.2,0.9825637936592102,0.22123356462731308,12.199396725529228,0.0,0.0,3,0.33937858528492393,JITTER,66.74845394285718,66.22506593587653,1.6556266483969133,0,0.0,80.0,1,1,1,12,0.9825637936592102,1,12,1,0.2588636875152588,0.2701907157897949,0.3026520907878876,0.1682935357093811,1,1,1,0,0.1,0.1072401243372201,0.13213846094770382,0.0
773,773,12,0,0.0,0.7666336297988892,0.4709342579638254,18.575156361218713,3.2,0.11425623397907114,3,0.4951526054124354,JITTER,44.09271164143122,43.42975064083715,1.0857437660209288,0,0.0,80.0,1,1,0,2,0.7666336297988892,0,12,1,0.016549842432141304,0.22745591402053833,0.004343503620475531,0.7516506910324097,1,1,0,1,0.1,0.1,0.0,0.2951526054124354
774,774,12,0,0.0,0.999987006187439,0.5435102074243983,20.2970845427425,0.20000000000000018,0.0,3,0.5319401591296098,JITTER,51.38467721116466,51.10431796223762,1.2776079490559407,0,0.0,80.0,1,1,1,12,0.999987006187439,1,12,1,0.8826702833175659,0.020779596641659737,0.07389011234045029,0.02266008034348488,1,0,1,1,0.33194015912960984,0.0,0.1,0.1
775,775,12,1,6.2,0.9963478446006775,0.4855003627318128,18.545942528506075,0.0,0.0,3,0.5027518829564231,JITTER,33.08903308504951,32.79862936886226,0.8199657342215565,0,0.0,80.0,1,1,1,12,0.9963478446006775,1,12,1,0.1351238340139389,0.03586069867014885,0.7778635621070862,0.051151856780052185,1,0,1,1,0.1,0.0,0.3027518829564232,0.1
776,776,12,0,0.0,0.9999549388885498,0.5775639090097128,21.379779877042544,3.2,0.0,3,0.5483513916783445,JITTER,50.2964628837302,49.92500052856069,1.2481250132140174,0,0.0,80.0,1,1,1,12,0.9999549388885498,1,12,1,0.944473147392273,0.020516034215688705,0.021988606080412865,0.013022202998399734,1,1,1,0,0.3483513916783445,0.1,0.1,0.0
777,777,12,0,0.0,0.9999492168426514,0.40159023708664215,16.468670173536616,0.20000000000000018,0.0,3,0.4572466155747028,JITTER,43.59972626205526,42.934258853024616,1.0733564713256154,0,0.0,80.0,1,1,1,12,0.9999492168426514,1,12,1,0.6275246143341064,0.13354602456092834,0.04637543112039566,0.19255390763282776,1,1,0,1,0.25724661557470285,0.1,0.0,0.1
778,778,12,1,6.2,0.9987533092498779,0.5123220618151071,19.607894438703614,0.0,0.0,3,0.5164525849470538,JITTER,113.00033473547174,111.87500541465978,2.796875135366495,0,0.0,80.0,1,1,1,12,0.9987533092498779,1,12,1,0.010485013015568256,0.009295476600527763,0.8262436985969543,0.15397575497627258,1,0,1,1,0.1,0.0,0.31645258494705386,0.1
779,779,12,0,0.0,0.9266214966773987,0.3733486152751858,16.167316804944697,3.2,0.0,3,0.44087573725403006,JITTER,84.29984233408325,82.83779261019458,2.070944815254865,0,0.0,80.0,1,1,1,12,0.9266214966773987,1,12,1,0.016801422461867332,0.06713445484638214,0.563245952129364,0.352818101644516,0,1,1,1,0.0,0.1,0.23255979028789212,0.10831594696613792
780,780,12,0,0.0,0.9998632669448853,0.5442724048985506,20.379881059969513,0.20000000000000018,0.0,3,0.5323130145012507,JITTER,119.88296373336586,118.41196024359209,2.9602990060898025,0,0.0,80.0,1,1,1,12,0.9998632669448853,1,12,1,0.8840514421463013,0.016221871599555016,0.03644399344921112,0.06328273564577103,1,0,1,1,0.3323130145012507,0.0,0.1,0.1
781,781,12,1,6.2,0.9998034834861755,0.3341929866257063,14.77227006462899,0.0,0.0,3,0.4171167137471067,JITTER,108.97794665398688,106.99758143353661,2.6749395358384156,0,0.0,80.0,1,1,1,12,0.9998034834861755,1,12,1,0.42423203587532043,0.4043934941291809,0.048146478831768036,0.12322799861431122,1,1,0,1,0.16474863290405575,0.1523680808430509,0.0,0.1
782,782,12,0,0.0,0.9243037104606628,0.4418929991399689,16.31088414494641,3.2,0.0,3,0.4796423112496697,JITTER,99.14514878076223,98.23116655384888,2.455779163846222,0,0.0,80.0,1,1,1,8,0.9243037104606628,0,8,0,0.6995266079902649,0.13427004218101501,0.018575169146060944,0.14762809872627258,1,1,0,1,0.27964231124966976,0.1,0.0,0.1
783,783,12,0,0.0,0.9970887303352356,0.3279154713733289,14.759158599181317,0.20000000000000018,0.0,3,0.41318056032907047,JITTER,28.11540004238993,28.1065124521081,0.7026628113027025,0,0.0,80.0,1,1,1,12,0.9970887303352356,1,12,1,0.493717759847641,0.32084062695503235,0.06599778681993484,0.11944381892681122,1,1,0,1,0.21104750837757177,0.10213305195149874,0.0,0.1
784,784,12,1,6.2,0.999903678894043,0.6075960741249926,22.458676486990026,0.0,0.0,3,0.5624273168484022,JITTER,67.72006332829247,67.05056309799127,1.676264077449782,0,0.0,80.0,1,1,1,12,0.999903678894043,1,12,1,0.9991300702095032,0.00010737757838796824,0.0006757646333426237,8.675754361320287e-05,1,1,1,0,0.36242731684840224,0.1,0.1,0.0
785,785,12,0,0.0,0.9954861998558044,0.5775508576217006,21.541396295932287,3.2,0.0,3,0.5483451960114241,JITTER,60.73623878629723,60.04607182792502,1.5011517956981255,0,0.0,80.0,1,1,1,12,0.9954861998558044,1,12,1,0.0012449180940166116,0.027900321409106255,0.02640528231859207,0.9444494247436523,0,1,1,1,0.0,0.1,0.1,0.348345196011424
786,786,12,0,0.0,0.9999704360961914,0.5134740460302735,19.23084970323114,0.20000000000000018,0.0,3,0.5170328948768866,JITTER,75.21627033044271,73.95773207731693,1.8489433019329233,0,0.0,80.0,1,1,1,12,0.9999704360961914,1,12,1,0.8283247351646423,0.038680437952280045,0.08734100311994553,0.045653801411390305,1,0,1,1,0.3170328948768867,0.0,0.1,0.1
787,787,12,1,6.2,0.9830185174942017,0.3995486430781496,16.068738283704477,0.0,0.0,3,0.4560828654000167,JITTER,30.865710326226242,30.72670495394725,0.7681676238486813,0,0.0,80.0,1,1,1,12,0.9830185174942017,1,12,1,0.07220586389303207,0.2211434245109558,0.08276224881410599,0.6238884925842285,0,1,1,1,0.0,0.1,0.1,0.2560828654000167
788,788,12,0,0.0,0.9982659220695496,0.4824360248366705,18.66872335160935,3.2,0.0,3,0.5011627592137672,JITTER,99.30049789596303,97.61668543496579,2.440417135874145,0,0.0,80.0,1,1,1,12,0.9982659220695496,1,12,1,0.7723453640937805,0.17997555434703827,0.02659345045685768,0.021085619926452637,1,1,1,0,0.30116275921376723,0.1,0.1,0.0
789,789,12,0,0.0,0.9999617338180542,0.6079572884930755,22.469920437086728,0.20000000000000018,0.0,3,0.5625944728352591,JITTER,119.48242136208678,117.39646853500697,2.9349117133751745,0,0.0,80.0,1,1,1,12,0.9999617338180542,1,12,1,0.9997882843017578,0.00012238997442182153,2.1719359210692346e-05,6.764473073417321e-05,1,1,0,1,0.36259447283525914,0.1,0.0,0.1
790,790,12,1,6.2,0.9999831914901733,0.4481232080869986,17.791682790298758,0.0,0.0,3,0.4830116931870424,JITTER,108.9899007072331,108.30468568613797,2.7076171421534494,0,0.0,80.0,1,1,1,12,0.9999831914901733,1,12,1,0.7106926441192627,0.09637434035539627,0.02483031526207924,0.1681026965379715,1,1,0,1,0.28301169318704245,0.1,0.0,0.1
791,791,12,0,0.0,0.9986042380332947,0.36538743412957414,15.469087880877739,3.2,0.0,3,0.43614985286396235,JITTER,60.166163400937634,59.843570356497814,1.4960892589124455,0,0.0,80.0,1,1,1,12,0.9986042380332947,1,12,1,0.5632235407829285,0.06729119271039963,0.23417583107948303,0.13530941307544708,1,0,1,1,0.2361498528639623,0.0,0.1,0.1
792,792,12,0,0.0,0.9619154930114746,0.4881576402698951,18.9397774240028,0.20000000000000018,0.0,3,0.504125855425037,JITTER,80.62993981927156,79.11602343503708,1.977900585875927,0,0.0,80.0,1,1,1,12,0.9619154930114746,1,12,1,0.0060348003171384335,0.7826502919197083,0.011547905392944813,0.19976700842380524,0,1,1,1,0.0,0.304125855425037,0.1,0.1
793,793,12,1,6.2,0.9996351003646851,0.5833754951425775,21.7206992647898,0.0,0.0,3,0.5511033077958094,JITTER,54.464088651161774,53.857356762616845,1.3464339190654213,0,0.0,80.0,1,1,1,12,0.9996351003646851,1,12,1,0.9550391435623169,0.041755542159080505,0.0024183013010770082,0.000786986667662859,1,1,1,0,0.35110330779580945,0.1,0.1,0.0
794,794,12,0,0.0,0.9978545308113098,0.40510089786191217,15.837880920026306,3.2,0.0,3,0.459240868241786,JITTER,49.629963045348504,49.461419716879696,1.2365354929219925,0,0.0,80.0,1,1,1,12,0.9978545308113098,1,12,1,0.1318795084953308,0.6337798237800598,0.09642187505960464,0.13791880011558533,1,1,0,1,0.1,0.25924086824178605,0.0,0.1
795,795,12,0,0.0,0.9970592260360718,0.5105097992991798,19.138612087213577,0.20000000000000018,0.0,3,0.5155383389174695,JITTER,39.51855298186557,39.47275465850192,0.986818866462548,0,0.0,80.0,1,1,1,12,0.9970592260360718,1,12,1,0.8229703903198242,0.062499381601810455,0.07557859271764755,0.03895162045955658,1,1,1,0,0.3155383389174695,0.1,0.1,0.0
796,796,12,1,6.2,0.9980106949806213,0.4894484687806862,18.879367488277307,0.0,0.0,3,0.5047919419057901,JITTER,114.92935230092574,114.00329845170509,2.8500824612926277,0,0.0,80.0,1,1,1,12,0.9980106949806213,1,12,1,0.784976065158844,0.1476738005876541,0.019018007442355156,0.0483320951461792,1,1,0,1,0.3047919419057902,0.1,0.0,0.1
797,797,12,0,0.0,0.9999217987060547,0.573998754365997,21.42666343347615,3.2,0.0,3,0.5466563552584749,JITTER,103.41208920021081,102.00293511612044,2.5500733779030114,0,0.0,80.0,1,1,1,12,0.9999217987060547,1,12,1,0.9379940032958984,0.0020896433852612972,0.005082993768155575,0.054833296686410904,1,0,1,1,0.34665635525847494,0.0,0.1,0.1
798,798,12,0,0.0,0.6776379346847534,0.5270051862699184,18.704284682625868,0.20000000000000018,0.0,3,0.5238010576900678,JITTER,39.19211614110854,39.05458140618239,0.9763645351545599,0,0.0,80.0,1,1,0,3,0.6776379346847534,0,12,1,0.02178806997835636,0.018112918362021446,0.10731209069490433,0.8527869582176208,1,0,1,1,0.1,0.0,0.1,0.32380105769006773
799,799,12,1,6.2,0.9912891387939453,0.2779746080223323,13.135995242295914,0.0,0.0,3,0.3804183781736581,JITTER,101.19882015105449,100.6630498951572,2.5165762473789304,0,0.0,80.0,1,1,1,12,0.9912891387939453,1,12,1,0.3076571822166443,0.39443355798721313,0.16465160250663757,0.1332576423883438,1,1,1,0,0.11052003117301015,0.1698983470006479,0.1,0.0
800,800,12,0,0.0,0.9989159107208252,0.44897090704082704,17.612592343758642,3.2,0.0,3,0.4834683254789003,JITTER,111.32851837019757,111.01667515632117,2.7754168789080294,0,0.0,80.0,1,1,1,12,0.9989159107208252,1,12,1,0.1289597898721695,0.7122126221656799,0.1210944727063179,0.037733059376478195,1,1,1,0,0.1,0.28346832547890033,0.1,0.0
801,801,12,0,0.0,0.9928600192070007,0.37396285746291447,15.46194634399993,0.20000000000000018,0.0,3,0.4412382579308207,JITTER,87.77086144544695,86.341119970966,2.1585279992741504,0,0.0,80.0,1,1,1,8,0.9928600192070007,0,12,1,0.1907384693622589,0.5784196257591248,0.22873876988887787,0.0021031852811574936,1,1,1,0,0.1,0.24123825793082074,0.1,0.0
802,802,12,1,6.2,0.999845027923584,0.6058150027600666,22.39996013538361,0.0,0.0,3,0.561602378696561,JITTER,43.5256388415645,43.285196802620675,1.082129920065517,0,0.0,80.0,1,1,1,12,0.999845027923584,1,12,1,0.9958848357200623,0.001639554277062416,0.00040225472184829414,0.0020733794663101435,1,1,0,1,0.3616023786965611,0.1,0.0,0.1
803,803,12,0,0.0,0.9998821020126343,0.40243232385012856,16.376909994745766,3.2,0.0,3,0.4577257602998667,JITTER,116.45188861392016,115.83563079661455,2.895890769915364,0,0.0,80.0,1,1,1,12,0.9998821020126343,1,12,1,0.5443657636642456,0.0054919905960559845,0.01380342710763216,0.4363388121128082,1,0,1,1,0.2095802924956258,0.0,0.1,0.14814546780424093
804,804,12,0,0.0,0.9999231100082397,0.5846466430097212,21.673433806371172,0.20000000000000018,0.0,3,0.5517033952246779,JITTER,62.99570499000478,62.45077249569532,1.561269312392383,0,0.0,80.0,1,1,1,12,0.9999231100082397,1,12,1,0.016070721670985222,0.01968255080282688,0.006895787548273802,0.9573509097099304,1,1,0,1,0.1,0.1,0.0,0.35170339522467786
805,805,12,1,6.2,0.9950963854789734,0.3632683178189461,15.120845699983459,0.0,0.0,3,0.4348832572399244,JITTER,45.303474992968354,44.60055435128495,1.1150138587821237,0,0.0,80.0,1,1,1,12,0.9950963854789734,1,12,1,0.433908075094223,0.04887121170759201,0.05752748250961304,0.4596933126449585,1,0,1,1,0.15972448983801787,0.0,0.1,0.17515876740190653
806,806,12,0,0.0,0.9950416684150696,0.3703943893306773,15.963926626613162,3.2,0.0,3,0.43912799636806366,JITTER,97.18493432291552,96.44959809560524,2.4112399523901313,0,0.0,80.0,1,1,1,12,0.9950416684150696,1,12,1,0.038349565118551254,0.5720933675765991,0.14222316443920135,0.24733392894268036,0,1,1,1,0.0,0.23912799636806362,0.1,0.1
807,807,12,0,0.0,0.6289596557617188,0.5288213427922887,19.945321231837013,0.20000000000000018,0.0,3,0.5247028386864302,JITTER,103.51257910807337,103.07146038801488,2.5767865097003724,0,0.0,80.0,1,1,0,12,0.6289596557617188,1,12,1,0.8560728430747986,0.016159744933247566,0.02323407121002674,0.10453339666128159,1,0,1,1,0.32470283868643024,0.0,0.1,0.1
808,808,12,1,6.2,0.6764506697654724,0.5556286171430664,20.893762310651564,0.0,0.0,3,0.5378376854176428,JITTER,20.430577566767866,20.197191984886146,0.5049297996221537,0,0.0,80.0,1,1,0,12,0.6764506697654724,1,14,0,0.038397811353206635,0.05458742007613182,0.002373231342062354,0.9046415090560913,1,1,0,1,0.1,0.1,0.0,0.3378376854176428
809,809,12,0,0.0,0.9994553923606873,0.2414697397364483,12.375693017403954,3.2,0.0,3,0.3545604447537686,JITTER,119.40777724523785,119.31548862244576,2.982887215561144,0,0.0,80.0,1,1,1,8,0.9994553923606873,0,12,1,0.13984501361846924,0.27550795674324036,0.24100756645202637,0.34363946318626404,0,1,1,1,0.0,0.10227011422363436,0.1,0.15229033053013422
810,810,12,0,0.0,0.9373254179954529,0.4598760790723275,17.88875689334674,0.20000000000000018,0.0,3,0.4893046425826979,JITTER,40.799807370846054,40.37637502173836,1.009409375543459,0,0.0,80.0,1,1,1,12,0.9373254179954529,1,12,1,0.04804662987589836,0.7317808866500854,0.0378214530646801,0.18235106766223907,1,1,0,1,0.1,0.28930464258269795,0.0,0.1
811,811,12,1,6.2,0.9999591112136841,0.5739204542468551,21.39872084925269,0.0,0.0,3,0.5466190688382203,JITTER,100.99407364448706,100.81421934812701,2.5203554837031756,0,0.0,80.0,1,1,1,12,0.9999591112136841,1,12,1,0.9378517270088196,0.011098566465079784,0.003967615310102701,0.04708210006356239,1,1,0,1,0.34661906883822036,0.1,0.0,0.1
812,812,12,0,0.0,0.9653403759002686,0.4829568858098079,18.64498794847333,3.2,0.0,3,0.5014332258562563,JITTER,59.52346537588943,58.63409456485027,1.4658523641212569,0,0.0,80.0,1,1,1,12,0.9653403759002686,1,12,1,0.7732831835746765,0.023766329512000084,0.13632792234420776,0.06662258505821228,1,0,1,1,0.3014332258562563,0.0,0.1,0.1
813,813,12,0,0.0,0.9960548877716064,0.4084343463434245,16.859043879520694,0.20000000000000018,0.0,3,0.4611264718537259,JITTER,57.15432084063616,56.93846449339092,1.423461612334773,0,0.0,80.0,1,1,1,12,0.9960548877716064,1,12,1,0.6397223472595215,0.19208870828151703,0.028508171439170837,0.13968083262443542,1,1,0,1,0.26112647185372595,0.1,0.0,0.1
814,814,12,1,6.2,0.9360520243644714,0.39823869178343985,16.940506045170725,0.0,0.0,3,0.45533460001562237,JITTER,39.54958273965873,39.225237571150906,0.9806309392787727,0,0.0,80.0,1,1,1,12,0.9360520243644714,1,12,1,0.13079215586185455,0.240268275141716,0.007383465301245451,0.6215560436248779,1,1,0,1,0.1,0.1,0.0,0.25533460001562236
815,815,12,0,0.0,0.9895199537277222,0.49634582229891594,18.05491097950927,3.2,0.0,3,0.5083362863685834,JITTER,67.94170748058912,66.77064461903292,1.669266115475823,0,0.0,80.0,1,1,1,14,0.9895199537277222,0,14,0,0.07411925494670868,0.09868855029344559,0.02978307381272316,0.797409176826477,1,1,0,1,0.1,0.1,0.0,0.30833628636858346
816,816,12,0,0.0,0.6888375878334045,0.42161347194211796,16.43635343932907,0.20000000000000018,0.0,3,0.46850708863169355,JITTER,84.22524185679936,83.06225642484985,2.0765564106212464,0,0.0,80.0,1,1,0,8,0.6888375878334045,0,12,1,0.6632452607154846,0.09278170764446259,0.2282394915819168,0.015733562409877777,1,1,1,0,0.2685070886316936,0.1,0.1,0.0
817,817,12,1,6.2,0.9958251714706421,0.49726205128735,19.25782583870557,0.0,0.0,3,0.5088052514327486,JITTER,118.2987171535907,117.32430614047617,2.9331076535119043,0,0.0,80.0,1,1,1,12,0.9958251714706421,1,12,1,0.7990614771842957,0.10913249105215073,0.006146005354821682,0.08566003292798996,1,1,0,1,0.3088052514327486,0.1,0.0,0.1
818,818,12,0,0.0,0.9354438781738281,0.39752752823288423,16.877744316384586,3.2,0.0,3,0.45492785643098954,JITTER,60.33544032491283,59.22122940750463,1.4805307351876158,0,0.0,80.0,1,1,1,12,0.9354438781738281,1,12,1,0.028985070064663887,0.6135540008544922,0.001194819575175643,0.3562661409378052,1,1,0,1,0.1,0.2510735566592922,0.0,0.10385429977169738
819,819,12,0,0.0,0.9999830722808838,0.41559429281755905,17.38993012684714,0.20000000000000018,0.0,3,0.465150737581054,JITTER,44.587558700505866,43.9367450978048,1.0984186274451202,0,0.0,80.0,1,1,1,12,0.9999830722808838,1,12,1,0.33986783027648926,0.006521532312035561,0.0011144352611154318,0.6524962782859802,1,1,0,1,0.1,0.1,0.0,0.265150737581054
820,820,12,1,6.2,0.5483126044273376,0.5130958406786231,19.715316356080532,0.0,0.0,3,0.5168424464693466,JITTER,95.45731382181347,95.27062223061034,2.381765555765259,0,0.0,80.0,1,1,0,12,0.5483126044273376,1,12,1,0.1538039743900299,0.01552784163504839,0.0030266698449850082,0.827641487121582,1,1,0,1,0.1,0.1,0.0,0.31684244646934656
821,821,12,0,0.0,0.9999303817749023,0.45080251411571803,17.81443369724992,3.2,0.0,3,0.48445349254693104,JITTER,66.8231405693584,66.55509628507724,1.663877407126931,0,0.0,80.0,1,1,1,12,0.9999303817749023,1,12,1,0.7154973745346069,0.12672898173332214,0.13007251918315887,0.027701163664460182,1,1,1,0,0.2844534925469311,0.1,0.1,0.0
822,822,12,0,0.0,0.999372661113739,0.5395973300645629,20.23406142198916,0.20000000000000018,0.0,3,0.5300219096713409,JITTER,38.53752728024857,38.18003151104238,0.9545007877760595,0,0.0,80.0,1,1,1,12,0.999372661113739,1,12,1,0.8755814433097839,0.07552681118249893,0.017391636967658997,0.03150012344121933,1,1,0,1,0.33002190967134093,0.1,0.0,0.1
823,823,12,1,6.2,0.997978150844574,0.349689794085675,15.667908528867828,0.0,0.0,3,0.42667815171486057,JITTER,48.942970750806495,48.16373948672596,1.204093487168149,0,0.0,80.0,1,1,1,12,0.997978150844574,1,12,1,0.32501527667045593,0.5354669094085693,0.032883577048778534,0.10663428902626038,1,1,0,1,0.1,0.22667815171486058,0.0,0.1
824,824,12,0,0.0,0.9959427714347839,0.5880528447382675,21.830479662242155,3.2,0.0,3,0.5533081969549223,JITTER,110.76048913904825,108.9822946013736,2.72455736503434,0,0.0,80.0,1,1,1,12,0.9959427714347839,1,12,1,0.0026527622248977423,0.008411798626184464,0.025388631969690323,0.9635468125343323,0,1,1,1,0.0,0.1,0.1,0.3533081969549222
825,825,12,0,0.0,0.999882698059082,0.32781995155945887,14.303941411884665,0.20000000000000018,0.0,3,0.41312037743408414,JITTER,46.603087262166525,46.3475770807539,1.1586894270188475,0,0.0,80.0,1,1,1,12,0.999882698059082,1,12,1,0.438994437456131,0.3753497898578644,0.10569710284471512,0.0799587070941925,1,1,1,0,0.17661151621585527,0.13650886121822883,0.1,0.0
826,826,12,1,6.2,0.9994969367980957,0.3816266188472938,16.36002245371214,0.0,0.0,3,0.44573655919113153,JITTER,45.47283501174674,45.350023710501425,1.1337505927625358,0,0.0,80.0,1,1,1,12,0.9994969367980957,1,12,1,0.5920190811157227,0.2271004170179367,0.15553690493106842,0.02534360997378826,1,1,1,0,0.2457365591911315,0.1,0.1,0.0
827,827,12,0,0.0,0.7411201596260071,0.34626562189585675,15.018472190325094,3.2,0.0,3,0.42458399041733696,JITTER,114.37983681037112,113.46011357950763,2.836502839487691,0,0.0,80.0,1,1,0,12,0.7411201596260071,1,12,1,0.12038427591323853,0.07532939314842224,0.5294230580329895,0.27486327290534973,1,0,1,1,0.1,0.0,0.22458399041733698,0.1
828,828,12,1,6.2,0.5702874064445496,0.27387829687569315,12.947364594452782,0.20000000000000018,0.0,3,0.3776049995028793,JITTER,42.46894745458737,41.74980288748028,1.043745072187007,0,0.0,80.0,1,1,0,12,0.5702874064445496,1,12,1,0.4026675224304199,0.2901498079299927,0.06048935279250145,0.24669329822063446,1,1,0,1,0.1775854665040799,0.10001953299879943,0.0,0.1
829,829,12,0,0.0,0.9999639987945557,0.37003620064582504,15.355186180472415,3.4000000000000004,0.0,3,0.43891561636273657,JITTER,59.919530265779045,59.87744660925658,1.4969361652314146,0,0.0,80.0,1,1,1,12,0.9999639987945557,1,12,1,0.2367929220199585,0.5714585781097412,0.08186934888362885,0.10987914353609085,1,1,0,1,0.1,0.23891561636273653,0.0,0.1
830,830,12,0,0.0,0.9999964237213135,0.6022671115414442,22.295198266323695,0.40000000000000036,0.0,3,0.5599554815955744,JITTER,36.19415702496312,35.73141448102087,0.8932853620255218,0,0.0,80.0,1,1,1,12,0.9999964237213135,1,12,1,0.9894217252731323,0.00805935449898243,0.0023848218843340874,0.0001340882299700752,1,1,1,0,0.35995548159557444,0.1,0.1,0.0
831,831,12,1,6.2,0.9995081424713135,0.3781837979851842,16.01913697623671,0.0,0.0,3,0.44372141165671997,JITTER,98.2905274171724,97.87587037127291,2.446896759281823,0,0.0,80.0,1,1,1,12,0.9995081424713135,1,12,1,0.04513286426663399,0.1712443083524704,0.19771519303321838,0.5859075784683228,0,1,1,1,0.0,0.1,0.1,0.24372141165671993
832,832,12,0,0.0,0.946061909198761,0.5933294602517872,21.971989300628152,3.2,0.0,3,0.5557850784630736,JITTER,111.73955892661422,109.83775806976526,2.7459439517441315,0,0.0,80.0,1,1,1,12,0.946061909198761,1,12,1,0.0012400579871609807,0.023874979466199875,0.0017364592058584094,0.9731485247612,0,1,1,1,0.0,0.1,0.1,0.3557850784630736
833,833,12,0,0.0,0.9992142915725708,0.5736320479958759,21.28260128164299,0.20000000000000018,0.0,3,0.546481708193976,JITTER,104.83807540610809,104.36072427660456,2.609018106915114,0,0.0,80.0,1,1,1,12,0.9992142915725708,1,12,1,0.9373276829719543,0.04589167609810829,0.007660414557904005,0.009120152331888676,1,1,0,1,0.34648170819397606,0.1,0.0,0.1
834,834,12,1,6.2,0.9692004323005676,0.33229356867131177,14.895300616420858,0.0,0.0,3,0.4159296632016086,JITTER,25.05359886500577,24.61895723692057,0.6154739309230143,0,0.0,80.0,1,1,1,12,0.9692004323005676,1,12,1,0.2830066978931427,0.06764205545186996,0.5048035979270935,0.14454762637615204,1,0,1,1,0.1,0.0,0.21592966320160864,0.1
835,835,12,0,0.0,0.9997377991676331,0.4689793546091424,17.984766840870353,3.2,0.0,3,0.49412381837009717,JITTER,50.580022873856734,49.9539267795215,1.2488481694880376,0,0.0,80.0,1,1,1,12,0.9997377991676331,1,12,1,0.04672083258628845,0.04755781218409538,0.15758520364761353,0.7481361031532288,0,1,1,1,0.0,0.1,0.1,0.29412381837009716
836,836,13,0,0.0,0.999863862991333,0.3704681095349874,15.54466453603001,0.20000000000000018,0.0,3,0.43917169437741543,JITTER,95.996688370073,95.75037381092754,2.3937593452731885,0,0.0,80.0,1,1,1,13,0.999863862991333,1,13,1,0.0685233399271965,0.09007780253887177,0.26917481422424316,0.5722240209579468,0,1,1,1,0.0,0.1,0.1,0.2391716943774154
837,837,13,1,6.2,0.9998217225074768,0.3704681095349874,15.548495562174335,0.0,0.0,3,0.43917169437741543,JITTER,98.08383545190479,96.2427793816955,2.4060694845423876,0,0.0,80.0,1,1,1,13,0.9998217225074768,1,13,1,0.0685233399271965,0.09007780253887177,0.26917481422424316,0.5722240209579468,0,1,1,1,0.0,0.1,0.1,0.2391716943774154
838,838,13,0,0.0,0.999863862991333,0.3704681095349874,15.54466453603001,3.2,0.0,3,0.43917169437741543,JITTER,92.83749657464091,92.01825626662657,2.3004564066656643,0,0.0,80.0,1,1,1,13,0.999863862991333,1,13,1,0.0685233399271965,0.09007780253887177,0.26917481422424316,0.5722240209579468,0,1,1,1,0.0,0.1,0.1,0.2391716943774154
839,839,13,0,0.0,0.9999651908874512,0.5816185041732315,21.55093801225023,0.20000000000000018,0.0,3,0.5502727846558644,JITTER,107.66781387517028,106.53200967633647,2.663300241908412,0,0.0,80.0,1,1,1,13,0.9999651908874512,1,13,1,0.014941253699362278,0.009210709482431412,0.024003831669688225,0.9518442153930664,1,0,1,1,0.1,0.0,0.1,0.3502727846558644
840,840,13,1,6.2,0.9999500513076782,0.3801701609977373,15.791887639484115,0.0,0.0,3,0.44488518107804553,JITTER,94.47709278167541,92.9267124579585,2.3231678114489624,0,0.0,80.0,1,1,1,13,0.9999500513076782,1,13,1,0.022387821227312088,0.04636481776833534,0.4210320711135864,0.5102153420448303,0,1,1,1,0.0,0.1,0.14635143471734388,0.19853374636070162
841,841,13,0,0.0,0.9490218162536621,0.2588029726402142,13.86291294510328,3.2,0.0,3,0.36706549070851474,JITTER,94.93528616990059,94.38873446923994,2.3597183617309985,0,0.0,80.0,1,1,1,13,0.9490218162536621,1,13,1,0.05935834348201752,0.3036051094532013,0.31364956498146057,0.32338690757751465,0,1,1,1,0.0,0.1153046337647344,0.1224277609834197,0.12933309596036063
842,842,13,0,0.0,0.9999288320541382,0.3990291397782567,16.28436428804746,0.20000000000000018,0.0,3,0.45578626369012604,JITTER,31.78439009058311,31.63288119476592,0.790822029869148,0,0.0,80.0,1,1,1,13,0.9999288320541382,1,13,1,0.05582632124423981,0.11532410979270935,0.2058860957622528,0.6229634284973145,0,1,1,1,0.0,0.1,0.1,0.255786263690126
843,843,13,1,6.2,0.9998507499694824,0.4768421271988423,18.64476940970772,0.0,0.0,3,0.4982487695093667,JITTER,70.28749369803532,69.57720072820655,1.7394300182051639,0,0.0,80.0,1,1,1,13,0.9998507499694824,1,13,1,0.0622057281434536,0.013117117807269096,0.7622770071029663,0.16240012645721436,1,0,1,1,0.1,0.0,0.29824876950936674,0.1
844,844,13,0,0.0,0.9995365142822266,0.2956886459266177,13.371434376211056,3.2,0.0,3,0.3923523432701586,JITTER,78.26443493145376,77.64598649033248,1.941149662258312,0,0.0,80.0,1,1,1,13,0.9995365142822266,1,13,1,0.11942613869905472,0.13847048580646515,0.3667282462120056,0.3753751218318939,0,1,1,1,0.0,0.1,0.14330776431020797,0.14904457895995063
845,845,13,0,0.0,0.9995899796485901,0.3700584587261001,15.749921546442527,0.20000000000000018,0.0,3,0.4389288167902894,JITTER,98.68913814500277,96.88677101268992,2.4221692753172483,0,0.0,80.0,1,1,1,13,0.9995899796485901,1,13,1,0.05117596685886383,0.040088240057229996,0.3563249111175537,0.552410900592804,1,0,1,1,0.1,0.0,0.11131968198772316,0.2276091348025662
846,846,13,1,6.2,0.9996449947357178,0.5999257535702263,22.18995516951725,0.0,0.0,3,0.5588659875031143,JITTER,44.67250534794712,44.014458600313624,1.1003614650078406,0,0.0,80.0,1,1,1,13,0.9996449947357178,1,13,1,0.007641129195690155,0.9851575493812561,0.004548600409179926,0.0026527303270995617,1,1,1,0,0.1,0.3588659875031144,0.1,0.0
847,847,13,0,0.0,0.9992548823356628,0.5307884421941602,20.079286542028978,3.2,0.0,3,0.5256778225814531,JITTER,87.79718525450447,86.87866778510252,2.1719666946275633,0,0.0,80.0,1,1,1,13,0.9992548823356628,1,13,1,0.011060084216296673,0.02767929807305336,0.1016281247138977,0.8596324920654297,0,1,1,1,0.0,0.1,0.1,0.32567782258145306
848,848,13,0,0.0,0.9998592138290405,0.39007957310273506,16.83653261054163,0.20000000000000018,0.0,3,0.4506460106297044,JITTER,38.85302338741602,38.23507983659319,0.9558769959148297,0,0.0,80.0,1,1,1,13,0.9998592138290405,1,13,1,0.3086968660354614,0.0022327727638185024,0.08203140646219254,0.6070389747619629,1,0,1,1,0.1,0.0,0.1,0.2506460106297044
849,849,13,1,6.2,0.9998949766159058,0.32844491463425873,14.482218110252795,0.0,0.0,3,0.4135139807594881,JITTER,116.06262856288326,114.38706412065879,2.85967660301647,0,0.0,80.0,1,1,1,13,0.9998949766159058,1,13,1,0.09301207214593887,0.14693741500377655,0.26201626658439636,0.4980342984199524,0,1,1,1,0.0,0.1,0.1,0.21351398075948805
850,850,13,0,0.0,0.9758924841880798,0.5689149159399173,21.112940680591272,3.2,0.0,3,0.5442301360958821,JITTER,111.7859996625734,109.58563698866567,2.739640924716642,0,0.0,80.0,1,1,1,13,0.9758924841880798,1,13,1,0.04567132890224457,0.9287583827972412,0.0020163366571068764,0.023553941398859024,1,1,0,1,0.1,0.34423013609588216,0.0,0.1
851,851,13,0,0.0,0.6463813781738281,0.47640570585148817,17.85641853606456,0.20000000000000018,0.0,3,0.4980207106161004,JITTER,55.20506742392382,54.50040393850713,1.3625100984626783,0,0.0,80.0,1,1,0,11,0.6463813781738281,0,13,1,0.06871936470270157,0.7614917755126953,0.08187893778085709,0.08790992945432663,0,1,1,1,0.0,0.29802071061610047,0.1,0.1
852,852,13,1,6.2,0.9723383784294128,0.5484641302418947,20.38440027556995,0.0,0.0,3,0.5343588928862799,JITTER,67.3932737638078,66.06343093899588,1.651585773474897,0,0.0,80.0,1,1,1,13,0.9723383784294128,1,13,1,0.058534350246191025,0.8916489481925964,0.02531290426850319,0.024503793567419052,1,1,1,0,0.1,0.33435889288627996,0.1,0.0
853,853,13,0,0.0,0.9996077418327332,0.45755596078025473,18.28386312229911,3.2,0.47153838879293963,3,0.48806878777215795,JITTER,29.380782400772492,29.138464448282413,0.7284616112070603,0,0.0,80.0,1,1,1,13,0.9996077418327332,1,13,1,0.004899496212601662,0.005153908859938383,0.2623312175273895,0.7276154160499573,0,1,1,1,0.0,0.1,0.1,0.28806878777215794
854,854,13,0,0.0,0.7821217775344849,0.5444736023764852,20.205214604224608,0.20000000000000018,0.0,3,0.532411393676016,JITTER,107.55390445272361,106.94288790248281,2.6735721975620703,0,0.0,80.0,1,1,0,13,0.7821217775344849,1,13,1,0.04801836609840393,0.0386604405939579,0.028905127197504044,0.8844160437583923,1,1,0,1,0.1,0.1,0.0,0.332411393676016
855,855,13,1,6.2,0.7108117341995239,0.45955455258229905,18.30582586039249,0.0,0.0,3,0.4891335618070776,JITTER,98.77928506388727,98.02306412080873,2.4505766030202185,0,0.0,80.0,1,1,0,11,0.7108117341995239,0,13,1,0.09476640075445175,0.1668248325586319,0.007205248344689608,0.731203556060791,1,1,0,1,0.1,0.1,0.0,0.2891335618070776
856,856,14,0,0.0,0.999796450138092,0.369860490723572,16.25033862114327,3.2,0.0,3,0.43881139549718406,JITTER,117.99785398901582,115.91276149635056,2.8978190374087642,0,0.0,80.0,1,1,1,14,0.999796450138092,1,14,1,0.5589861869812012,0.349308580160141,0.008270113728940487,0.08343508839607239,1,1,0,1,0.23159733862489842,0.10721405687228569,0.0,0.1
857,857,14,0,0.0,0.9997463822364807,0.3047193092327794,14.871346139734886,0.20000000000000018,0.0,3,0.3982987230439171,JITTER,50.13203576626154,49.35980879196538,1.2339952197991346,0,0.0,80.0,1,1,1,14,0.9997463822364807,1,14,1,0.3474714457988739,0.022156203165650368,0.21539469063282013,0.4149776101112366,1,0,1,1,0.12709002836802716,0.0,0.1,0.17120869467588992
858,858,14,1,6.2,0.9996241331100464,0.577718393033911,21.5361763343422,0.0,0.0,3,0.5484247219752509,JITTER,53.68565438332687,53.0345946659128,1.32586486664782,0,0.0,80.0,1,1,1,14,0.9996241331100464,1,14,1,0.9447539448738098,0.04038973152637482,0.0020723934285342693,0.012783939950168133,1,1,0,1,0.348424721975251,0.1,0.0,0.1
859,859,14,0,0.0,0.9999637603759766,0.5098121197224389,19.603842617219634,3.2,0.0,3,0.5151859426045412,JITTER,85.8480768393292,84.4236934308343,2.110592335770858,0,0.0,80.0,1,1,1,14,0.9999637603759766,1,14,1,0.8217104077339172,0.005111995153129101,0.004787967074662447,0.16838958859443665,1,1,0,1,0.31518594260454125,0.1,0.0,0.1
860,860,14,0,0.0,0.9998577833175659,0.44442739744619175,17.4794602126308,0.20000000000000018,0.0,3,0.48101579609009526,JITTER,22.445084088201487,22.346254840609596,0.5586563710152399,0,0.0,80.0,1,1,1,14,0.9998577833175659,1,14,1,0.7040677666664124,0.10491809993982315,0.1498611718416214,0.04115293547511101,1,1,1,0,0.2810157960900953,0.1,0.1,0.0
861,861,14,1,6.2,0.9999405145645142,0.6011270068552208,22.226298445227872,0.0,0.0,3,0.5594252266034851,JITTER,91.19178105885787,90.16400730591177,2.2541001826477944,0,0.0,80.0,1,1,1,14,0.9999405145645142,1,14,1,0.9873452186584473,0.006016355939209461,0.003984407521784306,0.0026540083345025778,1,1,1,0,0.3594252266034852,0.1,0.1,0.0
862,862,14,0,0.0,0.9996469020843506,0.5909303292929853,21.91017092331069,3.2,0.0,3,0.5546602802578559,JITTER,69.56050782011431,69.48369916760764,1.7370924791901912,0,0.0,80.0,1,1,1,14,0.9996469020843506,1,14,1,0.968782365322113,0.022984692826867104,0.0031409396324306726,0.005092009902000427,1,1,0,1,0.3546602802578559,0.1,0.0,0.1
863,863,14,0,0.0,0.9963217973709106,0.606329663949143,22.406278411105063,0.20000000000000018,0.0,3,0.5618408785574178,JITTER,54.827588346145625,53.878961158278585,1.3469740289569647,0,0.0,80.0,1,1,1,14,0.9963217973709106,1,14,1,0.9968225359916687,0.00040866577182896435,0.0021614835131913424,0.0006073390832170844,1,0,1,1,0.36184087855741787,0.0,0.1,0.1
864,864,14,1,6.2,0.9998596906661987,0.6010148822171822,22.257208710646594,0.0,0.0,3,0.559373051043623,JITTER,23.08928370360322,22.906215129428688,0.5726553782357172,0,0.0,80.0,1,1,1,14,0.9998596906661987,1,14,1,0.9871410131454468,0.0010551990708336234,0.00017925571592058986,0.011624469421803951,1,1,0,1,0.35937305104362305,0.1,0.0,0.1
865,865,14,0,0.0,0.9999336004257202,0.2866279284657459,13.499136388041482,3.2,0.0,3,0.38629419239049956,JITTER,114.51482876707726,114.39829679499795,2.8599574198749487,0,0.0,80.0,1,1,1,14,0.9999336004257202,1,14,1,0.19722653925418854,0.12104380130767822,0.25687259435653687,0.42485707998275757,1,0,1,1,0.1,0.0,0.1,0.18629419239049952
866,866,14,0,0.0,0.9999555349349976,0.5952073399490991,22.070948503462787,0.20000000000000018,0.0,3,0.5566639097591208,JITTER,94.97057510446368,94.48126273820421,2.362031568455105,0,0.0,80.0,1,1,1,14,0.9999555349349976,1,14,1,0.9765666723251343,0.0009468042990192771,0.011471586301922798,0.011014886200428009,1,0,1,1,0.3566639097591209,0.0,0.1,0.1
867,867,14,1,6.2,0.8959534764289856,0.5174519071656389,19.742760808043265,0.0,0.0,3,0.519031746782282,JITTER,106.66088321536725,105.06935782387706,2.6267339455969267,0,0.0,80.0,1,1,1,14,0.8959534764289856,1,14,1,0.8355125784873962,0.13916300237178802,0.009416216053068638,0.015908190980553627,1,1,0,1,0.3190317467822821,0.1,0.0,0.1
868,868,14,0,0.0,0.7825878858566284,0.5811928687977085,21.579985008813594,3.2,0.0,3,0.5500713997035459,JITTER,108.57051708583629,108.10165576286082,2.7025413940715204,0,0.0,80.0,1,1,0,14,0.7825878858566284,1,14,1,0.9510703086853027,0.01112944632768631,0.006260297726839781,0.031539954245090485,1,1,0,1,0.35007139970354595,0.1,0.0,0.1
869,869,14,0,0.0,0.9998911619186401,0.4750334866301277,18.233707838159205,0.20000000000000018,0.0,3,0.4973029543025481,JITTER,73.1292754818605,71.9895265542922,1.7997381638573051,0,0.0,80.0,1,1,1,14,0.9998911619186401,1,14,1,0.7590230703353882,0.048938073217868805,0.039464060217142105,0.15257476270198822,1,1,0,1,0.29730295430254816,0.1,0.0,0.1
870,870,14,1,6.2,0.9999452829360962,0.36017278628135235,15.91635789370008,0.0,0.0,3,0.433026399786423,JITTER,44.5699742994981,44.36428716158882,1.1091071790397204,0,0.0,80.0,1,1,1,14,0.9999452829360962,1,14,1,0.537948727607727,0.0958833247423172,0.017419707030057907,0.34874826669692993,1,1,0,1,0.22338090169268535,0.1,0.0,0.10964549809373761
871,871,14,0,0.0,0.9997208714485168,0.4075124054543515,16.472525595880796,3.2,0.6429325437298078,3,0.4606057375766407,JITTER,22.718213349758503,22.282698250807687,0.5570674562701922,0,0.0,80.0,1,1,1,14,0.9997208714485168,1,14,1,0.638078510761261,0.23163127899169922,0.054910801351070404,0.07537934184074402,1,1,0,1,0.26060573757664074,0.1,0.0,0.1
872,872,14,0,0.0,0.9999483823776245,0.5451864623633221,20.558583092965208,0.20000000000000018,0.0,3,0.5327598133522231,JITTER,91.00168800546234,89.84494670457683,2.246123667614421,0,0.0,80.0,1,1,1,14,0.9999483823776245,1,14,1,0.8857079148292542,0.011615532450377941,0.005252130329608917,0.09742443263530731,1,1,0,1,0.33275981335222315,0.1,0.0,0.1
873,873,14,1,6.2,0.9998186230659485,0.48001189241193454,18.69635340324296,0.0,0.0,3,0.4999020585103042,JITTER,94.39947226949909,93.39579268996913,2.334894817249228,0,0.0,80.0,1,1,1,14,0.9998186230659485,1,14,1,0.7679814100265503,0.10156852006912231,0.015081501565873623,0.1153685674071312,1,1,0,1,0.29990205851030427,0.1,0.0,0.1
874,874,14,0,0.0,0.7607741951942444,0.47672711077100016,18.39363828842924,3.2,0.0,3,0.4981886759831695,JITTER,67.61338210904103,67.00549420525266,1.6751373551313167,0,0.0,80.0,1,1,0,14,0.7607741951942444,1,14,1,0.7620700597763062,0.14928148686885834,0.0228678397834301,0.06578060239553452,1,1,0,1,0.29818867598316956,0.1,0.0,0.1
875,875,14,0,0.0,0.9994731545448303,0.6067165290773024,22.431054242903286,0.20000000000000018,0.0,3,0.5620200896340641,JITTER,84.04392121036413,83.70516541850394,2.0926291354625985,0,0.0,80.0,1,1,1,14,0.9994731545448303,1,14,1,0.9975274205207825,0.0017181591829285026,4.1722167225088924e-05,0.0007126250420697033,1,1,0,1,0.3620200896340642,0.1,0.0,0.1
876,876,14,1,6.2,0.9999630451202393,0.5084037984394085,19.328905708849007,0.0,0.0,3,0.5144738674481653,JITTER,108.80586950148697,107.03940105007885,2.6759850262519715,0,0.0,80.0,1,1,1,14,0.9999630451202393,1,14,1,0.8191673159599304,0.02195673994719982,0.04578741267323494,0.11308857053518295,1,0,1,1,0.3144738674481653,0.0,0.1,0.1
877,877,14,0,0.0,0.999413251876831,0.3185140994111066,14.405708790962418,3.2,0.0,3,0.4072145219849156,JITTER,54.95636114520339,54.32039591565136,1.358009897891284,0,0.0,80.0,1,1,1,14,0.999413251876831,1,14,1,0.29084062576293945,0.08746323734521866,0.48059266805648804,0.14110349118709564,1,0,1,1,0.1,0.0,0.20721452198491555,0.1
878,878,14,0,0.0,0.9997424483299255,0.5591562470309143,20.851162381399597,0.20000000000000018,0.0,3,0.5395423225872322,JITTER,34.10272999500146,33.439536763902815,0.8359884190975704,0,0.0,80.0,1,1,1,14,0.9997424483299255,1,14,1,0.9110419154167175,0.012652578763663769,0.02129399962723255,0.055011507123708725,1,0,1,1,0.33954232258723227,0.0,0.1,0.1
879,879,14,1,6.2,0.9974982142448425,0.3557970369624515,15.614716542449866,0.0,0.0,3,0.4303879366470116,JITTER,110.28926876302835,108.25576072570323,2.7063940181425807,0,0.0,80.0,1,1,1,14,0.9974982142448425,1,14,1,0.10100923478603363,0.3082883656024933,0.044446177780628204,0.5462562441825867,1,1,0,1,0.1,0.1,0.0,0.2303879366470116
880,880,14,0,0.0,0.9998880624771118,0.5679217863106745,21.058573047136946,3.2,0.0,3,0.5437549093597877,JITTER,53.21630477034516,53.03629028763858,1.3259072571909645,0,0.0,80.0,1,1,1,14,0.9998880624771118,1,14,1,0.9269546866416931,0.01588793471455574,0.03812312334775925,0.019034214317798615,1,0,1,1,0.3437549093597877,0.0,0.1,0.1
881,881,14,0,0.0,0.9999297857284546,0.44370509916701234,17.253938990749027,0.20000000000000018,0.0,3,0.4806247556579414,JITTER,41.177216346631035,41.10309621161981,1.0275774052904951,0,0.0,80.0,1,1,1,14,0.9999297857284546,1,14,1,0.70277339220047,0.07863804697990417,0.16236528754234314,0.056223269551992416,1,1,1,0,0.2806247556579414,0.1,0.1,0.0
882,882,14,1,6.2,0.9297226071357727,0.36377274278229715,15.863740521541665,0.0,0.0,3,0.43518508630358,JITTER,32.011063010138436,31.965412331404444,0.7991353082851111,0,0.0,80.0,1,1,1,14,0.9297226071357727,1,14,1,0.036847133189439774,0.1164269968867302,0.5603647828102112,0.28636112809181213,0,1,1,1,0.0,0.1,0.23518508630357995,0.1
883,883,14,0,0.0,0.999911904335022,0.5264579487794966,20.041932901868567,3.2,0.0,3,0.5235290318785065,JITTER,118.98230692048735,118.80607584023856,2.970151896005964,0,0.0,80.0,1,1,1,14,0.999911904335022,1,14,1,0.8517969846725464,0.10383930802345276,0.005321729462593794,0.039041947573423386,1,1,0,1,0.32352903187850657,0.1,0.0,0.1
884,884,14,0,0.0,0.9998244643211365,0.5677652982712985,21.227681196844912,0.20000000000000018,0.0,3,0.5436799897105187,JITTER,33.254208095141365,32.70401416575264,0.817600354143816,0,0.0,80.0,1,1,1,14,0.9998244643211365,1,14,1,0.926670491695404,0.04638150334358215,0.003374784253537655,0.023573188111186028,1,1,0,1,0.3436799897105187,0.1,0.0,0.1
885,885,14,1,6.2,0.9997771382331848,0.5957655685329206,22.06547410469391,0.0,0.0,3,0.5569248884629631,JITTER,78.02402167429432,76.81555877920904,1.920388969480226,0,0.0,80.0,1,1,1,14,0.9997771382331848,1,14,1,0.9775828719139099,0.002580250147730112,0.009845276363193989,0.009991603903472424,1,0,1,1,0.3569248884629631,0.0,0.1,0.1
886,886,14,0,0.0,0.9999814033508301,0.4367936232945824,17.6289757067865,3.2,0.0,3,0.47686678223161016,JITTER,83.0912007772655,81.62518105947748,2.040629526486937,0,0.0,80.0,1,1,1,14,0.9999814033508301,1,14,1,0.6903941035270691,0.017758412286639214,0.0226802509278059,0.2691672146320343,1,0,1,1,0.2768667822316102,0.0,0.1,0.1
887,887,14,0,0.0,0.5203993320465088,0.42877997951695634,17.395089082449275,0.20000000000000018,0.0,3,0.4724721087458729,JITTER,83.84675277647406,82.97118290481318,2.0742795726203296,0,0.0,80.0,1,1,0,8,0.5203993320465088,0,14,1,0.23769797384738922,0.06462737172842026,0.6760550737380981,0.021619582548737526,1,1,1,0,0.1,0.1,0.2724721087458729,0.0
888,888,14,1,6.2,0.5227156281471252,0.38040717386131817,16.24411876345166,0.0,0.0,3,0.44502383883222046,JITTER,91.27496937612997,90.45825418175143,2.261456354543786,0,0.0,80.0,1,1,0,12,0.5227156281471252,0,14,1,0.0674770250916481,0.3921303451061249,0.0007482375367544591,0.5396443605422974,1,1,0,1,0.1,0.1293691647957062,0.0,0.21565467403651425
889,889,14,0,0.0,0.9998375177383423,0.5574659813330193,20.70262261552143,3.2,0.0,3,0.5387262178542356,JITTER,54.60638229047347,54.09564611852199,1.35239115296305,0,0.0,80.0,1,1,1,14,0.9998375177383423,1,14,1,0.907974898815155,0.03972027823328972,0.032441891729831696,0.019862892106175423,1,1,1,0,0.3387262178542356,0.1,0.1,0.0
890,890,14,0,0.0,0.9298651218414307,0.3546112217159637,15.271932130136,0.20000000000000018,0.0,3,0.42967013060593917,JITTER,36.97141050985607,36.38240290139444,0.9095600725348612,0,0.0,80.0,1,1,1,14,0.9298651218414307,1,14,1,0.0676124170422554,0.5441603660583496,0.26547107100486755,0.12275611609220505,0,1,1,1,0.0,0.2296701306059392,0.1,0.1
891,891,14,1,6.2,0.918205738067627,0.418748852698978,17.339317022262332,0.0,0.0,3,0.4669127587807536,JITTER,46.07037813359446,45.928913005690795,1.14822282514227,0,0.0,80.0,1,1,1,14,0.918205738067627,1,14,1,0.2827119827270508,0.04936464875936508,0.009794879704713821,0.6581284999847412,1,1,0,1,0.1,0.1,0.0,0.2669127587807536
892,892,14,0,0.0,0.999961256980896,0.47120054567862546,18.096865209313503,3.2,0.10291239054104695,3,0.49529257656539105,JITTER,44.63522417832268,43.88350437835812,1.097087609458953,0,0.0,80.0,1,1,1,14,0.999961256980896,1,14,1,0.7521294951438904,0.04260033741593361,0.04530923813581467,0.15996100008487701,1,0,1,1,0.2952925765653911,0.0,0.1,0.1
893,893,14,0,0.0,0.9995437264442444,0.6080348420736634,22.472908839014607,0.20000000000000018,0.0,3,0.5626303551457904,JITTER,53.02012955977314,52.292640500459775,1.3073160125114944,0,0.0,80.0,1,1,1,14,0.9995437264442444,1,14,1,0.9999296069145203,3.403114533284679e-05,3.0619270546594635e-05,5.752510787715437e-06,1,1,1,0,0.36263035514579045,0.1,0.1,0.0
894,894,14,1,6.2,0.9689249396324158,0.357404519533852,15.853207054041402,0.0,0.0,3,0.43135908222321895,JITTER,105.64096306557393,105.47670263583045,2.6369175658957613,0,0.0,80.0,1,1,1,14,0.9689249396324158,1,14,1,0.5490981340408325,0.2836677134037018,0.029306713491678238,0.13792744278907776,1,1,0,1,0.23135908222321896,0.1,0.0,0.1
895,895,14,0,0.0,0.9999024868011475,0.4165740682193011,16.766401956851126,3.2,0.0,3,0.46569871786842243,JITTER,96.50244051780429,95.90863115043179,2.397715778760795,0,0.0,80.0,1,1,1,14,0.9999024868011475,1,14,1,0.6542453169822693,0.11520563066005707,0.047646746039390564,0.18290233612060547,1,1,0,1,0.2656987178684225,0.1,0.0,0.1
896,896,14,0,0.0,0.9469121098518372,0.3593696107506277,15.930212121109562,0.20000000000000018,0.0,3,0.43254331176279026,JITTER,41.66223641840427,41.088212914782716,1.027205322869568,0,0.0,80.0,1,1,1,14,0.9469121098518372,1,14,1,0.17602579295635223,0.026075249537825584,0.5525733828544617,0.24532566964626312,1,0,1,1,0.1,0.0,0.23254331176279028,0.1
897,897,14,1,6.2,0.9998286962509155,0.6005823450950734,22.218665625932953,0.0,0.0,3,0.5591717306071735,JITTER,110.97966227332338,110.3248396303825,2.7581209907595627,0,0.0,80.0,1,1,1,14,0.9998286962509155,1,14,1,0.9863532781600952,0.0023907688446342945,0.0020148535259068012,0.009241108782589436,1,1,0,1,0.35917173060717356,0.1,0.0,0.1
898,898,14,0,0.0,0.6799117922782898,0.3752086527352946,16.1714661692174,3.2,0.0,3,0.4419726029109884,JITTER,76.88338053843191,76.43771200906971,1.910942800226743,0,0.0,80.0,1,1,0,14,0.6799117922782898,1,14,1,0.5806291103363037,0.1034439206123352,0.030016912147402763,0.2859099805355072,1,1,0,1,0.2419726029109884,0.1,0.0,0.1
899,899,14,0,0.0,0.9992567896842957,0.5720430582743876,21.351704659841552,0.20000000000000018,0.0,3,0.5457242923551682,JITTER,75.4285585726428,74.49043544057653,1.8622608860144134,0,0.0,80.0,1,1,1,14,0.9992567896842957,1,14,1,0.9344406723976135,0.0033705246169120073,0.020770855247974396,0.041417960077524185,1,0,1,1,0.3457242923551682,0.0,0.1,0.1
900,900,14,1,6.2,0.9994246959686279,0.5928407776718954,21.98293700078754,0.0,0.0,3,0.5555561513221823,JITTER,81.03353887901798,80.02297549927167,2.000574387481792,0,0.0,80.0,1,1,1,14,0.9994246959686279,1,14,1,0.9722591042518616,0.017431342974305153,0.0021999552845954895,0.008109703660011292,1,1,0,1,0.3555561513221823,0.1,0.0,0.1
901,901,14,0,0.0,0.9993298053741455,0.5200143603568831,19.88490577370409,3.2,0.37392008927836773,3,0.5203152980152016,JITTER,33.50797922175241,33.043196428865286,0.8260799107216322,0,0.0,80.0,1,1,1,14,0.9993298053741455,1,14,1,0.8401443958282471,0.1509515345096588,0.004048421047627926,0.004855717997997999,1,1,0,1,0.32031529801520164,0.1,0.0,0.1
902,902,14,0,0.0,0.9998283386230469,0.5964228104186802,22.103807723151245,0.20000000000000018,0.0,3,0.5572320004275036,JITTER,87.47503563802233,86.28084723168209,2.1570211807920523,0,0.0,80.0,1,1,1,14,0.9998283386230469,1,14,1,0.9787793755531311,0.004331456031650305,0.0011997196124866605,0.015689395368099213,1,1,0,1,0.3572320004275037,0.1,0.0,0.1
903,903,14,1,6.2,0.9999812841415405,0.49672278924931806,18.61561448677054,0.0,0.0,3,0.5085292864912945,JITTER,27.407055273870633,27.16212453681949,0.6790531134204874,0,0.0,80.0,1,1,1,14,0.9999812841415405,1,14,1,0.7980889678001404,0.07208279520273209,0.051469169557094574,0.07835906744003296,1,1,0,1,0.3085292864912945,0.1,0.0,0.1
904,904,14,0,0.0,0.9979954957962036,0.29893946281461237,14.28742518312199,3.2,0.0,3,0.39450321910831654,JITTER,60.903513204572974,60.79789252479194,1.5199473131197987,0,0.0,80.0,1,1,1,14,0.9979954957962036,1,14,1,0.3246370255947113,0.1849953532218933,0.0655732974410057,0.4247942566871643,1,1,0,1,0.11420783732103901,0.1,0.0,0.18029538178727753
905,905,14,0,0.0,0.9993840456008911,0.6047552869197237,22.35957234491394,0.20000000000000018,0.0,3,0.5611109750320316,JITTER,42.23679278968107,41.86429584353615,1.0466073960884037,0,0.0,80.0,1,1,1,14,0.9993840456008911,1,14,1,0.9939541816711426,0.004574994556605816,0.0006979304598644376,0.0007728500640951097,1,1,0,1,0.3611109750320316,0.1,0.0,0.1
906,906,14,1,6.2,0.9999849796295166,0.5558533557025424,20.70504843614632,0.0,0.0,3,0.5379464456964018,JITTER,94.29063098580822,93.84357632937441,2.3460894082343606,0,0.0,80.0,1,1,1,14,0.9999849796295166,1,14,1,0.905049204826355,0.04963088780641556,0.028872888535261154,0.016446977853775024,1,1,1,0,0.33794644569640186,0.1,0.1,0.0
907,907,14,0,0.0,0.9988768696784973,0.21813173984044604,11.784172706442906,3.2,0.0,3,0.33699104330165564,JITTER,102.97499101249115,101.85091954111806,2.5462729885279516,0,0.0,80.0,1,1,1,14,0.9988768696784973,1,14,1,0.2828526496887207,0.19594807922840118,0.2383299320936203,0.2828693091869354,1,0,1,1,0.11848908734914346,0.0,0.1,0.11850195595251214
908,908,14,0,0.0,0.9993736147880554,0.604086419491334,22.343285354539773,0.20000000000000018,0.0,3,0.5608005910679634,JITTER,96.04216851846175,95.13446249074083,2.378361562268521,0,0.0,80.0,1,1,1,14,0.9993736147880554,1,14,1,0.9927356839179993,0.000661347177810967,0.0018248683772981167,0.0047780899330973625,1,0,1,1,0.36080059106796347,0.0,0.1,0.1
909,909,14,1,6.2,0.997996985912323,0.5780098444095491,21.51696447231089,0.0,0.0,3,0.5485630410832065,JITTER,69.91942254222234,69.05281410534947,1.7263203526337367,0,0.0,80.0,1,1,1,14,0.997996985912323,1,14,1,0.9452837109565735,0.019204704090952873,0.004075449891388416,0.03143613412976265,1,1,0,1,0.34856304108320657,0.1,0.0,0.1
910,910,14,0,0.0,0.9999672174453735,0.4784036734765881,18.58346123243187,3.2,0.0,3,0.49906392670127964,JITTER,112.79706081658242,111.68756054346257,2.7921890135865644,0,0.0,80.0,1,1,1,14,0.9999672174453735,1,14,1,0.7650869488716125,0.05911828204989433,0.020318791270256042,0.15547601878643036,1,1,0,1,0.2990639267012797,0.1,0.0,0.1
911,911,14,0,0.0,0.9991961121559143,0.34642246182296954,14.971392150745874,0.20000000000000018,0.0,3,0.424680136524515,JITTER,72.86575381082909,71.98845456004382,1.7997113640010955,0,0.0,80.0,1,1,1,14,0.9991961121559143,1,14,1,0.5296998023986816,0.17958979308605194,0.07878395169973373,0.2119264155626297,1,1,0,1,0.22468013652451493,0.1,0.0,0.1
912,912,14,1,6.2,0.9999130964279175,0.29886022585487776,13.93979055225103,0.0,0.0,3,0.3944509320882911,JITTER,93.75151372977258,93.61679217549606,2.3404198043874014,0,0.0,80.0,1,1,1,14,0.9999130964279175,1,14,1,0.44618818163871765,0.2922073006629944,0.10081662237644196,0.16078785061836243,1,1,0,1,0.1944509320882911,0.1,0.0,0.1
913,913,14,0,0.0,0.8197208642959595,0.5604813804821522,20.861948894524577,3.2,0.0,3,0.5401812696519134,JITTER,71.5687438521972,70.879405750412,1.7719851437603003,0,0.0,80.0,1,1,1,14,0.8197208642959595,1,14,1,0.9134467244148254,0.055480506271123886,0.020576035603880882,0.0104967737570405,1,1,1,0,0.3401812696519134,0.1,0.1,0.0
914,914,14,0,0.0,0.999530553817749,0.3628147575381562,16.12283695855705,0.20000000000000018,0.0,3,0.4346116847285405,JITTER,112.16849842375704,111.06138058196129,2.7765345145490326,0,0.0,80.0,1,1,1,14,0.999530553817749,1,14,1,0.5586690902709961,0.09589990228414536,0.01685274764895439,0.32857832312583923,1,1,0,1,0.23461168472854046,0.1,0.0,0.1
915,915,14,1,6.2,0.9997089505195618,0.5508355450873547,20.538129057431036,0.0,0.0,3,0.5355128606202748,JITTER,66.8320534694331,65.54593744779233,1.6386484361948082,0,0.0,80.0,1,1,1,14,0.9997089505195618,1,14,1,0.06258787214756012,0.023230131715536118,0.018233537673950195,0.8959484696388245,1,1,0,1,0.1,0.1,0.0,0.33551286062027474
916,916,14,0,0.0,0.9999104738235474,0.44531900067554053,17.238481024176814,3.2,0.0,3,0.4814980574835622,JITTER,65.05764636008816,64.82228805408934,1.6205572013522336,0,0.0,80.0,1,1,1,14,0.9999104738235474,1,14,1,0.7056657075881958,0.15697534382343292,0.07733136415481567,0.06002749875187874,1,1,1,0,0.28149805748356227,0.1,0.1,0.0
917,917,14,0,0.0,0.9993652701377869,0.3643417520312897,15.905127833202869,0.20000000000000018,0.0,3,0.4355253091307375,JITTER,41.69161228057883,41.61224184173307,1.0403060460433269,0,0.0,80.0,1,1,1,14,0.9993652701377869,1,14,1,0.3203202784061432,0.08374698460102081,0.5613721013069153,0.034560658037662506,1,1,1,0,0.1,0.1,0.23552530913073746,0.0
918,918,14,1,6.2,0.9992658495903015,0.36232093479006994,15.942725469623849,0.0,0.0,3,0.4343158116812921,JITTER,20.056812925894445,19.883543859557676,0.49708859648894194,0,0.0,80.0,1,1,1,14,0.9992658495903015,1,14,1,0.2894476056098938,0.02924010343849659,0.123517245054245,0.5577951073646545,1,0,1,1,0.1,0.0,0.1,0.23431581168129204
919,919,14,0,0.0,0.9998120665550232,0.43020140833899917,17.524172137630867,3.2,0.0,3,0.47325459608220566,JITTER,96.92425812982215,95.50244431319227,2.3875611078298067,0,0.0,80.0,1,1,1,14,0.9998120665550232,1,14,1,0.6785973310470581,0.014613000676035881,0.022789372131228447,0.28400030732154846,1,0,1,1,0.2732545960822057,0.0,0.1,0.1
920,920,14,0,0.0,0.9999563694000244,0.5993197963757267,22.171125177023416,0.20000000000000018,0.0,3,0.5585836738830815,JITTER,23.21490878028502,22.95026675801987,0.5737566689504967,0,0.0,80.0,1,1,1,14,0.9999563694000244,1,14,1,0.9840540885925293,0.007314644753932953,0.0026678305584937334,0.005963370203971863,1,1,0,1,0.35858367388308154,0.1,0.0,0.1
921,921,14,1,6.2,0.9999631643295288,0.3444121321454648,14.579583688315982,0.0,0.0,3,0.4234461096045221,JITTER,35.4283125413476,34.761497646509724,0.8690374411627432,0,0.0,80.0,1,1,1,14,0.9999631643295288,1,14,1,0.5261532068252563,0.10982783138751984,0.2591556906700134,0.10486328601837158,1,1,1,0,0.22344610960452208,0.1,0.1,0.0
922,922,14,0,0.0,0.999982476234436,0.40804795491540385,16.533822640629428,3.2,0.2930977666888748,3,0.46090830034424435,JITTER,36.73649996441793,36.276089332445004,0.9069022333111252,0,0.0,80.0,1,1,1,14,0.999982476234436,1,14,1,0.6390333771705627,0.16844883561134338,0.05138486996293068,0.14113299548625946,1,1,0,1,0.2609083003442444,0.1,0.0,0.1
923,923,14,0,0.0,0.9999452829360962,0.49963223252023437,19.271532648574826,0.20000000000000018,0.0,3,0.5100164106473941,JITTER,52.62383621640568,51.948607853599114,1.298715196339978,0,0.0,80.0,1,1,1,14,0.9999452829360962,1,14,1,0.8033365607261658,0.009554608725011349,0.01954580657184124,0.1675630658864975,1,0,1,1,0.31001641064739416,0.0,0.1,0.1
924,924,14,1,6.2,0.9999570846557617,0.5531611473608689,20.805896470453362,0.0,0.0,3,0.5366421252529823,JITTER,61.225859646407514,60.29566366836991,1.507391591709248,0,0.0,80.0,1,1,1,14,0.9999570846557617,1,14,1,0.900165855884552,0.007665753364562988,0.0036610448732972145,0.08850739151239395,1,1,0,1,0.3366421252529823,0.1,0.0,0.1
925,925,14,0,0.0,0.9999668598175049,0.31215711138238994,14.884504313359837,3.2,0.1428074688274661,3,0.40313039407934176,JITTER,43.06791253278578,42.28770124690136,1.0571925311725339,0,0.0,80.0,1,1,1,14,0.9999668598175049,1,14,1,0.19640958309173584,0.3654693067073822,0.024409616366028786,0.4137114882469177,1,1,0,1,0.1,0.13598979530594535,0.0,0.1671405987733964
926,926,14,0,0.0,0.9540548324584961,0.5995014590402792,22.16198119403927,0.20000000000000018,0.0,3,0.5586683249414988,JITTER,70.02096493133521,68.96211749571872,1.724052937392968,0,0.0,80.0,1,1,1,14,0.9540548324584961,1,14,1,0.9843848943710327,0.002684143139049411,0.0057913013733923435,0.007139632944017649,1,0,1,1,0.3586683249414988,0.0,0.1,0.1
927,927,14,1,6.2,0.5416570901870728,0.5565417364380004,20.796824916348324,0.0,0.0,3,0.5382794448467094,JITTER,104.9730191401227,102.87601804221349,2.5719004510553374,0,0.0,80.0,1,1,0,14,0.5416570901870728,1,14,1,0.906298041343689,0.012926408089697361,0.011239556595683098,0.069535993039608,1,1,0,1,0.33827944484670947,0.1,0.0,0.1
928,928,14,0,0.0,0.9993144273757935,0.5089914661561333,19.25409967605972,3.2,0.1462171757762052,3,0.5147711236500413,JITTER,42.39456655939583,42.15131296895179,1.0537828242237948,0,0.0,80.0,1,1,1,14,0.9993144273757935,1,14,1,0.8202284574508667,0.10156228393316269,0.028369685634970665,0.04983958601951599,1,1,0,1,0.31477112365004134,0.1,0.0,0.1
929,929,14,0,0.0,0.9999579191207886,0.5672597823395767,21.085152711372253,0.20000000000000018,0.0,3,0.5434379001524877,JITTER,45.043308673188825,44.80649678207272,1.120162419551818,0,0.0,80.0,1,1,1,14,0.9999579191207886,1,14,1,0.9257524609565735,0.04255657270550728,0.01259315200150013,0.019097844138741493,1,1,0,1,0.34343790015248776,0.1,0.0,0.1
930,930,14,1,6.2,0.8903912305831909,0.2859458720223147,13.362684178548356,0.0,0.0,3,0.38583430808800323,JITTER,78.24447415393774,76.68972120626495,1.917243030156624,0,0.0,80.0,1,1,1,14,0.8903912305831909,1,14,1,0.13035811483860016,0.25344473123550415,0.42366963624954224,0.19252748787403107,0,1,1,1,0.0,0.1,0.18583430808800325,0.1
931,931,14,0,0.0,0.9977018237113953,0.3056228198830091,14.600320424741572,3.2,0.0,3,0.3988887755369659,JITTER,119.02780870927545,117.77379544096026,2.9443448860240067,0,0.0,80.0,1,1,1,14,0.9977018237113953,1,14,1,0.4580085277557373,0.27051588892936707,0.05986226350069046,0.21161329746246338,1,1,0,1,0.1988887755369659,0.1,0.0,0.1
932,932,14,0,0.0,0.9982686042785645,0.47216793472832824,18.6056456131195,0.20000000000000018,0.0,3,0.4958007412406199,JITTER,83.90272102646739,82.45964365408389,2.061491091352097,0,0.0,80.0,1,1,1,14,0.9982686042785645,1,14,1,0.7538690567016602,0.08676286786794662,0.00685839494690299,0.15250959992408752,1,1,0,1,0.29580074124061995,0.1,0.0,0.1
933,933,14,1,6.2,0.999563992023468,0.5213118675861782,19.89102518834998,0.0,0.0,3,0.5209640226580824,JITTER,113.29334584535052,112.83142479422459,2.8207856198556147,0,0.0,80.0,1,1,1,14,0.999563992023468,1,14,1,0.8424901962280273,0.13719229400157928,0.014127572067081928,0.006190014071762562,1,1,1,0,0.32096402265808244,0.1,0.1,0.0
934,934,14,0,0.0,0.9999854564666748,0.3369815153113729,14.741640617259746,3.2,0.0,3,0.41885332358741445,JITTER,72.8541728942453,71.64065979878441,1.7910164949696104,0,0.0,80.0,1,1,1,14,0.9999854564666748,1,14,1,0.2845131754875183,0.08420974016189575,0.11822071671485901,0.5130563378334045,1,0,1,1,0.1,0.0,0.1,0.2188533235874144
935,935,14,0,0.0,0.99992835521698,0.5509081250718452,20.537040931732857,0.20000000000000018,0.0,3,0.5355481399656437,JITTER,50.320207663459165,49.87758201646148,1.246939550411537,0,0.0,80.0,1,1,1,14,0.99992835521698,1,14,1,0.062292296439409256,0.02323836460709572,0.018389234319329262,0.8960800766944885,1,1,0,1,0.1,0.1,0.0,0.3355481399656437
936,936,14,1,6.2,0.9999551773071289,0.4626158727198482,18.223598608900037,0.0,0.0,3,0.49076003788555056,JITTER,118.5621101512008,116.22632585198687,2.905658146299672,0,0.0,80.0,1,1,1,14,0.9999551773071289,1,14,1,0.7367013692855835,0.04991215094923973,0.0184326134622097,0.19495390355587006,1,1,0,1,0.2907600378855506,0.1,0.0,0.1
937,937,14,0,0.0,0.8311417102813721,0.3203125090021604,15.020613567191056,3.2,0.0,3,0.4083625208807735,JITTER,110.61068107651816,108.84434277200116,2.721108569300029,0,0.0,80.0,1,1,1,15,0.8311417102813721,0,14,1,0.4276160001754761,0.36988556385040283,0.021644460037350655,0.1808539479970932,1,1,0,1,0.17258121817439373,0.1357813027063798,0.0,0.1
938,938,14,0,0.0,0.7581417560577393,0.46369100107437117,17.247804075112644,0.20000000000000018,0.0,3,0.4913299749144808,JITTER,46.913050072280576,46.6120089604724,1.16530022401181,0,0.0,80.0,1,1,0,15,0.7581417560577393,0,14,1,0.06970056146383286,0.7386326789855957,0.14498084783554077,0.046685900539159775,1,1,1,0,0.1,0.29132997491448087,0.1,0.0
939,939,14,1,6.2,0.9997994303703308,0.4856483228144903,18.976830673903837,0.0,0.0,3,0.5028284859306109,JITTER,74.72828412048747,73.89016550099525,1.8472541375248814,0,0.0,80.0,1,1,1,14,0.9997994303703308,1,14,1,0.15044128894805908,0.005047913640737534,0.06638075411319733,0.778130054473877,1,0,1,1,0.1,0.0,0.1,0.30282848593061096
940,940,14,0,0.0,0.9996746778488159,0.3274873886895878,14.89654608222173,3.2,0.0,3,0.41291077554833244,JITTER,70.55028193570669,69.65193658074308,1.7412984145185773,0,0.0,80.0,1,1,1,14,0.9996746778488159,1,14,1,0.4963509738445282,0.14372678101062775,0.06197035685181618,0.29795193672180176,1,1,0,1,0.2129107755483324,0.1,0.0,0.1
941,941,14,0,0.0,0.9998412132263184,0.44058658328201067,17.851296825429838,0.20000000000000018,0.0,3,0.47893277733645545,JITTER,60.83230226329888,59.92082248758546,1.4980205621896365,0,0.0,80.0,1,1,1,14,0.9998412132263184,1,14,1,0.6971863508224487,0.03577461466193199,0.00791768915951252,0.2591213583946228,1,1,0,1,0.2789327773364555,0.1,0.0,0.1
942,942,15,1,6.2,0.9916797280311584,0.5074894622403047,19.35742395107067,0.0,0.0,3,0.5140110328171157,JITTER,53.35499264783554,53.00212727301791,1.3250531818254478,0,0.0,80.0,1,1,1,15,0.9916797280311584,1,15,1,0.018165381625294685,0.040955979377031326,0.1233622282743454,0.8175164461135864,0,1,1,1,0.0,0.1,0.1,0.3140110328171156
943,943,15,0,0.0,0.9962105751037598,0.37082385009040886,15.198811512671885,3.2,0.38502267199280216,3,0.4393825002354146,JITTER,32.7225961891828,32.59909312028791,0.8149773280071978,0,0.0,80.0,1,1,1,15,0.9962105751037598,1,15,1,0.0927225798368454,0.15734654664993286,0.1770763397216797,0.5728545188903809,0,1,1,1,0.0,0.1,0.1,0.2393825002354146
944,944,15,0,0.0,0.9998296499252319,0.4083300873644771,17.10860875245029,0.20000000000000018,0.0,3,0.4610676133811104,JITTER,105.05208789213576,104.11443006299055,2.602860751574764,0,0.0,80.0,1,1,1,15,0.9998296499252319,1,15,1,0.3216215670108795,0.010047041811048985,0.02879500389099121,0.639536440372467,1,0,1,1,0.1,0.0,0.1,0.2610676133811104
945,945,15,1,6.2,0.987456738948822,0.34705142486523566,15.601471487184586,0.0,0.0,3,0.42506548535426925,JITTER,42.78677865528338,42.13698346387303,1.0534245865968257,0,0.0,80.0,1,1,1,15,0.987456738948822,1,15,1,0.3612414002418518,0.4961546063423157,0.014344258233904839,0.12825971841812134,1,1,0,1,0.12122262022621633,0.2038428651280529,0.0,0.1
946,946,15,0,0.0,0.9994458556175232,0.3176957668185604,14.84019117681685,3.2,0.0,3,0.4066910738374099,JITTER,75.39811258168595,75.36621011506449,1.8841552528766123,0,0.0,80.0,1,1,1,15,0.9994458556175232,1,15,1,0.17074082791805267,0.03763324022293091,0.4669397473335266,0.3246862292289734,1,0,1,1,0.1,0.0,0.19887119548699397,0.1078198783504159
947,947,15,0,0.0,0.980867326259613,0.6003038846853269,22.121859275181794,0.20000000000000018,0.0,3,0.5590420854027178,JITTER,51.63614573367151,51.453352320476974,1.2863338080119244,0,0.0,80.0,1,1,1,15,0.980867326259613,1,15,1,0.006336902268230915,0.004929606802761555,0.9858461618423462,0.00288726226426661,1,1,1,0,0.1,0.1,0.35904208540271787,0.0
948,948,15,1,6.2,0.9998610019683838,0.5622802006443057,21.102797434351153,0.0,0.0,3,0.5410474095469842,JITTER,85.58728609828405,85.11650289107745,2.1279125722769363,0,0.0,80.0,1,1,1,15,0.9998610019683838,1,15,1,0.001002314267680049,0.004922723397612572,0.07736332714557648,0.9167116284370422,0,1,1,1,0.0,0.1,0.1,0.3410474095469841
949,949,15,0,0.0,0.9998131394386292,0.35850920968436295,15.903156387986549,3.2,0.5383607943978336,3,0.43202520486262197,JITTER,26.494677920994363,26.465568224086653,0.6616392056021664,0,0.0,80.0,1,1,1,15,0.9998131394386292,1,15,1,0.026698969304561615,0.5510516166687012,0.16414529085159302,0.2581041753292084,0,1,1,1,0.0,0.232025204862622,0.1,0.1
950,950,15,0,0.0,0.9993559718132019,0.4952199846479482,19.06772327942926,0.20000000000000018,0.0,3,0.507759441549938,JITTER,78.17272979587149,78.13876615921171,1.9534691539802929,0,0.0,80.0,1,1,1,15,0.9993559718132019,1,15,1,0.1379043012857437,0.05206609517335892,0.014650539495050907,0.795379102230072,1,1,0,1,0.1,0.1,0.0,0.30775944154993806
951,951,15,1,6.2,0.9953234791755676,0.44240172275941436,17.632469539919406,0.0,0.0,3,0.4799183228480405,JITTER,104.87921131360888,104.55325276744668,2.613831319186167,0,0.0,80.0,1,1,1,15,0.9953234791755676,1,15,1,0.7004380226135254,0.17369642853736877,0.026762358844280243,0.09910315275192261,1,1,0,1,0.2799183228480405,0.1,0.0,0.1
952,952,15,0,0.0,0.9992252588272095,0.43989563522107605,17.326834131695744,3.2,0.0,3,0.4785570878258399,JITTER,80.65663351954298,79.93929273342715,1.9984823183356788,0,0.0,80.0,1,1,1,15,0.9992252588272095,1,15,1,0.042495664209127426,0.18439777195453644,0.07715781778097153,0.6959487795829773,0,1,1,1,0.0,0.1,0.1,0.2785570878258399
953,953,15,0,0.0,0.9880868196487427,0.37029214807095917,16.201590850497748,0.20000000000000018,0.0,3,0.4390673851661716,JITTER,64.28515212319024,64.19284231881772,1.6048210579704432,0,0.0,80.0,1,1,1,15,0.9880868196487427,1,15,1,0.5719121694564819,0.09693258255720139,0.31207671761512756,0.01907852478325367,1,1,1,0,0.23906738516617163,0.1,0.1,0.0
954,954,15,1,6.2,0.997334361076355,0.5250502943819194,19.90925003798325,0.0,0.0,3,0.5228286518936194,JITTER,100.27522502122156,98.48420424393369,2.4621051060983423,0,0.0,80.0,1,1,1,15,0.997334361076355,1,15,1,0.03744745999574661,0.1011461615562439,0.012155579403042793,0.8492507338523865,1,1,0,1,0.1,0.1,0.0,0.3228286518936193
955,955,15,0,0.0,0.7627946734428406,0.28914077278224937,14.339059913592791,3.2,0.6743427544362545,3,0.38798380257575965,JITTER,21.101666738422846,21.02628982254982,0.5256572455637455,0,0.0,80.0,1,1,0,15,0.7627946734428406,1,15,1,0.23814792931079865,0.36124294996261597,0.3660864531993866,0.03452274203300476,1,1,1,0,0.1,0.1423670865086395,0.14561671606712015,0.0
956,956,15,0,0.0,0.9994353652000427,0.34222187667452325,15.091926956026999,0.20000000000000018,0.0,3,0.42209752996116245,JITTER,110.39041887954788,109.17724227777519,2.72943105694438,0,0.0,80.0,1,1,1,15,0.9994353652000427,1,15,1,0.28350844979286194,0.06504107266664505,0.12915974855422974,0.5222907662391663,1,0,1,1,0.1,0.0,0.1,0.22209752996116247
957,957,15,1,6.2,0.9919100403785706,0.32675036798401147,14.438216294359856,0.0,0.0,3,0.41244587946810474,JITTER,35.003957824821015,34.86198845581287,0.8715497113953218,0,0.0,80.0,1,1,1,15,0.9919100403785706,1,15,1,0.08071877807378769,0.10733526945114136,0.47056347131729126,0.3413824737071991,0,1,1,1,0.0,0.1,0.19698813496442827,0.11545774450367646
958,958,15,0,0.0,0.9991306662559509,0.5483770997191953,20.3612512976106,3.2,0.0,3,0.5343164950554844,JITTER,85.99862442371142,84.75195943026348,2.118798985756587,0,0.0,80.0,1,1,1,15,0.9991306662559509,1,15,1,0.025666991248726845,0.02787567675113678,0.054966118186712265,0.891491174697876,0,1,1,1,0.0,0.1,0.1,0.33431649505548433
959,959,15,0,0.0,0.9974541068077087,0.529877815918925,20.0256664900656,0.20000000000000018,0.0,3,0.5252266997895941,JITTER,79.94268085799352,78.41873612308031,1.9604684030770079,0,0.0,80.0,1,1,1,15,0.9974541068077087,1,15,1,0.8579845428466797,0.010885723866522312,0.0944964662194252,0.03663330525159836,1,0,1,1,0.3252266997895942,0.0,0.1,0.1
960,960,15,1,6.2,0.9962363839149475,0.5755717611949649,21.3632054160456,0.0,0.0,3,0.5474048811550861,JITTER,69.4063603661777,68.98954475533759,1.72473861888344,0,0.0,80.0,1,1,1,15,0.9962363839149475,1,15,1,0.9408524632453918,0.02047494240105152,0.010011309757828712,0.028661295771598816,1,1,0,1,0.34740488115508616,0.1,0.0,0.1
961,961,15,0,0.0,0.9982103109359741,0.36842377241904073,15.442308188322027,3.2,0.0,3,0.4379582876171487,JITTER,67.72329099757965,67.23613529621956,1.680903382405489,0,0.0,80.0,1,1,1,15,0.9982103109359741,1,15,1,0.5686014890670776,0.20189255475997925,0.07291353493928909,0.15659238398075104,1,1,0,1,0.23795828761714868,0.1,0.0,0.1
962,962,16,0,0.0,0.9745697379112244,0.4228292773205148,16.48048724985705,0.20000000000000018,0.0,3,0.4691821185097505,JITTER,42.44158926746863,42.40257420047078,1.0600643550117697,0,0.0,80.0,1,1,1,36,0.9745697379112244,0,16,1,0.11012469977140427,0.15186557173728943,0.6654175519943237,0.07259214669466019,1,1,1,0,0.1,0.1,0.2691821185097505,0.0
963,963,16,1,6.2,0.9352996349334717,0.3910299390646447,16.246597323978087,0.0,0.0,3,0.4511946398302854,JITTER,55.221249356512416,54.43555109682375,1.3608887774205938,0,0.0,80.0,1,1,1,36,0.9352996349334717,0,16,1,0.4154396653175354,0.006123756058514118,0.5399511456489563,0.03848540037870407,1,0,1,1,0.1396800493237573,0.0,0.21151459050652807,0.1
964,964,16,0,0.0,0.9975000023841858,0.29754534731394705,13.386428824191485,3.2,0.6587021522867503,3,0.3935822537665802,JITTER,21.84378028751938,21.651913908529984,0.5412978477132496,0,0.0,80.0,1,1,1,16,0.9975000023841858,1,16,1,0.38877588510513306,0.13283812999725342,0.1208726093173027,0.3575133681297302,1,1,0,1,0.1571293593583323,0.1,0.0,0.1364528944082479
965,965,16,0,0.0,0.9910878539085388,0.4798059845409732,18.540152027690986,0.20000000000000018,0.0,3,0.49979482699034034,JITTER,84.40094014498683,83.37056653133334,2.0842641632833336,0,0.0,80.0,1,1,1,36,0.9910878539085388,0,16,1,0.038506876677274704,0.16840624809265137,0.7676107883453369,0.025476085022091866,1,1,1,0,0.1,0.1,0.2997948269903403,0.0
966,966,16,1,6.2,0.5658808946609497,0.3354237532606127,14.938020625963022,0.0,0.0,3,0.4178840870313062,JITTER,97.66484358887159,96.08165796375938,2.4020414490939848,0,0.0,80.0,1,1,0,16,0.5658808946609497,1,16,1,0.0434185229241848,0.37229761481285095,0.45908424258232117,0.1251995712518692,0,1,1,1,0.0,0.1319114960667722,0.18597259096453403,0.1
967,967,16,0,0.0,0.5961025953292847,0.580844094492771,21.52722744301706,3.2,0.0,3,0.5499063257913487,JITTER,91.17058209193878,90.98313957603423,2.274578489400856,0,0.0,80.0,1,1,0,36,0.5961025953292847,0,16,1,0.9504361748695374,0.02112172171473503,0.009279035963118076,0.019163034856319427,1,1,0,1,0.3499063257913487,0.1,0.0,0.1
968,968,16,0,0.0,0.9877299666404724,0.37668689773788305,15.644466186570437,0.20000000000000018,0.0,3,0.44284238768438816,JITTER,67.50224440043607,66.68761927213592,1.667190481803398,0,0.0,80.0,1,1,1,36,0.9877299666404724,0,16,1,0.04876983165740967,0.5026205778121948,0.42087554931640625,0.027734074741601944,1,1,1,0,0.1,0.1954465606772208,0.14739582700716736,0.0
969,969,16,1,6.2,0.4355561137199402,0.45469898679451765,18.248557043611186,0.0,0.0,3,0.48654265389372975,JITTER,44.55660388094516,44.51868459127913,1.1129671147819784,0,0.0,80.0,1,1,0,16,0.4355561137199402,1,16,1,0.72248774766922,0.006454187445342541,0.003008788451552391,0.26804935932159424,1,1,0,1,0.2865426538937298,0.1,0.0,0.1
970,970,16,0,0.0,0.7399802803993225,0.3844224696450764,16.54854628485305,3.2,0.1506586410896149,3,0.44736634429101707,JITTER,42.35903208760469,41.9736543564154,1.049341358910385,0,0.0,80.0,1,1,0,16,0.7399802803993225,1,16,1,0.08307597786188126,0.5969846844673157,0.012793694622814655,0.30714571475982666,1,1,0,1,0.1,0.24736634429101703,0.0,0.1
971,971,16,0,0.0,0.9889927506446838,0.3722301192890654,14.805451138477324,0.20000000000000018,0.0,3,0.44021484338284433,JITTER,61.393031905460084,61.17610947303489,1.5294027368258725,0,0.0,80.0,1,1,1,36,0.9889927506446838,0,16,1,0.1353752166032791,0.25121548771858215,0.5753473043441772,0.0380619652569294,1,1,1,0,0.1,0.1,0.2402148433828443,0.0
972,972,16,1,6.2,0.6155661344528198,0.38465475697259643,15.727682829498137,0.0,0.0,3,0.4475014844654832,JITTER,102.44155426834928,100.54497864613167,2.513624466153292,0,0.0,80.0,1,1,0,38,0.6155661344528198,0,38,0,0.03338555619120598,0.4661353826522827,0.4750863015651703,0.02539270743727684,1,1,1,0,0.1,0.17114740155630434,0.17635408290917884,0.0
973,973,16,0,0.0,0.5885544419288635,0.5607379739951409,20.59208851497204,3.2,0.21528332872320355,3,0.5403049054712262,JITTER,40.134831905271525,39.388666851071854,0.9847166712767964,0,0.0,80.0,1,1,0,16,0.5885544419288635,1,16,1,0.9139124155044556,0.03219330310821533,0.010025887750089169,0.04386838525533676,1,1,0,1,0.34030490547122627,0.1,0.0,0.1
974,974,16,0,0.0,0.8853117823600769,0.4528127707762049,18.21130779883869,0.20000000000000018,0.0,3,0.48553244901482884,JITTER,21.786095917518082,21.383069494508117,0.534576737362703,0,0.0,80.0,1,1,1,16,0.8853117823600769,1,16,1,0.00901547446846962,0.7191033959388733,0.0024643188808113337,0.2694167494773865,1,1,0,1,0.1,0.2855324490148289,0.0,0.1
975,975,16,1,6.2,0.9794332981109619,0.4528127707762049,18.21159081801933,0.0,0.0,3,0.48553244901482884,JITTER,115.19287900809078,115.16511323212647,2.879127830803162,0,0.0,80.0,1,1,1,16,0.9794332981109619,1,16,1,0.00901547446846962,0.7191033959388733,0.0024643188808113337,0.2694167494773865,1,1,0,1,0.1,0.2855324490148289,0.0,0.1
976,976,16,0,0.0,0.8876022100448608,0.5681972760991063,21.271924237463278,3.2,0.0,3,0.5438867767812239,JITTER,96.3019296776748,94.433284005379,2.3608321001344748,0,0.0,80.0,1,1,1,36,0.8876022100448608,0,16,1,0.006623008754104376,0.9274550080299377,0.0007023215875960886,0.0652196928858757,1,1,0,1,0.1,0.3438867767812239,0.0,0.1
977,977,16,0,0.0,0.4910828769207001,0.5825365634886451,21.690121512476217,0.20000000000000018,0.0,3,0.5507069041493127,JITTER,110.59022188177784,108.44320083958613,2.7110800209896535,0,0.0,80.0,1,1,0,36,0.4910828769207001,0,16,1,0.0010391178075224161,0.9535135626792908,0.0010327431373298168,0.04441459849476814,1,1,0,1,0.1,0.3507069041493127,0.0,0.1
978,978,16,1,6.2,0.9858964085578918,0.4986301255594349,19.331666468943183,0.0,0.0,3,0.5095046867315893,JITTER,75.03235056976393,74.91506579202273,1.8728766448005683,0,0.0,80.0,1,1,1,36,0.9858964085578918,0,36,0,0.8015289306640625,0.1855657696723938,0.0033674966543912888,0.009537766687572002,1,1,0,1,0.3095046867315894,0.1,0.0,0.1
979,979,16,0,0.0,0.82384192943573,0.4815524033063865,18.22981538003624,3.2,0.0,3,0.5007035883174915,JITTER,104.97891978050362,103.690139235992,2.5922534808998003,0,0.0,80.0,1,1,1,16,0.82384192943573,1,16,1,0.7707545161247253,0.05144188553094864,0.12254144251346588,0.05526212975382805,1,0,1,1,0.30070358831749155,0.0,0.1,0.1
980,980,16,0,0.0,0.9795351624488831,0.43213564851267305,17.691874069630344,0.20000000000000018,0.0,3,0.4743173092855638,JITTER,81.4736744188289,80.79377072363475,2.019844268090869,0,0.0,80.0,1,1,1,16,0.9795351624488831,1,16,1,0.03355148807168007,0.6820575594902039,0.0056108757853507996,0.278780072927475,1,1,0,1,0.1,0.27431730928556386,0.0,0.1
981,981,16,1,6.2,0.932159423828125,0.3712562716942709,16.309024755981483,0.0,0.0,3,0.4396386098786814,JITTER,77.18419765211091,76.9471190116239,1.9236779752905975,0,0.0,80.0,1,1,1,16,0.932159423828125,1,16,1,0.014728679321706295,0.5736209750175476,0.23970596492290497,0.17194439470767975,0,1,1,1,0.0,0.23963860987868138,0.1,0.1
982,982,16,0,0.0,0.5325794816017151,0.5525947480893314,20.66169455245027,3.2,0.0,3,0.5363673124275562,JITTER,93.97700265661503,93.83600462276966,2.3459001155692416,0,0.0,80.0,1,1,0,36,0.5325794816017151,0,16,1,0.8991386294364929,0.026723135262727737,0.0128284627571702,0.06130974739789963,1,1,0,1,0.33636731242755624,0.1,0.0,0.1
983,983,16,0,0.0,0.9695103764533997,0.5433920835660703,20.51048795116217,0.20000000000000018,0.0,3,0.5318823513483002,JITTER,92.9780767043792,91.39934908639567,2.284983727159892,0,0.0,80.0,1,1,1,16,0.9695103764533997,1,16,1,0.00857332069426775,0.8824562430381775,0.005144617520272732,0.10382579267024994,1,1,0,1,0.1,0.33188235134830024,0.0,0.1
984,984,16,1,6.2,0.9331139922142029,0.29230090851513885,14.882787235971207,0.0,0.0,3,0.3900982563162466,JITTER,67.24686775644882,66.56117785235962,1.6640294463089906,0,0.0,80.0,1,1,1,16,0.9331139922142029,1,16,1,0.3357418179512024,0.25311651825904846,0.012421532534062862,0.3987201452255249,1,1,0,1,0.12403676133019512,0.1,0.0,0.16606149498605152
985,985,16,0,0.0,0.9989451766014099,0.3793885098883627,16.068914944847876,3.2,0.0,3,0.4444275913448035,JITTER,51.22142729220783,50.22828624502569,1.2557071561256423,0,0.0,80.0,1,1,1,36,0.9989451766014099,0,16,1,0.5880457162857056,0.04315544664859772,0.08153146505355835,0.28726738691329956,1,0,1,1,0.2444275913448035,0.0,0.1,0.1
986,986,16,0,0.0,0.8294846415519714,0.4838232523050709,18.985734276960017,0.20000000000000018,0.0,3,0.5018827797473943,JITTER,93.31244745595453,92.62382295612079,2.31559557390302,0,0.0,80.0,1,1,1,36,0.8294846415519714,0,16,1,0.001981838373467326,0.7748432159423828,0.0009605750092305243,0.22221429646015167,1,1,0,1,0.1,0.3018827797473943,0.0,0.1
987,987,16,1,6.2,0.8670095801353455,0.38789988539085246,16.46234817229294,0.0,0.0,3,0.44938518634391866,JITTER,37.48073862330051,37.31613851725376,0.9329034629313441,0,0.0,80.0,1,1,1,36,0.8670095801353455,0,16,1,0.26732465624809265,0.6031639575958252,0.026847831904888153,0.1026635468006134,1,1,0,1,0.1,0.24938518634391862,0.0,0.1
988,988,16,0,0.0,0.9695103764533997,0.5433920835660703,20.51048795116217,3.2,0.0,3,0.5318823513483002,JITTER,66.39222861100501,65.14064427670144,1.628516106917536,0,0.0,80.0,1,1,1,16,0.9695103764533997,1,16,1,0.00857332069426775,0.8824562430381775,0.005144617520272732,0.10382579267024994,1,1,0,1,0.1,0.33188235134830024,0.0,0.1
989,989,16,0,0.0,0.4910828769207001,0.5825365634886451,21.690121512476217,0.20000000000000018,0.0,3,0.5507069041493127,JITTER,93.41463457609181,93.01249625447294,2.3253124063618236,0,0.0,80.0,1,1,0,36,0.4910828769207001,0,16,1,0.0010391178075224161,0.9535135626792908,0.0010327431373298168,0.04441459849476814,1,1,0,1,0.1,0.3507069041493127,0.0,0.1
990,990,16,1,6.2,0.4588431417942047,0.5995051249977282,22.18246335267451,0.0,0.0,3,0.5586700330700992,JITTER,105.9561133418898,105.15466019225029,2.6288665048062576,0,0.0,80.0,1,1,0,36,0.4588431417942047,0,16,1,0.004933858290314674,0.9843915700912476,0.0022756962571293116,0.008398893289268017,1,1,0,1,0.1,0.35867003307009926,0.0,0.1
991,991,16,0,0.0,0.8643896579742432,0.4063985124113495,16.98480214374631,3.2,0.0,3,0.45997579772368424,JITTER,105.17221827525186,104.66381661773362,2.6165954154433404,0,0.0,80.0,1,1,1,16,0.8643896579742432,1,16,1,0.005339945200830698,0.6221998333930969,0.005158675834536552,0.36730149388313293,1,1,0,1,0.1,0.25211357321462047,0.0,0.1078622245090638
992,992,16,1,6.2,0.7003613114356995,0.2834782557410721,12.78444525651199,0.20000000000000018,0.0,3,0.3841658909489122,JITTER,81.86606119363177,80.34880393595986,2.008720098398997,0,0.0,80.0,1,1,0,27,0.7003613114356995,0,16,1,0.21630427241325378,0.06915802508592606,0.32433760166168213,0.39020007848739624,1,0,1,1,0.1,0.0,0.11976896144091226,0.16439692950799992
993,993,16,0,0.0,0.7227122187614441,0.4264739463791574,17.17524938172559,3.4000000000000004,0.07112932386093807,3,0.4711998884227624,JITTER,45.789400914779414,45.15482704556247,1.128870676139062,0,0.0,80.0,1,1,0,16,0.7227122187614441,1,16,1,0.03281166031956673,0.03434033319354057,0.6719317436218262,0.2609163522720337,0,1,1,1,0.0,0.1,0.27119988842276244,0.1
994,994,16,0,0.0,0.8446474671363831,0.38515618721838585,15.952487870792591,0.40000000000000036,0.0,3,0.447793067625163,JITTER,118.73126199571438,118.37364750173928,2.9593411875434823,0,0.0,80.0,1,1,1,36,0.8446474671363831,0,16,1,0.04452785477042198,0.5053045749664307,0.013135554268956184,0.43703198432922363,1,1,0,1,0.1,0.19374042689459595,0.0,0.15405264073056704
995,995,16,1,6.2,0.570593535900116,0.4997050228541914,19.210146869654395,0.0,0.0,3,0.5100535608855077,JITTER,28.84022907006744,28.451350194306507,0.7112837548576627,0,0.0,80.0,1,1,0,16,0.570593535900116,1,16,1,0.014139849692583084,0.15085004270076752,0.03154226392507553,0.803467869758606,0,1,1,1,0.0,0.1,0.1,0.31005356088550773
996,996,16,0,0.0,0.999138355255127,0.49641949817167536,19.20110983204647,3.2,0.0,3,0.5083740128167149,JITTER,53.973594774903034,53.89668836387636,1.347417209096909,0,0.0,80.0,1,1,1,16,0.999138355255127,1,16,1,0.00668195728212595,0.07404710352420807,0.12172887474298477,0.7975420355796814,0,1,1,1,0.0,0.1,0.1,0.30837401281671495
997,997,16,0,0.0,0.9817937612533569,0.5631860019517528,20.99459779297055,0.20000000000000018,0.0,3,0.541483032423181,JITTER,67.53056178836042,66.5125106392414,1.662812765981035,0,0.0,80.0,1,1,1,16,0.9817937612533569,1,16,1,0.010493873618543148,0.011503142304718494,0.0596470981836319,0.9183558821678162,0,1,1,1,0.0,0.1,0.1,0.3414830324231809
998,998,16,1,6.2,0.5658386945724487,0.38515618721838585,15.953264315994657,0.0,0.0,3,0.447793067625163,JITTER,48.51224004151888,48.18716255058507,1.204679063764627,0,0.0,80.0,1,1,0,16,0.5658386945724487,1,16,1,0.04452785477042198,0.5053045749664307,0.013135554268956184,0.43703198432922363,1,1,0,1,0.1,0.19374042689459595,0.0,0.15405264073056704
999,999,16,0,0.0,0.6809221506118774,0.5663246719449668,21.07332785454265,3.2,0.0,3,0.5429897950290682,JITTER,104.5699400646972,103.48226229080689,2.5870565572701723,0,0.0,80.0,1,1,0,16,0.6809221506118774,1,16,1,0.011471772566437721,0.9240543842315674,0.029869409278035164,0.03460438549518585,0,1,1,1,0.0,0.34298979502906823,0.1,0.1
1000,1000,16,0,0.0,0.544825553894043,0.5482499885019813,20.41835138410459,0.20000000000000018,0.0,3,0.5342545654487403,JITTER,104.2731968806472,103.34226769265214,2.5835566923163036,0,0.0,80.0,1,1,0,34,0.544825553894043,0,16,1,0.027032330632209778,0.8912607431411743,0.06010843440890312,0.021598560735583305,1,1,1,0,0.1,0.3342545654487403,0.1,0.0
1001,1001,16,1,6.2,0.8454473614692688,0.6063672845438866,22.415933840903545,0.0,0.0,3,0.5618583083991391,JITTER,115.29751615601035,113.79681616156586,2.8449204040391467,0,0.0,80.0,1,1,1,16,0.8454473614692688,1,16,1,0.9968910813331604,0.0016147398855537176,0.00046457626740448177,0.0010296182008460164,1,1,0,1,0.36185830839913913,0.1,0.0,0.1
1002,1002,16,0,0.0,0.9367597103118896,0.41246932537867836,16.999591846039777,3.2,0.42423283023601976,3,0.4633986397728582,JITTER,31.589886531924943,31.030686790559205,0.7757671697639802,0,0.0,80.0,1,1,1,16,0.9367597103118896,1,16,1,0.024548780173063278,0.6469194293022156,0.283311665058136,0.04522010684013367,0,1,1,1,0.0,0.26339863977285827,0.1,0.1
1003,1003,16,0,0.0,0.970282256603241,0.5111694437400373,19.41351506309714,0.20000000000000018,0.0,3,0.5158713023752598,JITTER,68.92651908307977,68.73126546250192,1.7182816365625482,0,0.0,80.0,1,1,1,16,0.970282256603241,1,16,1,0.021083150058984756,0.8241617679595947,0.023800784721970558,0.1309543251991272,0,1,1,1,0.0,0.31587130237525984,0.1,0.1
1004,1004,16,1,6.2,0.5507645606994629,0.3911927937011918,16.548973643609273,0.0,0.0,3,0.45128858594892934,JITTER,35.26901338414207,34.78404051295323,0.8696010128238308,0,0.0,80.0,1,1,0,36,0.5507645606994629,0,16,1,0.036152470856904984,0.3294949531555176,0.6090185642242432,0.025334056466817856,1,1,1,0,0.1,0.1,0.25128858594892933,0.0
1005,1005,16,0,0.0,0.6915223598480225,0.3705844389078536,16.491027080475877,3.2,0.585113504078264,3,0.4392406403360113,JITTER,24.737250672948978,24.595459836869434,0.6148864959217359,0,0.0,80.0,1,1,0,16,0.6915223598480225,1,16,1,0.5724301934242249,0.33274590969085693,0.0003021150187123567,0.09452177584171295,1,1,0,1,0.23924064033601125,0.1,0.0,0.1
1006,1006,16,0,0.0,0.529952347278595,0.5956967449830364,22.044796052885125,0.20000000000000018,0.0,3,0.5568927192198075,JITTER,33.97875904698681,33.679013772946206,0.8419753443236552,0,0.0,80.0,1,1,0,36,0.529952347278595,0,16,1,0.007497887592762709,0.977457582950592,0.012555334717035294,0.002489199163392186,1,1,1,0,0.1,0.3568927192198076,0.1,0.0
1007,1007,16,1,6.2,0.614911675453186,0.5093214128844238,19.624515324398313,0.0,0.0,3,0.5149379432757345,JITTER,61.43537719943613,60.794143687104,1.5198535921776,0,0.0,80.0,1,1,0,16,0.614911675453186,1,16,1,0.002376226708292961,0.8208242654800415,0.039000656455755234,0.13779884576797485,0,1,1,1,0.0,0.31493794327573454,0.1,0.1
1008,1008,16,0,0.0,0.36480820178985596,0.4623417092549148,17.64200377530234,3.2,0.0016776407227050427,3,0.49061459495882,JITTER,47.963632910253025,47.93289437109179,1.198322359277295,0,0.0,80.0,1,1,0,16,0.36480820178985596,1,16,1,0.06908049434423447,0.7362089157104492,0.13482610881328583,0.059884458780288696,1,1,1,0,0.1,0.29061459495882,0.1,0.0
1009,1009,16,0,0.0,0.9847819209098816,0.4561120594579942,18.131166432258333,0.20000000000000018,0.0,3,0.4872980842101073,JITTER,81.43861065351858,80.82990915489965,2.0207477288724913,0,0.0,80.0,1,1,1,16,0.9847819209098816,1,16,1,0.013860167935490608,0.2369232475757599,0.024192938581109047,0.7250236868858337,0,1,1,1,0.0,0.1,0.1,0.2872980842101073
1010,1010,16,1,6.2,0.5393788814544678,0.5389906793207282,20.34765121938826,0.0,0.0,3,0.5297238831687501,JITTER,85.13349987400464,84.94847588309918,2.1237118970774795,0,0.0,80.0,1,1,0,16,0.5393788814544678,1,16,1,0.008079844526946545,0.09057831764221191,0.02685915119946003,0.8744826316833496,0,1,1,1,0.0,0.1,0.1,0.32972388316875
1011,1011,16,0,0.0,0.8466851115226746,0.2578420847338662,12.593309796301511,3.2,0.6682105961472563,3,0.36638343365527803,JITTER,21.377735529405033,21.271576154109745,0.5317894038527436,0,0.0,80.0,1,1,1,16,0.8466851115226746,1,16,1,0.1585291624069214,0.3620588779449463,0.29437515139579773,0.1850368082523346,0,1,1,1,0.0,0.157235693358136,0.10914774029714205,0.1
1012,1012,16,0,0.0,0.8129894137382507,0.5962293150982629,22.092671041324397,0.20000000000000018,0.0,3,0.5571416027020447,JITTER,65.65473229940523,65.13727849999064,1.628431962499766,0,0.0,80.0,1,1,1,16,0.8129894137382507,1,16,1,0.005812724120914936,0.9784271121025085,0.0015546658542007208,0.014205507934093475,1,1,0,1,0.1,0.35714160270204476,0.0,0.1
1013,1013,16,1,6.2,0.6203020811080933,0.2578420847338662,12.59415718517532,0.0,0.0,3,0.36638343365527803,JITTER,101.03025552734664,100.26679485253361,2.50666987131334,0,0.0,80.0,1,1,0,16,0.6203020811080933,1,16,1,0.1585291624069214,0.3620588779449463,0.29437515139579773,0.1850368082523346,0,1,1,1,0.0,0.157235693358136,0.10914774029714205,0.1
1014,1014,16,0,0.0,0.76432204246521,0.5598615640305159,20.709672931059195,3.2,0.0,3,0.5398825033902739,JITTER,73.04411796030789,72.1770615013953,1.8044265375348827,0,0.0,80.0,1,1,0,36,0.76432204246521,0,16,1,0.037811778485774994,0.021870169788599014,0.9123218655586243,0.027996163815259933,1,0,1,1,0.1,0.0,0.3398825033902739,0.1
1015,1015,16,0,0.0,0.5014906525611877,0.3876280916476684,16.610187257890917,0.20000000000000018,0.0,3,0.44922772111988807,JITTER,22.18313916458116,21.954593656843166,0.5488648414210792,0,0.0,80.0,1,1,0,16,0.5014906525611877,1,16,1,0.015049268491566181,0.6026808619499207,0.3414992690086365,0.04077056795358658,0,1,1,1,0.0,0.24922772111988803,0.1,0.1
1016,1016,16,1,6.2,0.7026304006576538,0.5663246719449668,21.07412062897266,0.0,0.0,3,0.5429897950290682,JITTER,54.483125939883784,54.024072774833044,1.3506018193708262,0,0.0,80.0,1,1,0,16,0.7026304006576538,1,16,1,0.011471772566437721,0.9240543842315674,0.029869409278035164,0.03460438549518585,0,1,1,1,0.0,0.34298979502906823,0.1,0.1
1017,1017,16,0,0.0,0.544825553894043,0.5482499885019813,20.41835138410459,3.2,0.4610350613192349,3,0.5342545654487403,JITTER,30.028739849525024,29.5585975472306,0.7389649386807651,0,0.0,80.0,1,1,0,34,0.544825553894043,0,16,1,0.027032330632209778,0.8912607431411743,0.06010843440890312,0.021598560735583305,1,1,1,0,0.1,0.3342545654487403,0.1,0.0
1018,1018,16,0,0.0,0.9221627116203308,0.5319353034531974,20.18406658372094,0.20000000000000018,0.0,3,0.5262454255812868,JITTER,114.24042508085225,114.18954509015676,2.8547386272539192,0,0.0,80.0,1,1,1,16,0.9221627116203308,1,16,1,0.8617081642150879,0.03449943661689758,0.00570961507037282,0.09808279573917389,1,1,0,1,0.3262454255812869,0.1,0.0,0.1
1019,1019,16,1,6.2,0.570593535900116,0.4997050228541914,19.210146869654395,0.0,0.0,3,0.5100535608855077,JITTER,80.13727628113479,78.91302862001493,1.9728257155003732,0,0.0,80.0,1,1,0,16,0.570593535900116,1,16,1,0.014139849692583084,0.15085004270076752,0.03154226392507553,0.803467869758606,0,1,1,1,0.0,0.1,0.1,0.31005356088550773
1020,1020,16,0,0.0,0.7227122187614441,0.4264739463791574,17.17524938172559,3.2,0.007071674576540676,3,0.4711998884227624,JITTER,48.48075886498894,47.71713301693837,1.1929283254234593,0,0.0,80.0,1,1,0,16,0.7227122187614441,1,16,1,0.03281166031956673,0.03434033319354057,0.6719317436218262,0.2609163522720337,0,1,1,1,0.0,0.1,0.27119988842276244,0.1
1021,1021,16,0,0.0,0.9932536482810974,0.39995732101976855,16.515109317604168,0.20000000000000018,0.0,3,0.4563160577431303,JITTER,83.23550507663012,81.68871865672185,2.0422179664180464,0,0.0,80.0,1,1,1,16,0.9932536482810974,1,16,1,0.040596213191747665,0.07743680477142334,0.2573506832122803,0.624616265296936,0,1,1,1,0.0,0.1,0.1,0.25631605774313027
1022,1022,16,1,6.2,0.8068498969078064,0.4561120594579942,18.131593810861823,0.0,0.0,3,0.4872980842101073,JITTER,118.10048113537728,118.00045920662807,2.950011480165702,0,0.0,80.0,1,1,1,16,0.8068498969078064,1,16,1,0.013860167935490608,0.2369232475757599,0.024192938581109047,0.7250236868858337,0,1,1,1,0.0,0.1,0.1,0.2872980842101073
1023,1023,16,0,0.0,0.4022718667984009,0.3441827097493032,14.874612834170248,3.2,0.0,3,0.42330505155854303,JITTER,64.49377610270062,63.788229944640996,1.594705748616025,0,0.0,80.0,1,1,0,36,0.4022718667984009,0,16,1,0.05424785986542702,0.5257485508918762,0.219636470079422,0.20036715269088745,0,1,1,1,0.0,0.22330505155854305,0.1,0.1
1024,1024,16,0,0.0,0.544825553894043,0.5482499885019813,20.41835138410459,0.20000000000000018,0.0,3,0.5342545654487403,JITTER,34.67432332076525,34.44111364851664,0.8610278412129161,0,0.0,80.0,1,1,0,34,0.544825553894043,0,16,1,0.027032330632209778,0.8912607431411743,0.06010843440890312,0.021598560735583305,1,1,1,0,0.1,0.3342545654487403,0.1,0.0
1025,1025,16,1,6.2,0.8733377456665039,0.4813499423318392,18.900513193754733,0.0,0.0,3,0.5005983208604606,JITTER,118.76474477564618,118.72619265554407,2.968154816388602,0,0.0,80.0,1,1,1,16,0.8733377456665039,1,16,1,0.7703900337219238,0.002765312558040023,0.0029430980794131756,0.22390158474445343,1,0,1,1,0.3005983208604607,0.0,0.1,0.1
1026,1026,16,0,0.0,0.5643438100814819,0.5715159157121311,21.153375230612177,3.2,0.0,3,0.5454727896039535,JITTER,65.2507931524384,64.1511155040248,1.6037778876006201,0,0.0,80.0,1,1,0,16,0.5643438100814819,1,16,1,0.010075539350509644,0.02659558318555355,0.9334830045700073,0.029845869168639183,0,1,1,1,0.0,0.1,0.34547278960395356,0.1
1027,1027,16,0,0.0,0.7752684950828552,0.48948856019737214,18.49821409336819,0.20000000000000018,0.0,3,0.504812615593587,JITTER,52.39012627192884,51.88739218904035,1.2971848047260088,0,0.0,80.0,1,1,0,36,0.7752684950828552,0,16,1,0.020327530801296234,0.07192043960094452,0.12270376086235046,0.7850483059883118,0,1,1,1,0.0,0.1,0.1,0.30481261559358697
1028,1028,16,1,6.2,0.3515303432941437,0.5715159157121311,21.24396340537252,0.0,0.0,3,0.5454727896039535,JITTER,117.804574578798,116.68572130483109,2.9171430326207775,0,0.0,80.0,1,1,0,16,0.3515303432941437,1,16,1,0.010075539350509644,0.02659558318555355,0.9334830045700073,0.029845869168639183,0,1,1,1,0.0,0.1,0.34547278960395356,0.1
1029,1029,16,0,0.0,0.9924055933952332,0.4813499423318392,18.863415307550014,3.2,0.3735525068281731,3,0.5005983208604606,JITTER,33.0921312146499,33.057899726873075,0.8264474931718269,0,0.0,80.0,1,1,1,16,0.9924055933952332,1,16,1,0.7703900337219238,0.002765312558040023,0.0029430980794131756,0.22390158474445343,1,0,1,1,0.3005983208604607,0.0,0.1,0.1
1030,1030,16,0,0.0,0.9666646122932434,0.5786001682713372,21.444529773919825,0.20000000000000018,0.0,3,0.5488430944559806,JITTER,114.54165724399485,113.93273222984325,2.8483183057460817,0,0.0,80.0,1,1,1,16,0.9666646122932434,1,16,1,0.9463567733764648,0.01592077873647213,0.01051435898989439,0.027208048850297928,1,1,0,1,0.3488430944559806,0.1,0.0,0.1
1031,1031,16,1,6.2,0.8009889721870422,0.5824111856372564,21.583715549961163,0.0,0.0,3,0.5506476373424826,JITTER,70.40639065645509,70.27867097692388,1.756966774423097,0,0.0,80.0,1,1,1,16,0.8009889721870422,1,16,1,0.010898257605731487,0.9532855749130249,0.008611808530986309,0.027204329147934914,1,1,0,1,0.1,0.3506476373424826,0.0,0.1
1032,1032,16,0,0.0,0.9709302186965942,0.4024941729277119,16.24929398758853,3.2,0.0,3,0.45776093246018024,JITTER,62.365512055060506,61.20538191559507,1.530134547889877,0,0.0,80.0,1,1,1,16,0.9709302186965942,1,16,1,0.006005347240716219,0.48378852009773254,0.49705326557159424,0.01315284427255392,0,1,1,1,0.0,0.17510893196613173,0.18265200049404853,0.1
1033,1033,16,1,6.2,0.5329256653785706,0.35033172738793233,14.046310027855483,0.20000000000000018,0.0,3,0.4270696034160949,JITTER,70.24129936309384,68.87702346469842,1.7219255866174608,0,0.0,80.0,1,1,0,36,0.5329256653785706,0,36,0,0.37857216596603394,0.48615434765815735,0.0342785008251667,0.10099504888057709,1,1,0,1,0.1307479627793703,0.19632164063672455,0.0,0.1
1034,1034,16,0,0.0,0.8512125611305237,0.36949790034414104,15.887244971281152,3.4000000000000004,0.0644860737352333,3,0.43859624977490197,JITTER,45.88356372373997,45.420557050590666,1.1355139262647667,0,0.0,80.0,1,1,1,16,0.8512125611305237,1,16,1,0.5705046653747559,0.27932414412498474,0.033883046358823776,0.1162882149219513,1,1,0,1,0.238596249774902,0.1,0.0,0.1
1035,1035,16,0,0.0,0.8888147473335266,0.5389906793207282,20.34674813556185,0.40000000000000036,0.0,3,0.5297238831687501,JITTER,105.95307918093252,105.00320483663107,2.625080120915777,0,0.0,80.0,1,1,1,16,0.8888147473335266,1,16,1,0.008079844526946545,0.09057831764221191,0.02685915119946003,0.8744826316833496,0,1,1,1,0.0,0.1,0.1,0.32972388316875
1036,1036,16,1,6.2,0.7996167540550232,0.3213747674637585,14.678949485166777,0.0,0.0,3,0.40903909060955057,JITTER,47.948737357018956,47.12835808670047,1.1782089521675119,0,0.0,80.0,1,1,0,16,0.7996167540550232,1,16,1,0.0708935484290123,0.485613077878952,0.26274749636650085,0.18074586987495422,0,1,1,1,0.0,0.20903909060955053,0.1,0.1
1037,1037,16,0,0.0,0.76432204246521,0.5598615640305159,20.709672931059195,3.2,0.0,3,0.5398825033902739,JITTER,58.9889468872609,58.36281072669721,1.4590702681674304,0,0.0,80.0,1,1,0,36,0.76432204246521,0,16,1,0.037811778485774994,0.021870169788599014,0.9123218655586243,0.027996163815259933,1,0,1,1,0.1,0.0,0.3398825033902739,0.1
1038,1038,16,0,0.0,0.6177754998207092,0.32550269130031556,14.103899810642883,0.20000000000000018,0.0,3,0.41165767639450734,JITTER,117.65270664151457,117.21390135408548,2.930347533852137,0,0.0,80.0,1,1,0,16,0.6177754998207092,1,16,1,0.1647907942533493,0.22573678195476532,0.11660952866077423,0.4928629696369171,1,1,0,1,0.1,0.1,0.0,0.21165767639450736
1039,1039,16,1,6.2,0.7503541707992554,0.5793260058850487,21.584757497493726,0.0,0.0,3,0.5491872406607659,JITTER,50.14006367201857,50.10890703750325,1.2527226759375814,0,0.0,80.0,1,1,0,36,0.7503541707992554,0,16,1,0.001975634368136525,0.9476762413978577,0.009468014352023602,0.04088008403778076,0,1,1,1,0.0,0.3491872406607659,0.1,0.1
1040,1040,16,0,0.0,0.5966532230377197,0.3744347374551612,15.158033004321664,3.2,0.0,3,0.44151655544187607,JITTER,59.183770991005275,58.94681878476671,1.4736704696191678,0,0.0,80.0,1,1,0,36,0.5966532230377197,0,16,1,0.1011311486363411,0.5792564749717712,0.11511214822530746,0.20450033247470856,0,1,1,1,0.0,0.24151655544187609,0.1,0.1
1041,1041,16,0,0.0,0.9004454016685486,0.38789988539085246,16.434835878983968,0.20000000000000018,0.0,3,0.44938518634391866,JITTER,88.00349354078914,87.68435510428299,2.1921088776070747,0,0.0,80.0,1,1,1,36,0.9004454016685486,0,16,1,0.26732465624809265,0.6031639575958252,0.026847831904888153,0.1026635468006134,1,1,0,1,0.1,0.24938518634391862,0.0,0.1
1042,1042,16,1,6.2,0.5917181968688965,0.5361065356015586,19.888962281278545,0.0,0.0,3,0.5283047036047227,JITTER,87.48127524058697,87.02029191153574,2.1755072977883936,0,0.0,80.0,1,1,0,16,0.5917181968688965,1,16,1,0.04515166953206062,0.8692595362663269,0.035416606813669205,0.05017224699258804,1,1,0,1,0.1,0.32830470360472275,0.0,0.1
1043,1043,16,0,0.0,0.897291362285614,0.32887879530171016,14.226338816121842,3.2,0.0,3,0.4137870197081358,JITTER,55.52178341211998,55.134396100841364,1.3783599025210342,0,0.0,80.0,1,1,1,16,0.897291362285614,1,16,1,0.08914485573768616,0.09413715451955795,0.45077160000801086,0.3659464120864868,0,1,1,1,0.0,0.1,0.18357473878069266,0.1302122809274431
1044,1044,16,0,0.0,0.4083302319049835,0.5880237184258033,21.6363753705496,0.20000000000000018,0.0,3,0.553294494081841,JITTER,91.67517501636094,90.81982864946171,2.270495716236543,0,0.0,80.0,1,1,0,16,0.4083302319049835,1,16,1,0.005163836758583784,0.024637755006551743,0.963493824005127,0.006704579573124647,0,1,1,1,0.0,0.1,0.353294494081841,0.1
1045,1045,16,1,6.2,0.3875653147697449,0.6013697764166406,22.23183380642057,0.0,0.0,3,0.5595381791958819,JITTER,56.129889885268305,55.17273749860106,1.3793184374650265,0,0.0,80.0,1,1,0,36,0.3875653147697449,0,16,1,0.0027853676583617926,0.9877873659133911,0.003988694865256548,0.0054386332631111145,0,1,1,1,0.0,0.35953817919588194,0.1,0.1
1046,1046,16,0,0.0,0.9695103764533997,0.5433920835660703,20.51048795116217,3.2,0.0,3,0.5318823513483002,JITTER,77.19506256412026,76.86492889158642,1.9216232222896605,0,0.0,80.0,1,1,1,16,0.9695103764533997,1,16,1,0.00857332069426775,0.8824562430381775,0.005144617520272732,0.10382579267024994,1,1,0,1,0.1,0.33188235134830024,0.0,0.1
1047,1047,16,0,0.0,0.803465723991394,0.30245646205799936,13.63494006644321,0.20000000000000018,0.0,3,0.3968170830575325,JITTER,110.00912781436826,109.25523461012834,2.731380865253209,0,0.0,80.0,1,1,1,16,0.803465723991394,1,16,1,0.11976231634616852,0.183883398771286,0.45247167348861694,0.2438826560974121,0,1,1,1,0.0,0.1,0.1968170830575325,0.1
1048,1048,16,1,6.2,0.5078644752502441,0.4623417092549148,17.642358346861336,0.0,0.0,3,0.49061459495882,JITTER,23.897937753732037,23.66153924642157,0.5915384811605392,0,0.0,80.0,1,1,0,27,0.5078644752502441,0,16,1,0.06908049434423447,0.7362089157104492,0.13482610881328583,0.059884458780288696,1,1,1,0,0.1,0.29061459495882,0.1,0.0
1049,1049,16,0,0.0,0.6026743650436401,0.40858616912503276,15.478283056984532,3.2,0.39401728168914096,3,0.4612121686119701,JITTER,32.39380544408778,32.23930873243436,0.805982718310859,0,0.0,80.0,1,1,0,16,0.6026743650436401,1,16,1,0.6399930715560913,0.231874018907547,0.01748463325202465,0.1106482595205307,1,1,0,1,0.26121216861197016,0.1,0.0,0.1
1050,1050,16,0,0.0,0.8150311708450317,0.5483384338710072,20.171563231091973,0.20000000000000018,0.0,3,0.5342976575031101,JITTER,94.71108726874111,94.4634143405965,2.3615853585149127,0,0.0,80.0,1,1,1,16,0.8150311708450317,1,16,1,0.8914210796356201,0.05513240769505501,0.01151121687144041,0.041935309767723083,1,1,0,1,0.33429765750311013,0.1,0.0,0.1
1051,1051,16,1,6.2,0.4447973668575287,0.34321661712286694,14.786760047050326,0.0,0.0,3,0.42271054280706444,JITTER,100.69442243540357,98.80759567032624,2.470189891758156,0,0.0,80.0,1,1,0,27,0.4447973668575287,0,16,1,0.5240447521209717,0.09458795189857483,0.08845987915992737,0.2929074466228485,1,1,0,1,0.2227105428070644,0.1,0.0,0.1
1052,1052,16,0,0.0,0.8510167002677917,0.4338313414248116,17.367251265157844,3.2,0.0,3,0.4752470046659818,JITTER,80.65321004079448,79.50735505842195,1.987683876460549,0,0.0,80.0,1,1,1,16,0.8510167002677917,1,16,1,0.6850917935371399,0.129631906747818,0.010803468525409698,0.1744728684425354,1,1,0,1,0.27524700466598184,0.1,0.0,0.1
1053,1053,16,0,0.0,0.9170093536376953,0.3702234032567895,15.9914301500437,0.20000000000000018,0.0,3,0.43902662679877613,JITTER,91.35866099074174,89.54462887879811,2.238615721969953,0,0.0,80.0,1,1,1,36,0.9170093536376953,0,16,1,0.1561570018529892,0.2601279318332672,0.571790337562561,0.011924727819859982,1,1,1,0,0.1,0.1,0.23902662679877615,0.0
1054,1054,16,1,6.2,0.47683286666870117,0.5613792838171737,21.027223157259655,0.0,0.0,3,0.5406137875539299,JITTER,54.15382622016229,53.977440112666045,1.3494360028166512,0,0.0,80.0,1,1,0,36,0.47683286666870117,0,16,1,0.018859803676605225,0.9150763750076294,0.00458926847204566,0.061474524438381195,1,1,0,1,0.1,0.3406137875539299,0.0,0.1
1055,1055,16,0,0.0,0.9626911878585815,0.5823948618335315,21.651011337334694,3.2,0.0,3,0.5506399205204506,JITTER,71.91672349143215,71.14973190892164,1.778743297723041,0,0.0,80.0,1,1,1,16,0.9626911878585815,1,16,1,0.0299422275274992,0.0032171441707760096,0.9532558917999268,0.013584814965724945,1,0,1,1,0.1,0.0,0.3506399205204507,0.1
1056,1056,16,0,0.0,0.9592398405075073,0.5161111718338283,19.574993098067747,0.20000000000000018,0.0,3,0.5183588962802592,JITTER,37.791248829614446,37.32784541735469,0.9331961354338673,0,0.0,80.0,1,1,1,16,0.9592398405075073,1,16,1,0.018897706642746925,0.12839584052562714,0.019616803154349327,0.8330895900726318,0,1,1,1,0.0,0.1,0.1,0.31835889628025915
1057,1057,16,1,6.2,0.9921579360961914,0.5673937945310331,21.26140009038484,0.0,0.0,3,0.5435020885591284,JITTER,21.412473347682397,21.015199848821634,0.5253799962205409,0,0.0,80.0,1,1,1,23,0.9921579360961914,0,23,0,0.0010134225012734532,0.07279930263757706,0.00019148174033034593,0.9259958267211914,1,1,0,1,0.1,0.1,0.0,0.34350208855912845
1058,1058,16,0,0.0,0.9975000023841858,0.29754534731394705,13.386428824191485,3.2,0.03948323820901245,3,0.3935822537665802,JITTER,46.45742778212616,46.4206704716395,1.1605167617909875,0,0.0,80.0,1,1,1,16,0.9975000023841858,1,16,1,0.38877588510513306,0.13283812999725342,0.1208726093173027,0.3575133681297302,1,1,0,1,0.1571293593583323,0.1,0.0,0.1364528944082479
1059,1059,16,0,0.0,0.9592398405075073,0.5161111718338283,19.574993098067747,0.20000000000000018,0.0,3,0.5183588962802592,JITTER,30.824944147485702,30.67683093924146,0.7669207734810365,0,0.0,80.0,1,1,1,16,0.9592398405075073,1,16,1,0.018897706642746925,0.12839584052562714,0.019616803154349327,0.8330895900726318,0,1,1,1,0.0,0.1,0.1,0.31835889628025915
1060,1060,16,1,6.2,0.9810515642166138,0.43213564851267305,17.69253663183487,0.0,0.0,3,0.4743173092855638,JITTER,47.390616860604524,47.359519138296655,1.1839879784574163,0,0.0,80.0,1,1,1,16,0.9810515642166138,1,16,1,0.03355148807168007,0.6820575594902039,0.0056108757853507996,0.278780072927475,1,1,0,1,0.1,0.27431730928556386,0.0,0.1
1061,1061,16,0,0.0,0.6210132837295532,0.43892068607500345,17.84991435334262,3.2,0.006237347008735128,3,0.47802647602842474,JITTER,47.93548121937292,47.75050611965059,1.1937626529912648,0,0.0,80.0,1,1,0,16,0.6210132837295532,1,16,1,0.010688292793929577,0.694202721118927,0.004791524726897478,0.29031744599342346,1,1,0,1,0.1,0.2780264760284248,0.0,0.1
1062,1062,17,0,0.0,0.9923391342163086,0.5343355729498036,20.116525802878165,0.20000000000000018,0.0,3,0.5274313866591327,JITTER,57.86209274345186,57.41636051663833,1.4354090129159582,0,0.0,80.0,1,1,1,17,0.9923391342163086,1,17,1,0.8660531044006348,0.09758517146110535,0.021945476531982422,0.014416218735277653,1,1,1,0,0.32743138665913274,0.1,0.1,0.0
1063,1063,17,1,6.2,0.9621714353561401,0.367615974722017,16.016131349628512,0.0,0.0,3,0.4374778953909012,JITTER,53.90077406028791,53.547267037184696,1.3386816759296174,0,0.0,80.0,1,1,1,17,0.9621714353561401,1,17,1,0.5671704411506653,0.27910110354423523,0.12277057021856308,0.030957870185375214,1,1,1,0,0.23747789539090122,0.1,0.1,0.0
1064,1064,17,0,0.0,0.9974835515022278,0.29718357920500826,13.517249213955276,3.2,0.4760369387236849,3,0.39334291409139976,JITTER,28.973127774125125,28.9585224510526,0.723963061276315,0,0.0,80.0,1,1,1,17,0.9974835515022278,1,17,1,0.33938467502593994,0.40608909726142883,0.11445918679237366,0.140066996216774,1,1,0,1,0.12459948397851486,0.16874343011288492,0.0,0.1
1065,1065,17,0,0.0,0.9993128776550293,0.29560339009361813,13.3917072834968,0.20000000000000018,0.0,3,0.39229577576605534,JITTER,40.211430015646656,39.60291090570781,0.9900727726426952,0,0.0,80.0,1,1,1,17,0.9993128776550293,1,17,1,0.13711737096309662,0.2620922327041626,0.16028791666030884,0.44050243496894836,0,1,1,1,0.0,0.1,0.1,0.1922957757660553
1066,1066,17,1,6.2,0.9999879598617554,0.5493613217913274,20.65594478412563,0.0,0.0,3,0.5347957732163237,JITTER,119.08097655511222,116.86958048145601,2.9217395120364005,0,0.0,80.0,1,1,1,17,0.9999879598617554,1,17,1,0.8932754993438721,0.006737065967172384,0.07087428867816925,0.029113102704286575,1,0,1,1,0.3347957732163237,0.0,0.1,0.1
1067,1067,17,0,0.0,0.9999984502792358,0.4625478138770566,17.85739886730303,3.2,0.0,3,0.49072393688818117,JITTER,70.42193555377686,69.67289424782577,1.7418223561956443,0,0.0,80.0,1,1,1,17,0.9999984502792358,1,17,1,0.7365791201591492,0.044723350554704666,0.1545843929052353,0.06411314010620117,1,0,1,1,0.2907239368881812,0.0,0.1,0.1
1068,1068,17,0,0.0,0.9992327690124512,0.4917939768451251,18.97430836849935,0.20000000000000018,0.0,3,0.5060000144276207,JITTER,51.45815690358425,50.661646962238486,1.2665411740559622,0,0.0,80.0,1,1,1,17,0.9992327690124512,1,17,1,0.16482803225517273,0.016413982957601547,0.7892029881477356,0.029554937034845352,1,0,1,1,0.1,0.0,0.3060000144276207,0.1
1069,1069,17,1,6.2,0.5676543712615967,0.3559780424417012,15.695141948637698,0.0,0.0,3,0.4304973988702354,JITTER,96.47566879326486,94.8466339864362,2.371165849660905,0,0.0,80.0,1,1,0,31,0.5676543712615967,0,17,1,0.018471987918019295,0.10419204086065292,0.3642804026603699,0.5130555629730225,0,1,1,1,0.0,0.1,0.1202688749129435,0.21022852395729189
1070,1070,17,0,0.0,0.9999427795410156,0.37159907234097744,15.422210822139704,3.2,0.0,3,0.4398415338937819,JITTER,109.55045771968844,108.59879454062276,2.7149698635155692,0,0.0,80.0,1,1,1,17,0.9999427795410156,1,17,1,0.04335888847708702,0.5091779232025146,0.4029897451400757,0.044473450630903244,0,1,1,1,0.0,0.20134305416233914,0.13849847973144278,0.1
1071,1071,17,0,0.0,0.9957373142242432,0.3882952309520328,16.354593761352138,0.20000000000000018,0.0,3,0.44961413355460933,JITTER,96.68755681071976,95.12818235266889,2.3782045588167224,0,0.0,80.0,1,1,1,17,0.9957373142242432,1,17,1,0.26861727237701416,0.603866696357727,0.09234876185655594,0.035167232155799866,1,1,1,0,0.1,0.24961413355460935,0.1,0.0
1072,1072,17,1,6.2,0.9997833371162415,0.40647695509939086,16.249735329637495,0.0,0.0,3,0.46002018764633046,JITTER,50.84596224977501,49.900997928582356,1.247524948214559,0,0.0,80.0,1,1,1,17,0.9997833371162415,1,17,1,0.22197920083999634,0.6362325549125671,0.07226744294166565,0.06952083855867386,1,1,1,0,0.1,0.2600201876463305,0.1,0.0
1073,1073,17,0,0.0,0.9996829032897949,0.392335247590041,16.517776386869013,3.2,0.47877897761202215,3,0.45194708545336615,JITTER,29.434150263965545,28.84884089551911,0.7212210223879778,0,0.0,80.0,1,1,1,17,0.9996829032897949,1,17,1,0.36686328053474426,0.591427206993103,0.027296781539916992,0.014412729069590569,1,1,1,0,0.11130244021662433,0.24064464523674187,0.1,0.0
1074,1074,17,0,0.0,0.9995703101158142,0.4802579952201828,18.622702566731913,0.20000000000000018,0.0,3,0.5000301923517407,JITTER,97.00907181588694,96.82810933682813,2.4207027334207036,0,0.0,80.0,1,1,1,17,0.9995703101158142,1,17,1,0.07507015019655228,0.768424391746521,0.0204690583050251,0.13603641092777252,1,1,0,1,0.1,0.3000301923517408,0.0,0.1
1075,1075,17,1,6.2,0.9997788071632385,0.4078469115904662,16.630009913552264,0.0,0.0,3,0.46079474266984755,JITTER,85.62296481050006,85.564433960517,2.139110849012925,0,0.0,80.0,1,1,1,17,0.9997788071632385,1,17,1,0.6386749148368835,0.04416489601135254,0.11927890032529831,0.1978812962770462,1,0,1,1,0.2607947426698476,0.0,0.1,0.1
1076,1076,17,0,0.0,0.9999531507492065,0.3549089224933116,15.164305784516099,3.2,0.0,3,0.4298504496273454,JITTER,97.01869494441829,95.46790364783776,2.386697591195944,0,0.0,80.0,1,1,1,17,0.9999531507492065,1,17,1,0.544686496257782,0.2437242716550827,0.07578011602163315,0.13580915331840515,1,1,0,1,0.22985044962734544,0.1,0.0,0.1
1077,1077,17,0,0.0,0.9999845027923584,0.5149072837162967,19.71197110386217,0.20000000000000018,0.0,3,0.517753977718475,JITTER,80.24102530914476,78.86591818126114,1.9716479545315284,0,0.0,80.0,1,1,1,17,0.9999845027923584,1,17,1,0.14248999953269958,0.019863303750753403,0.8309141993522644,0.006732545793056488,1,1,1,0,0.1,0.1,0.317753977718475,0.0
1078,1078,17,1,6.2,0.9977976083755493,0.36161930988527774,15.28653584582175,0.0,0.0,3,0.43389508736260196,JITTER,29.78832802148597,29.62394182317276,0.740598545579319,0,0.0,80.0,1,1,1,17,0.9977976083755493,1,17,1,0.22556836903095245,0.5565534830093384,0.0756550133228302,0.14222320914268494,1,1,0,1,0.1,0.23389508736260192,0.0,0.1
1079,1079,17,0,0.0,0.9998782873153687,0.3831763129411242,16.230982793265408,3.2,0.0,3,0.44664065687643417,JITTER,61.41775215926705,61.36559871878733,1.5341399679696834,0,0.0,80.0,1,1,1,17,0.9998782873153687,1,17,1,0.35716068744659424,0.5807734131813049,0.026328513398766518,0.03573746979236603,1,1,0,1,0.10815807066353891,0.23848258621289523,0.0,0.1
1080,1080,17,0,0.0,0.9999879598617554,0.5309315764237145,19.986289581278818,0.20000000000000018,0.0,3,0.5257486958449747,JITTER,64.82160875711662,64.4777774993316,1.6119444374832899,0,0.0,80.0,1,1,1,17,0.9999879598617554,1,17,1,0.8598915338516235,0.018136698752641678,0.053318288177251816,0.0686534196138382,1,0,1,1,0.3257486958449748,0.0,0.1,0.1
1081,1081,17,1,6.2,0.9993904829025269,0.5040641938504662,19.024522092099645,0.0,0.0,3,0.5122734532707103,JITTER,59.2735012101753,58.7695547827384,1.4692388695684602,0,0.0,80.0,1,1,1,17,0.9993904829025269,1,17,1,0.1163489893078804,0.811333417892456,0.03660985454916954,0.03570776805281639,1,1,1,0,0.1,0.3122734532707103,0.1,0.0
1082,1082,17,0,0.0,0.999977707862854,0.40885213485154687,16.62478551284472,3.2,0.0,3,0.46136225528041597,JITTER,107.94117334876852,107.35755491750855,2.683938872937714,0,0.0,80.0,1,1,1,17,0.999977707862854,1,17,1,0.6404673457145691,0.2336108386516571,0.046062108129262924,0.07985972613096237,1,1,0,1,0.261362255280416,0.1,0.0,0.1
1083,1083,17,0,0.0,0.999984622001648,0.40317356956361994,16.654854287987998,0.20000000000000018,0.0,3,0.4581471120985598,JITTER,109.37431287162721,108.44250724003382,2.7110626810008456,0,0.0,80.0,1,1,1,17,0.999984622001648,1,17,1,0.26118457317352295,0.07314697653055191,0.03532307222485542,0.630345344543457,1,1,0,1,0.1,0.1,0.0,0.2581471120985598
1084,1084,17,1,6.2,0.9783108830451965,0.4500038374795303,17.865097331627734,0.0,0.0,3,0.48402415464310533,JITTER,52.7807720693986,52.25031259063691,1.3062578147659227,0,0.0,80.0,1,1,1,17,0.9783108830451965,1,17,1,0.22477680444717407,0.7140649557113647,0.022702064365148544,0.03845606744289398,1,1,0,1,0.1,0.2840241546431054,0.0,0.1
1085,1085,17,0,0.0,0.9998111128807068,0.3480724922325054,14.787206580473796,3.2,0.0,3,0.42569032320033084,JITTER,61.77432863628396,61.456348599312975,1.5364087149828245,0,0.0,80.0,1,1,1,17,0.9998111128807068,1,17,1,0.07827872037887573,0.3976740539073944,0.06204313412308693,0.4620041251182556,1,1,0,1,0.1,0.14317635020572797,0.0,0.1825139729946029
1086,1086,17,0,0.0,0.9993641972541809,0.374635375770889,15.9165227187233,0.20000000000000018,0.0,3,0.44163483142622206,JITTER,70.26793247960669,70.05459660100126,1.7513649150250317,0,0.0,80.0,1,1,1,17,0.9993641972541809,1,17,1,0.18219855427742004,0.19060254096984863,0.047586552798748016,0.5796123147010803,1,1,0,1,0.1,0.1,0.0,0.24163483142622208
1087,1087,17,1,6.2,0.9999891519546509,0.45112582338193524,17.366660284768678,0.0,0.0,3,0.48462718304936414,JITTER,55.19299430229661,54.56844117521243,1.3642110293803107,0,0.0,80.0,1,1,1,17,0.9999891519546509,1,17,1,0.11447632312774658,0.7160772681236267,0.06055303290486336,0.10889334231615067,1,1,0,1,0.1,0.2846271830493642,0.0,0.1
1088,1088,17,0,0.0,0.9999939203262329,0.3423750199059761,14.809077315509489,3.2,0.0,3,0.4221919630673505,JITTER,61.340824438985855,60.330035169139315,1.508250879228483,0,0.0,80.0,1,1,1,17,0.9999939203262329,1,17,1,0.5225607752799988,0.08581654727458954,0.1471712589263916,0.2444514036178589,1,0,1,1,0.22219196306735053,0.0,0.1,0.1
1089,1089,17,0,0.0,0.9999438524246216,0.39940210183843644,16.26634095732205,0.20000000000000018,0.0,3,0.45599921966751034,JITTER,45.672176153516624,44.78634458597575,1.1196586146493936,0,0.0,80.0,1,1,1,17,0.9999438524246216,1,17,1,0.6236275434494019,0.18899798393249512,0.05772489309310913,0.12964950501918793,1,1,0,1,0.2559992196675104,0.1,0.0,0.1
1090,1090,17,1,6.2,0.9980486631393433,0.31103088370489335,14.265793760584234,0.0,0.0,3,0.4024025124430224,JITTER,98.47220208513514,96.56658176529133,2.4141645441322837,0,0.0,80.0,1,1,1,17,0.9980486631393433,1,17,1,0.21922028064727783,0.4674748182296753,0.08959157019853592,0.22371333837509155,1,1,0,1,0.1,0.20240251244302235,0.0,0.1
1091,1091,17,0,0.0,0.9994220733642578,0.3690572732190315,16.094885017230844,3.2,0.0,3,0.4383346582289157,JITTER,103.81365548303042,103.51860892300745,2.5879652230751864,0,0.0,80.0,1,1,1,17,0.9994220733642578,1,17,1,0.569723904132843,0.1330239176750183,0.2700739800930023,0.02717810682952404,1,1,1,0,0.23833465822891567,0.1,0.1,0.0
1092,1092,17,0,0.0,0.9998094439506531,0.3315070955640564,14.42776451496631,0.20000000000000018,0.0,3,0.4154371600199927,JITTER,72.64600906350137,72.39904383967358,1.8099760959918396,0,0.0,80.0,1,1,1,17,0.9998094439506531,1,17,1,0.09802161902189255,0.36077412962913513,0.07936989516019821,0.4618344008922577,1,1,0,1,0.1,0.1260569710684396,0.0,0.1893801889515531
1093,1093,17,1,6.2,0.9993430972099304,0.42172567039594333,16.859630123870733,0.0,0.0,3,0.468569423302849,JITTER,101.82273526272573,100.63311550538981,2.5158278876347455,0,0.0,80.0,1,1,1,17,0.9993430972099304,1,17,1,0.14519375562667847,0.6634457111358643,0.0490691252052784,0.1422913819551468,1,1,0,1,0.1,0.26856942330284905,0.0,0.1
1094,1094,17,0,0.0,0.9992886781692505,0.39672909952949326,16.749910963650546,3.2,0.06291781441791588,3,0.4544707685559447,JITTER,46.344931435690576,45.48328742328336,1.137082185582084,0,0.0,80.0,1,1,1,17,0.9992886781692505,1,17,1,0.018862750381231308,0.6188687086105347,0.1379995197057724,0.22426900267601013,0,1,1,1,0.0,0.25447076855594475,0.1,0.1
1095,1095,17,0,0.0,0.9999940395355225,0.5073457524939017,19.498572810176135,0.20000000000000018,0.0,3,0.5139382494089033,JITTER,31.518605331426066,31.163162200301233,0.7790790550075308,0,0.0,80.0,1,1,1,17,0.9999940395355225,1,17,1,0.09939444065093994,0.07564149796962738,0.00770700303837657,0.8172569870948792,1,1,0,1,0.1,0.1,0.0,0.31393824940890336
1096,1096,17,1,6.2,0.9999072551727295,0.5372286398451731,19.94681504086232,0.0,0.0,3,0.5288573018628359,JITTER,92.10405546667255,91.99565168774056,2.299891292193514,0,0.0,80.0,1,1,1,17,0.9999072551727295,1,17,1,0.87129145860672,0.0334775373339653,0.04083753749728203,0.05439341440796852,1,0,1,1,0.3288573018628359,0.0,0.1,0.1
1097,1097,17,0,0.0,0.9953906536102295,0.3671437727203424,15.874002217408695,3.2,0.0,3,0.4371968353554566,JITTER,79.78560332062037,78.48365990610536,1.962091497652634,0,0.0,80.0,1,1,1,17,0.9953906536102295,1,17,1,0.03957222402095795,0.1896039843559265,0.5663340091705322,0.2044898420572281,0,1,1,1,0.0,0.1,0.23719683535545663,0.1
1098,1098,17,0,0.0,0.9999839067459106,0.4028857649477464,15.854066285833532,0.20000000000000018,0.0,3,0.4579835592228195,JITTER,26.752731441805338,26.47865346902598,0.6619663367256495,0,0.0,80.0,1,1,1,17,0.9999839067459106,1,17,1,0.09258082509040833,0.6298325657844543,0.1666659116744995,0.11092062294483185,0,1,1,1,0.0,0.25798355922281957,0.1,0.1
1099,1099,17,1,6.2,0.7628360986709595,0.3460606722904662,15.247147938975392,0.0,0.0,3,0.4244583192622745,JITTER,45.855717814874,45.24774028322885,1.1311935070807213,0,0.0,80.0,1,1,0,17,0.7628360986709595,1,17,1,0.5290614366531372,0.179826021194458,0.058732133358716965,0.23238036036491394,1,1,0,1,0.22445831926227447,0.1,0.0,0.1
1100,1100,17,0,0.0,0.9995717406272888,0.35894497076505766,15.394549364774353,3.2,0.4182374364400647,3,0.43228768430984144,JITTER,31.86773670788449,31.270502542397406,0.7817625635599352,0,0.0,80.0,1,1,1,17,0.9995717406272888,1,17,1,0.551822304725647,0.06386921554803848,0.09916877001523972,0.2851397395133972,1,0,1,1,0.2322876843098414,0.0,0.1,0.1
1101,1101,17,0,0.0,0.6662067770957947,0.22684939662103903,12.33511466258063,0.20000000000000018,0.0,3,0.34365901478176614,JITTER,109.47285817147318,109.06567514566166,2.7266418786415416,0,0.0,80.0,1,1,0,17,0.6662067770957947,1,17,1,0.29170092940330505,0.2587241530418396,0.15555700659751892,0.2940179109573364,1,1,0,1,0.12095199613232754,0.1,0.0,0.12270701864943859
1102,1102,17,1,6.2,0.9999924898147583,0.3615196046649796,15.334621118370855,0.0,0.0,3,0.43383526673562056,JITTER,52.32658843651046,51.71160976711908,1.292790244177977,0,0.0,80.0,1,1,1,17,0.9999924898147583,1,17,1,0.5563770532608032,0.07205593585968018,0.20215044915676117,0.169416606426239,1,0,1,1,0.23383526673562058,0.0,0.1,0.1
1103,1103,17,0,0.0,0.9997082352638245,0.28032411356601,13.0461374888624,3.2,0.0,3,0.3820226872756377,JITTER,91.80623366342505,90.99346203221857,2.2748365508054644,0,0.0,80.0,1,1,1,17,0.9997082352638245,1,17,1,0.41389039158821106,0.24740880727767944,0.1904621124267578,0.1482386589050293,1,1,1,0,0.18202268727563767,0.1,0.1,0.0
1104,1104,17,0,0.0,0.999996542930603,0.3863085233045388,16.197924685034042,0.20000000000000018,0.0,3,0.4484624359846022,JITTER,35.62913219609751,35.55491564927504,0.888872891231876,0,0.0,80.0,1,1,1,17,0.999996542930603,1,17,1,0.6003357172012329,0.04363664239645004,0.12868352234363556,0.22734412550926208,1,0,1,1,0.24846243598460224,0.0,0.1,0.1
1105,1105,17,1,6.2,0.9995985627174377,0.5360762512413927,20.071901772664038,0.0,0.0,3,0.5282897815744786,JITTER,119.97653369143438,118.88390230863777,2.9720975577159443,0,0.0,80.0,1,1,1,17,0.9995985627174377,1,17,1,0.031577013432979584,0.8692046999931335,0.07705827802419662,0.022160017862915993,1,1,1,0,0.1,0.32828978157447863,0.1,0.0
1106,1106,17,0,0.0,0.9998602867126465,0.3447289270792735,15.085630160309229,3.2,0.0,3,0.42364081056987,JITTER,107.25317491484982,106.21844775486557,2.6554611938716395,0,0.0,80.0,1,1,1,17,0.9998602867126465,1,17,1,0.5267120003700256,0.28394588828086853,0.06872860342264175,0.12061351537704468,1,1,0,1,0.22364081056986998,0.1,0.0,0.1
1107,1107,17,0,0.0,0.999980092048645,0.43911326301954773,17.426972433792862,0.20000000000000018,0.0,3,0.47813133185521184,JITTER,112.23576385460032,112.03876902738486,2.8009692256846215,0,0.0,80.0,1,1,1,17,0.999980092048645,1,17,1,0.17699755728244781,0.6945475935935974,0.09232055395841599,0.036134280264377594,1,1,1,0,0.1,0.2781313318552119,0.1,0.0
1108,1108,17,1,6.2,0.9995866417884827,0.3173749846032209,14.015097858849524,0.0,0.0,3,0.4064857009216172,JITTER,31.401919133455095,30.818074437799638,0.770451860944991,0,0.0,80.0,1,1,1,17,0.9995866417884827,1,17,1,0.11441598832607269,0.47859442234039307,0.2732245922088623,0.13376499712467194,0,1,1,1,0.0,0.2064857009216172,0.1,0.1
1109,1109,17,0,0.0,0.9999715089797974,0.4001887264369016,16.94681263092891,3.2,0.0,3,0.4564480452490894,JITTER,114.74930450447849,114.02703234023699,2.8506758085059247,0,0.0,80.0,1,1,1,17,0.9999715089797974,1,17,1,0.33449074625968933,0.009779473766684532,0.030701439827680588,0.6250283718109131,1,0,1,1,0.1,0.0,0.1,0.2564480452490894
1110,1110,17,0,0.0,0.9999833106994629,0.2600141162410336,12.5491301994552,0.20000000000000018,0.0,3,0.3679233829241205,JITTER,55.51648869938718,55.014119732402406,1.3753529933100603,0,0.0,80.0,1,1,1,17,0.9999833106994629,1,17,1,0.24656358361244202,0.378686785697937,0.2068287581205368,0.16792085766792297,1,1,1,0,0.1,0.16792338292412048,0.1,0.0
1111,1111,17,1,6.2,0.9992699027061462,0.318081384833608,14.366130536449774,0.0,0.0,3,0.4069378190898274,JITTER,61.61616800672908,61.38197084762025,1.5345492711905064,0,0.0,80.0,1,1,1,17,0.9992699027061462,1,17,1,0.4403930902481079,0.35209891200065613,0.07133878767490387,0.1361691951751709,1,1,0,1,0.18170872649706107,0.12522909259276638,0.0,0.1
1112,1112,17,0,0.0,0.9999243021011353,0.5609393889757989,21.010087072382035,3.2,0.0,3,0.5404019345083683,JITTER,109.83753839393745,109.2810847275778,2.7320271181894453,0,0.0,80.0,1,1,1,17,0.9999243021011353,1,17,1,0.914277970790863,0.0035622608847916126,0.06260797381401062,0.01955176703631878,1,0,1,1,0.3404019345083683,0.0,0.1,0.1
1113,1113,17,0,0.0,0.9986971020698547,0.39323976442594794,15.463385817102795,0.20000000000000018,0.0,3,0.4524677605725431,JITTER,90.52724094776515,90.40565258337867,2.260141314584467,0,0.0,80.0,1,1,1,17,0.9986971020698547,1,17,1,0.1689182072877884,0.6126595139503479,0.1061796247959137,0.11224263906478882,1,1,0,1,0.1,0.25246776057254317,0.0,0.1
1114,1114,17,1,6.2,0.9966872334480286,0.35415501280609024,15.103740558389823,0.0,0.0,3,0.4293936553911043,JITTER,23.875133152842945,23.56297511126605,0.5890743777816513,0,0.0,80.0,1,1,1,17,0.9966872334480286,1,17,1,0.48007896542549133,0.39318692684173584,0.0792931616306305,0.04744092747569084,1,1,1,0,0.19103479322104114,0.13835886217006318,0.1,0.0
1115,1115,17,0,0.0,0.8435075283050537,0.24644274802804567,13.385587603888178,3.2,0.0,3,0.3581928791961289,JITTER,53.90158575732604,53.1949797439832,1.32987449359958,0,0.0,80.0,1,1,1,17,0.8435075283050537,1,17,1,0.34627771377563477,0.2743171453475952,0.2842111587524414,0.09519399702548981,1,1,1,0,0.15164914019833994,0.1,0.10654373899778896,0.0
1116,1116,17,0,0.0,0.9999868869781494,0.31436711122231553,14.31419346633369,0.20000000000000018,0.0,3,0.40455491198717464,JITTER,29.402120216883034,28.843567327673867,0.7210891831918467,0,0.0,80.0,1,1,1,17,0.9999868869781494,1,17,1,0.4331303536891937,0.07135915011167526,0.14449286460876465,0.35101768374443054,1,0,1,1,0.17869488547068327,0.0,0.1,0.1258600265164914
1117,1117,17,1,6.2,0.9999508857727051,0.4670197141132684,18.20375942367065,0.0,0.0,3,0.49309038408909045,JITTER,94.85144668930954,93.18914239453083,2.329728559863271,0,0.0,80.0,1,1,1,17,0.9999508857727051,1,17,1,0.7446138262748718,0.12952011823654175,0.02754332683980465,0.09832271188497543,1,1,0,1,0.2930903840890905,0.1,0.0,0.1
1118,1118,17,0,0.0,0.9966086149215698,0.301357805664515,14.281285136506856,3.2,0.3642098518180631,3,0.3960957193142547,JITTER,33.647055404451095,33.431605927277474,0.8357901481819369,0,0.0,80.0,1,1,1,17,0.9966086149215698,1,17,1,0.06911280006170273,0.43186792731285095,0.3230118155479431,0.1760074645280838,0,1,1,1,0.0,0.18381716700607517,0.11227855230817957,0.1
1119,1119,17,0,0.0,0.999524712562561,0.5199296583729804,19.506809124816527,0.20000000000000018,0.0,3,0.520272920788583,JITTER,56.83441642063441,56.22381854093879,1.4055954635234698,0,0.0,80.0,1,1,1,17,0.999524712562561,1,17,1,0.09392160922288895,0.8399912714958191,0.03489431366324425,0.0311928391456604,1,1,1,0,0.1,0.32027292078858305,0.1,0.0
1120,1120,17,1,6.2,0.9998952150344849,0.3766228042260147,15.369802508276841,0.0,0.0,3,0.4428047111266632,JITTER,49.68684855074143,49.62659754064775,1.2406649385161939,0,0.0,80.0,1,1,1,17,0.9998952150344849,1,17,1,0.08981392532587051,0.5831377506256104,0.1609112024307251,0.16613711416721344,0,1,1,1,0.0,0.24280471112666321,0.1,0.1
1121,1121,17,0,0.0,0.9996880292892456,0.34214848123344216,15.419623527064413,3.2,0.0,3,0.422052264451076,JITTER,56.88783807374707,56.598222869901065,1.4149555717475266,0,0.0,80.0,1,1,1,17,0.9996880292892456,1,17,1,0.5221613645553589,0.04142623394727707,0.17078952491283417,0.2656228542327881,1,0,1,1,0.22205226445107604,0.0,0.1,0.1
1122,1122,17,0,0.0,0.999832272529602,0.47602541738542764,18.627848385881972,0.20000000000000018,0.0,3,0.497821899665599,JITTER,58.59212914632148,58.36132356716562,1.4590330891791405,0,0.0,80.0,1,1,1,17,0.999832272529602,1,17,1,0.7608075737953186,0.1763119399547577,0.05001873895525932,0.012861689552664757,1,1,1,0,0.297821899665599,0.1,0.1,0.0
1123,1123,17,1,6.2,0.9995797276496887,0.5633428169778361,21.003659417401444,0.0,0.0,3,0.5415584131726608,JITTER,46.18963745647355,45.610463430332466,1.1402615857583116,0,0.0,80.0,1,1,1,17,0.9995797276496887,1,17,1,0.9186405539512634,0.04837946593761444,0.022623974829912186,0.010355982929468155,1,1,1,0,0.3415584131726609,0.1,0.1,0.0
1124,1124,17,0,0.0,0.9991088509559631,0.37728967793170226,15.721764256205212,3.2,0.0,3,0.4431965676654459,JITTER,58.815383457806504,58.40910632362207,1.4602276580905518,0,0.0,80.0,1,1,1,17,0.9991088509559631,1,17,1,0.08079957962036133,0.5843209624290466,0.27000612020492554,0.06487340480089188,1,1,1,0,0.1,0.24319656766544592,0.1,0.0
1125,1125,17,0,0.0,0.9997357726097107,0.21958900050764446,11.717697159970172,0.20000000000000018,0.0,3,0.3381148282496355,JITTER,73.39056327223729,72.2576176750343,1.8064404418758575,0,0.0,80.0,1,1,1,17,0.9997357726097107,1,17,1,0.2764056622982025,0.20150141417980194,0.2294304519891739,0.29266253113746643,1,0,1,1,0.11279948635662654,0.0,0.1,0.12531534189300897
1126,1126,17,1,6.2,0.9999691247940063,0.3554396302552075,15.991588311662968,0.0,0.0,3,0.43017171480061056,JITTER,57.886795634795725,57.20660321885495,1.430165080471374,0,0.0,80.0,1,1,1,17,0.9999691247940063,1,17,1,0.01680336892604828,0.5456244945526123,0.19391025602817535,0.24366183578968048,0,1,1,1,0.0,0.23017171480061058,0.1,0.1
1127,1127,17,0,0.0,0.9998351335525513,0.4276883574574732,17.341789477991078,3.2,0.0,3,0.4718702969940717,JITTER,116.62026253681762,115.40279337786872,2.885069834446718,0,0.0,80.0,1,1,1,17,0.9998351335525513,1,17,1,0.27825337648391724,0.6741030216217041,0.023908190429210663,0.02373543567955494,1,1,1,0,0.1,0.2718702969940717,0.1,0.0
1128,1128,17,0,0.0,0.9999958276748657,0.5618144652222217,21.04965288006185,0.20000000000000018,0.0,3,0.540823288953172,JITTER,110.97975765175444,109.21812574185824,2.7304531435464563,0,0.0,80.0,1,1,1,17,0.9999958276748657,1,17,1,0.06289341300725937,0.003831438720226288,0.9158662557601929,0.017408933490514755,1,0,1,1,0.1,0.0,0.34082328895317204,0.1
1129,1129,17,1,6.2,0.9999929666519165,0.46210951591613214,17.59614219030841,0.0,0.0,3,0.4904913833332689,JITTER,25.87186816501497,25.649836376366782,0.6412459094091696,0,0.0,80.0,1,1,1,17,0.9999929666519165,1,17,1,0.7357918620109558,0.13384652137756348,0.06754601746797562,0.06281567364931107,1,1,1,0,0.29049138333326896,0.1,0.1,0.0
1130,1130,17,0,0.0,0.9996515512466431,0.5525613889568497,20.54681810032435,3.2,0.0,3,0.536351122427251,JITTER,89.8318407868588,88.05907783842792,2.201476945960698,0,0.0,80.0,1,1,1,17,0.9996515512466431,1,17,1,0.02399655058979988,0.05589674040675163,0.8990781307220459,0.021028554067015648,1,1,1,0,0.1,0.1,0.33635112242725107,0.0
1131,1131,17,0,0.0,0.9999966621398926,0.5294490210438003,20.02770352461896,0.20000000000000018,0.0,3,0.5250141412604311,JITTER,65.83762911615125,65.71545362982785,1.6428863407456964,0,0.0,80.0,1,1,1,17,0.9999966621398926,1,17,1,0.8572086095809937,0.01222209818661213,0.025569265708327293,0.10499999672174454,1,0,1,1,0.32501414126043116,0.0,0.1,0.1
1132,1132,17,1,6.2,0.9999494552612305,0.36872137278463224,15.65725019706777,0.0,0.0,3,0.43813513591863795,JITTER,76.20091747128677,76.00803192971695,1.9002007982429239,0,0.0,80.0,1,1,1,17,0.9999494552612305,1,17,1,0.5691287517547607,0.25484803318977356,0.11769665777683258,0.05832662060856819,1,1,1,0,0.2381351359186379,0.1,0.1,0.0
1133,1133,17,0,0.0,0.9996304512023926,0.31837735276914236,14.07145971015251,3.2,0.0,3,0.40712709854492324,JITTER,95.15195602793933,94.18582684116176,2.354645671029044,0,0.0,80.0,1,1,1,17,0.9996304512023926,1,17,1,0.4803527593612671,0.23566259443759918,0.11139380931854248,0.17259083688259125,1,1,0,1,0.20712709854492325,0.1,0.0,0.1
1134,1134,17,0,0.0,0.9999816417694092,0.428421279015364,17.36377084147194,0.20000000000000018,0.0,3,0.47227444158606435,JITTER,92.34313683772865,90.73754487490983,2.268438621872746,0,0.0,80.0,1,1,1,17,0.9999816417694092,1,17,1,0.6754136085510254,0.02332783117890358,0.2569292485713959,0.04432937875390053,1,0,1,1,0.2722744415860644,0.0,0.1,0.1
1135,1135,17,1,6.2,0.9994428753852844,0.44943834686669637,17.307296785846248,0.0,0.0,3,0.4837199381722105,JITTER,82.89480171627771,81.87944098104386,2.0469860245260967,0,0.0,80.0,1,1,1,17,0.9994428753852844,1,17,1,0.12808680534362793,0.7130508422851562,0.09687727689743042,0.061985038220882416,1,1,1,0,0.1,0.28371993817221053,0.1,0.0
1136,1136,17,0,0.0,0.9998041987419128,0.2746157719420778,14.337430717308802,3.2,0.0,3,0.3781130482685955,JITTER,95.45702954396313,93.8486645047006,2.346216612617515,0,0.0,80.0,1,1,1,17,0.9998041987419128,1,17,1,0.26562944054603577,0.3748883605003357,0.31959909200668335,0.03988310694694519,1,1,1,0,0.1,0.1580882003730947,0.1200248478955008,0.0
1137,1137,17,0,0.0,0.999981164932251,0.3643571043812379,15.321676143903606,0.20000000000000018,0.0,3,0.43553448494779035,JITTER,106.90537862770027,106.82748695044107,2.670687173761027,0,0.0,80.0,1,1,1,17,0.999981164932251,1,17,1,0.5613992810249329,0.07671317458152771,0.23709826171398163,0.12478923797607422,1,0,1,1,0.2355344849477903,0.0,0.1,0.1
1138,1138,17,1,6.2,0.999976396560669,0.38615637496846295,15.367687807524955,0.0,0.0,3,0.448374113401693,JITTER,75.61902967977893,75.2919481726508,1.8822987043162702,0,0.0,80.0,1,1,1,17,0.999976396560669,1,17,1,0.6000653505325317,0.14426864683628082,0.10332345962524414,0.15234245359897614,1,1,0,1,0.24837411340169294,0.1,0.0,0.1
1139,1139,17,0,0.0,0.9999698400497437,0.26208698613624337,13.244982303686577,3.2,0.0,3,0.3693870406297658,JITTER,106.03458907817834,104.65953743598273,2.6164884358995684,0,0.0,80.0,1,1,1,17,0.9999698400497437,1,17,1,0.3822702467441559,0.21478794515132904,0.11925448477268219,0.2836873531341553,1,1,0,1,0.16938704062976576,0.1,0.0,0.1
1140,1140,17,0,0.0,0.9999270439147949,0.2577054225600124,13.406500391898838,0.20000000000000018,0.0,3,0.36628632500643576,JITTER,62.022247903243816,61.78891496188,1.5447228740470003,0,0.0,80.0,1,1,1,17,0.9999270439147949,1,17,1,0.24670778214931488,0.35132163763046265,0.3048017621040344,0.09716884791851044,1,1,1,0,0.1,0.14967327086983964,0.11661305413659612,0.0
1141,1141,17,1,6.2,0.9999957084655762,0.36829851726136625,15.82636069945572,0.0,0.0,3,0.4378838336842822,JITTER,53.90236259198265,53.143656982477516,1.328591424561938,0,0.0,80.0,1,1,1,17,0.9999957084655762,1,17,1,0.5683795809745789,0.1845685988664627,0.20149117708206177,0.045560646802186966,1,1,1,0,0.2378838336842822,0.1,0.1,0.0
1142,1142,17,0,0.0,0.9999237060546875,0.37351924213114385,15.93393274474778,3.2,0.1909931948317325,3,0.44097646971290183,JITTER,40.43595452116388,40.3602722067307,1.0090068051682675,0,0.0,80.0,1,1,1,17,0.9999237060546875,1,17,1,0.5776329636573792,0.2815774381160736,0.04474107548594475,0.096048504114151,1,1,0,1,0.24097646971290185,0.1,0.0,0.1
1143,1143,17,0,0.0,0.9999958276748657,0.5618144652222217,21.04965288006185,0.20000000000000018,0.0,3,0.540823288953172,JITTER,108.8028758227551,107.1399101473985,2.6784977536849626,0,0.0,80.0,1,1,1,17,0.9999958276748657,1,17,1,0.06289341300725937,0.003831438720226288,0.9158662557601929,0.017408933490514755,1,0,1,1,0.1,0.0,0.34082328895317204,0.1
1144,1144,17,1,6.2,0.9998026490211487,0.3010527607107473,14.202400524176824,0.0,0.0,3,0.39589519755916447,JITTER,39.97949306581326,39.74576371934093,0.9936440929835233,0,0.0,80.0,1,1,1,17,0.9998026490211487,1,17,1,0.32542356848716736,0.07379881292581558,0.1720086634159088,0.428769052028656,1,0,1,1,0.11397184273028352,0.0,0.1,0.18192335482888097
1145,1145,17,0,0.0,0.9997586607933044,0.5838456245374197,21.652903376433436,3.2,0.0,3,0.5513253240521249,JITTER,117.20701771308858,115.54693387941437,2.8886733469853594,0,0.0,80.0,1,1,1,17,0.9997586607933044,1,17,1,0.006665168330073357,0.9558941125869751,0.017847716808319092,0.01959299109876156,0,1,1,1,0.0,0.3513253240521249,0.1,0.1
1146,1146,17,0,0.0,0.9999839067459106,0.46330369642770713,17.486270873986356,0.20000000000000018,0.0,3,0.49112473679790136,JITTER,81.05220042138248,80.55352110826402,2.013838027706601,0,0.0,80.0,1,1,1,17,0.9999839067459106,1,17,1,0.7379369139671326,0.07991981506347656,0.07280711084604263,0.10933616012334824,1,1,0,1,0.2911247367979014,0.1,0.0,0.1
1147,1147,17,1,6.2,0.9999814033508301,0.49521198471470473,19.075268263772042,0.0,0.0,3,0.5077553402836654,JITTER,49.91251441665223,49.87305995289874,1.2468264988224687,0,0.0,80.0,1,1,1,17,0.9999814033508301,1,17,1,0.7953646779060364,0.015508655458688736,0.11320137977600098,0.07592527568340302,1,0,1,1,0.30775534028366547,0.0,0.1,0.1
1148,1148,17,0,0.0,0.9999990463256836,0.44962407852482567,17.95906605056619,3.2,0.0,3,0.4838198771592317,JITTER,92.84818669019315,92.76801186306369,2.3192002965765925,0,0.0,80.0,1,1,1,17,0.9999990463256836,1,17,1,0.7133839130401611,0.015280485153198242,0.11072440445423126,0.16061115264892578,1,0,1,1,0.28381987715923174,0.0,0.1,0.1
1149,1149,17,0,0.0,0.9999978542327881,0.39943731488248835,16.244438038543066,0.20000000000000018,0.0,3,0.4560193206717801,JITTER,20.485733777727905,20.1868489344863,0.5046712233621575,0,0.0,80.0,1,1,1,17,0.9999978542327881,1,17,1,0.6236902475357056,0.05936085060238838,0.1149379163980484,0.20201095938682556,1,0,1,1,0.2560193206717801,0.0,0.1,0.1
1150,1150,17,1,6.2,0.9999899864196777,0.45961659498002483,18.120021344842932,0.0,0.0,3,0.4891665785562618,JITTER,114.88737571491254,113.14912271743806,2.828728067935952,0,0.0,80.0,1,1,1,17,0.9999899864196777,1,17,1,0.7313149571418762,0.02071516215801239,0.08605051785707474,0.16191937029361725,1,0,1,1,0.2891665785562618,0.0,0.1,0.1
1151,1151,17,0,0.0,0.9997584223747253,0.41294031262177505,16.579500339020328,3.2,0.0,3,0.463663135294269,JITTER,67.16401906243786,66.51112401430358,1.6627781003575894,0,0.0,80.0,1,1,1,17,0.9997584223747253,1,17,1,0.08302763104438782,0.055581215769052505,0.21363137662410736,0.6477597951889038,1,0,1,1,0.1,0.0,0.1,0.263663135294269
1152,1152,17,0,0.0,0.9975141286849976,0.5931503902969121,21.98257645065671,0.20000000000000018,0.0,3,0.555701202702666,JITTER,63.61364226491054,63.200606942848026,1.5800151735712007,0,0.0,80.0,1,1,1,17,0.9975141286849976,1,17,1,0.9728226065635681,0.02137487195432186,0.0010207800660282373,0.004781742580235004,1,1,0,1,0.35570120270266603,0.1,0.0,0.1
1153,1153,17,1,6.2,0.9999896287918091,0.37685669392360815,16.46322051159002,0.0,0.0,3,0.44294218472688374,JITTER,72.17142141858402,71.54908587012687,1.788727146753172,0,0.0,80.0,1,1,1,17,0.9999896287918091,1,17,1,0.32226651906967163,0.08291755616664886,0.5835527181625366,0.011263254098594189,1,1,1,0,0.1,0.1,0.24294218472688375,0.0
1154,1154,17,0,0.0,0.9991497993469238,0.3372380922184213,14.804727513520813,3.2,0.0,3,0.41901275019790973,JITTER,79.81678800407747,78.38308680272624,1.9595771700681561,0,0.0,80.0,1,1,1,17,0.9991497993469238,1,17,1,0.3961980640888214,0.4392460584640503,0.04957889765501022,0.11497695744037628,1,1,0,1,0.1461347698963713,0.17287798030153842,0.0,0.1
1155,1155,17,0,0.0,0.9500141739845276,0.3263802371906927,13.724992894260573,0.20000000000000018,0.0,3,0.41221221151905907,JITTER,119.50094173238104,119.31274378645875,2.982818594661469,0,0.0,80.0,1,1,1,17,0.9500141739845276,1,17,1,0.20384477078914642,0.1565520018339157,0.49440503120422363,0.14519818127155304,1,1,1,0,0.1,0.1,0.21221221151905909,0.0
1156,1156,17,1,6.2,0.9999910593032837,0.3343093765729719,14.508059634974039,0.0,0.0,3,0.41718934238984495,JITTER,58.46834726613414,58.25703541398942,1.4564258853497356,0,0.0,80.0,1,1,1,17,0.9999910593032837,1,17,1,0.40390393137931824,0.4249822795391083,0.10376790910959244,0.06734593957662582,1,1,1,0,0.15201867989489418,0.1651706624949508,0.1,0.0
1157,1157,17,0,0.0,0.9998061060905457,0.35299319088283765,15.617126583342976,3.2,0.0,3,0.42868875391312733,JITTER,55.21204739255337,54.89460791406985,1.3723651978517464,0,0.0,80.0,1,1,1,17,0.9998061060905457,1,17,1,0.5413013100624084,0.04066441208124161,0.26226118206977844,0.15577314794063568,1,0,1,1,0.2286887539131273,0.0,0.1,0.1
1158,1158,17,0,0.0,0.9998980760574341,0.43413165949816596,17.584464535381823,0.20000000000000018,0.0,3,0.47541147016152674,JITTER,37.45371316267883,36.881363455892576,0.9220340863973144,0,0.0,80.0,1,1,1,17,0.9998980760574341,1,17,1,0.2671656608581543,0.6856292486190796,0.030581792816519737,0.016623301431536674,1,1,1,0,0.1,0.2754114701615268,0.1,0.0
1159,1159,17,1,6.2,0.9917652010917664,0.5703745369504336,21.178664356729513,0.0,0.0,3,0.5449278334652661,JITTER,69.62887428292359,68.34875358133687,1.7087188395334216,0,0.0,80.0,1,1,1,17,0.9917652010917664,1,17,1,0.034043338149785995,0.02215484529733658,0.9314095973968506,0.012392190285027027,1,1,1,0,0.1,0.1,0.344927833465266,0.0
1160,1160,17,0,0.0,0.999990701675415,0.49672616056242924,19.005897581991807,3.2,0.6192978208683737,3,0.5085310122109303,JITTER,23.25924432470145,23.22808716526505,0.5807021791316263,0,0.0,80.0,1,1,1,17,0.999990701675415,1,17,1,0.7980950474739075,0.02331172116100788,0.11255898326635361,0.06603433936834335,1,0,1,1,0.3085310122109304,0.0,0.1,0.1
1161,1161,17,0,0.0,0.9998552799224854,0.5749791825203987,21.292626938390626,0.20000000000000018,0.0,3,0.5471230188269545,JITTER,60.32735829303441,60.230499919618026,1.5057624979904507,0,0.0,80.0,1,1,1,17,0.9998552799224854,1,17,1,0.9397755861282349,0.03069913759827614,0.01574268937110901,0.013782594352960587,1,1,1,0,0.3471230188269545,0.1,0.1,0.0
1162,1162,18,1,6.2,0.9770588278770447,0.5503432504508687,20.758532257485637,0.0,0.0,3,0.5352735069321891,JITTER,46.272959641483354,45.360429351349616,1.1340107337837404,0,0.0,80.0,1,1,1,34,0.9770588278770447,0,18,1,0.0013329641660675406,0.8950558304786682,0.09991879016160965,0.0036924087908118963,0,1,1,1,0.0,0.33527350693218916,0.1,0.1
1163,1163,18,0,0.0,0.9861396551132202,0.3050363600101448,15.113214610089976,3.2,0.1816520889766462,3,0.3985058777682714,JITTER,40.895960748461405,40.73391644093415,1.0183479110233538,0,0.0,80.0,1,1,1,18,0.9861396551132202,1,18,1,0.022287815809249878,0.23112086951732635,0.45698270201683044,0.2896086275577545,0,1,1,1,0.0,0.1,0.19850587776827142,0.1
1164,1164,18,0,0.0,0.9788712859153748,0.2987478624369404,14.330619592143595,0.20000000000000018,0.0,3,0.39437677363921786,JITTER,77.36406687957091,76.59352341807424,1.914838085451856,0,0.0,80.0,1,1,1,18,0.9788712859153748,1,18,1,0.06028519198298454,0.33008500933647156,0.1907152682542801,0.4189144968986511,0,1,1,1,0.0,0.11787245596822751,0.1,0.17650431767099037
1165,1165,18,1,6.2,0.9998842477798462,0.33431303259218215,11.750770891658773,0.0,0.0,4,0.4171916235823375,JITTER,78.04382972028448,77.45579244224184,1.9363948110560463,0,0.0,80.0,1,1,1,18,0.9998842477798462,1,18,1,0.21795934438705444,0.34808939695358276,0.21864256262779236,0.21530872583389282,1,1,1,1,0.1,0.11719162358233756,0.1,0.1
1166,1166,18,0,0.0,0.9961069226264954,0.3266711279546191,15.096117132002238,3.2,0.0,3,0.4123958654382962,JITTER,102.6762359894947,102.39165740142549,2.5597914350356374,0,0.0,80.0,1,1,1,18,0.9961069226264954,1,18,1,0.49491626024246216,0.1584240049123764,0.046650826930999756,0.30000895261764526,1,1,0,1,0.21239586543829622,0.1,0.0,0.1
1167,1167,18,0,0.0,0.999987006187439,0.3475537451746711,14.989107750239352,0.20000000000000018,0.0,3,0.42537299283751323,JITTER,62.83926458414656,61.972382038258004,1.5493095509564503,0,0.0,80.0,1,1,1,18,0.999987006187439,1,18,1,0.07985285669565201,0.3561081290245056,0.5024106502532959,0.061628371477127075,1,1,1,0,0.1,0.1179213757872068,0.20745161705030643,0.0
1168,1168,18,1,6.2,0.9999451637268066,0.3603409474046073,15.546854129385128,0.0,0.0,3,0.43312747586854017,JITTER,106.82364402828998,106.03406431388163,2.650851607847041,0,0.0,80.0,1,1,1,18,0.9999451637268066,1,18,1,0.016198256984353065,0.4636443853378296,0.09672960638999939,0.4234277606010437,0,1,1,1,0.0,0.17864876829624945,0.1,0.15447870757229074
1169,1169,18,0,0.0,0.9999933242797852,0.27777877793057154,13.836172866942746,3.2,0.0,3,0.38028435425739937,JITTER,76.77455990937528,76.66839613237346,1.9167099033093367,0,0.0,80.0,1,1,1,18,0.9999933242797852,1,18,1,0.22249090671539307,0.40946751832962036,0.08907540142536163,0.27896615862846375,1,1,0,1,0.1,0.1802843542573994,0.0,0.1
1170,1170,18,0,0.0,0.9999130964279175,0.29974400511794874,13.797801616652878,0.20000000000000018,0.0,3,0.3950337299678891,JITTER,37.031908811182895,36.98070244862654,0.9245175612156635,0,0.0,80.0,1,1,1,18,0.9999130964279175,1,18,1,0.3021324574947357,0.4477318525314331,0.1383349895477295,0.11180075258016586,1,1,1,0,0.1,0.19503372996788912,0.1,0.0
1171,1171,18,1,6.2,0.684264063835144,0.39392020978384007,16.72979941491027,0.0,0.0,3,0.45285905685637223,JITTER,92.7880891998522,92.25351851839825,2.3063379629599563,0,0.0,80.0,1,1,0,18,0.684264063835144,1,18,1,0.32601115107536316,0.04387032240629196,0.6138700842857361,0.0162484310567379,1,1,1,0,0.1,0.1,0.2528590568563722,0.0
1172,1172,18,0,0.0,0.9985427856445312,0.32733905436464816,14.735188813430335,3.2,0.0,3,0.41281725167466143,JITTER,92.37452901918377,92.25185882409764,2.306296470602441,0,0.0,80.0,1,1,1,18,0.9985427856445312,1,18,1,0.07348450273275375,0.23483262956142426,0.49609023332595825,0.19559261202812195,0,1,1,1,0.0,0.1,0.21281725167466145,0.1
1173,1173,18,0,0.0,0.9999773502349854,0.42083984454298606,16.96342383639408,0.20000000000000018,0.0,3,0.46807705453169135,JITTER,106.25478004083254,104.4791984924772,2.61197996231193,0,0.0,80.0,1,1,1,18,0.9999773502349854,1,18,1,0.04013049975037575,0.6618632078170776,0.18075954914093018,0.1172468364238739,0,1,1,1,0.0,0.2680770545316914,0.1,0.1
1174,1174,18,1,6.2,0.4927070140838623,0.3014079910281061,13.895730235805301,0.0,0.0,3,0.3961286990144689,JITTER,28.892874305028265,28.879146429928383,0.7219786607482096,0,0.0,80.0,1,1,0,30,0.4927070140838623,0,18,1,0.34505122900009155,0.40994155406951904,0.08994933217763901,0.1550578624010086,1,1,0,1,0.1267436473248715,0.16938505168959742,0.0,0.1
1175,1175,18,0,0.0,0.6378870010375977,0.3299934311323967,14.170167112029217,3.2,0.5702167607350914,3,0.41448762995218597,JITTER,25.62888129819912,25.19132957059634,0.6297832392649085,0,0.0,80.0,1,1,0,18,0.6378870010375977,1,18,1,0.08881422877311707,0.09196930378675461,0.3923459053039551,0.42687052488327026,0,1,1,1,0.0,0.1,0.1464026690665174,0.16808496088566857
1176,1176,18,0,0.0,0.9999896287918091,0.45278725494189215,17.532319373293536,0.20000000000000018,0.0,3,0.4855187690339928,JITTER,43.470348905189574,42.99367625673555,1.0748419064183887,0,0.0,80.0,1,1,1,18,0.9999896287918091,1,18,1,0.08400167524814606,0.7190576195716858,0.05140559747815132,0.1455351710319519,1,1,0,1,0.1,0.28551876903399287,0.0,0.1
1177,1177,18,1,6.2,0.9702656269073486,0.33874158188092096,15.625321394471623,0.0,0.0,3,0.4199457419937984,JITTER,62.624420318005676,61.62803381944082,1.5407008454860207,0,0.0,80.0,1,1,1,18,0.9702656269073486,1,18,1,0.1465413123369217,0.5036266446113586,0.01464911550283432,0.33518287539482117,1,1,0,1,0.1,0.21217877619983458,0.0,0.10776696579396383
1178,1178,18,0,0.0,0.9427659511566162,0.589307337831645,21.79211949111501,3.2,0.0,3,0.5538980686985077,JITTER,68.88983014706706,68.2000213415782,1.7050005335394554,0,0.0,80.0,1,1,1,18,0.9427659511566162,1,18,1,0.007917143404483795,0.9658291935920715,0.01199984923005104,0.014253770932555199,0,1,1,1,0.0,0.3538980686985077,0.1,0.1
1179,1179,18,0,0.0,0.9995360374450684,0.39310353256182506,16.44102987576681,0.20000000000000018,0.0,3,0.45238937853748085,JITTER,118.90919394999024,118.55215825836777,2.9638039564591945,0,0.0,80.0,1,1,1,18,0.9995360374450684,1,18,1,0.035843025892972946,0.6124171614646912,0.15237464010715485,0.19936519861221313,0,1,1,1,0.0,0.2523893785374809,0.1,0.1
1180,1180,18,1,6.2,0.9999858140945435,0.37117005225262717,14.682044864052909,0.0,0.0,3,0.43958755673914773,JITTER,103.07039387459314,102.96371654134708,2.5740929135336774,0,0.0,80.0,1,1,1,18,0.9999858140945435,1,18,1,0.13197371363639832,0.5734681487083435,0.14043670892715454,0.15412142872810364,0,1,1,1,0.0,0.2395875567391477,0.1,0.1
1181,1181,18,0,0.0,0.9999291896820068,0.39765630552684716,16.525531271032804,3.2,0.0,3,0.4550015364032804,JITTER,67.76487695729708,66.5636295515613,1.6640907387890327,0,0.0,80.0,1,1,1,18,0.9999291896820068,1,18,1,0.1136210635304451,0.22943879663944244,0.036420952528715134,0.62051922082901,1,1,0,1,0.1,0.1,0.0,0.2550015364032804
1182,1182,19,0,0.0,0.9997339844703674,0.41162230829205765,16.48429346025012,0.20000000000000018,0.0,3,0.4629225943380111,JITTER,86.52139656041213,85.33568204418874,2.133392051104719,0,0.0,80.0,1,1,1,19,0.9997339844703674,1,19,1,0.22561967372894287,0.6454082727432251,0.060179080814123154,0.068792924284935,1,1,0,1,0.1,0.26292259433801113,0.0,0.1
1183,1183,19,1,6.2,0.9992389678955078,0.3922443598441584,16.488366309155527,0.0,0.0,3,0.45189473375757916,JITTER,46.331728225648554,45.94386235613923,1.1485965589034808,0,0.0,80.0,1,1,1,19,0.9992389678955078,1,19,1,0.1376374363899231,0.6108888387680054,0.2202455997467041,0.03122813068330288,1,1,1,0,0.1,0.2518947337575792,0.1,0.0
1184,1184,19,0,0.0,0.9982031583786011,0.5610164990994746,21.03645790935044,3.2,0.0,3,0.5404390766924022,JITTER,56.658106349905054,56.067226652773705,1.4016806663193426,0,0.0,80.0,1,1,1,19,0.9982031583786011,1,19,1,0.9144179224967957,0.07593049108982086,0.003121569287031889,0.0065299877896904945,1,1,0,1,0.34043907669240225,0.1,0.0,0.1
1185,1185,19,0,0.0,0.999924898147583,0.3054205897118682,14.977423645755362,0.20000000000000018,0.0,3,0.3987567816397878,JITTER,66.22279301436681,65.78983057650507,1.6447457644126269,0,0.0,80.0,1,1,1,19,0.999924898147583,1,19,1,0.21437203884124756,0.45765477418899536,0.032381802797317505,0.2955913841724396,1,1,0,1,0.1,0.1987567816397878,0.0,0.1
1186,1186,19,1,6.2,0.511410117149353,0.26394574291338085,14.178946241764194,0.0,0.0,3,0.3706945981064134,JITTER,50.54806123711701,50.29445869053919,1.2573614672634799,0,0.0,80.0,1,1,0,37,0.511410117149353,0,35,0,0.36241665482521057,0.29556116461753845,0.04489041864871979,0.2971317768096924,1,1,0,1,0.15449528892684292,0.10754819896776505,0.0,0.10865111021180546
1187,1187,19,0,0.0,0.9614302515983582,0.378956282966414,14.571917558344474,3.2,0.0,3,0.44417435711689524,JITTER,56.50472468847584,56.33527664987489,1.4083819162468725,0,0.0,80.0,1,1,1,19,0.9614302515983582,1,19,1,0.01658163219690323,0.06548306345939636,0.5872785449028015,0.3306567966938019,0,1,1,1,0.0,0.1,0.24417435711689525,0.1
1188,1188,19,0,0.0,0.9998457431793213,0.5026573546844837,19.380152456182394,0.20000000000000018,0.0,3,0.511558078198456,JITTER,107.21043020035738,105.91936061974859,2.647984015493715,0,0.0,80.0,1,1,1,19,0.9998457431793213,1,19,1,0.029618943110108376,0.8087945580482483,0.15436622500419617,0.007220313884317875,1,1,1,0,0.1,0.31155807819845605,0.1,0.0
1189,1189,19,1,6.2,0.9952822327613831,0.35881920274982404,15.526576362205136,0.0,0.0,3,0.4322119446676628,JITTER,33.37864255938555,32.91544090532444,0.822886022633111,0,0.0,80.0,1,1,1,19,0.9952822327613831,1,19,1,0.02280299924314022,0.3928234875202179,0.09352004528045654,0.4908534586429596,0,1,1,1,0.0,0.13658572639244007,0.1,0.19562621827522267
1190,1190,19,0,0.0,0.9999717473983765,0.43531316301069456,17.769688966681024,3.2,0.0,3,0.47605795453708943,JITTER,104.76664679979731,104.26893048267229,2.6067232620668075,0,0.0,80.0,1,1,1,19,0.9999717473983765,1,19,1,0.6877439022064209,0.2609683573246002,0.04608806222677231,0.005199771840125322,1,1,1,0,0.2760579545370895,0.1,0.1,0.0
1191,1191,19,0,0.0,0.9999943971633911,0.4133891884670476,16.565623181334338,0.20000000000000018,0.0,3,0.4639150732213133,JITTER,35.060059433726394,35.054017002781094,0.8763504250695274,0,0.0,80.0,1,1,1,19,0.9999943971633911,1,19,1,0.23090054094791412,0.6485607624053955,0.05728103220462799,0.06325766444206238,1,1,0,1,0.1,0.26391507322131336,0.0,0.1
1192,1192,19,1,6.2,0.9999762773513794,0.39719722283920905,16.694825596506973,0.0,0.0,3,0.45473881750813044,JITTER,24.72503388564851,24.348100077324798,0.60870250193312,0,0.0,80.0,1,1,1,19,0.9999762773513794,1,19,1,0.06078793480992317,0.295939564704895,0.023570513352751732,0.6197019815444946,1,1,0,1,0.1,0.1,0.0,0.25473881750813043
1193,1193,19,0,0.0,0.9993904829025269,0.40162473562096984,16.64994912551624,3.2,0.0,3,0.4572662549954961,JITTER,118.71863320416938,118.61207059332646,2.965301764833162,0,0.0,80.0,1,1,1,19,0.9993904829025269,1,19,1,0.6275860667228699,0.2593129277229309,0.07998273521661758,0.03311820328235626,1,1,1,0,0.25726625499549616,0.1,0.1,0.0
1194,1194,19,0,0.0,0.9999058246612549,0.3394665034160853,15.419645007079431,0.20000000000000018,0.0,3,0.42039485280598643,JITTER,94.80709590798926,94.67083504300848,2.366770876075212,0,0.0,80.0,1,1,1,19,0.9999058246612549,1,19,1,0.29960066080093384,0.5174341201782227,0.038274988532066345,0.14469027519226074,1,1,0,1,0.1,0.2203948528059864,0.0,0.1
1195,1195,19,1,6.2,0.6439173817634583,0.4001842323035261,16.29539062654386,0.0,0.0,3,0.4564454822781483,JITTER,79.21328249036668,78.01545839174725,1.9503864597936813,0,0.0,80.0,1,1,0,33,0.6439173817634583,0,31,0,0.523908257484436,0.45180830359458923,0.004253550432622433,0.02002992108464241,1,1,0,1,0.19878183340768366,0.15766364887046466,0.0,0.1
1196,1196,19,0,0.0,0.9999843835830688,0.5479559434528285,20.51609229928932,3.2,0.0,3,0.5341112768187958,JITTER,55.920439726773765,55.90821023851781,1.3977052559629453,0,0.0,80.0,1,1,1,19,0.9999843835830688,1,19,1,0.04525646194815636,0.890727698802948,0.013961996883153915,0.050053831189870834,1,1,0,1,0.1,0.3341112768187958,0.0,0.1
1197,1197,19,0,0.0,0.6059055328369141,0.33113675730146297,14.655030747516168,0.20000000000000018,0.0,3,0.4152050454278986,JITTER,79.51893521254259,77.94248086524564,1.9485620216311412,0,0.0,80.0,1,1,0,5,0.6059055328369141,0,19,1,0.49875408411026,0.32302460074424744,0.09718262404203415,0.08103868365287781,1,1,1,0,0.21268834942691447,0.10251669600098409,0.1,0.0
1198,1198,19,1,6.2,0.9980504512786865,0.407688051291096,16.395376053631757,0.0,0.0,3,0.4607049919345877,JITTER,45.76174228384957,45.588313264015994,1.1397078316004,0,0.0,80.0,1,1,1,19,0.9980504512786865,1,19,1,0.5202869772911072,0.0047363596968352795,0.00290306331589818,0.4720735549926758,1,1,0,1,0.1939733049784941,0.1,0.0,0.1667316869560936
1199,1199,19,0,0.0,0.9999896287918091,0.43480036209214734,17.49774702532537,3.2,0.3991783517353391,3,0.4757774726748486,JITTER,32.3925892753515,32.03286593058643,0.8008216482646608,0,0.0,80.0,1,1,1,19,0.9999896287918091,1,19,1,0.6868260502815247,0.09750024974346161,0.023892974480986595,0.19178074598312378,1,1,0,1,0.27577747267484864,0.1,0.0,0.1
1200,1200,19,0,0.0,0.9999219179153442,0.5544062074372467,20.855045964684248,0.20000000000000018,0.0,3,0.5372457252533733,JITTER,79.64450993602733,78.38250948476649,1.9595627371191622,0,0.0,80.0,1,1,1,19,0.9999219179153442,1,19,1,0.07727012038230896,0.018300926312804222,0.0020048723090440035,0.9024240970611572,1,1,0,1,0.1,0.1,0.0,0.33724572525337326
1201,1201,19,1,6.2,0.9998487234115601,0.42297211115687244,16.327371874133284,0.0,0.0,3,0.46926135784697237,JITTER,95.30732736205097,93.60601247347797,2.3401503118369495,0,0.0,80.0,1,1,1,19,0.9998487234115601,1,19,1,0.13440188765525818,0.08943058550357819,0.1104947179555893,0.665672779083252,1,0,1,1,0.1,0.0,0.1,0.26926135784697236
1202,1202,20,0,0.0,0.9810412526130676,0.31698793605108455,13.881930031221659,3.2,0.0,3,0.4062377644017056,JITTER,100.57726983423014,100.07988087151006,2.5019970217877514,0,0.0,80.0,1,1,1,20,0.9810412526130676,1,20,1,0.43710651993751526,0.10521252453327179,0.35292965173721313,0.10475136339664459,1,1,1,0,0.18008822303604857,0.1,0.12614954136565704,0.0
1203,1203,20,0,0.0,0.9963361024856567,0.4019466690348267,16.300557925886377,0.20000000000000018,0.0,3,0.4574494854907286,JITTER,75.58774048757611,75.13812652793877,1.8784531631984693,0,0.0,80.0,1,1,1,20,0.9963361024856567,1,20,1,0.018403852358460426,0.48383647203445435,0.001968973083421588,0.49579066038131714,1,1,0,1,0.1,0.17532352205490384,0.0,0.18212596343582474
1204,1204,20,1,6.2,0.9919473528862,0.5220023882564225,19.965345165152254,0.0,0.0,3,0.5213089384389515,JITTER,52.978537955150244,51.991076952403446,1.2997769238100862,0,0.0,80.0,1,1,1,20,0.9919473528862,1,20,1,0.002170223742723465,0.8437387347221375,0.14455626904964447,0.009534821845591068,0,1,1,1,0.0,0.3213089384389516,0.1,0.1
1205,1205,20,0,0.0,0.9999154806137085,0.5411861030911223,19.98594316123896,3.2,0.0,3,0.5308016258836966,JITTER,88.18959050670735,86.47061591757979,2.161765397939495,0,0.0,80.0,1,1,1,20,0.9999154806137085,1,20,1,0.03865642100572586,0.8784594535827637,0.03852782025933266,0.04435628652572632,1,1,0,1,0.1,0.33080162588369666,0.0,0.1
1206,1206,20,0,0.0,0.7458310127258301,0.39396319164535915,15.823793817355005,0.20000000000000018,0.0,3,0.45288376261384644,JITTER,61.69125367187445,61.02814971846291,1.525703742961573,0,0.0,80.0,1,1,0,20,0.7458310127258301,1,20,1,0.1398281753063202,0.08102121204137802,0.6139465570449829,0.16520404815673828,1,0,1,1,0.1,0.0,0.2528837626138465,0.1
1207,1207,20,1,6.2,0.9995309114456177,0.27586374751548925,13.107071922142763,0.0,0.0,3,0.37897123087848406,JITTER,68.71154199164218,68.56410480847815,1.7141026202119538,0,0.0,80.0,1,1,1,20,0.9995309114456177,1,20,1,0.2683987617492676,0.40614190697669983,0.18538759648799896,0.14007174968719482,1,1,1,0,0.1,0.17897123087848407,0.1,0.0
1208,1208,20,0,0.0,0.9996114373207092,0.5971486031259172,22.07860710601158,3.2,0.11976600623652822,3,0.557570947856826,JITTER,43.670199452660334,43.209359750538866,1.0802339937634717,0,0.0,80.0,1,1,1,20,0.9996114373207092,1,20,1,0.005881974473595619,0.9801007509231567,0.009575214236974716,0.004442023113369942,1,1,1,0,0.1,0.3575709478568261,0.1,0.0
1209,1209,20,0,0.0,0.9978587031364441,0.5101525662997222,19.583299657452116,0.20000000000000018,0.0,3,0.5153579314730041,JITTER,26.737430513300623,26.239332541086995,0.6559833135271749,0,0.0,80.0,1,1,1,20,0.9978587031364441,1,20,1,0.009957863949239254,0.1608017086982727,0.006915152072906494,0.8223252296447754,1,1,0,1,0.1,0.1,0.0,0.31535793147300406
1210,1210,20,1,6.2,0.9907021522521973,0.6045042082201351,22.357052830842292,0.0,0.0,3,0.5609944835827112,JITTER,32.384368194337085,32.25613856658999,0.8064034641647497,0,0.0,80.0,1,1,1,20,0.9907021522521973,1,20,1,0.0013111061416566372,0.00457406509667635,0.0006180922500789165,0.9934967756271362,1,1,0,1,0.1,0.1,0.0,0.36099448358271113
1211,1211,20,0,0.0,0.9993826150894165,0.3474240921958001,16.084664382111352,3.2,0.0,3,0.4252936439298848,JITTER,96.53212239386366,96.34497645281968,2.408624411320492,0,0.0,80.0,1,1,1,20,0.9993826150894165,1,20,1,9.99999993922529e-09,0.1647743433713913,0.5314673781394958,0.30375829339027405,0,1,1,1,0.0,0.1,0.22529364392988474,0.1
1212,1212,20,0,0.0,0.8321145176887512,0.5334200299442742,20.250884037517803,0.20000000000000018,0.0,3,0.5269793363316939,JITTER,110.02780996154094,108.43086419162964,2.7107716047907413,0,0.0,80.0,1,1,1,20,0.8321145176887512,1,20,1,0.003971620928496122,0.8643956780433655,0.12544620037078857,0.006186497863382101,0,1,1,1,0.0,0.32697933633169396,0.1,0.1
1213,1213,20,1,6.2,0.9995357990264893,0.3713763849371588,15.476858961544098,0.0,0.0,3,0.43970972268229935,JITTER,26.86208571088589,26.490396609704295,0.6622599152426074,0,0.0,80.0,1,1,1,20,0.9995357990264893,1,20,1,0.19040527939796448,0.5738338828086853,0.07491940259933472,0.16084140539169312,1,1,0,1,0.1,0.23970972268229937,0.0,0.1
1214,1214,20,0,0.0,0.9999817609786987,0.3665309116502975,16.086825187596506,3.2,0.0,3,0.43683178377358867,JITTER,83.16285421713178,81.90318740780424,2.0475796851951062,0,0.0,80.0,1,1,1,20,0.9999817609786987,1,20,1,0.36386242508888245,0.5370126962661743,0.0932503491640091,0.00587458023801446,1,1,1,0,0.11682573985930189,0.22000604391428683,0.1,0.0
1215,1215,20,0,0.0,0.9993698000907898,0.37540885540527497,16.349387233967025,0.20000000000000018,0.0,3,0.4420905003720367,JITTER,102.81978524893358,101.3425722361553,2.533564305903883,0,0.0,80.0,1,1,1,20,0.9993698000907898,1,20,1,0.06862109899520874,0.5724891424179077,0.34816205501556396,0.010727668181061745,1,1,1,0,0.1,0.23708849403121282,0.10500200634082382,0.0
1216,1216,20,1,6.2,0.9933132529258728,0.3029497243912305,14.68458403632284,0.0,0.0,3,0.39714052660402155,JITTER,78.6176295270972,78.11060349277038,1.9527650873192597,0,0.0,80.0,1,1,1,20,0.9933132529258728,1,20,1,0.051125697791576385,0.2666209936141968,0.2289193570613861,0.45333394408226013,0,1,1,1,0.0,0.1,0.1,0.1971405266040215
1217,1217,20,0,0.0,0.9995587468147278,0.4328169239461152,17.451803168617275,3.2,0.0,3,0.4746910501138195,JITTER,89.72736618299291,88.01003538697522,2.2002508846743805,0,0.0,80.0,1,1,1,20,0.9995587468147278,1,20,1,0.2647692561149597,0.6832765340805054,0.024077553302049637,0.02787667326629162,1,1,0,1,0.1,0.27469105011381956,0.0,0.1
1218,1218,20,0,0.0,0.996405839920044,0.5953562230749258,22.060117007979613,0.20000000000000018,0.0,3,0.5567335264080676,JITTER,78.75217805288743,77.7058059455383,1.9426451486384577,0,0.0,80.0,1,1,1,20,0.996405839920044,1,20,1,0.006349062081426382,0.976837694644928,0.014761470258235931,0.002051801420748234,1,1,1,0,0.1,0.35673352640806766,0.1,0.0
1219,1219,20,1,6.2,0.9457828998565674,0.29864111579478364,14.473535095536496,0.0,0.0,3,0.3943063092729787,JITTER,63.71280421998007,62.749312677623806,1.5687328169405952,0,0.0,80.0,1,1,1,20,0.9457828998565674,1,20,1,0.2246745377779007,0.44580551981925964,0.2674182057380676,0.06210171803832054,1,1,1,0,0.1,0.19430630927297868,0.1,0.0
1220,1220,20,0,0.0,0.9382839202880859,0.5528194183291985,20.705319964619513,3.2,0.0,3,0.5364763376463446,JITTER,119.76673923386359,119.38255310683327,2.984563827670832,0,0.0,80.0,1,1,1,20,0.9382839202880859,1,20,1,0.02416488341987133,0.8995460867881775,0.010206958279013634,0.06608211994171143,1,1,0,1,0.1,0.33647633764634466,0.0,0.1
1221,1221,20,0,0.0,0.8929007649421692,0.5786200386708239,21.485116402695645,0.20000000000000018,0.0,3,0.5488525186132054,JITTER,40.24052795037623,39.80638274627578,0.9951595686568946,0,0.0,80.0,1,1,1,20,0.8929007649421692,1,20,1,0.006319527048617601,0.04237549006938934,0.004912099335342646,0.9463928937911987,1,1,0,1,0.1,0.1,0.0,0.34885251861320543
1222,1222,21,1,6.2,0.9998212456703186,0.3804676439454108,15.880230921891236,0.0,0.0,3,0.44505920824879974,JITTER,68.13753972616583,67.35863254820377,1.6839658137050943,0,0.0,80.0,1,1,1,21,0.9998212456703186,1,21,1,0.011125948280096054,0.4481126368045807,0.05696482956409454,0.4837965965270996,0,1,1,1,0.0,0.16209410775958613,0.1,0.18296510048921363
1223,1223,21,0,0.0,0.9579523801803589,0.35895761315937436,15.747422300536709,3.2,0.5823496193582097,3,0.4322952970411612,JITTER,24.907404772427306,24.706015225671607,0.6176503806417902,0,0.0,80.0,1,1,1,21,0.9579523801803589,1,21,1,0.026229143142700195,0.3511790931224823,0.08978508412837982,0.5328066945075989,0,1,1,1,0.0,0.11146378403823587,0.1,0.22083151300292533
1224,1224,21,0,0.0,0.9990542531013489,0.4661437050312809,17.922269274334713,0.20000000000000018,0.0,3,0.4926277115407584,JITTER,78.29782620655608,77.38144199211497,1.9345360498028743,0,0.0,80.0,1,1,1,21,0.9990542531013489,1,21,1,0.08258366584777832,0.12822619080543518,0.04615060240030289,0.7430395483970642,1,1,0,1,0.1,0.1,0.0,0.2926277115407584
1225,1225,21,1,6.2,0.9983758926391602,0.4431344898212143,16.97593042140999,0.0,0.0,3,0.4803156120325796,JITTER,85.73339617683736,84.49846485388949,2.1124616213472374,0,0.0,80.0,1,1,1,21,0.9983758926391602,1,21,1,0.08898681402206421,0.07533799856901169,0.1339242309331894,0.7017509341239929,1,0,1,1,0.1,0.0,0.1,0.2803156120325796
1226,1226,21,0,0.0,0.9663184881210327,0.37239385139518094,16.25626086702166,3.2,0.0,3,0.4403116509426497,JITTER,84.15472033408565,82.82466649933119,2.0706166624832796,0,0.0,80.0,1,1,1,21,0.9663184881210327,1,21,1,0.020060395821928978,0.3078525960445404,0.09644941985607147,0.5756375789642334,0,1,1,1,0.0,0.1,0.1,0.2403116509426497
1227,1227,21,0,0.0,0.999950647354126,0.38430223802197827,16.710997481633115,0.20000000000000018,0.0,3,0.4472963798739529,JITTER,82.47606346845916,81.58943314665513,2.039735828666378,0,0.0,80.0,1,1,1,21,0.999950647354126,1,21,1,9.99999993922529e-09,0.5919123888015747,0.05956214293837547,0.3485254645347595,0,1,1,1,0.0,0.2444688093363984,0.1,0.10282757053755445
1228,1228,21,1,6.2,0.9911415576934814,0.3556133281175912,15.92570332815015,0.0,0.0,3,0.43027681110188487,JITTER,80.61964288878109,80.45647942697374,2.0114119856743438,0,0.0,80.0,1,1,1,21,0.9911415576934814,1,21,1,0.017534837126731873,0.3366300165653229,0.53989177942276,0.10594339668750763,0,1,1,1,0.0,0.1036539108582088,0.22662290024367612,0.1
1229,1229,21,0,0.0,0.9987868666648865,0.2545850061379246,12.6120364298291,3.2,0.02958578097598008,3,0.3640619890786194,JITTER,47.31565407255199,46.81656876096079,1.1704142190240199,0,0.0,80.0,1,1,1,21,0.9987868666648865,1,21,1,0.27144405245780945,0.19978050887584686,0.15946343541145325,0.36931195855140686,1,1,0,1,0.1,0.1,0.0,0.16406198907861938
1230,1230,21,0,0.0,0.9999568462371826,0.5116432585939312,19.19533603101954,0.20000000000000018,0.0,3,0.5161103335552435,JITTER,107.2987215401707,105.84149426317941,2.6460373565794857,0,0.0,80.0,1,1,1,21,0.9999568462371826,1,21,1,0.09577414393424988,0.041469331830739975,0.8250175714492798,0.037738945335149765,1,1,1,0,0.1,0.1,0.31611033355524354,0.0
1231,1231,21,1,6.2,0.99991774559021,0.41305686016487825,17.308192422730176,0.0,0.0,3,0.46372856240949445,JITTER,29.040807847189757,28.696804986618563,0.7174201246654641,0,0.0,80.0,1,1,1,21,0.99991774559021,1,21,1,0.0032086388673633337,0.6479677557945251,0.14013712108135223,0.2086864709854126,0,1,1,1,0.0,0.2637285624094945,0.1,0.1
1232,1232,21,0,0.0,0.9952219128608704,0.5053055501333408,19.443137307421363,3.2,0.16113316424813262,3,0.5129038519812537,JITTER,42.1737987637099,41.55467343007469,1.0388668357518673,0,0.0,80.0,1,1,1,21,0.9952219128608704,1,21,1,0.007795821409672499,0.813573956489563,0.09447421878576279,0.08415597677230835,0,1,1,1,0.0,0.3129038519812537,0.1,0.1
1233,1233,21,0,0.0,0.9996495246887207,0.5395968364657124,20.42880390905141,0.20000000000000018,0.0,3,0.5300216672514374,JITTER,102.74408525087472,101.5246028136017,2.5381150703400426,0,0.0,80.0,1,1,1,21,0.9996495246887207,1,21,1,0.00325588695704937,0.8755805492401123,0.10649693012237549,0.014666708186268806,0,1,1,1,0.0,0.33002166725143744,0.1,0.1
1234,1234,21,1,6.2,0.9995478987693787,0.4135785105117892,17.224972045911308,0.0,0.0,3,0.46402129188774444,JITTER,79.13626097517097,78.60036375889315,1.9650090939723288,0,0.0,80.0,1,1,1,21,0.9995478987693787,1,21,1,0.010015411302447319,0.6488986015319824,0.304887056350708,0.036198876798152924,0,1,1,1,0.0,0.2640212918877445,0.1,0.1
1235,1235,21,0,0.0,0.9985879063606262,0.3889221461256527,16.052274905165508,3.2,0.0,3,0.44997694543056255,JITTER,64.62500211613094,63.50814203225328,1.5877035508063322,0,0.0,80.0,1,1,1,21,0.9985879063606262,1,21,1,0.0077490839175879955,0.041543424129486084,0.453006386756897,0.4977010488510132,0,1,1,1,0.0,0.1,0.16206071344102288,0.1879162319895397
1236,1236,21,0,0.0,0.9425515532493591,0.5115653470711883,19.656407681046165,0.20000000000000018,0.0,3,0.516071036181309,JITTER,92.33203309671565,91.37223485453214,2.2843058713633035,0,0.0,80.0,1,1,1,21,0.9425515532493591,1,21,1,0.004288405645638704,0.1535789519548416,0.8248768448829651,0.017255788668990135,0,1,1,1,0.0,0.1,0.31607103618130905,0.1
1237,1237,21,1,6.2,0.9992582201957703,0.495541033996785,19.27050544137005,0.0,0.0,3,0.5079240041999141,JITTER,56.823238624837096,56.76598382702455,1.4191495956756137,0,0.0,80.0,1,1,1,21,0.9992582201957703,1,21,1,0.0020352390129119158,0.012016133405268192,0.7959579825401306,0.18999068439006805,0,1,1,1,0.0,0.1,0.30792400419991417,0.1
1238,1238,21,0,0.0,0.9990307092666626,0.3815194910315807,16.15510924553327,3.2,0.3457919501167589,3,0.4456739926232398,JITTER,34.30074013263851,34.16832199532964,0.8542080498832411,0,0.0,80.0,1,1,1,21,0.9990307092666626,1,21,1,0.015061828307807446,0.5545406937599182,0.3797084093093872,0.050689030438661575,0,1,1,1,0.0,0.22389480861357405,0.12177918400966575,0.1
1239,1239,21,0,0.0,0.9997679591178894,0.5007275290862298,19.366824771592864,0.20000000000000018,0.0,3,0.5105751350149536,JITTER,57.33835432586747,56.25564146645595,1.4063910366613988,0,0.0,80.0,1,1,1,21,0.9997679591178894,1,21,1,0.004663750063627958,0.8053125143051147,0.18549606204032898,0.00452768849208951,1,1,1,0,0.1,0.3105751350149536,0.1,0.0
1240,1240,21,1,6.2,0.6391565799713135,0.5744147495883769,21.434839000946685,0.0,0.0,3,0.5468544090374159,JITTER,70.51533948587488,70.18414280913201,1.7546035702283005,0,0.0,80.0,1,1,0,33,0.6391565799713135,0,21,1,0.006722075864672661,0.05212440714240074,0.9387499094009399,0.0024035642854869366,1,1,1,0,0.1,0.1,0.34685440903741593,0.0
1241,1241,21,0,0.0,0.9849737882614136,0.38551802202720453,15.632186696018064,3.2,0.44079650437878215,3,0.44800335774664923,JITTER,30.575013746151406,30.36813982484871,0.7592034956212178,0,0.0,80.0,1,1,1,21,0.9849737882614136,1,21,1,0.08332598954439163,0.21291495859622955,0.10482797771692276,0.598931074142456,0,1,1,1,0.0,0.1,0.1,0.24800335774664925
1242,1242,21,0,0.0,0.9795423746109009,0.42078625768141376,16.953863664476337,0.20000000000000018,0.0,3,0.46804725272089587,JITTER,101.57306355510569,100.79431751673614,2.519857937918404,0,0.0,80.0,1,1,1,21,0.9795423746109009,1,21,1,0.13689680397510529,0.6617674827575684,0.04066668823361397,0.1606689840555191,1,1,0,1,0.1,0.2680472527208959,0.0,0.1
1243,1243,21,1,6.2,0.8538845777511597,0.5313692331477896,20.242125254290862,0.0,0.0,3,0.5259653433973738,JITTER,97.25058060224134,95.6893101026284,2.39223275256571,0,0.0,80.0,1,1,1,21,0.8538845777511597,1,21,1,0.0005532270297408104,0.0022720075212419033,0.8606836199760437,0.13649114966392517,0,1,1,1,0.0,0.1,0.3259653433973738,0.1
1244,1244,21,0,0.0,0.9991458654403687,0.5637059192979902,21.07036504733113,3.2,0.43240728039304355,3,0.541732915655316,JITTER,31.082076969870414,30.703708784278255,0.7675927196069564,0,0.0,80.0,1,1,1,21,0.9991458654403687,1,21,1,0.006256007589399815,0.9192997217178345,0.059960078448057175,0.014484141021966934,0,1,1,1,0.0,0.34173291565531605,0.1,0.1
1245,1245,21,0,0.0,0.9912699460983276,0.4619233449722132,18.447387519638674,0.20000000000000018,0.0,3,0.4903925707795195,JITTER,115.90960633711107,114.97737301800639,2.87443432545016,0,0.0,80.0,1,1,1,21,0.9912699460983276,1,21,1,0.0009913401445373893,0.7354574799537659,0.20422331988811493,0.05932790786027908,0,1,1,1,0.0,0.2903925707795195,0.1,0.1
1246,1246,21,1,6.2,0.9996034502983093,0.5070711032989509,19.067514926339094,0.0,0.0,3,0.5137991215715052,JITTER,25.094408900302227,24.631014195340622,0.6157753548835156,0,0.0,80.0,1,1,1,21,0.9996034502983093,1,21,1,0.03828529268503189,0.8167611360549927,0.0995190218091011,0.04543452709913254,0,1,1,1,0.0,0.31379912157150525,0.1,0.1
1247,1247,21,0,0.0,0.9988412261009216,0.42673212756072776,17.378573591255268,3.2,0.0,3,0.4713424956541245,JITTER,108.3666281572483,107.23497399614459,2.6808743499036147,0,0.0,80.0,1,1,1,21,0.9988412261009216,1,21,1,0.019557764753699303,0.1097908765077591,0.19825804233551025,0.6723933219909668,0,1,1,1,0.0,0.1,0.1,0.2713424956541245
1248,1248,21,0,0.0,0.5737667083740234,0.37471867587185015,16.452066607648568,0.20000000000000018,0.0,3,0.4416839274055243,JITTER,75.22531203440096,74.90674622386412,1.872668655596603,0,0.0,80.0,1,1,0,21,0.5737667083740234,1,21,1,0.003070865059271455,0.34744709730148315,0.5716675519943237,0.077814482152462,0,1,1,1,0.0,0.10476934882510458,0.23691457858041973,0.1
1249,1249,21,1,6.2,0.999488115310669,0.4097815118146092,17.274082286375837,0.0,0.0,3,0.4618863274609015,JITTER,101.94507555446373,100.92847918275685,2.5232119795689214,0,0.0,80.0,1,1,1,21,0.999488115310669,1,21,1,0.0006489148363471031,0.6421247720718384,0.06599551439285278,0.29123085737228394,0,1,1,1,0.0,0.26188632746090157,0.1,0.1
1250,1250,21,0,0.0,0.9947239756584167,0.5284377990616403,20.077759994584994,3.2,0.6232926137467927,3,0.5245125258423629,JITTER,23.38777951425565,23.06829545012829,0.5767073862532073,0,0.0,80.0,1,1,1,21,0.9947239756584167,1,21,1,0.006575018633157015,0.8553788661956787,0.0925847515463829,0.04546136036515236,0,1,1,1,0.0,0.3245125258423629,0.1,0.1
1251,1251,21,0,0.0,0.9916821718215942,0.5012779200939302,18.911334936302996,0.20000000000000018,0.0,3,0.5108556656101305,JITTER,115.0496269802706,113.14175788777487,2.828543947194372,0,0.0,80.0,1,1,1,21,0.9916821718215942,1,21,1,0.038573008030653,0.8063055276870728,0.09832519292831421,0.05679625645279884,0,1,1,1,0.0,0.31085566561013056,0.1,0.1
1252,1252,21,1,6.2,0.9530892372131348,0.5431317524309501,20.5483502388726,0.0,0.0,3,0.5317549275887001,JITTER,47.71981402105398,47.668920758340455,1.1917230189585115,0,0.0,80.0,1,1,1,21,0.9530892372131348,1,21,1,0.0019057802855968475,0.10055557638406754,0.015554140321910381,0.881984531879425,0,1,1,1,0.0,0.1,0.1,0.33175492758870007
1253,1253,21,0,0.0,0.999894380569458,0.510059823459219,19.192508300760373,3.2,0.0,3,0.5153110847706203,JITTER,114.03514125381805,111.89797964991116,2.797449491247779,0,0.0,80.0,1,1,1,21,0.999894380569458,1,21,1,0.0427858866751194,0.8221577405929565,0.034934982657432556,0.1001213788986206,1,1,0,1,0.1,0.3153110847706203,0.0,0.1
1254,1254,21,0,0.0,0.9983986020088196,0.3444814738871895,15.530976056955087,0.20000000000000018,0.0,3,0.4234887344284768,JITTER,73.24153197128695,72.30064574643384,1.8075161436608462,0,0.0,80.0,1,1,1,21,0.9983986020088196,1,21,1,0.036311086267232895,0.5262755155563354,0.3211435079574585,0.11626997590065002,0,1,1,1,0.0,0.2234887344284768,0.1,0.1
1255,1255,21,1,6.2,0.9991726279258728,0.5098208001892341,19.29841391392268,0.0,0.0,3,0.5151903285687613,JITTER,66.26000607108082,65.70373295563296,1.6425933238908241,0,0.0,80.0,1,1,1,21,0.9991726279258728,1,21,1,0.05772193893790245,0.8217260837554932,0.02684939280152321,0.09370258450508118,1,1,0,1,0.1,0.3151903285687614,0.0,0.1
1256,1256,21,0,0.0,0.9999743700027466,0.5565342785566756,20.915724175629215,3.2,0.4029242882809,3,0.5382758382549615,JITTER,31.944843592870036,31.883028468763996,0.7970757117191,0,0.0,80.0,1,1,1,21,0.9999743700027466,1,21,1,0.0026222788728773594,0.07933944463729858,0.011753760278224945,0.906284511089325,0,1,1,1,0.0,0.1,0.1,0.33827583825496144
1257,1257,21,0,0.0,0.8722851276397705,0.48048455460976175,18.62603992812623,0.20000000000000018,0.0,3,0.5001481218592494,JITTER,43.273214667618745,42.54913197524021,1.0637282993810053,0,0.0,80.0,1,1,1,21,0.8722851276397705,1,21,1,0.02043943852186203,0.12033703178167343,0.09039133787155151,0.7688322067260742,0,1,1,1,0.0,0.1,0.1,0.30014812185924933
1258,1258,21,1,6.2,0.9999480247497559,0.3822719757495059,15.792077210925646,0.0,0.0,3,0.44611328560471863,JITTER,34.583230073568,34.42643064083732,0.860660766020933,0,0.0,80.0,1,1,1,21,0.9999480247497559,1,21,1,0.02489144168794155,0.5141757130622864,0.03918568417429924,0.4217471182346344,0,1,1,1,0.0,0.20002279958219252,0.1,0.14609048602252608
1259,1259,21,0,0.0,0.9995610117912292,0.3429719303603421,15.78109399593947,3.2,0.0,3,0.4225598360663312,JITTER,74.86140593222075,74.53930542331574,1.8634826355828935,0,0.0,80.0,1,1,1,21,0.9995610117912292,1,21,1,0.01640559732913971,0.5236132740974426,0.22460992634296417,0.2353712022304535,0,1,1,1,0.0,0.2225598360663312,0.1,0.1
1260,1260,21,0,0.0,0.9956715106964111,0.4013157815460572,16.988210959446373,0.20000000000000018,0.0,3,0.45709034270735033,JITTER,36.32066847177871,35.911468022589105,0.8977867005647276,0,0.0,80.0,1,1,1,21,0.9956715106964111,1,21,1,0.008497364819049835,0.26733240485191345,0.097134530544281,0.6270357370376587,0,1,1,1,0.0,0.1,0.1,0.2570903427073503
1261,1261,21,1,6.2,0.9872570037841797,0.3585180735379359,15.54241924024284,0.0,0.0,3,0.43203054556849896,JITTER,56.80932709966155,56.097893345945515,1.402447333648638,0,0.0,80.0,1,1,1,21,0.9872570037841797,1,21,1,0.053162477910518646,0.22828221321105957,0.1674879789352417,0.5510672926902771,0,1,1,1,0.0,0.1,0.1,0.23203054556849892
1262,1262,21,0,0.0,0.981332540512085,0.3216170160455867,14.734773389578905,3.2,0.0,3,0.4091932260358738,JITTER,111.22053404086763,110.88466330657342,2.7721165826643355,0,0.0,80.0,1,1,1,21,0.981332540512085,1,21,1,0.05621616169810295,0.1433541178703308,0.46637117862701416,0.3340585231781006,0,1,1,1,0.0,0.1,0.1966819502570896,0.11251127577878423
1263,1263,21,0,0.0,0.921335756778717,0.38472496972468284,16.027859204873216,0.20000000000000018,0.0,3,0.44754232482495626,JITTER,111.34336598130639,109.33364056656184,2.733341014164046,0,0.0,80.0,1,1,1,21,0.921335756778717,1,21,1,0.1494332253932953,0.05348838120698929,0.5975220799446106,0.19955632090568542,1,0,1,1,0.1,0.0,0.24754232482495622,0.1
1264,1264,21,1,6.2,0.9994710087776184,0.5721930238380076,21.355654810655366,0.0,0.0,3,0.5457958206141551,JITTER,102.90875833359028,101.60946133552127,2.540236533388032,0,0.0,80.0,1,1,1,21,0.9994710087776184,1,21,1,0.003440616186708212,0.9347131252288818,0.04638367146253586,0.015462644398212433,0,1,1,1,0.0,0.34579582061415515,0.1,0.1
1265,1265,21,0,0.0,0.965225875377655,0.47615839935482757,18.73557620168325,3.2,0.0,3,0.4978914303160346,JITTER,82.01466574655474,80.96616949364157,2.0241542373410395,0,0.0,80.0,1,1,1,21,0.965225875377655,1,21,1,0.00530136376619339,0.21107304096221924,0.022578708827495575,0.761046826839447,0,1,1,1,0.0,0.1,0.1,0.2978914303160346
1266,1266,21,0,0.0,0.9998433589935303,0.35459442560014803,15.69160330604944,0.20000000000000018,0.0,3,0.4296599548496576,JITTER,89.04955512178131,89.020200469171,2.225505011729275,0,0.0,80.0,1,1,1,21,0.9998433589935303,1,21,1,0.1654057502746582,0.5441306829452515,0.25310641527175903,0.03735709562897682,1,1,1,0,0.1,0.2296599548496576,0.1,0.0
1267,1267,21,1,6.2,0.9988048076629639,0.3680651813423853,16.306325465688005,0.0,0.0,3,0.43774510082195095,JITTER,115.80925791606496,114.45289117510126,2.8613222793775317,0,0.0,80.0,1,1,1,21,0.9988048076629639,1,21,1,0.0028072919230908155,0.09289821982383728,0.3472032845020294,0.557091236114502,0,1,1,1,0.0,0.1,0.10646687663546056,0.23127822418649038
1268,1268,21,0,0.0,0.9147688746452332,0.39913619032015835,16.761110584399777,3.2,0.0,3,0.45584739819088604,JITTER,98.14658394024217,97.40600546651088,2.435150136662772,0,0.0,80.0,1,1,1,21,0.9147688746452332,1,21,1,0.021164869889616966,0.6231540441513062,0.3330501914024353,0.022630928084254265,0,1,1,1,0.0,0.2558473981908861,0.1,0.1
1269,1269,21,0,0.0,0.990588903427124,0.5516368560684785,20.44950931127125,0.20000000000000018,0.0,3,0.5359022294559515,JITTER,21.239721391579597,21.023188948391454,0.5255797237097863,0,0.0,80.0,1,1,1,21,0.990588903427124,1,21,1,0.029245911166071892,0.04714104160666466,0.026211516931653023,0.8974015116691589,1,1,0,1,0.1,0.1,0.0,0.3359022294559515
1270,1270,21,1,6.2,0.6790537238121033,0.58009274678954,21.465605122956557,0.0,0.0,3,0.5495505465392163,JITTER,70.71901193159289,70.10094291771138,1.7525235729427846,0,0.0,80.0,1,1,0,21,0.6790537238121033,1,21,1,0.012198648415505886,0.02271800860762596,0.016013195738196373,0.949070155620575,0,1,1,1,0.0,0.1,0.1,0.34955054653921636
1271,1271,21,0,0.0,0.9988464117050171,0.46283554195121307,18.283145182363203,3.2,0.0,3,0.4908765406820845,JITTER,53.971705416207676,53.70203461587668,1.342550865396917,0,0.0,80.0,1,1,1,21,0.9988464117050171,1,21,1,0.014476792886853218,0.13115878403186798,0.11726851016283035,0.7370959520339966,0,1,1,1,0.0,0.1,0.1,0.29087654068208446
1272,1272,21,0,0.0,0.9993708729743958,0.34673075687114496,15.878542883452631,0.20000000000000018,0.0,3,0.42486906432409244,JITTER,72.75448744971828,72.2084240756286,1.805210601890715,0,0.0,80.0,1,1,1,21,0.9993708729743958,1,21,1,0.013991346582770348,0.2673013210296631,0.1884634643793106,0.5302438139915466,0,1,1,1,0.0,0.1,0.1,0.22486906432409245
1273,1273,21,1,6.2,0.999193012714386,0.5970105785047851,22.119098777982593,0.0,0.0,3,0.5575065058017148,JITTER,116.99318830498088,116.58856196336788,2.914714049084197,0,0.0,80.0,1,1,1,21,0.999193012714386,1,21,1,0.004238434601575136,0.9798494577407837,0.0014157902915030718,0.014496308751404285,1,1,0,1,0.1,0.35750650580171484,0.0,0.1
1274,1274,21,0,0.0,0.9998519420623779,0.3462929501500637,15.152195138821746,3.2,0.0,3,0.4246007447665411,JITTER,51.9665567627087,51.661034492742814,1.2915258623185704,0,0.0,80.0,1,1,1,21,0.9998519420623779,1,21,1,0.08566645532846451,0.5294712781906128,0.3190075755119324,0.06585469841957092,1,1,1,0,0.1,0.22460074476654104,0.1,0.0
1275,1275,21,0,0.0,0.998958945274353,0.5797746928505256,21.584949970605084,0.20000000000000018,0.0,3,0.5493998717707255,JITTER,74.3309176235957,73.58867843055103,1.8397169607637758,0,0.0,80.0,1,1,1,21,0.998958945274353,1,21,1,0.0029002001974731684,0.9484919309616089,0.012296300381422043,0.036311570554971695,0,1,1,1,0.0,0.3493998717707255,0.1,0.1
1276,1276,21,1,6.2,0.9718906879425049,0.49123325541217483,19.071464197676192,0.0,0.0,3,0.5057114728987424,JITTER,84.37404654242731,82.77093667031097,2.0692734167577744,0,0.0,80.0,1,1,1,21,0.9718906879425049,1,21,1,0.008438018150627613,0.06938757747411728,0.13398198783397675,0.7881923913955688,0,1,1,1,0.0,0.1,0.1,0.30571147289874234
1277,1277,21,0,0.0,0.9992269277572632,0.500063547318924,19.207884639368555,3.2,0.0037546549069915613,3,0.5102365027040415,JITTER,48.522108549386736,47.84981380372034,1.1962453450930084,0,0.0,80.0,1,1,1,21,0.9992269277572632,1,21,1,0.014939564280211926,0.8041146397590637,0.09689654409885406,0.084049291908741,0,1,1,1,0.0,0.3102365027040416,0.1,0.1
1278,1278,21,0,0.0,0.9985419511795044,0.3635985942119749,16.19996570027582,0.20000000000000018,0.0,3,0.43508090596760995,JITTER,22.504020300518363,22.385924390177973,0.5596481097544493,0,0.0,80.0,1,1,1,21,0.9985419511795044,1,21,1,0.01234577689319849,0.31722018122673035,0.11037759482860565,0.5600565075874329,0,1,1,1,0.0,0.1,0.1,0.23508090596760997
1279,1279,21,1,6.2,0.9995704293251038,0.35513184265126674,15.569433924342288,0.0,0.0,3,0.42998542409847373,JITTER,66.37197279965928,66.33082909449925,1.6582707273624813,0,0.0,80.0,1,1,1,21,0.9995704293251038,1,21,1,0.028802616521716118,0.3594200313091278,0.09575051814317703,0.5160268545150757,0,1,1,1,0.0,0.11758873188921956,0.1,0.2123966922092542
1280,1280,21,0,0.0,0.9998272061347961,0.5221796339652975,19.83058041212103,3.2,0.0,3,0.5213974360513856,JITTER,81.76694605536389,80.65767831684461,2.0164419579211152,0,0.0,80.0,1,1,1,21,0.9998272061347961,1,21,1,0.012223775498569012,0.8440592288970947,0.03601667284965515,0.10770029574632645,0,1,1,1,0.0,0.3213974360513856,0.1,0.1
1281,1281,21,0,0.0,0.9128406047821045,0.27816372197377137,14.3511946593851,0.20000000000000018,0.0,3,0.38054776083787845,JITTER,94.67317148380467,93.69505655018138,2.3423764137545344,0,0.0,80.0,1,1,1,21,0.9128406047821045,1,21,1,0.044210873544216156,0.3120371401309967,0.2532704770565033,0.39048153162002563,0,1,1,1,0.0,0.11344450335314174,0.1,0.16710325748473673
1282,1282,21,1,6.2,0.9247240424156189,0.23328970520638692,12.720202382059668,0.0,0.0,3,0.34850315461222214,JITTER,80.39446649786267,79.75763740636515,1.9939409351591288,0,0.0,80.0,1,1,1,21,0.9247240424156189,1,21,1,0.13177762925624847,0.28921493887901306,0.28905773162841797,0.2899496555328369,0,1,1,1,0.0,0.11602393142712406,0.11590650827998639,0.1165727149051117
1283,1283,21,0,0.0,0.999966025352478,0.39408781394822695,16.63823782428654,3.2,0.5980731031491066,3,0.45295538726808243,JITTER,24.125303250656252,24.077075874035735,0.6019268968508934,0,0.0,80.0,1,1,1,21,0.999966025352478,1,21,1,0.023092538118362427,0.3353268802165985,0.027412261813879013,0.6141682863235474,0,1,1,1,0.0,0.1,0.1,0.2529553872680824
1284,1284,21,0,0.0,0.9997696280479431,0.3987876837629963,16.795752340048896,0.20000000000000018,0.0,3,0.45564834269950827,JITTER,85.49959242014641,83.7972009732204,2.0949300243305102,0,0.0,80.0,1,1,1,21,0.9997696280479431,1,21,1,0.018631229177117348,0.1253782957792282,0.6225335001945496,0.23345689475536346,0,1,1,1,0.0,0.1,0.2556483426995083,0.1
1285,1285,21,1,6.2,0.9998236298561096,0.37260668008869147,15.836587644852143,0.0,0.0,3,0.4404374553397632,JITTER,21.58032391632962,21.339667266891357,0.533491681672284,0,0.0,80.0,1,1,1,21,0.9998236298561096,1,21,1,0.005959287751466036,0.4463045597076416,0.07962881773710251,0.4681072533130646,0,1,1,1,0.0,0.16377579239505016,0.1,0.176661662944713
1286,1286,21,0,0.0,0.9916604161262512,0.3688502855257832,16.076198045639618,3.2,0.0,3,0.4382117198511726,JITTER,95.10087528825579,93.52833509204746,2.3382083773011866,0,0.0,80.0,1,1,1,21,0.9916604161262512,1,21,1,0.028239186853170395,0.56935715675354,0.2850848138332367,0.11731880903244019,0,1,1,1,0.0,0.23821171985117254,0.1,0.1
1287,1287,21,0,0.0,0.9966213703155518,0.4955204067853756,18.886457058048727,0.20000000000000018,0.0,3,0.5079134327596837,JITTER,74.52049012226401,73.59656126870514,1.8399140317176288,0,0.0,80.0,1,1,1,21,0.9966213703155518,1,21,1,0.02968829683959484,0.08516397327184677,0.08922696113586426,0.7959207892417908,0,1,1,1,0.0,0.1,0.1,0.30791343275968364
1288,1288,21,1,6.2,0.9996926784515381,0.5261966585642438,20.090070326818612,0.0,0.0,3,0.5233990974828461,JITTER,89.67249452745534,88.13198160095727,2.203299540023932,0,0.0,80.0,1,1,1,21,0.9996926784515381,1,21,1,0.0013539110077545047,0.8513243198394775,0.10736754536628723,0.03995427489280701,0,1,1,1,0.0,0.3233990974828461,0.1,0.1
1289,1289,21,0,0.0,0.966788113117218,0.3479331973929688,15.200680696253082,3.2,0.40920109856309905,3,0.42560513634956865,JITTER,32.228953720281865,31.631956057476035,0.7907989014369009,0,0.0,80.0,1,1,1,21,0.966788113117218,1,21,1,0.02844826504588127,0.4202592968940735,0.4391075670719147,0.11218486726284027,0,1,1,1,0.0,0.1570385877188368,0.16856654863073187,0.1
1290,1290,21,0,0.0,0.9980756044387817,0.3852374678960671,16.757941345435917,0.20000000000000018,0.0,3,0.44784031469683105,JITTER,22.601740355157002,22.22374896203311,0.5555937240508277,0,0.0,80.0,1,1,1,21,0.9980756044387817,1,21,1,0.001668690936639905,0.5984326004981995,0.3151358366012573,0.08476290106773376,0,1,1,1,0.0,0.24784031469683107,0.1,0.1
1291,1291,21,1,6.2,0.9030896425247192,0.4746225530691725,18.595095836621375,0.0,0.0,3,0.49708780874495356,JITTER,27.67404265596973,27.566319667369534,0.6891579916842384,0,0.0,80.0,1,1,1,21,0.9030896425247192,1,21,1,0.01274084858596325,0.21265460550785065,0.016320686787366867,0.7582838535308838,0,1,1,1,0.0,0.1,0.1,0.29708780874495355
1292,1292,21,0,0.0,0.9924015998840332,0.4562714984738161,18.208222129672983,3.2,0.6948038958419557,3,0.48738324698623425,JITTER,20.389414638113262,20.20784416632177,0.5051961041580443,0,0.0,80.0,1,1,1,21,0.9924015998840332,1,21,1,0.008516091853380203,0.00866798684000969,0.7253098487854004,0.2575061023235321,0,1,1,1,0.0,0.1,0.2873832469862343,0.1
1293,1293,21,0,0.0,0.9997819066047668,0.37036422162126664,15.466592881062443,0.20000000000000018,0.0,3,0.4391101130578342,JITTER,53.43592267173923,53.25852298409367,1.331463074602342,0,0.0,80.0,1,1,1,21,0.9997819066047668,1,21,1,0.07428624480962753,0.5720399022102356,0.13386906683444977,0.21980485320091248,0,1,1,1,0.0,0.23911011305783422,0.1,0.1
1294,1294,21,1,6.2,0.8243826031684875,0.5443714417715676,20.59365042250281,0.0,0.0,3,0.5323614426577863,JITTER,65.10901608039063,64.58505663433586,1.6146264158583965,0,0.0,80.0,1,1,1,21,0.8243826031684875,1,21,1,0.0011342999059706926,0.03875158727169037,0.88423091173172,0.07588323205709457,0,1,1,1,0.0,0.1,0.33236144265778633,0.1
1295,1295,21,0,0.0,0.9993908405303955,0.35357878082177124,15.707259110069224,3.2,0.0,3,0.42904418824082624,JITTER,96.76610326987415,95.03760848126161,2.3759402120315403,0,0.0,80.0,1,1,1,21,0.9993908405303955,1,21,1,0.009250115603208542,0.4964312016963959,0.11877075582742691,0.37554797530174255,0,1,1,1,0.0,0.20119302048361679,0.1,0.12785116775720942
1296,1296,21,0,0.0,0.9997748732566833,0.5328698150716328,19.79867163341369,0.20000000000000018,0.0,3,0.5267074805135801,JITTER,85.25672517670819,85.04458873029249,2.126114718257312,0,0.0,80.0,1,1,1,21,0.9997748732566833,1,21,1,0.03544509783387184,0.05029027909040451,0.05086488276720047,0.8633996844291687,0,1,1,1,0.0,0.1,0.1,0.32670748051358
1297,1297,21,1,6.2,0.9998544454574585,0.4690490845485115,18.489375605075914,0.0,0.0,3,0.4941605512698647,JITTER,49.539079470985065,48.63418051720349,1.2158545129300873,0,0.0,80.0,1,1,1,21,0.9998544454574585,1,21,1,0.01050357986241579,0.7482614517211914,0.05094222351908684,0.19029274582862854,0,1,1,1,0.0,0.29416055126986473,0.1,0.1
1298,1298,21,0,0.0,0.5120968222618103,0.36877149838635204,15.972989715331238,3.2,0.4840374332059675,3,0.4381649159132337,JITTER,28.873449300788916,28.638502671761298,0.7159625667940325,0,0.0,80.0,1,1,0,28,0.5120968222618103,0,21,1,0.035575736314058304,0.21887269616127014,0.5692175626754761,0.17633390426635742,0,1,1,1,0.0,0.1,0.23816491591323366,0.1
1299,1299,21,0,0.0,0.4007166028022766,0.29664071733901964,14.17610063456914,0.20000000000000018,0.0,3,0.3929834923634963,JITTER,114.25046192334813,112.07818397790463,2.801954599447616,0,0.0,80.0,1,1,0,21,0.4007166028022766,1,34,0,0.2424934208393097,0.06545205414295197,0.24974165856838226,0.44231289625167847,1,0,1,1,0.1,0.0,0.1,0.19298349236349624
1300,1300,21,1,6.2,0.9958749413490295,0.3677330012738346,15.84411086332989,0.0,0.0,3,0.43754752301768807,JITTER,61.120317704889246,60.30448750817219,1.5076121877043047,0,0.0,80.0,1,1,1,21,0.9958749413490295,1,21,1,0.04352306202054024,0.10881146788597107,0.2802877426147461,0.5673777461051941,0,1,1,1,0.0,0.1,0.1,0.23754752301768808
1301,1301,21,0,0.0,0.9994702935218811,0.46822299758006214,17.73774171550514,3.2,0.0,3,0.4937252029212362,JITTER,65.67455983539989,64.6848960497834,1.6171224012445853,0,0.0,80.0,1,1,1,21,0.9994702935218811,1,21,1,0.06305429339408875,0.08526584506034851,0.10490331798791885,0.7467765212059021,0,1,1,1,0.0,0.1,0.1,0.29372520292123616
1302,1302,21,0,0.0,0.9998947381973267,0.5992173439856815,22.191490694453826,0.20000000000000018,0.0,3,0.5585359275223367,JITTER,23.15813306929985,23.091364860547618,0.5772841215136905,0,0.0,80.0,1,1,1,21,0.9998947381973267,1,21,1,0.0009184757363982499,0.010216029360890388,0.00499801617115736,0.9838675260543823,0,1,1,1,0.0,0.1,0.1,0.35853592752233665
1303,1303,21,1,6.2,0.4595903754234314,0.5893750515252771,21.882271204115767,0.0,0.0,3,0.5539298903002183,JITTER,81.41988035435992,81.04119280667491,2.026029820166873,0,0.0,80.0,1,1,0,27,0.4595903754234314,0,21,1,0.0038663267623633146,0.028193702921271324,0.0019875196740031242,0.9659523963928223,1,1,0,1,0.1,0.1,0.0,0.35392989030021826
1304,1304,21,0,0.0,0.9123786091804504,0.5688880385004516,21.16044217913597,3.2,0.0,3,0.5442172803200044,JITTER,86.60522992691486,85.99687507914706,2.1499218769786768,0,0.0,80.0,1,1,1,21,0.9123786091804504,1,21,1,0.010540001094341278,0.03861704096198082,0.9287095665931702,0.022133447229862213,0,1,1,1,0.0,0.1,0.3442172803200044,0.1
1305,1305,21,0,0.0,0.9920617341995239,0.48157816169844647,18.891374484887862,0.20000000000000018,0.0,3,0.5007169795359543,JITTER,108.66455581278214,106.88406666823558,2.6721016667058897,0,0.0,80.0,1,1,1,21,0.9920617341995239,1,21,1,0.0036522215232253075,0.7708008885383606,0.019054247066378593,0.20649272203445435,0,1,1,1,0.0,0.30071697953595433,0.1,0.1
1306,1306,21,1,6.2,0.9992735981941223,0.4439024441066491,17.792811933379674,0.0,0.0,3,0.4807316265498115,JITTER,69.28378000687822,68.21279814322467,1.705319953580617,0,0.0,80.0,1,1,1,21,0.9992735981941223,1,21,1,0.01768941804766655,0.7031270265579224,0.05944977328181267,0.21973372995853424,0,1,1,1,0.0,0.28073162654981154,0.1,0.1
1307,1307,21,0,0.0,0.9464060068130493,0.4000744304599995,17.070523245370836,3.2,0.033798509737182236,3,0.4563828586292018,JITTER,47.11378862350904,46.6480596105127,1.1662014902628177,0,0.0,80.0,1,1,1,36,0.9464060068130493,0,21,1,0.000281554035609588,0.34934496879577637,0.6248248219490051,0.025548599660396576,0,1,1,1,0.0,0.1,0.25638285862920185,0.1
1308,1308,21,0,0.0,0.9998444318771362,0.28496079933920465,14.726699390638341,0.20000000000000018,0.0,3,0.3851691424478947,JITTER,39.748205186327816,39.06383158495894,0.9765957896239735,0,0.0,80.0,1,1,1,21,0.9998444318771362,1,21,1,0.016776040196418762,0.33797138929367065,0.26533573865890503,0.379916787147522,0,1,1,1,0.0,0.12841062786185334,0.1,0.15675851458604131
1309,1309,21,1,6.2,0.9978139400482178,0.39388842477523256,16.054995026638082,0.0,0.0,3,0.45284078612662015,JITTER,102.30676165684149,100.46084143474712,2.5115210358686784,0,0.0,80.0,1,1,1,21,0.9978139400482178,1,21,1,0.02591313049197197,0.5007809996604919,0.012346701696515083,0.46095916628837585,1,1,0,1,0.1,0.18786586162431348,0.0,0.1649749245023067
1310,1310,21,0,0.0,0.9995104074478149,0.5140258038386729,19.69910825751755,3.2,0.0,3,0.5173106112908161,JITTER,107.74769812242594,105.67981235515005,2.6419953088787516,0,0.0,80.0,1,1,1,21,0.9995104074478149,1,21,1,0.005959378555417061,0.018636416643857956,0.14608260989189148,0.829321563243866,0,1,1,1,0.0,0.1,0.1,0.31731061129081617
1311,1311,21,0,0.0,0.9762997031211853,0.30590756311033784,14.729134993520635,0.20000000000000018,0.0,3,0.3990745509878011,JITTER,42.8336231631926,42.03535495266789,1.0508838738166972,0,0.0,80.0,1,1,1,4,0.9762997031211853,0,21,1,0.025009997189044952,0.20986640453338623,0.39283132553100586,0.37229228019714355,0,1,1,1,0.0,0.1,0.15623587605397624,0.14283867493382488
1312,1312,21,1,6.2,0.9137529730796814,0.4526011330385471,18.15090103963824,0.0,0.0,3,0.48541897054727223,JITTER,77.12131913519977,76.46965157120168,1.911741289280042,0,0.0,80.0,1,1,1,21,0.9137529730796814,1,21,1,0.006482842843979597,0.718723714351654,0.015426108613610268,0.2593673765659332,0,1,1,1,0.0,0.2854189705472723,0.1,0.1
1313,1313,21,0,0.0,0.9980944991111755,0.27932713625298833,13.128422151510081,3.2,0.0,3,0.38134274720245187,JITTER,76.0373895967873,75.51637781939941,1.8879094454849854,0,0.0,80.0,1,1,1,21,0.9980944991111755,1,21,1,0.16791872680187225,0.3478546142578125,0.1269303858280182,0.35729628801345825,1,1,0,1,0.1,0.13744888521675847,0.0,0.14389386198569337
1314,1314,21,0,0.0,0.9493562579154968,0.5387790424770981,20.000321974244002,0.20000000000000018,0.0,3,0.5296198738582807,JITTER,48.85530069609521,48.61951100521179,1.2154877751302948,0,0.0,80.0,1,1,1,21,0.9493562579154968,1,21,1,0.05012080818414688,0.03249235451221466,0.04328756779432297,0.8740993142127991,1,0,1,1,0.1,0.0,0.1,0.32961987385828073
1315,1315,21,1,6.2,0.7293722033500671,0.3153490123551162,14.909326369030067,0.0,0.0,3,0.4051862172575921,JITTER,28.242798945712682,27.962311294640152,0.6990577823660038,0,0.0,80.0,1,1,0,21,0.7293722033500671,1,21,1,0.04773406684398651,0.272179514169693,0.2050447314977646,0.4750416874885559,0,1,1,1,0.0,0.1,0.1,0.20518621725759204
1316,1316,21,0,0.0,0.9755606651306152,0.5075608045827238,19.49143035405253,3.2,0.0,3,0.514047161116465,JITTER,108.77616757138874,107.40525724728413,2.6851314311821035,0,0.0,80.0,1,1,1,21,0.9755606651306152,1,21,1,0.008525890298187733,0.817645251750946,0.051697373390197754,0.12213139981031418,0,1,1,1,0.0,0.314047161116465,0.1,0.1
1317,1317,21,0,0.0,0.9996590614318848,0.3859454811465046,16.690383152415404,0.20000000000000018,0.0,3,0.448251660102125,JITTER,72.09756327557736,71.47955317471616,1.7869888293679042,0,0.0,80.0,1,1,1,21,0.9996590614318848,1,21,1,0.0067084780894219875,0.04920017346739769,0.3455214500427246,0.5985698699951172,0,1,1,1,0.0,0.1,0.10065083172168582,0.2476008283804392
1318,1318,21,1,6.2,0.5199390053749084,0.5954877180578207,22.04972570327513,0.0,0.0,3,0.5567950052511857,JITTER,66.4401626317192,66.1620742115629,1.6540518552890724,0,0.0,80.0,1,1,0,21,0.5199390053749084,1,21,1,0.003113439306616783,0.010427193716168404,0.977077066898346,0.00938227865844965,0,1,1,1,0.0,0.1,0.3567950052511858,0.1
1319,1319,21,0,0.0,0.9999769926071167,0.5287296335917087,20.032598291955487,3.2,0.0,3,0.5246573392328022,JITTER,102.29358771930973,101.8877216181806,2.5471930404545153,0,0.0,80.0,1,1,1,21,0.9999769926071167,1,21,1,0.010463899001479149,0.8559069037437439,0.02682439610362053,0.10680481046438217,0,1,1,1,0.0,0.32465733923280227,0.1,0.1
1320,1320,21,0,0.0,0.9999551773071289,0.37412237328619624,15.474824547844129,0.20000000000000018,0.0,3,0.44133235414713645,JITTER,91.6622756727313,90.26903656011322,2.2567259140028306,0,0.0,80.0,1,1,1,21,0.9999551773071289,1,21,1,0.07879278808832169,0.24951209127902985,0.5787025094032288,0.09299254417419434,0,1,1,1,0.0,0.1,0.24133235414713647,0.1
1321,1321,21,1,6.2,0.7485650181770325,0.6069228129657096,22.435230089679614,0.0,0.0,3,0.5621156250538404,JITTER,77.48690420277342,76.14959433576999,1.9037398583942498,0,0.0,80.0,1,1,0,21,0.7485650181770325,1,21,1,0.0008191883098334074,0.0009822985157370567,0.0002952653157990426,0.9979032874107361,1,1,0,1,0.1,0.1,0.0,0.36211562505384043
1322,1322,22,0,0.0,0.9843747019767761,0.601744066736268,22.1505842946471,3.2,0.0,3,0.5597122793545637,JITTER,49.105035245065004,48.23919835062926,1.2059799587657316,0,0.0,80.0,1,1,1,22,0.9843747019767761,1,22,1,0.0032649149652570486,0.9884690642356873,0.0034836074337363243,0.0047823963686823845,0,1,1,1,0.0,0.35971227935456374,0.1,0.1
1323,1323,22,0,0.0,0.999932050704956,0.39813875743608446,16.642394152989866,0.20000000000000018,0.0,3,0.45527746541010355,JITTER,92.94104595993042,91.45631307088057,2.2864078267720145,0,0.0,80.0,1,1,1,22,0.999932050704956,1,22,1,0.028706863522529602,0.21443504095077515,0.13547998666763306,0.6213781237602234,0,1,1,1,0.0,0.1,0.1,0.25527746541010354
1324,1324,22,1,6.2,0.999983549118042,0.5367090112061071,20.396564131834296,0.0,0.0,3,0.5286014742101309,JITTER,86.45797095273142,84.99450895315209,2.1248627238288025,0,0.0,80.0,1,1,1,22,0.999983549118042,1,22,1,0.06453020125627518,0.8703504800796509,9.99999993922529e-09,0.06511940807104111,1,1,0,1,0.1,0.328601474210131,0.0,0.1
1325,1325,22,0,0.0,0.9995416402816772,0.4306473888744079,17.58036856200889,3.2,0.0,3,0.47349983896315095,JITTER,119.30988627176359,118.3072946239845,2.957682365599613,0,0.0,80.0,1,1,1,22,0.9995416402816772,1,22,1,0.6793950796127319,0.019232507795095444,0.011294525116682053,0.29007789492607117,1,1,0,1,0.273499838963151,0.1,0.0,0.1
1326,1326,22,0,0.0,0.9919050931930542,0.5156718823857563,19.33751262959876,0.20000000000000018,0.0,3,0.5181382480164511,JITTER,101.39156837095703,99.88168617906096,2.4970421544765244,0,0.0,80.0,1,1,1,22,0.9919050931930542,1,22,1,0.8322957754135132,0.0396866574883461,0.03511292487382889,0.09290462732315063,1,1,0,1,0.3181382480164512,0.1,0.0,0.1
1327,1327,22,1,6.2,0.9995181560516357,0.24172503445684412,12.312469699847412,0.0,0.0,3,0.3547478253700379,JITTER,65.2870165712018,64.0766618770779,1.6019165469269474,0,0.0,80.0,1,1,1,22,0.9995181560516357,1,22,1,0.3471701443195343,0.25240465998649597,0.22759202122688293,0.17283309996128082,1,1,1,0,0.15474782537003792,0.1,0.1,0.0
1328,1328,22,0,0.0,0.9989458918571472,0.3737591877086463,15.479761586178892,3.2,0.0,3,0.44111808673593017,JITTER,59.44259295725947,58.770337751411226,1.4692584437852807,0,0.0,80.0,1,1,1,22,0.9989458918571472,1,22,1,0.4233787953853607,0.04744414985179901,0.4935995042324066,0.035577643662691116,1,1,1,0,0.14984007126339444,0.1,0.19127801547253573,0.0
1329,1329,22,0,0.0,0.9999040365219116,0.4449202880092602,17.99033577912311,0.20000000000000018,0.0,3,0.48128245657157664,JITTER,30.594235699096153,30.4560873090507,0.7614021827262676,0,0.0,80.0,1,1,1,22,0.9999040365219116,1,22,1,0.21451714634895325,0.7049511075019836,0.00512878829613328,0.07540296018123627,1,1,0,1,0.1,0.2812824565715767,0.0,0.1
1330,1330,22,1,6.2,0.999756395816803,0.38043632336514205,15.137745278294826,0.0,0.0,3,0.4450408889517853,JITTER,104.06961705337606,103.24423525325064,2.581105881331266,0,0.0,80.0,1,1,1,22,0.999756395816803,1,22,1,0.5899057388305664,0.15554238855838776,0.14270539581775665,0.1118464320898056,1,1,1,0,0.24504088895178525,0.1,0.1,0.0
1331,1331,22,0,0.0,0.9999924898147583,0.5145393944481391,19.189940385566516,3.2,0.0,3,0.5175689830866029,JITTER,59.40840894152582,59.116142123115395,1.477903553077885,0,0.0,80.0,1,1,1,22,0.9999924898147583,1,22,1,0.06745206564664841,0.8302494883537292,0.058610133826732635,0.04368830844759941,1,1,1,0,0.1,0.317568983086603,0.1,0.0
1332,1332,22,0,0.0,0.9999862909317017,0.32168824128793155,14.469352966361377,0.20000000000000018,0.0,3,0.40923853345402905,JITTER,69.16103342974543,68.0464107537009,1.7011602688425225,0,0.0,80.0,1,1,1,22,0.9999862909317017,1,22,1,0.4861634075641632,0.2641843557357788,0.1632997840642929,0.08635247498750687,1,1,1,0,0.20923853345402907,0.1,0.1,0.0
1333,1333,22,1,6.2,0.9998447895050049,0.2948839601995946,13.651824907156598,0.0,0.0,3,0.39181810662007543,JITTER,109.51641177737396,109.36283815714822,2.734070953928706,0,0.0,80.0,1,1,1,22,0.9998447895050049,1,22,1,0.39507535099983215,0.10146327316761017,0.1582479476928711,0.3452134132385254,1,0,1,1,0.16247218718888587,0.0,0.1,0.1293459194311896
1334,1334,22,0,0.0,0.9999933242797852,0.39251464611499787,16.47979882060296,3.2,0.0,3,0.4520504019086632,JITTER,77.48207312401155,76.75796693881281,1.9189491734703203,0,0.0,80.0,1,1,1,22,0.9999933242797852,1,22,1,0.08268424868583679,0.6113696098327637,0.03223699703812599,0.27370914816856384,1,1,0,1,0.1,0.25205040190866324,0.0,0.1
1335,1335,22,0,0.0,0.9999879598617554,0.3891787155232391,15.95144082570895,0.20000000000000018,0.0,3,0.45012534438494234,JITTER,81.42818504715783,80.69976809914459,2.017494202478615,0,0.0,80.0,1,1,1,22,0.9999879598617554,1,22,1,0.24568651616573334,0.6054372787475586,0.0833435133099556,0.06553269922733307,1,1,1,0,0.1,0.2501253443849424,0.1,0.0
1336,1336,22,1,6.2,0.999708354473114,0.3185857156401539,15.470748258726505,0.0,0.0,3,0.40726029943938236,JITTER,59.864482085341514,59.29950419622845,1.4824876049057112,0,0.0,80.0,1,1,1,22,0.999708354473114,1,22,1,0.48071831464767456,0.27950379252433777,0.010724807158112526,0.2290530800819397,1,1,0,1,0.20726029943938232,0.1,0.0,0.1
1337,1337,22,0,0.0,0.9999722242355347,0.34921636472995254,14.727269969772216,3.2,0.0,3,0.42638922366697485,JITTER,78.19991287564142,77.41637600654454,1.9354094001636135,0,0.0,80.0,1,1,1,22,0.9999722242355347,1,22,1,0.4340302050113678,0.0739498883485794,0.06381569057703018,0.428204208612442,1,1,0,1,0.16497298072775843,0.1,0.0,0.16141624293921644
1338,1338,22,0,0.0,0.9929254055023193,0.2767802509070766,13.446816694167067,0.20000000000000018,0.0,3,0.37960023780139796,JITTER,67.21444510206462,66.11503817119046,1.6528759542797617,0,0.0,80.0,1,1,1,22,0.9929254055023193,1,22,1,0.35491177439689636,0.34447595477104187,0.10246623307466507,0.1981460154056549,1,1,0,1,0.1433782640164038,0.13622197378499412,0.0,0.1
1339,1339,22,1,6.2,0.9999768733978271,0.46102508493427724,18.12265912593587,0.0,0.0,3,0.4899155279838584,JITTER,94.56479912378578,93.91915134923727,2.3479787837309316,0,0.0,80.0,1,1,1,22,0.9999768733978271,1,22,1,0.1832120567560196,0.7338442206382751,0.022957459092140198,0.059986259788274765,1,1,0,1,0.1,0.28991552798385845,0.0,0.1
1340,1340,22,0,0.0,0.9919601082801819,0.3820713079997054,16.247755487028606,3.2,0.0,3,0.44599618010647524,JITTER,100.05771175153204,98.34942510001694,2.458735627500424,0,0.0,80.0,1,1,1,22,0.9919601082801819,1,22,1,0.592808723449707,0.11786894500255585,0.2552652657032013,0.03405705466866493,1,1,1,0,0.24599618010647525,0.1,0.1,0.0
1341,1341,22,0,0.0,0.9999510049819946,0.5717283898903096,21.389776608675533,0.20000000000000018,0.0,3,0.5455741762053475,JITTER,35.34922053741905,34.93727312055891,0.8734318280139729,0,0.0,80.0,1,1,1,22,0.9999510049819946,1,22,1,0.02841886505484581,0.9338690042495728,0.037712108343839645,9.99999993922529e-09,1,1,1,0,0.1,0.3455741762053476,0.1,0.0
1342,1342,22,1,6.2,0.9999819993972778,0.5918668899897588,21.953338662966818,0.0,0.0,3,0.5550996445353434,JITTER,48.531199359921374,47.813740973586135,1.1953435243396535,0,0.0,80.0,1,1,1,22,0.9999819993972778,1,22,1,0.023881448432803154,0.9704867005348206,0.0022311934735625982,0.0034006095957010984,1,1,0,1,0.1,0.3550996445353435,0.0,0.1
1343,1343,22,0,0.0,0.9672159552574158,0.29880029793852114,14.640778158721407,3.2,0.11776677742763408,3,0.3944113821489682,JITTER,43.87853293586832,43.28932890289463,1.0822332225723659,0,0.0,80.0,1,1,1,28,0.9672159552574158,0,22,1,0.21705088019371033,0.40754613280296326,0.0338313952088356,0.34157153964042664,1,1,0,1,0.1,0.16897703020590113,0.0,0.1254343519430671
1344,1344,22,1,6.2,0.883613646030426,0.35341776493617544,13.71300967040629,0.20000000000000018,0.0,3,0.4289464861156286,JITTER,45.51246560576339,45.047197346709275,1.1261799336677318,0,0.0,80.0,1,1,1,30,0.883613646030426,0,34,0,0.0531887449324131,0.07519172877073288,0.412584513425827,0.45903509855270386,0,1,1,1,0.0,0.1,0.1503788643614102,0.1785676217542184
1345,1345,22,0,0.0,0.9982432126998901,0.5607611272173799,20.907175936211154,3.4000000000000004,0.0,3,0.5403160601201012,JITTER,114.86464679161921,113.98867167714361,2.8497167919285906,0,0.0,80.0,1,1,1,22,0.9982432126998901,1,22,1,0.9139544367790222,0.04964034631848335,0.011934312991797924,0.024470889940857887,1,1,0,1,0.3403160601201013,0.1,0.0,0.1
1346,1346,22,0,0.0,0.9999786615371704,0.3341717234399319,14.862053873310499,0.40000000000000036,0.0,3,0.4171034439125938,JITTER,107.57384859632077,105.45046005729303,2.636261501432326,0,0.0,80.0,1,1,1,22,0.9999786615371704,1,22,1,0.3380679786205292,0.49050992727279663,0.0616489052772522,0.10977314412593842,1,1,0,1,0.1109833182587314,0.20612012565386237,0.0,0.1
1347,1347,22,1,6.2,0.9999353885650635,0.4383327067305317,17.17831260632159,0.0,0.0,3,0.4777061859436002,JITTER,107.48508488051633,107.12852239484417,2.6782130598711045,0,0.0,80.0,1,1,1,22,0.9999353885650635,1,22,1,0.05280693992972374,0.17608876526355743,0.07795451581478119,0.6931498050689697,0,1,1,1,0.0,0.1,0.1,0.2777061859436002
1348,1348,22,0,0.0,0.9999362230300903,0.4052529636846693,16.59299996538817,3.2,0.0,3,0.459327054533228,JITTER,101.96582195351631,101.90025916358157,2.5475064790895394,0,0.0,80.0,1,1,1,22,0.9999362230300903,1,22,1,0.04290848597884178,0.6340508460998535,0.21460241079330444,0.10843830555677414,0,1,1,1,0.0,0.259327054533228,0.1,0.1
1349,1349,22,0,0.0,0.9999045133590698,0.36788636365845234,15.868067818628901,0.20000000000000018,0.0,3,0.4376387527093515,JITTER,59.33018836993079,58.29697286875211,1.4574243217188028,0,0.0,80.0,1,1,1,22,0.9999045133590698,1,22,1,0.5676494240760803,0.19650261104106903,0.04199371114373207,0.19385428726673126,1,1,0,1,0.23763875270935145,0.1,0.0,0.1
1350,1350,22,1,6.2,0.9659417271614075,0.5964021841613218,22.0530948341315,0.0,0.0,3,0.5572223648889044,JITTER,88.87522127599198,87.92827280874556,2.198206820218639,0,0.0,80.0,1,1,1,22,0.9659417271614075,1,22,1,0.0049381982535123825,0.9787418246269226,0.004855193663388491,0.011464787647128105,1,1,0,1,0.1,0.35722236488890446,0.0,0.1
1351,1351,22,0,0.0,0.9999878406524658,0.46708269483442605,17.726707877873864,3.2,0.0,3,0.4931236312306117,JITTER,58.78640250826205,57.83136220323336,1.445784055080834,0,0.0,80.0,1,1,1,22,0.9999878406524658,1,22,1,0.10775543749332428,0.062059223651885986,0.08545829355716705,0.7447270154953003,1,0,1,1,0.1,0.0,0.1,0.2931236312306117
1352,1352,22,0,0.0,0.995962917804718,0.4440765012436766,17.985342765731197,0.20000000000000018,0.0,3,0.48082586636641333,JITTER,90.95584039482209,90.10375640500112,2.2525939101250283,0,0.0,80.0,1,1,1,22,0.995962917804718,1,22,1,0.06011664494872093,0.703438937664032,0.004051893018186092,0.23239244520664215,1,1,0,1,0.1,0.2808258663664134,0.0,0.1
1353,1353,22,1,6.2,0.9999798536300659,0.347594066855957,14.959105101315524,0.0,0.0,3,0.4253976670886812,JITTER,109.24843372096598,108.74600450528744,2.7186501126321865,0,0.0,80.0,1,1,1,22,0.9999798536300659,1,22,1,0.35140353441238403,0.07510347664356232,0.06628765165805817,0.5072053670883179,1,1,0,1,0.11502991276271171,0.1,0.0,0.21036775432596946
1354,1354,22,0,0.0,0.9999886751174927,0.5944832643499888,22.028951996709978,3.2,0.28592567992165574,3,0.5563252131527537,JITTER,37.03915091586249,36.56297280313377,0.9140743200783442,0,0.0,80.0,1,1,1,22,0.9999886751174927,1,22,1,0.01719675026834011,0.9752486348152161,0.0024312930181622505,0.005123333539813757,1,1,0,1,0.1,0.3563252131527538,0.0,0.1
1355,1355,22,0,0.0,0.9963721036911011,0.552602668813955,20.72164780242396,0.20000000000000018,0.0,3,0.5363711564765359,JITTER,117.19943427017704,116.61986765995432,2.9154966914988583,0,0.0,80.0,1,1,1,22,0.9963721036911011,1,22,1,0.03508291766047478,0.05722005292773247,0.8991529941558838,0.00854404829442501,1,1,1,0,0.1,0.1,0.3363711564765359,0.0
1356,1356,22,1,6.2,0.99429851770401,0.47751311387443485,18.126185740327905,0.0,0.0,3,0.49859920075315833,JITTER,44.96703789338265,44.84158089373467,1.121039522343367,0,0.0,80.0,1,1,1,22,0.99429851770401,1,22,1,0.7634843587875366,0.12231339514255524,0.05172552540898323,0.06247672811150551,1,1,0,1,0.2985992007531584,0.1,0.0,0.1
1357,1357,22,0,0.0,0.999967098236084,0.5386247301266313,20.39074440422975,3.2,0.0,3,0.5295440238958125,JITTER,106.05635552736321,105.57613756663551,2.639403439165888,0,0.0,80.0,1,1,1,22,0.999967098236084,1,22,1,0.05879947543144226,0.0631541907787323,0.004226598422974348,0.8738198280334473,1,1,0,1,0.1,0.1,0.0,0.3295440238958125
1358,1358,22,0,0.0,0.999941349029541,0.3093385121873199,14.992737565769565,0.20000000000000018,0.0,3,0.40130624918742586,JITTER,70.31785267248878,68.92433217398113,1.7231083043495283,0,0.0,80.0,1,1,1,22,0.999941349029541,1,22,1,0.2890033721923828,0.21109412610530853,0.03539120778441429,0.4645112156867981,1,1,0,1,0.1,0.1,0.0,0.20130624918742587
1359,1359,22,1,6.2,0.9999145269393921,0.4656685476441559,18.458135442718252,0.0,0.0,3,0.4923765707716969,JITTER,21.214090092204355,20.977983171021265,0.5244495792755316,0,0.0,80.0,1,1,1,22,0.9999145269393921,1,22,1,0.023574020713567734,0.22741016745567322,0.006830089725553989,0.7421857118606567,1,1,0,1,0.1,0.1,0.0,0.2923765707716969
1360,1360,22,0,0.0,0.9999974966049194,0.39701891808929823,15.900247486018486,3.2,0.0,3,0.4546367382536729,JITTER,71.22890427049458,70.07863243293896,1.7519658108234741,0,0.0,80.0,1,1,1,22,0.9999974966049194,1,22,1,0.6193845868110657,0.17101071774959564,0.08062230050563812,0.12898239493370056,1,1,0,1,0.25463673825367295,0.1,0.0,0.1
1361,1361,22,0,0.0,0.9999526739120483,0.28099056982832354,12.997008253685607,0.20000000000000018,0.0,3,0.3824765373979083,JITTER,55.528153955277695,55.07244399225442,1.3768110998063605,0,0.0,80.0,1,1,1,22,0.9999526739120483,1,22,1,0.3976612687110901,0.31125205755233765,0.14496414363384247,0.14612245559692383,1,1,0,1,0.17064272158101754,0.11183381581689078,0.0,0.1
1362,1362,22,1,6.2,0.3617126941680908,0.2947398607888206,14.283248776740699,0.0,0.0,3,0.39172236106386005,JITTER,36.79379805988637,36.248649939236465,0.9062162484809116,0,0.0,80.0,1,1,0,39,0.3617126941680908,0,23,0,0.19622531533241272,0.4389956593513489,0.2927030920982361,0.07207591086626053,1,1,1,0,0.1,0.19172236106386006,0.1,0.0
1363,1363,22,0,0.0,0.7953412532806396,0.489402224496643,18.832125074507225,3.2,0.0,3,0.5047680943560963,JITTER,98.47089091881483,98.20174373975453,2.4550435934938637,0,0.0,80.0,1,1,0,23,0.7953412532806396,0,22,1,0.784892737865448,0.132788747549057,0.07300057262182236,0.009317870251834393,1,1,1,0,0.3047680943560963,0.1,0.1,0.0
1364,1364,22,0,0.0,0.9999971389770508,0.4844514988538606,19.016624504545806,0.20000000000000018,0.0,3,0.5022085224980655,JITTER,59.345707398832175,58.28590582703719,1.4571476456759298,0,0.0,80.0,1,1,1,22,0.9999971389770508,1,22,1,0.052378445863723755,0.7759745717048645,9.99999993922529e-09,0.1716470569372177,1,1,0,1,0.1,0.3022085224980655,0.0,0.1
1365,1365,22,1,6.2,0.9975323677062988,0.3226425709438807,14.841847166416562,0.0,0.0,3,0.40984511335732465,JITTER,20.270727367578715,20.149606094195065,0.5037401523548767,0,0.0,80.0,1,1,1,22,0.9975323677062988,1,22,1,0.14900322258472443,0.4878390431404114,0.06054455414414406,0.30261313915252686,1,1,0,1,0.1,0.20984511335732467,0.0,0.1
1366,1366,22,0,0.0,0.9999967813491821,0.36085009104158305,15.4306831796614,3.2,0.0,3,0.4334333615270317,JITTER,75.50422850525477,74.99971852281543,1.8749929630703859,0,0.0,80.0,1,1,1,22,0.9999967813491821,1,22,1,0.06897646933794022,0.5205569267272949,0.042815592139959335,0.3676510155200958,1,1,0,1,0.1,0.2126322318034163,0.0,0.1208011297236154
1367,1367,22,0,0.0,0.9999889135360718,0.40145458347147367,16.97541184072807,0.20000000000000018,0.0,3,0.4571693821292177,JITTER,47.20451891776694,46.77020195458702,1.1692550488646756,0,0.0,80.0,1,1,1,22,0.9999889135360718,1,22,1,0.34519973397254944,0.00960125494748354,0.01791609451174736,0.627282977104187,1,0,1,1,0.1,0.0,0.1,0.2571693821292177
1368,1368,22,1,6.2,0.9999884366989136,0.46281626306053253,17.736388873413485,0.0,0.0,3,0.4908663171222471,JITTER,38.152310810969375,37.74818227484096,0.943704556871024,0,0.0,80.0,1,1,1,22,0.9999884366989136,1,22,1,0.13647890090942383,0.07253456115722656,0.05392516776919365,0.7370613217353821,1,1,0,1,0.1,0.1,0.0,0.2908663171222471
1369,1369,22,0,0.0,0.9999785423278809,0.4106022263940093,17.050664581059497,3.2,0.0,3,0.46234863141696547,JITTER,90.66959213132259,89.62635695712189,2.240658923928047,0,0.0,80.0,1,1,1,22,0.9999785423278809,1,22,1,0.6435886025428772,0.21899430453777313,0.01801164261996746,0.11940548568964005,1,1,0,1,0.2623486314169655,0.1,0.0,0.1
1370,1370,22,0,0.0,0.9999758005142212,0.5224004531959643,19.916906003070185,0.20000000000000018,0.0,3,0.5215076686263105,JITTER,29.31093308585309,28.81592499811459,0.7203981249528648,0,0.0,80.0,1,1,1,22,0.9999758005142212,1,22,1,0.05140214040875435,0.8444585204124451,0.006421673111617565,0.09771761298179626,1,1,0,1,0.1,0.3215076686263105,0.0,0.1
1371,1371,22,1,6.2,0.9999792575836182,0.38657836268415025,16.099985833842354,0.0,0.0,3,0.4486190358180171,JITTER,37.497783748748816,36.924208648601535,0.9231052162150384,0,0.0,80.0,1,1,1,22,0.9999792575836182,1,22,1,0.14034242928028107,0.20774215459823608,0.05110014230012894,0.6008152365684509,1,1,0,1,0.1,0.1,0.0,0.24861903581801706
1372,1372,22,0,0.0,0.9995848536491394,0.5232797254999161,19.88244597490201,3.2,0.0,3,0.521946368917531,JITTER,56.05651107758504,55.1789336740168,1.37947334185042,0,0.0,80.0,1,1,1,22,0.9995848536491394,1,22,1,0.08503784239292145,0.05838875100016594,0.01052482146769762,0.8460485339164734,1,1,0,1,0.1,0.1,0.0,0.3219463689175309
1373,1373,22,0,0.0,0.9996436834335327,0.2968010509192573,14.091563538733256,0.20000000000000018,0.0,3,0.39308968132364985,JITTER,40.62729034053457,40.47561883088639,1.0118904707721599,0,0.0,80.0,1,1,1,22,0.9996436834335327,1,22,1,0.4425927698612213,0.2090136557817459,0.08785026520490646,0.26054325699806213,1,1,0,1,0.19308968132364981,0.1,0.0,0.1
1374,1374,22,1,6.2,0.9999868869781494,0.3833367547313412,15.229486431326674,0.0,0.0,3,0.44673415473167255,JITTER,69.70258462174823,69.65667011471592,1.741416752867898,0,0.0,80.0,1,1,1,22,0.9999868869781494,1,22,1,0.1772390604019165,0.11840570718050003,0.10929909348487854,0.5950561165809631,1,1,0,1,0.1,0.1,0.0,0.24673415473167257
1375,1375,22,0,0.0,0.8610662221908569,0.29666314895650325,13.759735059709293,3.2,0.15215267724915682,3,0.3929983505542627,JITTER,42.52973387823334,41.913892910033724,1.0478473227508431,0,0.0,80.0,1,1,1,22,0.8610662221908569,1,22,1,0.1574718952178955,0.33301523327827454,0.0982276126742363,0.41128531098365784,1,1,0,1,0.1,0.12057750996062144,0.0,0.17242084059364124
1376,1376,22,0,0.0,0.9999855756759644,0.5335635221443213,20.106435212790306,0.20000000000000018,0.0,3,0.5270502113789725,JITTER,103.73834783054255,103.5707370268666,2.589268425671665,0,0.0,80.0,1,1,1,22,0.9999855756759644,1,22,1,0.07562550157308578,0.8646554350852966,0.014676300808787346,0.0450427420437336,1,1,0,1,0.1,0.3270502113789725,0.0,0.1
1377,1377,22,1,6.2,0.9031391143798828,0.43304846526100965,17.67051988788374,0.0,0.0,3,0.47481800436193256,JITTER,108.20777094381043,106.48181976501175,2.662045494125294,0,0.0,80.0,1,1,1,22,0.9031391143798828,1,22,1,0.6836908459663391,0.022483404725790024,0.008677532896399498,0.2851482033729553,1,1,0,1,0.2748180043619326,0.1,0.0,0.1
1378,1378,22,0,0.0,0.9997442364692688,0.5916439746330353,21.949272953039586,3.2,0.0,3,0.5549951008527475,JITTER,106.96842957069654,105.47423345768394,2.6368558364420984,0,0.0,80.0,1,1,1,22,0.9997442364692688,1,22,1,0.002763400785624981,0.9700810313224792,0.025146648287773132,0.0020089060999453068,1,1,1,0,0.1,0.35499510085274755,0.1,0.0
1379,1379,22,0,0.0,0.9965240359306335,0.3137074940817024,15.085015417975015,0.20000000000000018,0.0,3,0.4041302627932518,JITTER,87.41530672939648,86.49728300830904,2.162432075207726,0,0.0,80.0,1,1,1,22,0.9965240359306335,1,22,1,0.3379569947719574,0.4447086751461029,0.019580204039812088,0.19775409996509552,1,1,0,1,0.11768470898313649,0.18644555381011532,0.0,0.1
1380,1380,22,1,6.2,0.9920682907104492,0.3012624221879782,13.972440318943189,0.0,0.0,3,0.39603302975378873,JITTER,85.2787224491315,83.7111124894337,2.0927778122358425,0,0.0,80.0,1,1,1,22,0.9920682907104492,1,22,1,0.45038479566574097,0.25134047865867615,0.19745516777038574,0.10081953555345535,1,1,1,0,0.19603302975378875,0.1,0.1,0.0
1381,1381,22,0,0.0,0.9983012080192566,0.5483331732005131,20.50636484124837,3.2,0.4534397051011594,3,0.5342950945141877,JITTER,30.05220014167084,29.862411795953623,0.7465602948988406,0,0.0,80.0,1,1,1,22,0.9983012080192566,1,22,1,0.891411542892456,0.03484559431672096,0.015427974984049797,0.05831494554877281,1,1,0,1,0.3342950945141877,0.1,0.0,0.1
1382,1382,22,0,0.0,0.9999549388885498,0.4849421889433239,18.64710579692644,0.20000000000000018,0.0,3,0.502462796018178,JITTER,27.245497359587183,26.73066362323667,0.6682665905809168,0,0.0,80.0,1,1,1,22,0.9999549388885498,1,22,1,0.1171235740184784,0.07851222902536392,0.027505943551659584,0.7768582701683044,1,1,0,1,0.1,0.1,0.0,0.30246279601817805
1383,1383,22,1,6.2,0.9999867677688599,0.6066673619553907,22.421223445163847,0.0,0.0,3,0.5619973166677847,JITTER,64.5265465999388,63.65499367077684,1.5913748417694211,0,0.0,80.0,1,1,1,22,0.9999867677688599,1,22,1,0.0007433152641169727,0.001052901498042047,0.000765971199143678,0.9974378347396851,0,1,1,1,0.0,0.1,0.1,0.3619973166677847
1384,1384,22,0,0.0,0.9999971389770508,0.3641361072983902,16.381159653933093,3.2,0.0,3,0.43540238041480894,JITTER,104.11200645043215,102.04850596602977,2.5512126491507443,0,0.0,80.0,1,1,1,22,0.9999971389770508,1,22,1,0.12584438920021057,0.3131476044654846,9.99999993922529e-09,0.5610080361366272,1,1,0,1,0.1,0.1,0.0,0.2354023804148089
1385,1385,22,0,0.0,0.9999879598617554,0.2286246625499942,11.755633119145386,0.20000000000000018,0.0,3,0.34500108842610766,JITTER,36.17824577922657,35.599746508161296,0.8899936627040325,0,0.0,80.0,1,1,1,22,0.9999879598617554,1,22,1,0.2583692669868469,0.2057829201221466,0.21113409101963043,0.32471370697021484,1,0,1,1,0.1,0.0,0.1,0.14500108842610768
1386,1386,22,1,6.2,0.9999305009841919,0.28325495806367795,14.442154227259627,0.0,0.0,3,0.384014556147867,JITTER,108.74228981367364,108.63599340578823,2.7158998351447057,0,0.0,80.0,1,1,1,22,0.9999305009841919,1,22,1,0.24780361354351044,0.3269346058368683,0.03816348686814308,0.3870983421802521,1,1,0,1,0.1,0.12161597524728718,0.0,0.16239858090057982
1387,1387,22,0,0.0,0.9851924180984497,0.44734051436872874,17.796462066497448,3.2,0.0,3,0.4825896937998284,JITTER,95.40905601855734,94.73217585773249,2.368304396443312,0,0.0,80.0,1,1,1,22,0.9851924180984497,1,22,1,0.14041557908058167,0.7092893719673157,0.022658374160528183,0.1276366412639618,1,1,0,1,0.1,0.28258969379982846,0.0,0.1
1388,1388,22,0,0.0,0.9999058246612549,0.45109073156270474,16.986615741643647,0.20000000000000018,0.0,3,0.4846083337845314,JITTER,84.85967914704321,83.98723984740373,2.0996809961850933,0,0.0,80.0,1,1,1,22,0.9999058246612549,1,22,1,0.7160143256187439,0.09840851277112961,0.08790338784456253,0.0976736918091774,1,1,0,1,0.28460833378453143,0.1,0.0,0.1
1389,1389,22,1,6.2,0.9998435974121094,0.3836659525411314,16.599443610449246,0.0,0.0,3,0.44692593433999617,JITTER,45.9742252086637,45.84989126166783,1.1462472815416958,0,0.0,80.0,1,1,1,22,0.9998435974121094,1,22,1,0.2945343852043152,0.0988827794790268,0.010942014865577221,0.5956408381462097,1,1,0,1,0.1,0.1,0.0,0.24692593433999613
1390,1390,22,0,0.0,0.9991742968559265,0.5671137882956302,21.022673237305707,3.2,0.40926931197025807,3,0.5433679641155976,JITTER,31.69472330892083,31.629227521189673,0.7907306880297419,0,0.0,80.0,1,1,1,22,0.9991742968559265,1,22,1,0.9254873394966125,0.04024141654372215,0.016653159633278847,0.017618026584386826,1,1,0,1,0.34336796411559767,0.1,0.0,0.1
1391,1391,22,0,0.0,0.9998841285705566,0.562967783711507,20.849163874169555,0.20000000000000018,0.0,3,0.5413781177748207,JITTER,83.77900401345778,83.19018699086229,2.079754674771557,0,0.0,80.0,1,1,1,22,0.9998841285705566,1,22,1,0.02069683186709881,0.03147502243518829,0.029868319630622864,0.9179597496986389,0,1,1,1,0.0,0.1,0.1,0.34137811777482074
1392,1392,22,1,6.2,0.9999887943267822,0.4918039970861286,19.19390761196749,0.0,0.0,3,0.5060051692449882,JITTER,41.663343820587244,41.086818890552344,1.0271704722638086,0,0.0,80.0,1,1,1,22,0.9999887943267822,1,22,1,0.1687667965888977,0.7892210483551025,0.0006557973683811724,0.04135630279779434,1,1,0,1,0.1,0.3060051692449882,0.0,0.1
1393,1393,22,0,0.0,0.9967057108879089,0.4018498918113641,16.970908363186595,3.2,0.0,3,0.45739441182102336,JITTER,88.68495657664668,87.72863424474299,2.193215856118575,0,0.0,80.0,1,1,1,22,0.9967057108879089,1,22,1,0.2814269959926605,0.6279871463775635,0.009902342222630978,0.08068349957466125,1,1,0,1,0.1,0.2573944118210234,0.0,0.1
1394,1394,22,0,0.0,0.9999713897705078,0.30722590937428673,14.107560986596914,0.20000000000000018,0.0,3,0.39993355691285015,JITTER,113.49578168658509,112.62092389717351,2.815523097429338,0,0.0,80.0,1,1,1,22,0.9999713897705078,1,22,1,0.3013230860233307,0.46081334352493286,0.14079487323760986,0.09706874191761017,1,1,1,0,0.1,0.1999335569128501,0.1,0.0
1395,1395,22,1,6.2,0.9992938041687012,0.32475882631856734,14.22675346336556,0.0,0.0,3,0.41118703070297524,JITTER,103.5862971269293,103.43062886620918,2.5857657216552297,0,0.0,80.0,1,1,1,22,0.9992938041687012,1,22,1,0.08503927290439606,0.44309738278388977,0.3643818795681,0.1074814721941948,0,1,1,1,0.0,0.18050953873143524,0.13067749197154,0.1
1396,1396,22,0,0.0,0.9999850988388062,0.30220207677300154,14.430173127537103,3.2,0.0,3,0.39665017364486266,JITTER,93.98310940385045,92.12516217516807,2.303129054379202,0,0.0,80.0,1,1,1,22,0.9999850988388062,1,22,1,0.45202702283859253,0.3020417094230652,0.0687115490436554,0.17721976339817047,1,1,0,1,0.19665017364486267,0.1,0.0,0.1
1397,1397,22,0,0.0,0.9998830556869507,0.5525267479353254,20.48118240731774,0.20000000000000018,0.0,3,0.536334309777692,JITTER,104.65982162878169,103.44646950623192,2.5861617376557984,0,0.0,80.0,1,1,1,22,0.9998830556869507,1,22,1,0.027414096519351006,0.047787345945835114,0.025783274322748184,0.8990153074264526,1,1,0,1,0.1,0.1,0.0,0.3363343097776921
1398,1398,22,1,6.2,0.999947190284729,0.3331000091218148,14.608751159534892,0.0,0.0,3,0.4164340654450421,JITTER,82.67660643271606,82.09243081200425,2.0523107703001062,0,0.0,80.0,1,1,1,22,0.999947190284729,1,22,1,0.3504677712917328,0.10137996822595596,0.07244271785020828,0.47570955753326416,1,1,0,1,0.11907342361120549,0.1,0.0,0.1973606418338366
1399,1399,22,0,0.0,0.9999889135360718,0.4209095468925025,17.170082004623428,3.2,0.0,3,0.46811581597509155,JITTER,87.94852182581039,86.59341912236586,2.1648354780591466,0,0.0,80.0,1,1,1,22,0.9999889135360718,1,22,1,0.26828983426094055,0.6619877219200134,0.025386886671185493,0.04433555155992508,1,1,0,1,0.1,0.2681158159750916,0.0,0.1
1400,1400,22,0,0.0,0.9999762773513794,0.4722184473789204,18.518603411376095,0.20000000000000018,0.0,3,0.49582726097860963,JITTER,119.82284811178539,118.64268192569679,2.96606704814242,0,0.0,80.0,1,1,1,22,0.9999762773513794,1,22,1,0.04519406333565712,0.7539598941802979,0.01398189552128315,0.1868642121553421,1,1,0,1,0.1,0.2958272609786097,0.0,0.1
1401,1401,22,1,6.2,0.9933116436004639,0.5080368795679239,19.190114690456642,0.0,0.0,3,0.5142881840967196,JITTER,26.13040657734423,25.819006367045354,0.6454751591761339,0,0.0,80.0,1,1,1,22,0.9933116436004639,1,22,1,0.818504810333252,0.04335526376962662,0.10686783492565155,0.03127210959792137,1,1,1,0,0.31428818409671966,0.1,0.1,0.0
1402,1402,22,0,0.0,0.9999215602874756,0.5607488445211561,20.726992811208937,3.2,0.40634392304287026,3,0.5403101426500319,JITTER,31.90241499821686,31.746243078285186,0.7936560769571297,0,0.0,80.0,1,1,1,22,0.9999215602874756,1,22,1,0.02913046069443226,0.9139321446418762,0.024938838556408882,0.031998518854379654,1,1,0,1,0.1,0.3403101426500319,0.0,0.1
1403,1403,22,0,0.0,0.9999754428863525,0.5240672663252779,19.868026538516105,0.20000000000000018,0.0,3,0.5223389883048069,JITTER,52.877991130573726,52.1048833076032,1.30262208269008,0,0.0,80.0,1,1,1,22,0.9999754428863525,1,22,1,0.8474727869033813,0.11246300488710403,0.026857124641537666,0.013207079842686653,1,1,1,0,0.3223389883048069,0.1,0.1,0.0
1404,1404,22,1,6.2,0.995674192905426,0.5773092075152942,21.46209651234428,0.0,0.0,3,0.5482304688522656,JITTER,38.38081238785006,38.25357773274027,0.9563394433185067,0,0.0,80.0,1,1,1,22,0.995674192905426,1,22,1,0.030395669862627983,0.9440101981163025,0.006549902725964785,0.01904415152966976,1,1,0,1,0.1,0.3482304688522656,0.0,0.1
1405,1405,22,0,0.0,0.9951115250587463,0.34337649039656,15.028130459254317,3.2,0.5982850217293639,3,0.422808982461372,JITTER,24.496424249882747,24.06859913082544,0.601714978270636,0,0.0,80.0,1,1,1,22,0.9951115250587463,1,22,1,0.5243266820907593,0.22236435115337372,0.0712355375289917,0.18207336962223053,1,1,0,1,0.222808982461372,0.1,0.0,0.1
1406,1406,22,0,0.0,0.999599039554596,0.3049668480356515,15.023327255680346,0.20000000000000018,0.0,3,0.3984604692328458,JITTER,89.35054243560607,89.27915766817968,2.231978941704492,0,0.0,80.0,1,1,1,22,0.999599039554596,1,22,1,0.22824804484844208,0.40242984890937805,0.008745682425796986,0.36057642102241516,1,1,0,1,0.1,0.16290134069095327,0.0,0.1355591285418925
1407,1407,22,1,6.2,0.9773266911506653,0.33033137340689095,14.775938390141462,0.0,0.0,3,0.4146998115228134,JITTER,22.829230563811457,22.574148477325373,0.5643537119331343,0,0.0,80.0,1,1,1,22,0.9773266911506653,1,22,1,0.12730392813682556,0.36130496859550476,0.05272231623530388,0.45866885781288147,1,1,0,1,0.1,0.12679211610071994,0.0,0.18790769542209343
1408,1408,22,0,0.0,0.9999881982803345,0.3745668167161702,14.98506272779601,3.2,0.008061046395106075,3,0.44159441952988787,JITTER,48.2534401286711,47.67755814419575,1.1919389536048939,0,0.0,80.0,1,1,1,22,0.9999881982803345,1,22,1,0.17453578114509583,0.5794907212257385,0.11473686993122101,0.13123662769794464,1,1,0,1,0.1,0.2415944195298879,0.0,0.1
1409,1409,22,0,0.0,0.9997252821922302,0.5308723930040838,20.003619945335043,0.20000000000000018,0.0,3,0.5257193921886869,JITTER,63.46041756809653,62.28854155309497,1.5572135388273745,0,0.0,80.0,1,1,1,22,0.9997252821922302,1,22,1,0.06932298839092255,0.016763975843787193,0.05412854626774788,0.8597844243049622,1,0,1,1,0.1,0.0,0.1,0.32571939218868684
1410,1410,22,1,6.2,0.9987578392028809,0.28427630856306824,13.56789723279034,0.0,0.0,3,0.384706266083116,JITTER,48.78090149613679,48.11831502974929,1.2029578757437323,0,0.0,80.0,1,1,1,22,0.9987578392028809,1,22,1,0.175749734044075,0.30916211009025574,0.1079089418053627,0.4071792662143707,1,1,0,1,0.1,0.10919189782009703,0.0,0.17551436826301894
1411,1411,22,0,0.0,0.9971047043800354,0.2320639275975687,12.03274727027017,3.2,0.5770062454543397,3,0.34758637608041887,JITTER,25.40543116185992,24.919750181826412,0.6229937545456603,0,0.0,80.0,1,1,1,22,0.9971047043800354,1,22,1,0.18404367566108704,0.28199559450149536,0.21829967200756073,0.3156610429286957,0,1,1,1,0.0,0.1111871236907502,0.1,0.13639925238966866
1412,1412,22,0,0.0,0.9996554851531982,0.5986824172284321,22.15376166732936,0.20000000000000018,0.0,3,0.5582865668143522,JITTER,118.07574679083521,116.33041101572977,2.9082602753932445,0,0.0,80.0,1,1,1,22,0.9996554851531982,1,22,1,0.004982346668839455,0.9828934669494629,0.002534729428589344,0.009589443914592266,1,1,0,1,0.1,0.3582865668143522,0.0,0.1
1413,1413,22,1,6.2,0.9999905824661255,0.46986394990168084,17.807024261558176,0.0,0.0,3,0.49458961039026883,JITTER,66.5212471563573,66.228562397352,1.6557140599337998,0,0.0,80.0,1,1,1,22,0.9999905824661255,1,22,1,0.07837998867034912,0.7497263550758362,0.06115976721048355,0.11073385924100876,1,1,0,1,0.1,0.2945896103902689,0.0,0.1
1414,1414,22,0,0.0,0.9999305009841919,0.36713293715427514,15.669108278474116,3.2,0.0,3,0.4371903837818507,JITTER,101.25163402479647,99.76049291365668,2.4940123228414173,0,0.0,80.0,1,1,1,22,0.9999305009841919,1,22,1,0.09949421882629395,0.5663148164749146,0.05507975444197655,0.27911117672920227,1,1,0,1,0.1,0.23719038378185073,0.0,0.1
1415,1415,22,0,0.0,0.9988263249397278,0.28017037658908767,14.068208550773637,0.20000000000000018,0.0,3,0.38191791735962893,JITTER,42.19540395609491,41.814619723932225,1.0453654930983056,0,0.0,80.0,1,1,1,22,0.9988263249397278,1,22,1,0.05988358333706856,0.3447595238685608,0.2330581098794937,0.3622988164424896,0,1,1,1,0.0,0.1349817295975081,0.1,0.14693618776212083
1416,1416,22,1,6.2,0.9999902248382568,0.4929965243504102,19.12932974929541,0.0,0.0,3,0.5066182789493515,JITTER,66.27989378167851,65.18440571223351,1.6296101428058378,0,0.0,80.0,1,1,1,22,0.9999902248382568,1,22,1,0.12769919633865356,0.7913705706596375,0.0075122276321053505,0.07341799885034561,1,1,0,1,0.1,0.30661827894935156,0.0,0.1
1417,1417,22,0,0.0,0.9999785423278809,0.4885943992963483,18.747918289888165,3.2,0.0,3,0.504351327969242,JITTER,88.38446843340765,87.24754800441947,2.181188700110487,0,0.0,80.0,1,1,1,22,0.9999785423278809,1,22,1,0.11376989632844925,0.783437192440033,0.026907505467534065,0.0758853405714035,1,1,0,1,0.1,0.304351327969242,0.0,0.1
1418,1418,22,0,0.0,0.998006284236908,0.4848236394617481,18.474742945561776,0.20000000000000018,0.0,3,0.5024013759703689,JITTER,84.98274225632784,84.52303647544365,2.1130759118860913,0,0.0,80.0,1,1,1,22,0.998006284236908,1,22,1,0.03969799727201462,0.10933125764131546,0.776644766330719,0.07432599365711212,0,1,1,1,0.0,0.1,0.302401375970369,0.1
1419,1419,22,1,6.2,0.999942421913147,0.4915909901465693,18.79646575065574,0.0,0.0,3,0.5058955785480904,JITTER,57.1711259829534,57.11891469748597,1.4279728674371492,0,0.0,80.0,1,1,1,22,0.999942421913147,1,22,1,0.028933105990290642,0.7888371348381042,0.06948693841695786,0.11274279654026031,0,1,1,1,0.0,0.30589557854809046,0.1,0.1
1420,1420,22,0,0.0,0.9999945163726807,0.5083161551469397,19.503502347168396,3.2,0.0,3,0.514429520683642,JITTER,98.69411358121238,97.83942608064373,2.4459856520160934,0,0.0,80.0,1,1,1,22,0.9999945163726807,1,22,1,0.09203355759382248,0.07977772504091263,0.009179575368762016,0.8190090656280518,1,1,0,1,0.1,0.1,0.0,0.31442952068364194
1421,1421,22,0,0.0,0.9999879598617554,0.41744597980923176,17.00346682863504,0.20000000000000018,0.0,3,0.466185829156068,JITTER,63.82383570875735,63.510644149892585,1.5877661037473147,0,0.0,80.0,1,1,1,22,0.9999879598617554,1,22,1,0.6558020114898682,0.24987024068832397,0.03198603168129921,0.06234167516231537,1,1,0,1,0.26618582915606803,0.1,0.0,0.1
1422,1422,23,1,6.2,0.7298442721366882,0.5254066835007679,19.951060644396815,0.0,0.0,3,0.5230060623591818,JITTER,40.942728145942894,40.46138747673153,1.0115346869182884,0,0.0,80.0,1,1,0,23,0.7298442721366882,1,23,1,0.01208006776869297,0.8498953580856323,0.009836104698479176,0.12818849086761475,1,1,0,1,0.1,0.32300606235918183,0.0,0.1
1423,1423,23,0,0.0,0.9999070167541504,0.2876989651520313,13.872677517405593,3.2,0.12000614860818093,3,0.38701524821257044,JITTER,43.25530152036758,43.19975405567276,1.079993851391819,0,0.0,80.0,1,1,1,23,0.9999070167541504,1,23,1,0.1973765343427658,0.37005940079689026,0.3540143072605133,0.07854975014925003,1,1,1,0,0.1,0.14890362531738915,0.13811162289518128,0.0
1424,1424,23,1,6.2,0.7703364491462708,0.4184669491717161,16.099801990819376,0.20000000000000018,0.0,3,0.4667555684830904,JITTER,96.75074159808983,96.02226765873324,2.4005566914683314,0,0.0,80.0,1,1,0,36,0.7703364491462708,0,23,1,0.3162882924079895,0.6576250791549683,0.009319222532212734,0.01676730066537857,1,1,0,1,0.1,0.26675556848309045,0.0,0.1
1425,1425,23,0,0.0,0.9963834285736084,0.5954699388149512,22.055599838810586,3.4000000000000004,0.0,3,0.5567866931842712,JITTER,58.02355838993044,57.523025960086926,1.4380756490021733,0,0.0,80.0,1,1,1,23,0.9963834285736084,1,23,1,0.9770447015762329,0.009086362086236477,0.0026107553858309984,0.011258270591497421,1,1,0,1,0.35678669318427125,0.1,0.0,0.1
1426,1426,23,0,0.0,0.9697503447532654,0.34801815670545394,15.040737820840459,0.40000000000000036,0.0,3,0.42565709591099565,JITTER,101.50448234080937,100.85315468004531,2.5213288670011327,0,0.0,80.0,1,1,1,23,0.9697503447532654,1,23,1,0.10751701146364212,0.5325158834457397,0.07469180226325989,0.28527534008026123,1,1,0,1,0.1,0.22565709591099561,0.0,0.1
1427,1427,23,1,6.2,0.9523316025733948,0.5124583050190366,19.70215186326206,0.0,0.0,3,0.5165212512048147,JITTER,95.80362112578361,94.00338516664904,2.350084629166226,0,0.0,80.0,1,1,1,33,0.9523316025733948,0,23,1,0.002756744157522917,0.006589947734028101,0.8264898061752319,0.1641635000705719,0,1,1,1,0.0,0.1,0.3165212512048148,0.1
1428,1428,23,0,0.0,0.9432408809661865,0.47862011383383035,17.55825754484315,3.2,0.0,3,0.4991768076906517,JITTER,86.08681959247994,85.34357856534447,2.1335894641336117,0,0.0,80.0,1,1,1,23,0.9432408809661865,1,23,1,0.07496318966150284,0.1111847460269928,0.04837559536099434,0.7654764652252197,1,1,0,1,0.1,0.1,0.0,0.2991768076906517
1429,1429,23,0,0.0,0.9988678693771362,0.37301488203232797,16.409207701654772,0.20000000000000018,0.0,3,0.4406786456098676,JITTER,94.77897231466648,93.91099147205396,2.347774786801349,0,0.0,80.0,1,1,1,23,0.9988678693771362,1,23,1,0.5767386555671692,0.009652511216700077,0.10049708187580109,0.3131117522716522,1,0,1,1,0.24067864560986754,0.0,0.1,0.1
1430,1430,23,1,6.2,0.9978240728378296,0.5199070402804402,19.74974911990142,0.0,0.0,3,0.5202616041528989,JITTER,61.44272711081408,60.79723050930806,1.5199307627327014,0,0.0,80.0,1,1,1,23,0.9978240728378296,1,23,1,0.8399503827095032,0.02557981200516224,0.013656903989613056,0.12081288546323776,1,1,0,1,0.32026160415289895,0.1,0.0,0.1
1431,1431,23,0,0.0,0.9863424897193909,0.25323614454882176,12.400214460721593,3.2,0.0,3,0.3630962577802276,JITTER,51.77223348092938,51.66428815017567,1.291607203754392,0,0.0,80.0,1,1,1,23,0.9863424897193909,1,23,1,0.31572601199150085,0.3302333354949951,0.16493047773838043,0.18911010026931763,1,1,0,1,0.12634788892840648,0.13674836885182115,0.0,0.1
1432,1432,23,0,0.0,0.9998805522918701,0.4972979767196327,18.902750590108987,0.20000000000000018,0.0,3,0.5088236307947176,JITTER,61.48520055261652,61.332893249095385,1.5333223312273847,0,0.0,80.0,1,1,1,23,0.9998805522918701,1,23,1,0.08361750841140747,0.08554387092590332,0.03171234950423241,0.7991262674331665,1,1,0,1,0.1,0.1,0.0,0.30882363079471753
1433,1433,23,1,6.2,0.7945888638496399,0.29586311128279785,13.8130599231893,0.0,0.0,3,0.39246807615009716,JITTER,61.044147355544666,60.36419647264415,1.509104911816104,0,0.0,80.0,1,1,0,23,0.7945888638496399,1,23,1,0.36241358518600464,0.3800831735134125,0.0883718803524971,0.1691313236951828,1,1,0,1,0.1403742763535261,0.1520937997965711,0.0,0.1
1434,1434,23,0,0.0,0.9905043244361877,0.4956408306925891,19.246164536794023,3.2,0.0,3,0.5079751468723217,JITTER,113.07111812056468,112.98920413112016,2.824730103278004,0,0.0,80.0,1,1,1,23,0.9905043244361877,1,23,1,0.03122139535844326,0.16872254014015198,0.7961379289627075,0.003918120637536049,1,1,1,0,0.1,0.1,0.30797514687232175,0.0
1435,1435,23,0,0.0,0.9995373487472534,0.332620890812941,15.456240328841051,0.20000000000000018,0.0,3,0.416134466259689,JITTER,82.14584065019442,81.39381981614353,2.0348454954035886,0,0.0,80.0,1,1,1,23,0.9995373487472534,1,23,1,0.37558120489120483,0.44952279329299927,0.0018342400435358286,0.17306175827980042,1,1,0,1,0.1349405713101585,0.1811938949495305,0.0,0.1
1436,1436,23,1,6.2,0.9988600015640259,0.37196280721967717,15.322864352621636,0.0,0.0,3,0.440056747800455,JITTER,22.026112820413918,21.916181294866824,0.5479045323716706,0,0.0,80.0,1,1,1,23,0.9988600015640259,1,23,1,0.46708405017852783,0.4458937644958496,0.042374592274427414,0.044647540897130966,1,1,0,1,0.17629575334078454,0.1637609944596705,0.0,0.1
1437,1437,23,0,0.0,0.6651095151901245,0.3417782424008464,13.505270062473315,3.2,0.40723915602361216,3,0.4218238512892267,JITTER,31.848525235480157,31.71043375905551,0.7927608439763878,0,0.0,80.0,1,1,0,33,0.6651095151901245,0,33,0,0.1607016623020172,0.24033476412296295,0.07745497673749924,0.5215086340904236,1,1,0,1,0.1,0.1,0.0,0.2218238512892267
1438,1438,23,1,6.2,0.8684579133987427,0.3085871627274884,13.907062020484776,0.20000000000000018,0.0,3,0.4008185883645814,JITTER,47.45702434609181,47.07612825552234,1.1769032063880587,0,0.0,80.0,1,1,1,32,0.8684579133987427,0,23,1,0.3455275297164917,0.2220471203327179,0.006800033617764711,0.4256252646446228,1,1,0,1,0.12439989965552828,0.1,0.0,0.1764186887090531
1439,1439,23,0,0.0,0.9991288781166077,0.599720596258017,22.17405314078222,3.4000000000000004,0.0,3,0.5587704213042227,JITTER,72.90393934888903,72.90249585974573,1.8225623964936433,0,0.0,80.0,1,1,1,23,0.9991288781166077,1,23,1,0.984783947467804,0.003015721682459116,0.009459040127694607,0.0027412790805101395,1,1,1,0,0.35877042130422276,0.1,0.1,0.0
1440,1440,23,0,0.0,0.9998040795326233,0.3646457611552385,16.102371642743666,0.40000000000000036,0.0,3,0.43570697381622203,JITTER,36.18693606287408,36.11921844660088,0.9029804611650221,0,0.0,80.0,1,1,1,23,0.9998040795326233,1,23,1,0.2723270654678345,0.5619103312492371,0.020683255046606064,0.14507931470870972,1,1,0,1,0.1,0.23570697381622205,0.0,0.1
1441,1441,23,1,6.2,0.9900081157684326,0.44363810783368235,17.309498176875376,0.0,0.0,3,0.4805884715261155,JITTER,74.96733992627438,74.47394257286304,1.861848564321576,0,0.0,80.0,1,1,1,23,0.9900081157684326,1,23,1,0.13003771007061005,0.7026533484458923,0.11519556492567062,0.0521133691072464,1,1,1,0,0.1,0.28058847152611555,0.1,0.0
1442,1442,23,0,0.0,0.8022252321243286,0.2623914246417624,9.446972988993528,3.2,0.0,3,0.3696015171329432,JITTER,74.83977360347181,74.50774948917726,1.8626937372294314,0,0.0,80.0,1,1,1,23,0.8022252321243286,1,23,1,0.18847893178462982,0.30438652634620667,0.14475210011005402,0.3623824417591095,1,1,0,1,0.1,0.11437766513517139,0.0,0.1552238519977718
1443,1443,23,0,0.0,0.9961563944816589,0.32927561496710767,14.52295909164052,0.20000000000000018,0.0,3,0.414036578708319,JITTER,22.422935408758487,22.00077122429597,0.5500192806073992,0,0.0,80.0,1,1,1,23,0.9961563944816589,1,23,1,0.40650510787963867,0.41110241413116455,0.05975605919957161,0.12263644486665726,1,1,0,1,0.15557310721408038,0.1584634714942386,0.0,0.1
1444,1444,23,1,6.2,0.9912422895431519,0.33702029830216496,15.159486991367766,0.0,0.0,3,0.4188774256768343,JITTER,30.830812118899402,30.75258895441847,0.7688147238604618,0,0.0,80.0,1,1,1,23,0.9912422895431519,1,23,1,0.5131246447563171,0.05412958934903145,0.1580476611852646,0.2746981382369995,1,0,1,1,0.2188774256768343,0.0,0.1,0.1
1445,1445,23,0,0.0,0.8561121225357056,0.384136458807398,15.905674489225808,3.2,0.35063584699058725,3,0.44719989274241156,JITTER,34.65468265101405,33.97456612037651,0.8493641530094127,0,0.0,80.0,1,1,1,23,0.8561121225357056,1,23,1,0.3912201225757599,0.5488491058349609,0.031318727880716324,0.028612012043595314,1,1,1,0,0.12772323850451386,0.21947665423789767,0.1,0.0
1446,1446,23,0,0.0,0.9993040561676025,0.472301772703397,18.631068917283685,0.20000000000000018,0.0,3,0.49587100465829537,JITTER,81.76602401699961,80.76800436003259,2.0192001090008147,0,0.0,80.0,1,1,1,23,0.9993040561676025,1,23,1,0.0033088293857872486,0.7541097402572632,0.11376755684614182,0.12881381809711456,0,1,1,1,0.0,0.2958710046582954,0.1,0.1
1447,1447,23,1,6.2,0.9980702996253967,0.5786517131973228,21.59059605135502,0.0,0.0,3,0.5488675409115826,JITTER,118.66982015185296,118.45991989496747,2.961497997374187,0,0.0,80.0,1,1,1,23,0.9980702996253967,1,23,1,0.9464504718780518,0.048546191304922104,0.00012422345753293484,0.00487907137721777,1,1,0,1,0.3488675409115827,0.1,0.0,0.1
1448,1448,23,0,0.0,0.9998679161071777,0.6002670965405331,22.219872281702564,3.2,0.0,3,0.5590249553817368,JITTER,117.45008925422891,116.97086200879275,2.924271550219819,0,0.0,80.0,1,1,1,23,0.9998679161071777,1,23,1,0.9857791662216187,0.0012162188068032265,0.004582987166941166,0.008421649225056171,1,0,1,1,0.35902495538173684,0.0,0.1,0.1
1449,1449,23,0,0.0,0.9929176568984985,0.47717404957552545,18.79081287562704,0.20000000000000018,0.0,3,0.4984221509460517,JITTER,82.30715035620355,81.61563273277261,2.0403908183193153,0,0.0,80.0,1,1,1,23,0.9929176568984985,1,23,1,0.7628742456436157,0.0021048057824373245,0.0021626907400786877,0.23285821080207825,1,0,1,1,0.29842215094605173,0.0,0.1,0.1
1450,1450,23,1,6.2,0.9754130840301514,0.3328600183172049,15.493685526663754,0.0,0.0,3,0.416284022888217,JITTER,58.39518134771782,57.30757888680961,1.4326894721702403,0,0.0,80.0,1,1,1,23,0.9754130840301514,1,23,1,0.02513602189719677,0.5058003664016724,0.2905321419239044,0.1785314828157425,0,1,1,1,0.0,0.216284022888217,0.1,0.1
1451,1451,23,0,0.0,0.9986300468444824,0.39799000806932683,16.694975708047938,3.2,0.3443408861911753,3,0.45519240893161034,JITTER,34.922772844025644,34.22636455235298,0.8556591138088246,0,0.0,80.0,1,1,1,23,0.9986300468444824,1,23,1,0.24308687448501587,0.02455412596464157,0.11124575883150101,0.6211133003234863,1,0,1,1,0.1,0.0,0.1,0.2551924089316103
1452,1452,23,0,0.0,0.7050511240959167,0.5835702156952604,21.72725915696831,0.20000000000000018,0.0,3,0.5511952744522945,JITTER,57.912506109154855,57.16106249745661,1.4290265624364153,0,0.0,80.0,1,1,0,36,0.7050511240959167,0,36,0,0.000902789062820375,0.0430133193731308,0.0006906471680849791,0.9553932547569275,1,1,0,1,0.1,0.1,0.0,0.3511952744522946
1453,1453,23,1,6.2,0.9972088932991028,0.5946559619524858,22.064944020358666,0.0,0.0,3,0.556406013622476,JITTER,116.79067314833601,116.65612783937978,2.9164031959844947,0,0.0,80.0,1,1,1,23,0.9972088932991028,1,23,1,0.9755629897117615,0.02319600246846676,0.00021262290829326957,0.00102848035749048,1,1,0,1,0.35640601362247604,0.1,0.0,0.1
1454,1454,23,0,0.0,0.999797523021698,0.4620914963477791,17.263868052393526,3.2,0.0,3,0.49048182009244845,JITTER,112.28643629251906,111.0112859535639,2.7752821488390977,0,0.0,80.0,1,1,1,36,0.999797523021698,0,36,0,0.12352321296930313,0.05796977877616882,0.7357594966888428,0.08274749666452408,1,0,1,1,0.1,0.0,0.2904818200924485,0.1
1455,1455,23,0,0.0,0.9318890571594238,0.5633363487302546,19.982434814888222,0.20000000000000018,0.0,3,0.5415553041031512,JITTER,90.43968789774523,90.16984447714601,2.2542461119286505,0,0.0,80.0,1,1,1,23,0.9318890571594238,1,23,1,0.9186288118362427,0.03238881751894951,0.036655623465776443,0.012326691299676895,1,1,1,0,0.34155530410315127,0.1,0.1,0.0
1456,1456,23,1,6.2,0.9995906949043274,0.351727455016672,15.860827855276899,0.0,0.0,3,0.42791948409619596,JITTER,73.33874308310322,72.3508500973596,1.80877125243399,0,0.0,80.0,1,1,1,23,0.9995906949043274,1,23,1,0.3038196563720703,0.021524474024772644,0.1355905532836914,0.5390653610229492,1,0,1,1,0.1,0.0,0.1,0.22791948409619592
1457,1457,23,0,0.0,0.9957404136657715,0.3018721318922434,14.94660947023381,3.2,0.0,3,0.39643358275155993,JITTER,65.62473073876818,65.42131352713398,1.6355328381783494,0,0.0,80.0,1,1,1,23,0.9957404136657715,1,23,1,0.21984758973121643,0.4386672079563141,0.3173709809780121,0.024114184081554413,1,1,1,0,0.1,0.18803985945251409,0.10839372329904584,0.0
1458,1458,23,0,0.0,0.9932689070701599,0.4120413364998336,16.447858583664114,0.20000000000000018,0.0,3,0.463158160145953,JITTER,44.41190750855766,43.653003236366025,1.0913250809091506,0,0.0,80.0,1,1,1,23,0.9932689070701599,1,23,1,0.646155834197998,0.21947568655014038,0.06223500892519951,0.07213352620601654,1,1,0,1,0.26315816014595306,0.1,0.0,0.1
1459,1459,23,1,6.2,0.5517488718032837,0.40156768142651594,16.379356810945588,0.0,0.0,3,0.4572337745702124,JITTER,23.447099283276277,23.11468409264925,0.5778671023162313,0,0.0,80.0,1,1,0,23,0.5517488718032837,1,23,1,0.013034608215093613,0.4247254729270935,0.5540608167648315,0.008179091848433018,1,1,1,0,0.1,0.14180087208799755,0.2154329024822149,0.0
1460,1460,23,0,0.0,0.9998551607131958,0.5794908597926091,21.531161907312164,3.2,0.0,3,0.5492653738896038,JITTER,119.93900365145268,119.92105358950522,2.9980263397376308,0,0.0,80.0,1,1,1,23,0.9998551607131958,1,23,1,0.9479759335517883,0.012594137340784073,0.005982629954814911,0.033447377383708954,1,1,0,1,0.3492653738896039,0.1,0.0,0.1
1461,1461,23,0,0.0,0.9934606552124023,0.4397710362064915,17.744175501190796,0.20000000000000018,0.0,3,0.4784893081529695,JITTER,36.10456828199399,35.61777450312373,0.8904443625780932,0,0.0,80.0,1,1,1,23,0.9934606552124023,1,23,1,0.26054850220680237,0.029441889375448227,0.6957256197929382,0.014284037984907627,1,1,1,0,0.1,0.1,0.27848930815296946,0.0
1462,1462,23,1,6.2,0.9941898584365845,0.37752048456372467,16.34017973214585,0.0,0.0,3,0.44333210949643675,JITTER,25.999083458534827,25.6924034782693,0.6423100869567325,0,0.0,80.0,1,1,1,23,0.9941898584365845,1,23,1,0.29231786727905273,0.5847305059432983,0.021055929362773895,0.10189566016197205,1,1,0,1,0.1,0.24333210949643672,0.0,0.1
1463,1463,23,0,0.0,0.8347280621528625,0.4177045910306213,15.682583828835977,3.2,0.0,3,0.4663302097779556,JITTER,88.40001035610561,87.36016749082182,2.1840041872705456,0,0.0,80.0,1,1,1,33,0.8347280621528625,0,23,1,0.6562637686729431,0.20689542591571808,0.05296541005373001,0.08387536555528641,1,1,0,1,0.26633020977795563,0.1,0.0,0.1
1464,1464,23,0,0.0,0.9997047781944275,0.4912948686899136,18.85764679419248,0.20000000000000018,0.0,3,0.5057431865135402,JITTER,56.51847030210672,55.730283727348606,1.3932570931837152,0,0.0,80.0,1,1,1,23,0.9997047781944275,1,23,1,0.14661824703216553,0.0413854718208313,0.023692840710282326,0.7883034348487854,1,1,0,1,0.1,0.1,0.0,0.30574318651354027
1465,1465,23,1,6.2,0.98372483253479,0.4727034727303549,18.532850107771175,0.0,0.0,3,0.49608183285289775,JITTER,79.42944280138205,79.09959270369656,1.977489817592414,0,0.0,80.0,1,1,1,23,0.98372483253479,1,23,1,0.7548321485519409,0.2126430869102478,0.018702836707234383,0.01382193062454462,1,1,1,0,0.2960818328528978,0.1,0.1,0.0
1466,1466,23,0,0.0,0.9995237588882446,0.32044063644627746,14.552983501341998,3.2,0.0,3,0.4084441867747134,JITTER,76.31355435851097,74.96752487142507,1.8741881217856269,0,0.0,80.0,1,1,1,23,0.9995237588882446,1,23,1,0.48397335410118103,0.29887884855270386,0.07892771065235138,0.13822008669376373,1,1,0,1,0.2084441867747134,0.1,0.0,0.1
1467,1467,23,0,0.0,0.9797502756118774,0.5511130425341346,20.56035582881542,0.20000000000000018,0.0,3,0.5356477327630438,JITTER,86.683328569045,85.86539940401488,2.146634985100372,0,0.0,80.0,1,1,1,23,0.9797502756118774,1,23,1,0.006463890429586172,0.02366797626018524,0.07341647893190384,0.8964516520500183,0,1,1,1,0.0,0.1,0.1,0.3356477327630438
1468,1468,23,1,6.2,0.992219090461731,0.5100752696606548,19.61422457858873,0.0,0.0,3,0.5153188873245482,JITTER,52.15841028694511,52.0688165239484,1.3017204130987101,0,0.0,80.0,1,1,1,23,0.992219090461731,1,23,1,0.8221856355667114,0.008482641540467739,0.16477888822555542,0.004552766680717468,1,1,1,0,0.31531888732454827,0.1,0.1,0.0
1469,1469,23,0,0.0,0.9998403787612915,0.5559169322132761,20.60951273927828,3.2,0.08868086479992332,3,0.5379772090081135,JITTER,44.46271327590287,44.45276540800307,1.1113191352000766,0,0.0,80.0,1,1,1,23,0.9998403787612915,1,23,1,0.9051645398139954,0.023427773267030716,0.023569902405142784,0.0478377565741539,1,0,1,1,0.33797720900811357,0.0,0.1,0.1
1470,1470,23,0,0.0,0.9842457175254822,0.5122698935835583,19.35889643858087,0.20000000000000018,0.0,3,0.5164262898624332,JITTER,118.66259175249644,118.13458533936586,2.9533646334841466,0,0.0,80.0,1,1,1,23,0.9842457175254822,1,23,1,0.09776245057582855,0.049758583307266235,0.8261494636535645,0.026329485699534416,1,1,1,0,0.1,0.1,0.31642628986243315,0.0
1471,1471,23,1,6.2,0.7501111030578613,0.4078101887399397,16.37558735421701,0.0,0.0,3,0.460773997045809,JITTER,101.48759426853726,101.14528700173548,2.5286321750433873,0,0.0,80.0,1,1,0,33,0.7501111030578613,0,33,0,0.0030873448122292757,0.4859030246734619,0.00428134435787797,0.5067282915115356,0,1,1,1,0.0,0.1745045183241055,0.1,0.18626947872170355
1472,1472,23,0,0.0,0.9989116191864014,0.36091003753252726,15.67774543791492,3.2,0.001111095607703838,3,0.43346936225242005,JITTER,48.3601149605574,47.95555617569185,1.1988889043922961,0,0.0,80.0,1,1,1,23,0.9989116191864014,1,23,1,0.09669093787670135,0.49715039134025574,0.0149674192070961,0.3911912739276886,1,1,0,1,0.1,0.1985501103697894,0.0,0.13491925188263065
1473,1473,23,0,0.0,0.9962630867958069,0.6076863214562556,22.452014925100904,0.20000000000000018,0.0,3,0.5624690844649969,JITTER,52.44056641416051,51.60324703779386,1.2900811759448465,0,0.0,80.0,1,1,1,23,0.9962630867958069,1,23,1,0.9992945194244385,0.0003477908903732896,0.00023780381889082491,0.00011989250924671069,1,1,1,0,0.3624690844649969,0.1,0.1,0.0
1474,1474,23,1,6.2,0.9046053290367126,0.5374710167111255,20.366933880481398,0.0,0.0,3,0.5289765884303542,JITTER,115.76934080154231,113.74269549395262,2.843567387348816,0,0.0,80.0,1,1,1,23,0.9046053290367126,1,23,1,0.871730387210846,0.003655624808743596,0.08241944015026093,0.04219462350010872,1,0,1,1,0.32897658843035427,0.0,0.1,0.1
1475,1475,23,0,0.0,0.9265539646148682,0.44147607387978105,17.914945304290885,3.2,0.32978632890391146,3,0.47941598701837107,JITTER,35.357786694775655,34.80854684384354,0.8702136710960885,0,0.0,80.0,1,1,1,23,0.9265539646148682,1,23,1,0.6987797021865845,0.0901743620634079,0.0037816432304680347,0.20726434886455536,1,1,0,1,0.2794159870183711,0.1,0.0,0.1
1476,1476,23,0,0.0,0.9995997548103333,0.34655659791983434,15.488638580390269,0.20000000000000018,0.0,3,0.42476234745049946,JITTER,34.794691330471146,34.1590750570729,0.8539768764268225,0,0.0,80.0,1,1,1,23,0.9995997548103333,1,23,1,0.5299364924430847,0.31853005290031433,0.04188515245914459,0.10964833945035934,1,1,0,1,0.22476234745049947,0.1,0.0,0.1
1477,1477,23,1,6.2,0.7094951272010803,0.33469363713400674,14.493721792643095,0.0,0.0,3,0.41742903559455025,JITTER,71.78785756685784,71.30489601410585,1.7826224003526463,0,0.0,80.0,1,1,0,23,0.7094951272010803,1,23,1,0.10178886353969574,0.06846438348293304,0.4082713723182678,0.42147544026374817,1,0,1,1,0.1,0.0,0.15459749797908842,0.1628315376154618
1478,1478,23,0,0.0,0.9992033839225769,0.36549177343607164,15.42498635147778,3.2,0.3076470639435265,3,0.4362121214597421,JITTER,35.70254973341928,35.694117442258936,0.8923529360564735,0,0.0,80.0,1,1,1,23,0.9992033839225769,1,23,1,0.5177240371704102,0.058066148310899734,0.04337508603930473,0.38083475828170776,1,1,0,1,0.20895018301185966,0.1,0.0,0.12726193844788244
1479,1479,23,0,0.0,0.9984028935432434,0.5275148687339465,19.880076191762008,0.20000000000000018,0.0,3,0.5240542883059052,JITTER,44.79469916608848,43.97583409075936,1.0993958522689842,0,0.0,80.0,1,1,1,23,0.9984028935432434,1,23,1,0.8537090420722961,0.019000928848981857,0.01929021254181862,0.10799982398748398,1,0,1,1,0.3240542883059052,0.0,0.1,0.1
1480,1480,23,1,6.2,0.8783005475997925,0.4383803392656746,16.98710872335484,0.0,0.0,3,0.4777321408155607,JITTER,99.72621922722276,97.79194202913617,2.4447985507284042,0,0.0,80.0,1,1,1,33,0.8783005475997925,0,23,1,0.06667766720056534,0.6932350993156433,0.15884219110012054,0.08124510943889618,0,1,1,1,0.0,0.27773214081556075,0.1,0.1
1481,1481,23,0,0.0,0.9957064986228943,0.41809006981559355,17.08321381929177,3.2,0.4570014261801927,3,0.4665453366315535,JITTER,30.076152112137304,29.719942952792287,0.7429985738198073,0,0.0,80.0,1,1,1,23,0.9957064986228943,1,23,1,0.6569520831108093,0.1575499176979065,0.15835006535053253,0.02714790403842926,1,1,1,0,0.26654533663155355,0.1,0.1,0.0
1482,1482,23,0,0.0,0.9998774528503418,0.5191069657642409,19.360686884819263,0.20000000000000018,0.0,3,0.5198611399532842,JITTER,45.71504740307766,45.21863528674779,1.1304658821686948,0,0.0,80.0,1,1,1,23,0.9998774528503418,1,23,1,0.8385040760040283,0.04273014888167381,0.07866522669792175,0.040100518614053726,1,1,1,0,0.31986113995328425,0.1,0.1,0.0
1483,1483,23,1,6.2,0.9774317741394043,0.2627453818650414,13.516512538827117,0.0,0.0,3,0.36985072313811956,JITTER,52.04548855634551,51.75042649531934,1.2937606623829836,0,0.0,80.0,1,1,1,23,0.9774317741394043,1,23,1,0.09602786600589752,0.23639953136444092,0.3726663887500763,0.29490622878074646,0,1,1,1,0.0,0.1,0.1622899256879877,0.10756079745013186
1484,1484,23,0,0.0,0.9996390342712402,0.5449799832974069,20.387848250892034,3.2,0.0,3,0.5326589174444506,JITTER,77.38453020245976,77.1008104057827,1.9275202601445676,0,0.0,80.0,1,1,1,23,0.9996390342712402,1,23,1,0.8853337168693542,0.03652237355709076,0.0628889724612236,0.015255014412105083,1,1,1,0,0.33265891744445064,0.1,0.1,0.0
1485,1485,23,0,0.0,0.9710279107093811,0.3649916111826404,15.314923286224463,0.20000000000000018,0.0,3,0.43591354903431867,JITTER,66.91334369721169,66.04238320174663,1.6510595800436658,0,0.0,80.0,1,1,1,32,0.9710279107093811,0,23,1,0.040400873869657516,0.062155336141586304,0.4100877046585083,0.4873560667037964,0,1,1,1,0.0,0.1,0.14488615803223984,0.1910273910020788
1486,1486,23,1,6.2,0.9956474900245667,0.33561809716244,14.725137081728196,0.0,0.0,3,0.4180051301341047,JITTER,32.81820731828041,32.20739860406356,0.8051849651015891,0,0.0,80.0,1,1,1,23,0.9956474900245667,1,23,1,0.5106553435325623,0.2723270654678345,0.08380431681871414,0.13321328163146973,1,1,0,1,0.2180051301341047,0.1,0.0,0.1
1487,1487,23,0,0.0,0.9885022640228271,0.3193719093327439,14.931260393108627,3.2,0.0,3,0.40776250052833696,JITTER,70.57246994541248,69.41574768210782,1.7353936920526956,0,0.0,80.0,1,1,1,23,0.9885022640228271,1,23,1,0.15680493414402008,0.3149111568927765,0.04780519753694534,0.4804787039756775,1,1,0,1,0.1,0.10103358659055472,0.0,0.20672891393778223
1488,1488,23,0,0.0,0.9983718991279602,0.4836728781906477,18.235864606903043,0.20000000000000018,0.0,3,0.501804780144021,JITTER,85.39054306210633,84.17799574319434,2.104449893579859,0,0.0,80.0,1,1,1,23,0.9983718991279602,1,23,1,0.7745724320411682,0.05467335507273674,0.11467258632183075,0.05608160421252251,1,0,1,1,0.301804780144021,0.0,0.1,0.1
1489,1489,23,1,6.2,0.9952250719070435,0.4019597066002426,17.04997884702977,0.0,0.0,3,0.4574569043595605,JITTER,91.6130940992838,90.00968191496848,2.2502420478742122,0,0.0,80.0,1,1,1,23,0.9952250719070435,1,23,1,0.07935380190610886,0.28745344281196594,0.005010010674595833,0.6281827688217163,1,1,0,1,0.1,0.1,0.0,0.2574569043595605
1490,1490,23,0,0.0,0.8213170766830444,0.43463441598919555,17.454804016535356,3.2,0.0,3,0.47568667128743725,JITTER,81.3605435046924,80.9078255311648,2.0226956382791204,0,0.0,80.0,1,1,1,36,0.8213170766830444,0,23,1,0.025757092982530594,0.6865290403366089,0.23627912998199463,0.0514347180724144,0,1,1,1,0.0,0.2756866712874373,0.1,0.1
1491,1491,23,0,0.0,0.9981949925422668,0.49424777572989315,19.03137531428003,0.20000000000000018,0.0,3,0.5072607835882675,JITTER,29.950964286545716,29.587808473508765,0.7396952118377191,0,0.0,80.0,1,1,1,23,0.9981949925422668,1,23,1,0.7936262488365173,0.08569866418838501,0.01675545424222946,0.1039196103811264,1,1,0,1,0.3072607835882676,0.1,0.0,0.1
1492,1492,23,1,6.2,0.9950820207595825,0.412828673644134,17.308608585625038,0.0,0.0,3,0.46360045507654013,JITTER,26.635280377058105,26.50674200228013,0.6626685500570033,0,0.0,80.0,1,1,1,23,0.9950820207595825,1,23,1,0.30371126532554626,0.6475605964660645,0.045900724828243256,0.002827436663210392,1,1,1,0,0.1,0.2636004550765402,0.1,0.0
1493,1493,23,0,0.0,0.9486508369445801,0.3441446575562744,13.427042799378146,3.2,0.5553869853948623,3,0.42328165100658455,JITTER,26.070718460191173,25.784520584205506,0.6446130146051376,0,0.0,80.0,1,1,1,23,0.9486508369445801,1,23,1,0.07144887745380402,0.5256814360618591,0.3120058476924896,0.09086388349533081,0,1,1,1,0.0,0.22328165100658456,0.1,0.1
1494,1494,23,0,0.0,0.9793331027030945,0.5431518515146706,20.509578482201594,0.20000000000000018,0.0,3,0.531764766534669,JITTER,36.033812494286806,35.593906436414684,0.8898476609103672,0,0.0,80.0,1,1,1,23,0.9793331027030945,1,23,1,0.021914441138505936,0.09366624802350998,0.00239836354739964,0.8820209503173828,1,1,0,1,0.1,0.1,0.0,0.331764766534669
1495,1495,23,1,6.2,0.5192698836326599,0.36365570153224674,15.541006867282325,0.0,0.0,3,0.43511507184381826,JITTER,99.08651308632676,97.45776719044355,2.436444179761089,0,0.0,80.0,1,1,0,23,0.5192698836326599,1,23,1,0.2699659764766693,0.5601575970649719,0.10990333557128906,0.059973105788230896,1,1,1,0,0.1,0.23511507184381822,0.1,0.0
1496,1496,23,0,0.0,0.9916408061981201,0.5660891833932558,21.130151010515537,3.2,0.0,3,0.5428768905574833,JITTER,50.954350813762744,50.394918376968334,1.2598729594242084,0,0.0,80.0,1,1,1,23,0.9916408061981201,1,23,1,0.0554262213408947,0.9236267805099487,0.014180831611156464,0.0067662438377738,1,1,1,0,0.1,0.3428768905574834,0.1,0.0
1497,1497,23,0,0.0,0.9591360688209534,0.3772618636317822,16.071066842797798,0.20000000000000018,0.0,3,0.4431802308423357,JITTER,76.3010760086359,75.5794399920548,1.8894859998013702,0,0.0,80.0,1,1,1,23,0.9591360688209534,1,23,1,0.5842716097831726,0.3243218958377838,0.051673807203769684,0.039732713252305984,1,1,1,0,0.24318023084233567,0.1,0.1,0.0
1498,1498,23,1,6.2,0.9896687865257263,0.4131301815475382,17.191897589762238,0.0,0.0,3,0.46376971862054606,JITTER,85.51138914247649,85.15209230649454,2.1288023076623634,0,0.0,80.0,1,1,1,23,0.9896687865257263,1,23,1,0.6480985879898071,0.011710524559020996,0.31130602955818176,0.028884930536150932,1,0,1,1,0.2637697186205461,0.0,0.1,0.1
1499,1499,23,0,0.0,0.9660870432853699,0.27174904999478466,12.158749387353048,3.2,0.0,3,0.3761343041824168,JITTER,117.92432395867942,117.69300401260578,2.942325100315145,0,0.0,80.0,1,1,1,33,0.9660870432853699,0,33,0,0.356743723154068,0.3312501311302185,0.10055109113454819,0.2114550918340683,1,1,0,1,0.14688872340597936,0.12924558077643739,0.0,0.1
1500,1500,23,0,0.0,0.9998327493667603,0.48063756659041385,18.535858886811823,0.20000000000000018,0.0,3,0.500227752476172,JITTER,102.92211412031192,101.69920182096372,2.5424800455240932,0,0.0,80.0,1,1,1,23,0.9998327493667603,1,23,1,0.1221340224146843,0.027699289843440056,0.08105908334255219,0.7691076397895813,1,0,1,1,0.1,0.0,0.1,0.30022775247617206
1501,1501,23,1,6.2,0.9988237023353577,0.3184554026100081,15.08708607138303,0.0,0.0,3,0.4071769988562062,JITTER,44.485474719371595,43.82204059155677,1.0955510147889194,0,0.0,80.0,1,1,1,23,0.9988237023353577,1,23,1,0.41661468148231506,0.3767172396183014,0.19271062314510345,0.013957394286990166,1,1,1,0,0.1663417142480473,0.14083528460815886,0.1,0.0
1502,1502,23,0,0.0,0.9998782873153687,0.4030555378301732,16.224134976717824,3.2,0.4998131147659344,3,0.45808004438846417,JITTER,28.448089567707196,28.00747540936262,0.7001868852340656,0,0.0,80.0,1,1,1,23,0.9998782873153687,1,23,1,0.48285362124443054,0.009203164838254452,0.008709706366062164,0.4992334842681885,1,1,0,1,0.1743860181695054,0.1,0.0,0.18369402621895878
1503,1503,23,0,0.0,0.9806486964225769,0.4340507276941022,17.18336652688651,0.20000000000000018,0.0,3,0.4753671544562913,JITTER,78.99852222430135,78.82353999451762,1.9705884998629406,0,0.0,80.0,1,1,1,32,0.9806486964225769,0,33,0,0.023918772116303444,0.2655256688594818,0.6854844093322754,0.025071101263165474,0,1,1,1,0.0,0.1,0.27536715445629134,0.1
1504,1504,23,1,6.2,0.9952096343040466,0.4004647631968888,16.298330987701423,0.0,0.0,3,0.4566054393879688,JITTER,27.950556309237022,27.530830444902286,0.6882707611225571,0,0.0,80.0,1,1,1,33,0.9952096343040466,0,33,0,0.4413246214389801,0.016674334183335304,0.5350144505500793,0.006986609660089016,1,1,1,0,0.15159669614402685,0.1,0.205008743243942,0.0
1505,1505,23,0,0.0,0.9963834285736084,0.5954699388149512,22.055599838810586,3.2,0.0,3,0.5567866931842712,JITTER,49.29359065038372,48.41685302245676,1.2104213255614191,0,0.0,80.0,1,1,1,23,0.9963834285736084,1,23,1,0.9770447015762329,0.009086362086236477,0.0026107553858309984,0.011258270591497421,1,1,0,1,0.35678669318427125,0.1,0.0,0.1
1506,1506,23,0,0.0,0.6352627873420715,0.32626068986665774,13.964149489419771,0.20000000000000018,0.0,3,0.4121367115737079,JITTER,96.20730210301761,94.86388210703886,2.3715970526759715,0,0.0,80.0,1,1,0,27,0.6352627873420715,0,36,0,0.16034862399101257,0.028803644701838493,0.380347341299057,0.43050047755241394,1,0,1,1,0.1,0.0,0.14022983363834257,0.17190687793536533
1507,1507,23,1,6.2,0.9998759031295776,0.3466018608928695,14.772489739639447,0.0,0.0,3,0.42479008516934413,JITTER,47.86060526334509,47.18199498777498,1.1795498746943744,0,0.0,80.0,1,1,1,23,0.9998759031295776,1,23,1,0.5300163626670837,0.23544304072856903,0.09363875538110733,0.14090178906917572,1,1,0,1,0.2247900851693441,0.1,0.0,0.1
1508,1508,24,0,0.0,0.9997748732566833,0.3112615211951825,13.944553521767538,3.2,0.0,3,0.40255168075990333,JITTER,114.8147684514834,114.60452002782914,2.865113000695729,0,0.0,80.0,1,1,1,24,0.9997748732566833,1,24,1,0.24478720128536224,0.11296529322862625,0.1743687391281128,0.4678787887096405,1,0,1,1,0.1,0.0,0.1,0.2025516807599033
1509,1509,24,0,0.0,0.9996638298034668,0.46111094597573965,18.298568171480454,0.20000000000000018,0.0,3,0.4899611466502759,JITTER,52.6162642003566,52.369312641956135,1.3092328160489035,0,0.0,80.0,1,1,1,24,0.9996638298034668,1,24,1,0.2274806648492813,0.7339984178543091,0.03471585735678673,0.003805066691711545,1,1,1,0,0.1,0.28996114665027595,0.1,0.0
1510,1510,24,1,6.2,0.9999707937240601,0.32612507757032655,14.914166152178643,0.0,0.0,3,0.41205104907031254,JITTER,59.32501344006667,58.444235545542455,1.4611058886385615,0,0.0,80.0,1,1,1,24,0.9999707937240601,1,24,1,0.15682551264762878,0.032630786299705505,0.38385358452796936,0.42669010162353516,1,0,1,1,0.1,0.0,0.14249480195223868,0.16955624711807385
1511,1511,24,0,0.0,0.9975050091743469,0.46336869640647776,18.351350093109005,3.2,0.0,3,0.49115918717905954,JITTER,67.42425814253866,66.65463638820069,1.6663659097050172,0,0.0,80.0,1,1,1,24,0.9975050091743469,1,24,1,0.20385603606700897,0.04838921129703522,0.7380536794662476,0.009701046161353588,1,1,1,0,0.1,0.1,0.29115918717905953,0.0
1512,1512,24,0,0.0,0.7524206042289734,0.3773205489645884,14.837333661358002,0.20000000000000018,0.0,3,0.4432146991659247,JITTER,51.41548880783424,51.27019967322256,1.281754991830564,0,0.0,80.0,1,1,0,24,0.7524206042289734,1,24,1,0.1046251505613327,0.13229285180568695,0.5843757390975952,0.1787063032388687,0,1,1,1,0.0,0.1,0.24321469916592472,0.1
1513,1513,24,1,6.2,0.9960556030273438,0.5925403599791401,21.970331473268587,0.0,0.0,3,0.5554153714935013,JITTER,46.69336489377285,45.89053757381524,1.1472634393453809,0,0.0,80.0,1,1,1,24,0.9960556030273438,1,24,1,0.022574789822101593,0.003252931870520115,0.002459928160533309,0.9717123508453369,1,1,0,1,0.1,0.1,0.0,0.35541537149350133
1514,1514,24,0,0.0,0.9999914169311523,0.2765309166993742,13.128576083715636,3.2,0.0,3,0.3794292200909363,JITTER,80.24169621534105,79.6350871695904,1.9908771792397602,0,0.0,80.0,1,1,1,24,0.9999914169311523,1,24,1,0.12741291522979736,0.3727761507034302,0.17376376688480377,0.32604721188545227,0,1,1,1,0.0,0.15574385283593853,0.1,0.12368536725499779
1515,1515,24,0,0.0,0.9999563694000244,0.41374865539326167,16.01190994276642,0.20000000000000018,0.0,3,0.4641167305134716,JITTER,98.99059817355875,98.8629845776499,2.4715746144412476,0,0.0,80.0,1,1,1,24,0.9999563694000244,1,24,1,0.11503215879201889,0.6492022275924683,0.13800889253616333,0.09775673598051071,1,1,1,0,0.1,0.2641167305134716,0.1,0.0
1516,1516,24,1,6.2,0.999907374382019,0.28631002436168024,13.562786043709982,0.0,0.0,3,0.38607991009802567,JITTER,45.38910879223857,45.18022525037965,1.1295056312594913,0,0.0,80.0,1,1,1,24,0.999907374382019,1,24,1,0.2991807460784912,0.16410160064697266,0.11496185511350632,0.42175576090812683,1,1,0,1,0.10171783332868817,0.1,0.0,0.1843620767693375
1517,1517,24,0,0.0,0.9113457798957825,0.37328905172711263,15.946334349258034,3.2,0.0,3,0.44084056748299605,JITTER,118.53645621682222,116.86248774289102,2.9215621935722758,0,0.0,80.0,1,1,1,24,0.9113457798957825,1,24,1,0.5772247910499573,0.04355480149388313,0.10698600113391876,0.2722344398498535,1,0,1,1,0.240840567482996,0.0,0.1,0.1
1518,1518,24,0,0.0,0.9999954700469971,0.5734962727804382,21.3339859159138,0.20000000000000018,0.0,3,0.5464170299189082,JITTER,81.77859363885543,81.77044036983301,2.0442610092458255,0,0.0,80.0,1,1,1,24,0.9999954700469971,1,24,1,0.043845921754837036,0.937080979347229,0.007722510956227779,0.011350596323609352,1,1,0,1,0.1,0.3464170299189082,0.0,0.1
1519,1519,24,1,6.2,0.9999542236328125,0.3018464216920517,14.538092610728652,0.0,0.0,3,0.396416700431652,JITTER,38.431000208985736,37.94251045772439,0.9485627614431098,0,0.0,80.0,1,1,1,24,0.9999542236328125,1,24,1,0.30978238582611084,0.05774620175361633,0.18627353012561798,0.44619789719581604,1,0,1,1,0.10341952465866436,0.0,0.1,0.19299717577298767
1520,1520,24,0,0.0,0.9989069700241089,0.35676972878706675,15.458539067496613,3.2,0.0,3,0.43097584078098117,JITTER,57.97193264816657,56.90028624515329,1.4225071561288323,0,0.0,80.0,1,1,1,24,0.9989069700241089,1,24,1,0.05651518329977989,0.12086976319551468,0.27463921904563904,0.5479757785797119,0,1,1,1,0.0,0.1,0.1,0.23097584078098113
1521,1521,24,0,0.0,0.9999774694442749,0.29219070142577075,14.532959456833922,0.20000000000000018,0.0,3,0.39002470942463574,JITTER,96.4724219141758,95.60921741359097,2.3902304353397743,0,0.0,80.0,1,1,1,24,0.9999774694442749,1,24,1,0.051636889576911926,0.296028733253479,0.4345495104789734,0.2177848219871521,0,1,1,1,0.0,0.1,0.1900247094246357,0.1
1522,1522,24,1,6.2,0.9999257326126099,0.3663512914002942,15.45216282240439,0.0,0.0,3,0.43672473489044117,JITTER,94.95149775382704,93.09917572456986,2.327479393114247,0,0.0,80.0,1,1,1,24,0.9999257326126099,1,24,1,0.41022443771362305,0.03247036412358284,0.0670548677444458,0.4902503192424774,1,0,1,1,0.14451279825066612,0.0,0.1,0.192211936639775
1523,1523,24,0,0.0,0.9874891638755798,0.3073280000000001,11.121449509410395,3.2,0.0,4,0.4,JITTER,66.09808247014706,65.24868788760985,1.6312171971902463,0,0.0,80.0,1,1,1,24,0.9874891638755798,1,24,1,0.24701625108718872,0.21744459867477417,0.25561437010765076,0.27992475032806396,1,1,1,1,0.1,0.1,0.1,0.1
1524,1524,24,0,0.0,0.9998725652694702,0.5375031071910679,20.124779942828045,0.20000000000000018,0.0,3,0.5289923798485888,JITTER,111.86646150612951,111.31009441596512,2.782752360399128,0,0.0,80.0,1,1,1,24,0.9998725652694702,1,24,1,0.05207144841551781,0.871788501739502,0.055140990763902664,0.020999040454626083,1,1,1,0,0.1,0.32899237984858887,0.1,0.0
1525,1525,24,1,6.2,0.9999885559082031,0.31972371238462527,14.31894575201425,0.0,0.0,3,0.4079870234198134,JITTER,108.65579136662784,108.44381542046695,2.711095385511674,0,0.0,80.0,1,1,1,24,0.9999885559082031,1,24,1,0.4827151298522949,0.09505008161067963,0.14371904730796814,0.27851566672325134,1,0,1,1,0.20798702341981343,0.0,0.1,0.1
1526,1526,24,0,0.0,0.9970716238021851,0.5004848642800739,18.867130479495845,3.2,0.0,3,0.5104514014236472,JITTER,84.84481705876465,83.51642185771807,2.0879105464429517,0,0.0,80.0,1,1,1,24,0.9970716238021851,1,24,1,0.09475133568048477,0.040170032531023026,0.060203954577445984,0.8048747181892395,1,0,1,1,0.1,0.0,0.1,0.31045140142364724
1527,1527,24,0,0.0,0.9995859265327454,0.5584746339157056,20.834367624361985,0.20000000000000018,0.0,3,0.5392133704665459,JITTER,81.4606219252426,80.65329045860521,2.0163322614651302,0,0.0,80.0,1,1,1,24,0.9995859265327454,1,24,1,0.010869204066693783,0.9098050594329834,0.0275184977799654,0.05180715024471283,0,1,1,1,0.0,0.339213370466546,0.1,0.1
1528,1528,25,1,6.2,0.996353030204773,0.37001026893823635,16.210533729103833,0.0,0.0,3,0.43890023674472467,JITTER,81.73470999256861,81.48678620749891,2.0371696551874727,0,0.0,80.0,1,1,1,25,0.996353030204773,1,25,1,0.020149530842900276,0.1558765023946762,0.2525613009929657,0.5714126229286194,0,1,1,1,0.0,0.1,0.1,0.2389002367447247
1529,1529,25,0,0.0,0.9960569143295288,0.4241948874081735,16.87085265923113,3.2,0.1666813372787339,3,0.4699391655846116,JITTER,41.557071033021835,41.33274650885064,1.033318662721266,0,0.0,80.0,1,1,1,25,0.9960569143295288,1,25,1,0.08002113550901413,0.6678579449653625,0.19996534287929535,0.052155621349811554,1,1,1,0,0.1,0.2699391655846116,0.1,0.0
1530,1530,25,0,0.0,0.9988197684288025,0.3517054868015648,15.17646075728039,0.20000000000000018,0.0,3,0.42790612037674236,JITTER,79.77793406300381,79.07285496853171,1.976821374213293,0,0.0,80.0,1,1,1,25,0.9988197684288025,1,25,1,0.07084335386753082,0.19873812794685364,0.5390265583992004,0.1913919448852539,0,1,1,1,0.0,0.1,0.22790612037674232,0.1
1531,1531,25,1,6.2,0.9996310472488403,0.49906247872435244,19.378968271451956,0.0,0.0,3,0.5097255300197869,JITTER,44.44758424858395,43.66280940526531,1.0915702351316328,0,0.0,80.0,1,1,1,25,0.9996310472488403,1,25,1,0.000848317111376673,0.8023087978363037,0.0007619603420607746,0.19608086347579956,1,1,0,1,0.1,0.309725530019787,0.0,0.1
1532,1532,25,0,0.0,0.9125863909721375,0.5269132627479649,19.6021552932297,3.2,0.0,3,0.523755373378885,JITTER,57.39218402932234,56.8802093390632,1.42200523347658,0,0.0,80.0,1,1,1,33,0.9125863909721375,0,33,0,0.006237469147890806,0.04415813460946083,0.8526206612586975,0.09698376804590225,0,1,1,1,0.0,0.1,0.32375537337888505,0.1
1533,1533,25,0,0.0,0.9295913577079773,0.5068549504940175,18.057314912559022,0.20000000000000018,0.0,3,0.5136895994960103,JITTER,60.97010765489946,60.74824602349398,1.5187061505873496,0,0.0,80.0,1,1,1,25,0.9295913577079773,1,25,1,0.03553755581378937,0.06556617468595505,0.8163709044456482,0.0825253576040268,0,1,1,1,0.0,0.1,0.3136895994960104,0.1
1534,1534,25,1,6.2,0.9998948574066162,0.5610531163667917,20.984686084041122,0.0,0.0,3,0.5404567134992261,JITTER,93.16270154302333,92.3271098781782,2.3081777469544553,0,0.0,80.0,1,1,1,25,0.9998948574066162,1,25,1,0.0069833542220294476,0.9144843816757202,0.05495963990688324,0.023572713136672974,0,1,1,1,0.0,0.3404567134992261,0.1,0.1
1535,1535,25,0,0.0,0.9999749660491943,0.42352820841588246,17.513146116383215,3.2,0.6697809661266693,3,0.4695697342534822,JITTER,21.625710989271845,21.208761354933227,0.5302190338733307,0,0.0,80.0,1,1,1,25,0.9999749660491943,1,25,1,0.004422654863446951,0.3126768171787262,0.016234006732702255,0.6666665077209473,0,1,1,1,0.0,0.1,0.1,0.2695697342534822
1536,1536,25,0,0.0,0.9962713718414307,0.5019845595547898,19.016482943546414,0.20000000000000018,0.0,3,0.5112156092933057,JITTER,101.57636115954136,100.1064306341095,2.502660765852738,0,0.0,80.0,1,1,1,25,0.9962713718414307,1,25,1,0.03231201320886612,0.8075805306434631,0.07438371330499649,0.08572374284267426,0,1,1,1,0.0,0.3112156092933057,0.1,0.1
1537,1537,25,1,6.2,0.9999639987945557,0.41113452850756216,16.945307021325867,0.0,0.0,3,0.4626482272617538,JITTER,106.9091870518529,104.97026652593904,2.624256663148476,0,0.0,80.0,1,1,1,25,0.9999639987945557,1,25,1,9.99999993922529e-09,0.3907548785209656,9.99999993922529e-09,0.6092451214790344,0,1,1,1,0.0,0.11985753969370325,0.1,0.24279068756805058
1538,1538,25,0,0.0,0.9999736547470093,0.4517077730696026,18.064343693779573,3.2,0.0,3,0.4849396654300992,JITTER,53.748970638443865,53.09220263709343,1.3273050659273358,0,0.0,80.0,1,1,1,25,0.9999736547470093,1,25,1,0.011202252469956875,0.060515910387039185,0.21116062998771667,0.7171211242675781,0,1,1,1,0.0,0.1,0.1,0.2849396654300992
1539,1539,25,0,0.0,0.9999129772186279,0.30694191969529433,13.530362464947888,0.20000000000000018,0.0,3,0.39974867136471937,JITTER,80.88078092055942,80.44839280149526,2.0112098200373816,0,0.0,80.0,1,1,1,25,0.9999129772186279,1,25,1,0.13838763535022736,0.22439689934253693,0.17689913511276245,0.46031638979911804,0,1,1,1,0.0,0.1,0.1,0.19974867136471933
1540,1540,25,1,6.2,0.9999086856842041,0.5429010542913569,20.443295590539464,0.0,0.0,3,0.531641982707982,JITTER,42.195225144706725,42.09909829945264,1.052477457486316,0,0.0,80.0,1,1,1,25,0.9999086856842041,1,25,1,0.009019864723086357,0.02177444100379944,0.8815665245056152,0.08763919025659561,0,1,1,1,0.0,0.1,0.33164198270798206,0.1
1541,1541,25,0,0.0,0.9796774983406067,0.563083887120605,20.97039803579914,3.2,0.0,3,0.5414339403338335,JITTER,85.93141959164528,84.58931004193828,2.114732751048457,0,0.0,80.0,1,1,1,25,0.9796774983406067,1,25,1,0.03991849720478058,0.9181705117225647,0.011881530284881592,0.030029499903321266,1,1,0,1,0.1,0.34143394033383356,0.0,0.1
1542,1542,25,0,0.0,0.9999808073043823,0.6069224531331726,22.43397329035912,0.20000000000000018,0.0,3,0.5621154584201952,JITTER,96.09529795170037,95.48744641959284,2.3871861604898212,0,0.0,80.0,1,1,1,25,0.9999808073043823,1,25,1,0.0003623091906774789,0.9979026317596436,0.0007742087473161519,0.0009608413092792034,0,1,1,1,0.0,0.3621154584201952,0.1,0.1
1543,1543,25,1,6.2,0.9835525751113892,0.3906405655463516,15.35588975406224,0.0,0.0,3,0.45096994220059117,JITTER,40.52598504652022,40.15832181826139,1.0039580454565349,0,0.0,80.0,1,1,1,25,0.9835525751113892,1,25,1,0.11675865948200226,0.6080365180969238,0.11059945076704025,0.16460542380809784,1,1,0,1,0.1,0.2509699422005912,0.0,0.1
1544,1544,25,0,0.0,0.9997944235801697,0.5738966393574272,21.28867040464025,3.2,0.0,3,0.5466077277127799,JITTER,74.68134602405107,73.30857274744965,1.8327143186862411,0,0.0,80.0,1,1,1,25,0.9997944235801697,1,25,1,0.011821314692497253,0.03849603980779648,0.011874237097799778,0.9378084540367126,0,1,1,1,0.0,0.1,0.1,0.3466077277127799
1545,1545,25,0,0.0,0.9533475637435913,0.372863458236865,15.920104512975346,0.20000000000000018,0.0,3,0.440589190725091,JITTER,107.48231542740541,105.5131140171077,2.6378278504276924,0,0.0,80.0,1,1,1,23,0.9533475637435913,0,25,1,0.053640104830265045,0.5616932511329651,0.3532904088497162,0.03137623518705368,1,1,1,0,0.1,0.23185871327086024,0.10873047745423076,0.0
1546,1546,25,1,6.2,0.9885777235031128,0.41172578145873634,17.167541569217818,0.0,0.0,3,0.4629807751701841,JITTER,105.02623851359796,103.00011180074073,2.575002795018518,0,0.0,80.0,1,1,1,25,0.9885777235031128,1,25,1,0.011308868415653706,0.26222100853919983,0.6455928683280945,0.08087733387947083,0,1,1,1,0.0,0.1,0.26298077517018414,0.1
1547,1547,25,0,0.0,0.9999910593032837,0.4486660904453266,17.184685740643822,3.2,0.0,3,0.4833041787733332,JITTER,66.54999971690575,66.48681249209109,1.6621703123022773,0,0.0,80.0,1,1,1,25,0.9999910593032837,1,25,1,0.06952701508998871,0.7116660475730896,0.1472044438123703,0.0716024711728096,0,1,1,1,0.0,0.28330417877333325,0.1,0.1
1548,1548,25,0,0.0,0.9997392296791077,0.5118468617294982,19.622404473153185,0.20000000000000018,0.0,3,0.5162130137220231,JITTER,28.356203214847824,28.134868223127757,0.703371705578194,0,0.0,80.0,1,1,1,25,0.9997392296791077,1,25,1,0.007112506311386824,0.11271220445632935,0.05478993058204651,0.825385332107544,0,1,1,1,0.0,0.1,0.1,0.31621301372202315
1549,1549,25,1,6.2,0.9999171495437622,0.27671386408408877,14.108663588661825,0.0,0.0,3,0.3795547107722864,JITTER,45.76870912729973,45.61314989740121,1.1403287474350303,0,0.0,80.0,1,1,1,25,0.9999171495437622,1,25,1,0.3667212724685669,0.05579506978392601,0.2449674904346466,0.3325161933898926,1,0,1,1,0.15150670886434855,0.0,0.1,0.12804800190793786
1550,1550,25,0,0.0,0.9995940327644348,0.519506829865844,19.883664633001036,3.2,0.0,3,0.5200613239287502,JITTER,115.32037745086485,114.86966023692874,2.8717415059232185,0,0.0,80.0,1,1,1,25,0.9995940327644348,1,25,1,0.01016183290630579,0.14869117736816406,0.0019201424438506365,0.8392269015312195,1,1,0,1,0.1,0.1,0.0,0.3200613239287501
1551,1551,25,0,0.0,0.9984716773033142,0.500870614082753,19.37133383254072,0.20000000000000018,0.0,3,0.5106480792999506,JITTER,115.9379272315231,114.17372566944157,2.8543431417360394,0,0.0,80.0,1,1,1,25,0.9984716773033142,1,25,1,0.02486317791044712,0.16489553451538086,0.805570662021637,0.004670579452067614,1,1,1,0,0.1,0.1,0.31064807929995053,0.0
1552,1552,25,1,6.2,0.998561441898346,0.5585754119297822,20.992994553483744,0.0,0.0,3,0.5392620194096472,JITTER,84.09456721252235,82.95757677499883,2.073939419374971,0,0.0,80.0,1,1,1,25,0.998561441898346,1,25,1,0.9099879264831543,0.004722777288407087,0.08401802182197571,0.0012713109608739614,1,1,1,0,0.3392620194096473,0.1,0.1,0.0
1553,1553,25,0,0.0,0.751861572265625,0.3878589075048369,15.629698291199151,3.2,0.0,3,0.44936144910913145,JITTER,53.1474323659124,52.46031362021841,1.3115078405054603,0,0.0,80.0,1,1,0,25,0.751861572265625,1,25,1,0.08664760738611221,0.6030911207199097,0.13106943666934967,0.17919181287288666,0,1,1,1,0.0,0.24936144910913147,0.1,0.1
1554,1554,25,0,0.0,0.9999440908432007,0.3874073950683832,16.68016224282443,0.20000000000000018,0.0,3,0.449099818706041,JITTER,38.669211828126535,37.94400522806416,0.948600130701604,0,0.0,80.0,1,1,1,25,0.9999440908432007,1,25,1,0.010409943759441376,0.3313063383102417,0.6022886037826538,0.055995091795921326,0,1,1,1,0.0,0.1,0.24909981870604095,0.1
1555,1555,25,1,6.2,0.9989978671073914,0.3970695805804127,16.353249799105043,0.0,0.0,3,0.45466574479960076,JITTER,50.179333996059356,49.92323221142601,1.2480808052856505,0,0.0,80.0,1,1,1,25,0.9989978671073914,1,25,1,0.10297516733407974,0.6194747686386108,0.04802216961979866,0.22952787578105927,1,1,0,1,0.1,0.2546657447996008,0.0,0.1
1556,1556,25,0,0.0,0.9999582767486572,0.5252834069354434,19.762690790426362,3.2,0.0,3,0.52294470210683,JITTER,91.11627981941575,89.92001651776745,2.248000412944186,0,0.0,80.0,1,1,1,25,0.9999582767486572,1,25,1,0.03914870694279671,0.02317941002547741,0.8496723771095276,0.08799949288368225,1,0,1,1,0.1,0.0,0.32294470210683,0.1
1557,1557,25,0,0.0,0.9666764140129089,0.6043504960685774,22.355938191173035,0.20000000000000018,0.0,3,0.5609231547562835,JITTER,65.12989183433052,64.30606873720171,1.607651718430043,0,0.0,80.0,1,1,1,25,0.9666764140129089,1,25,1,0.0002939068363048136,0.005908412858843803,0.9932167530059814,0.0005809611757285893,0,1,1,1,0.0,0.1,0.36092315475628356,0.1
1558,1558,25,1,6.2,0.9998573064804077,0.39859834220178186,15.881577444151297,0.0,0.0,3,0.4555401605577467,JITTER,35.94930717608561,35.46519345302268,0.886629836325567,0,0.0,80.0,1,1,1,25,0.9998573064804077,1,25,1,0.08430028706789017,0.11050751805305481,0.6221963763237,0.18299581110477448,0,1,1,1,0.0,0.1,0.25554016055774675,0.1
1559,1559,25,0,0.0,0.9998821020126343,0.3488433606030309,15.322154589572003,3.2,0.02989323844491354,3,0.4261614459215146,JITTER,47.061069519519386,46.804270462203455,1.1701067615550864,0,0.0,80.0,1,1,1,25,0.9998821020126343,1,25,1,0.027872001752257347,0.11072708666324615,0.3843773901462555,0.47702351212501526,0,1,1,1,0.0,0.1,0.1347856414424807,0.19137580447903393
1560,1560,25,0,0.0,0.4956957697868347,0.5609873694016058,20.995667666127105,0.20000000000000018,0.0,3,0.540425045882787,JITTER,36.21799349437846,35.97723283609006,0.8994308209022516,0,0.0,80.0,1,1,0,25,0.4956957697868347,1,25,1,0.060554277151823044,0.9143650531768799,0.00580986775457859,0.0192707572132349,1,1,0,1,0.1,0.340425045882787,0.0,0.1
1561,1561,25,1,6.2,0.6137175559997559,0.31084806326668607,15.16642704470514,0.0,0.0,3,0.4022842312349241,JITTER,53.12510603113281,52.64253986805684,1.316063496701421,0,0.0,80.0,1,1,0,25,0.6137175559997559,1,25,1,0.42931053042411804,0.2163926213979721,0.00736975809559226,0.34692710638046265,1,1,0,1,0.1777962565984447,0.1,0.0,0.1244879746364794
1562,1562,25,0,0.0,0.9999667406082153,0.26169926496955653,13.058151174285959,3.2,0.22771893366732499,3,0.36911371118315417,JITTER,39.04195046663495,38.891242653306996,0.972281066332675,0,0.0,80.0,1,1,1,25,0.9999667406082153,1,25,1,0.34597447514533997,0.3192227780818939,0.21203778684139252,0.12276497483253479,1,1,1,0,0.1439898379355328,0.1251238732476214,0.1,0.0
1563,1563,25,0,0.0,0.9997380375862122,0.5909205355338881,21.91208353418301,0.20000000000000018,0.0,3,0.5546556839193332,JITTER,74.17385716632283,73.98267048220295,1.8495667620550738,0,0.0,80.0,1,1,1,25,0.9997380375862122,1,25,1,0.006894834339618683,0.9687645435333252,0.02118655852973461,0.003154084552079439,1,1,1,0,0.1,0.3546556839193332,0.1,0.0
1564,1564,25,1,6.2,0.9873225092887878,0.607939723570401,22.470057178793034,0.0,0.0,3,0.5625863456197647,JITTER,88.88970079888351,87.21155724712567,2.1802889311781417,0,0.0,80.0,1,1,1,25,0.9873225092887878,1,25,1,4.2171428503934294e-05,0.9997562766075134,2.3219290596898645e-05,0.00017832698358688504,1,1,0,1,0.1,0.36258634561976477,0.0,0.1
1565,1565,25,0,0.0,0.7173430323600769,0.2733549278821704,14.075998242213657,3.2,0.0,3,0.37724403396627193,JITTER,62.679562166437826,61.54994443655512,1.5387486109138782,0,0.0,80.0,1,1,0,25,0.7173430323600769,1,25,1,0.0657866895198822,0.24966298043727875,0.2827625274658203,0.40178778767585754,0,1,1,1,0.0,0.1,0.1,0.17724403396627195
1566,1566,25,0,0.0,0.9999829530715942,0.46932226246247494,18.10640596598246,0.20000000000000018,0.0,3,0.4943044318394777,JITTER,29.831659112586443,29.80602916666333,0.7451507291665833,0,0.0,80.0,1,1,1,25,0.9999829530715942,1,25,1,0.060921233147382736,0.7487525343894958,0.15171749889850616,0.03860878571867943,1,1,1,0,0.1,0.29430443183947774,0.1,0.0
1567,1567,25,1,6.2,0.9984955787658691,0.5162971002419531,19.53143098294159,0.0,0.0,3,0.5184522569467817,JITTER,92.136887751384,90.73452456646044,2.268363114161511,0,0.0,80.0,1,1,1,25,0.9984955787658691,1,25,1,0.022435592487454414,0.11427157372236252,0.8334255814552307,0.02986725978553295,0,1,1,1,0.0,0.1,0.3184522569467817,0.1
1568,1568,25,0,0.0,0.9974415302276611,0.4125093801012156,16.85193406134355,3.2,0.0,3,0.4634211394500463,JITTER,104.30582409657514,104.18729580119985,2.6046823950299967,0,0.0,80.0,1,1,1,31,0.9974415302276611,0,31,0,0.12770196795463562,0.19992566108703613,0.025381501764059067,0.6469908952713013,1,1,0,1,0.1,0.1,0.0,0.2634211394500463
1569,1569,25,0,0.0,0.9999359846115112,0.45013897217351007,18.10466856684075,0.20000000000000018,0.0,3,0.48409682463035836,JITTER,97.69070549568305,96.95501880661607,2.423875470165402,0,0.0,80.0,1,1,1,25,0.9999359846115112,1,25,1,0.03615027293562889,0.24389570951461792,0.7143073081970215,0.005646662786602974,1,1,1,0,0.1,0.1,0.28409682463035835,0.0
1570,1570,25,1,6.2,0.6210215091705322,0.5488914802092112,20.730773441208335,0.0,0.0,3,0.5345670321039033,JITTER,50.33376326821986,50.15958436628721,1.2539896091571805,0,0.0,80.0,1,1,0,36,0.6210215091705322,0,25,1,0.0010869234101846814,0.892423689365387,0.0003852970839943737,0.10610401630401611,1,1,0,1,0.1,0.3345670321039034,0.0,0.1
1571,1571,25,0,0.0,0.9998782873153687,0.5530708028582874,20.842861032880545,3.2,0.0,3,0.5365983001887498,JITTER,119.6015755102527,119.44929019854922,2.986232254963731,0,0.0,80.0,1,1,1,25,0.9998782873153687,1,25,1,0.0007934895111247897,0.031015656888484955,0.9000020027160645,0.06818877160549164,0,1,1,1,0.0,0.1,0.3365983001887498,0.1
1572,1572,25,0,0.0,0.9998681545257568,0.3634430085287823,15.357224113076647,0.20000000000000018,0.0,3,0.4349878093438845,JITTER,102.70080146079994,101.38726963970795,2.534681740992699,0,0.0,80.0,1,1,1,25,0.9998681545257568,1,25,1,0.04404648393392563,0.3833252191543579,0.5106657147407532,0.06196260824799538,0,1,1,1,0.0,0.1293919451376842,0.20559586420620032,0.1
1573,1573,25,1,6.2,0.9999775886535645,0.32046507024149995,15.415368249878654,0.0,0.0,3,0.40845975853785677,JITTER,93.50804442618671,92.17701890481622,2.3044254726204056,0,0.0,80.0,1,1,1,25,0.9999775886535645,1,25,1,0.01677187718451023,0.18651601672172546,0.3126958906650543,0.4840162396430969,0,1,1,1,0.0,0.1,0.1,0.20845975853785673
1574,1574,25,0,0.0,0.9999806880950928,0.3700919154388659,15.695292395633274,3.2,0.0,3,0.43894865795740656,JITTER,105.84344850731826,105.45438477768089,2.6363596194420222,0,0.0,80.0,1,1,1,25,0.9999806880950928,1,25,1,0.013916836120188236,0.4405572712421417,0.46825307607650757,0.07727280259132385,0,1,1,1,0.0,0.16126215528890583,0.1776865026685007,0.1
1575,1575,25,0,0.0,0.9999488592147827,0.3624538466974086,15.794746929853103,0.20000000000000018,0.0,3,0.43439546544180435,JITTER,20.082461683468537,19.842063174515022,0.4960515793628756,0,0.0,80.0,1,1,1,25,0.9999488592147827,1,25,1,0.007481016684323549,0.1007339134812355,0.3945867419242859,0.49719831347465515,0,1,1,1,0.0,0.1,0.13645312772533852,0.19794233771646583
1576,1576,25,1,6.2,0.9995043277740479,0.27654984968238416,13.862462089618393,0.0,0.0,3,0.37944220888095487,JITTER,55.38586393233339,55.24874256677739,1.3812185641694348,0,0.0,80.0,1,1,1,25,0.9995043277740479,1,25,1,0.07704445719718933,0.38348281383514404,0.22408929467201233,0.3153834044933319,0,1,1,1,0.0,0.16308017544867212,0.1,0.11636203343228274
1577,1577,25,0,0.0,0.9996306896209717,0.40326891118933433,16.28972634128569,3.2,0.24105817804879992,3,0.4582012797222821,JITTER,38.61387541042389,38.357672878048,0.9589418219512,0,0.0,80.0,1,1,1,25,0.9996306896209717,1,25,1,0.004197339527308941,0.4850311279296875,0.4975292980670929,0.013242202810943127,0,1,1,1,0.0,0.17555047929070636,0.1826508004315757,0.1
1578,1578,25,0,0.0,0.9998931884765625,0.2874427394680332,14.009544354920656,0.20000000000000018,0.0,3,0.38684287127117695,JITTER,27.023337088670324,26.99257739575207,0.6748144348938018,0,0.0,80.0,1,1,1,25,0.9998931884765625,1,25,1,0.20757552981376648,0.3740239143371582,0.3494711220264435,0.06892948597669601,1,1,1,0,0.1,0.15168227455326275,0.1351605967179142,0.0
1579,1579,25,1,6.2,0.9364503622055054,0.5548440984701517,20.869627122933476,0.0,0.0,3,0.5374578518920999,JITTER,111.60262548324441,110.90599575827618,2.7726498939569044,0,0.0,80.0,1,1,1,25,0.9364503622055054,1,25,1,0.0896349772810936,0.0025065152440220118,0.9032183885574341,0.004640188068151474,1,0,1,1,0.1,0.0,0.3374578518921,0.1
1580,1580,25,0,0.0,0.9997337460517883,0.30897906111755125,15.385709343990095,3.2,0.0,3,0.4010730226672298,JITTER,118.2230697473585,115.94286118560056,2.898571529640014,0,0.0,80.0,1,1,1,25,0.9997337460517883,1,25,1,0.00662565091624856,0.29195666313171387,0.4638819098472595,0.23753568530082703,0,1,1,1,0.0,0.1,0.20107302266722973,0.1
1581,1581,25,0,0.0,0.6710841059684753,0.5489444128074535,20.450192277677015,0.20000000000000018,0.0,3,0.5345928070893169,JITTER,34.25712823271138,33.76730316229145,0.8441825790572862,0,0.0,80.0,1,1,0,25,0.6710841059684753,1,25,1,0.023408053442835808,0.02052830532193184,0.8925196528434753,0.06354399770498276,1,0,1,1,0.1,0.0,0.33459280708931693,0.1
1582,1582,25,1,6.2,0.9832497239112854,0.4142605676223051,17.364266360394435,0.0,0.0,3,0.4644037569285445,JITTER,80.08048891270693,78.97434180709911,1.9743585451774779,0,0.0,80.0,1,1,1,25,0.9832497239112854,1,25,1,0.0010200670221820474,0.6501157879829407,0.22524218261241913,0.12362192571163177,0,1,1,1,0.0,0.26440375692854456,0.1,0.1
1583,1583,25,0,0.0,0.47243645787239075,0.4200577895354803,15.582178235330652,3.2,0.4623149898764918,3,0.4676419338647544,JITTER,29.619100001447478,29.507400404940324,0.7376850101235082,0,0.0,80.0,1,1,0,36,0.47243645787239075,0,21,0,0.157765194773674,0.015060937032103539,0.6604662537574768,0.16670767962932587,1,0,1,1,0.1,0.0,0.26764193386475443,0.1
1584,1584,25,0,0.0,0.9999572038650513,0.36664229077688065,15.944009440252774,0.20000000000000018,0.0,3,0.4368981495907565,JITTER,27.66386614508815,27.329612389352263,0.6832403097338067,0,0.0,80.0,1,1,1,25,0.9999572038650513,1,25,1,0.08897988498210907,0.5255480408668518,0.37557533383369446,0.009896744042634964,1,1,1,0,0.1,0.21312668007999122,0.12377146951076529,0.0
1585,1585,25,1,6.2,0.9937775135040283,0.6078238010018582,22.466271927645373,0.0,0.0,3,0.5625327057926041,JITTER,118.65910758490911,117.06436587392213,2.9266091468480533,0,0.0,80.0,1,1,1,22,0.9937775135040283,0,25,1,4.8886962758842856e-05,0.9995450377464294,4.076027835253626e-05,0.00036532492958940566,1,1,0,1,0.1,0.3625327057926041,0.0,0.1
1586,1586,25,0,0.0,0.9997166991233826,0.47380364183144386,18.576011847681094,3.2,0.0,3,0.49665878727180934,JITTER,91.07615350219297,89.28270913460179,2.232067728365045,0,0.0,80.0,1,1,1,25,0.9997166991233826,1,25,1,0.020347680896520615,0.012619256041944027,0.7568108439445496,0.2102222889661789,1,0,1,1,0.1,0.0,0.2966587872718094,0.1
1587,1587,25,0,0.0,0.9999877214431763,0.562347516061811,21.08284780791864,0.20000000000000018,0.0,3,0.5410797953060987,JITTER,87.80115541717961,87.73059564711443,2.193264891177861,0,0.0,80.0,1,1,1,25,0.9999877214431763,1,25,1,0.002576371654868126,0.9168338179588318,0.03018737956881523,0.05040241777896881,0,1,1,1,0.0,0.3410797953060988,0.1,0.1
1588,1588,25,1,6.2,0.4517105519771576,0.3710570974589329,16.384657314613325,0.0,0.0,3,0.439520663815397,JITTER,106.70056008565976,105.92233252896979,2.648058313224245,0,0.0,80.0,1,1,0,25,0.4517105519771576,1,25,1,0.16050226986408234,0.573267936706543,0.25722649693489075,0.009003343060612679,1,1,1,0,0.1,0.23952066381539702,0.1,0.0
1589,1589,25,0,0.0,0.9998548030853271,0.4074877664743253,16.116813382616005,3.2,0.69427395688733,3,0.4605918128139037,JITTER,20.436362151471535,20.2290417245068,0.50572604311267,0,0.0,80.0,1,1,1,25,0.9998548030853271,1,25,1,0.09018872678279877,0.6380345821380615,0.191141739487648,0.08063504099845886,1,1,1,0,0.1,0.26059181281390376,0.1,0.0
1590,1590,25,0,0.0,0.6206145286560059,0.6062544224176095,22.393663806086064,0.20000000000000018,0.0,3,0.5618060170932259,JITTER,113.70150008762637,113.11632238457338,2.8279080596143347,0,0.0,80.0,1,1,0,36,0.6206145286560059,0,25,1,8.83713728399016e-05,0.0018696985207498074,0.9966854453086853,0.0013564769178628922,0,1,1,1,0.0,0.1,0.3618060170932259,0.1
1591,1591,25,1,6.2,0.5817738175392151,0.33168290927710714,14.786584031019597,0.0,0.0,3,0.4155473082930081,JITTER,69.151317305284,68.9109792911367,1.7227744822784175,0,0.0,80.0,1,1,0,27,0.5817738175392151,0,25,1,0.2052089422941208,0.0747765451669693,0.5037291646003723,0.2162853330373764,1,0,1,1,0.1,0.0,0.21554730829300814,0.1
1592,1592,25,0,0.0,0.4501549005508423,0.43366064393793313,15.982733172715795,3.2,0.5568061129592863,3,0.4751534989150371,JITTER,25.76926716664401,25.727755481628545,0.6431938870407137,0,0.0,80.0,1,1,0,25,0.4501549005508423,1,25,1,0.006069670896977186,0.684786319732666,0.1041347086429596,0.205009326338768,0,1,1,1,0.0,0.27515349891503715,0.1,0.1
1593,1593,25,0,0.0,0.947862446308136,0.4489436502086928,17.814238832070274,0.20000000000000018,0.0,3,0.4834536496783149,JITTER,92.70109059613554,91.09907768025403,2.2774769420063508,0,0.0,80.0,1,1,1,25,0.947862446308136,1,25,1,0.13531339168548584,0.13326717913150787,0.019255634397268295,0.7121637463569641,1,1,0,1,0.1,0.1,0.0,0.2834536496783149
1594,1594,25,1,6.2,0.4800613224506378,0.5451206841900835,20.580994675584982,0.0,0.0,3,0.5327276729499782,JITTER,34.329883925249106,34.131925065920555,0.853298126648014,0,0.0,80.0,1,1,0,19,0.4800613224506378,0,29,0,0.061406638473272324,0.8855887055397034,0.04944644868373871,0.003558287164196372,1,1,1,0,0.1,0.3327276729499783,0.1,0.0
1595,1595,25,0,0.0,0.9996428489685059,0.5591271452423818,20.97256293327936,3.2,0.21295677205105334,3,0.5395282819224212,JITTER,39.50294676448273,39.48172911795786,0.9870432279489466,0,0.0,80.0,1,1,1,25,0.9996428489685059,1,25,1,0.0066503677517175674,0.9109891057014465,0.07859168946743011,0.003768924158066511,1,1,1,0,0.1,0.33952828192242124,0.1,0.0
1596,1596,25,0,0.0,0.9999934434890747,0.3040502414077847,14.560101251304262,0.20000000000000018,0.0,3,0.39786121335138197,JITTER,75.34313698869836,74.28845034977621,1.8572112587444054,0,0.0,80.0,1,1,1,25,0.9999934434890747,1,25,1,0.0450359471142292,0.19402122497558594,0.3435538411140442,0.41738900542259216,0,1,1,1,0.0,0.1,0.12477658206138476,0.1730846312899972
1597,1597,25,1,6.2,0.6008764505386353,0.589566069545866,21.826066828680688,0.0,0.0,3,0.5540196481029381,JITTER,84.78774808850704,84.12970436023676,2.103242609005919,0,0.0,80.0,1,1,0,25,0.6008764505386353,1,25,1,0.9662999510765076,0.007455374579876661,0.01979178935289383,0.006452883128076792,1,1,1,0,0.3540196481029382,0.1,0.1,0.0
1598,1598,25,0,0.0,0.9993042945861816,0.40220402284635715,16.843051258074208,3.2,0.0,3,0.45759590731686745,JITTER,75.50102459399054,75.35893271269815,1.8839733178174538,0,0.0,80.0,1,1,1,25,0.9993042945861816,1,25,1,0.26308414340019226,0.08815273642539978,0.6286180019378662,0.020145103335380554,1,1,1,0,0.1,0.1,0.25759590731686743,0.0
1599,1599,25,0,0.0,0.9834575653076172,0.28765346457640256,13.956249559873498,0.20000000000000018,0.0,3,0.38698464310965686,JITTER,35.430371872268445,34.77009527468162,0.8692523818670406,0,0.0,80.0,1,1,1,25,0.9834575653076172,1,25,1,0.06844618916511536,0.3572309613227844,0.36673998832702637,0.20758283138275146,0,1,1,1,0.0,0.14029416137711637,0.14669048173254054,0.1
1600,1600,25,1,6.2,0.7063528299331665,0.3332820478473089,14.466767223083611,0.0,0.0,3,0.41654784024263314,JITTER,96.15077478198968,94.37633320228524,2.359408330057131,0,0.0,80.0,1,1,0,27,0.7063528299331665,0,25,1,0.383124440908432,0.10114822536706924,0.07226668298244476,0.4434606730937958,1,1,0,1,0.1394213241237774,0.1,0.0,0.17712651611885574
1601,1601,25,0,0.0,0.9998613595962524,0.26017202196717104,12.448547857539985,3.2,0.0,3,0.36803508530378215,JITTER,111.66802844993673,110.2177005850894,2.7554425146272354,0,0.0,80.0,1,1,1,25,0.9998613595962524,1,25,1,0.37895968556404114,0.1752946525812149,0.23893684148788452,0.20680882036685944,1,0,1,1,0.1680350853037821,0.0,0.1,0.1
1602,1602,25,0,0.0,0.9565695524215698,0.6034243545669105,22.32959428729864,0.20000000000000018,0.0,3,0.5604931944976227,JITTER,112.82386481121651,111.8835814633674,2.7970895365841852,0,0.0,80.0,1,1,1,25,0.9565695524215698,1,25,1,9.38784287427552e-05,0.991529643535614,0.0004218599060550332,0.007954650558531284,0,1,1,1,0.0,0.36049319449762274,0.1,0.1
1603,1603,25,1,6.2,0.7216566801071167,0.6049455065583506,22.37854723458712,0.0,0.0,3,0.561199213975517,JITTER,20.361624478494093,20.336143487212897,0.5084035871803224,0,0.0,80.0,1,1,0,25,0.7216566801071167,1,25,1,0.004967377055436373,0.9943007230758667,3.635774555732496e-05,0.000695527414791286,1,1,0,1,0.1,0.361199213975517,0.0,0.1
1604,1604,25,0,0.0,0.7524825930595398,0.3769321467447506,15.789206425304148,3.2,0.427757220009057,3,0.4429865246116178,JITTER,30.94873257008152,30.889711199637716,0.7722427799909429,0,0.0,80.0,1,1,0,31,0.7524825930595398,0,25,1,0.1661185920238495,0.19069361686706543,0.5836865901947021,0.05950115621089935,1,1,1,0,0.1,0.1,0.24298652461161782,0.0
1605,1605,25,0,0.0,0.99708491563797,0.6043475513726724,22.32001299107187,0.20000000000000018,0.0,3,0.5609217882064589,JITTER,55.170239085026346,54.39645352319489,1.3599113380798724,0,0.0,80.0,1,1,1,25,0.99708491563797,1,25,1,0.001604609889909625,0.0020652387756854296,0.9932113885879517,0.003118740161880851,0,1,1,1,0.0,0.1,0.3609217882064589,0.1
1606,1606,25,1,6.2,0.992601215839386,0.345969274309776,15.465278109466105,0.0,0.0,3,0.424402263780935,JITTER,99.0648806600495,97.89549250831095,2.447387312707774,0,0.0,80.0,1,1,1,25,0.992601215839386,1,25,1,0.12717993557453156,0.3731299638748169,0.48184695839881897,0.01784319058060646,1,1,1,0,0.1,0.128860209723682,0.19554205405725297,0.0
1607,1607,25,0,0.0,0.9999754428863525,0.438879380906225,17.845993806495258,3.2,0.34686457210721344,3,0.4780039828657051,JITTER,34.64361745569796,34.12541711571146,0.8531354278927865,0,0.0,80.0,1,1,1,25,0.9999754428863525,1,25,1,0.005465699825435877,0.23644320666790009,0.6941287517547607,0.06396227329969406,0,1,1,1,0.0,0.1,0.27800398286570516,0.1
1608,1608,25,0,0.0,0.9999872446060181,0.3223526350602754,15.426090531392141,0.20000000000000018,0.0,3,0.40966092267151266,JITTER,55.480191913759896,55.46577444420162,1.3866443611050405,0,0.0,80.0,1,1,1,25,0.9999872446060181,1,25,1,0.018077991902828217,0.18495000898838043,0.30964210629463196,0.4873299300670624,0,1,1,1,0.0,0.1,0.1,0.20966092267151262
1609,1609,25,1,6.2,0.9031745791435242,0.5178505860691457,19.60636126265172,0.0,0.0,3,0.5192316563416424,JITTER,48.058862053274936,47.741096324750984,1.1935274081187746,0,0.0,80.0,1,1,1,25,0.9031745791435242,1,25,1,0.037994708865880966,0.02002451755106449,0.10574764758348465,0.8362331390380859,1,0,1,1,0.1,0.0,0.1,0.3192316563416423
1610,1610,25,0,0.0,0.9999340772628784,0.4748110243403955,18.71975207526811,3.2,0.03363745172104515,3,0.4971864950292189,JITTER,47.424553521810296,46.654501931158194,1.1663625482789548,0,0.0,80.0,1,1,1,25,0.9999340772628784,1,25,1,0.004074967931956053,0.06160123273730278,0.17570090293884277,0.7586228847503662,0,1,1,1,0.0,0.1,0.1,0.2971864950292189
1611,1611,25,0,0.0,0.9989011287689209,0.48380547764358117,17.07588270310877,0.20000000000000018,0.0,3,0.5018735605972093,JITTER,95.99263975940903,94.6572822496225,2.3664320562405625,0,0.0,80.0,1,1,1,33,0.9989011287689209,0,25,1,0.05231243744492531,0.7748112082481384,0.10131692886352539,0.07155941426753998,0,1,1,1,0.0,0.3018735605972094,0.1,0.1
1612,1612,25,1,6.2,0.9981613755226135,0.3643638180422904,15.714252528765202,0.0,0.0,3,0.4355384975187049,JITTER,33.90050785122653,33.35278825525683,0.8338197063814209,0,0.0,80.0,1,1,1,25,0.9981613755226135,1,25,1,0.04403432086110115,0.5553812980651855,0.34066280722618103,0.05992158502340317,0,1,1,1,0.0,0.23193462705622378,0.1036038704624811,0.1
1613,1613,25,0,0.0,0.9999767541885376,0.5353003156640732,20.056854959339173,3.2,0.0,3,0.5279073105399162,JITTER,87.71759616633237,87.37578229631723,2.1843945574079306,0,0.0,80.0,1,1,1,25,0.9999767541885376,1,25,1,0.021694252267479897,0.07461085915565491,0.8677997589111328,0.03589514642953873,0,1,1,1,0.0,0.1,0.3279073105399163,0.1
1614,1614,25,0,0.0,0.9984778761863708,0.6056653963113211,22.385127886606362,0.20000000000000018,0.0,3,0.5615330303601049,JITTER,84.80939302815165,83.98926645224029,2.099731661306007,0,0.0,80.0,1,1,1,25,0.9984778761863708,1,25,1,0.001073058694601059,0.0015982777113094926,0.9956122636795044,0.0017163947923108935,0,1,1,1,0.0,0.1,0.361533030360105,0.1
1615,1615,25,1,6.2,0.9974677562713623,0.27644557438458317,14.14092997782009,0.0,0.0,3,0.3793706663004972,JITTER,63.935006185622505,63.791634282619334,1.5947908570654834,0,0.0,80.0,1,1,1,25,0.9974677562713623,1,25,1,0.2392353117465973,0.062134500592947006,0.30010902881622314,0.39852115511894226,1,0,1,1,0.1,0.0,0.10592220092193852,0.17344846537855865
1616,1616,25,0,0.0,0.999974250793457,0.48571096765531896,18.788542587865226,3.2,0.0,3,0.5028609153587075,JITTER,71.83042758451654,71.68686469316096,1.792171617329024,0,0.0,80.0,1,1,1,25,0.999974250793457,1,25,1,0.018723193556070328,0.041680898517370224,0.7782428860664368,0.1613529771566391,0,1,1,1,0.0,0.1,0.3028609153587075,0.1
1617,1617,25,0,0.0,0.9362673163414001,0.5945604775773468,22.025235966375103,0.20000000000000018,0.0,3,0.5563613405536687,JITTER,36.42533872542666,36.32877783754136,0.908219445938534,0,0.0,80.0,1,1,1,25,0.9362673163414001,1,25,1,0.004120827652513981,0.017696676775813103,0.9753891825675964,0.0027933334931731224,1,1,1,0,0.1,0.1,0.35636134055366864,0.0
1618,1618,25,1,6.2,0.6678831577301025,0.5439992016934881,20.496567498274423,0.0,0.0,3,0.5321793976993427,JITTER,115.41082790700077,114.75329851168874,2.8688324627922186,0,0.0,80.0,1,1,0,33,0.6678831577301025,0,25,1,0.09043852984905243,0.8835563659667969,0.01861783303320408,0.0073873200453817844,1,1,1,0,0.1,0.3321793976993428,0.1,0.0
1619,1619,25,0,0.0,0.9999545812606812,0.6070570951990025,22.439640969760795,3.2,0.0,3,0.5621778059154154,JITTER,55.520432359600775,55.16279126927681,1.3790697817319204,0,0.0,80.0,1,1,1,25,0.9999545812606812,1,25,1,0.00020128524920437485,0.0014673335244879127,0.9981479644775391,0.00018340603855904192,1,1,1,0,0.1,0.1,0.3621778059154154,0.0
1620,1620,25,0,0.0,0.993504524230957,0.42278561268934245,17.37479936488978,0.20000000000000018,0.0,3,0.4691578921917227,JITTER,109.82504451781438,108.58848939232705,2.7147122348081765,0,0.0,80.0,1,1,1,25,0.993504524230957,1,25,1,0.013567386195063591,0.2847740650177002,0.03631896898150444,0.6653395295143127,0,1,1,1,0.0,0.1,0.1,0.2691578921917227
1621,1621,25,1,6.2,0.9998804330825806,0.4082104165183243,15.88276109697684,0.0,0.0,3,0.46100004501373715,JITTER,111.91598989333117,111.2446620387433,2.7811165509685827,0,0.0,80.0,1,1,1,25,0.9998804330825806,1,25,1,0.14058393239974976,0.6393230557441711,0.12147356569766998,0.09861940145492554,1,1,1,0,0.1,0.2610000450137372,0.1,0.0
1622,1622,25,0,0.0,0.49394625425338745,0.5037190020660395,19.392570669855175,3.2,0.42166915669395033,3,0.512098016417158,JITTER,31.483467443194897,31.133233732241983,0.7783308433060496,0,0.0,80.0,1,1,0,36,0.49394625425338745,0,25,1,0.034373439848423004,0.0051435437053442,0.8107104301452637,0.14977256953716278,1,0,1,1,0.1,0.0,0.31209801641715806,0.1
1623,1623,25,0,0.0,0.9998530149459839,0.5864559354614196,21.785885093377935,0.20000000000000018,0.0,3,0.5525564076571472,JITTER,54.553699179001754,53.67875949572495,1.3419689873931238,0,0.0,80.0,1,1,1,25,0.9998530149459839,1,25,1,0.0026592216454446316,0.011847143992781639,0.0248518418520689,0.9606418013572693,0,1,1,1,0.0,0.1,0.1,0.35255640765714713
1624,1624,25,1,6.2,0.9495734572410583,0.4558340879624616,18.20716924310831,0.0,0.0,3,0.4871495728755202,JITTER,107.94234089116586,106.92212707095653,2.6730531767739136,0,0.0,80.0,1,1,1,25,0.9495734572410583,1,25,1,0.007933002896606922,0.7245247960090637,0.029834723100066185,0.2377074956893921,0,1,1,1,0.0,0.28714957287552023,0.1,0.1
1625,1625,25,0,0.0,0.9997408986091614,0.5856425878795718,21.758971441996664,3.2,0.0,3,0.552173108313839,JITTER,117.13590240855083,115.84034885771449,2.8960087214428625,0,0.0,80.0,1,1,1,25,0.9997408986091614,1,25,1,0.03316330164670944,0.002802362898364663,0.004871992859989405,0.9591623544692993,1,0,1,1,0.1,0.0,0.1,0.35217310831383897
1626,1626,25,0,0.0,0.9990137815475464,0.3525834797647911,15.369452829244157,0.20000000000000018,0.0,3,0.4284398970687081,JITTER,47.092039338631245,46.631502254546845,1.1657875563636713,0,0.0,80.0,1,1,1,25,0.9990137815475464,1,25,1,0.33050259947776794,0.539253830909729,0.07319974154233932,0.057043854147195816,1,1,1,0,0.10080421776377224,0.22763567930493586,0.1,0.0
1627,1627,25,1,6.2,0.9994788765907288,0.43605457871203357,17.615609365818685,0.0,0.0,3,0.4764631877266696,JITTER,23.73102924029276,23.349433739424114,0.5837358434856029,0,0.0,80.0,1,1,1,25,0.9994788765907288,1,25,1,0.017530949786305428,0.2628386318683624,0.6890710592269897,0.03055928833782673,0,1,1,1,0.0,0.1,0.27646318772666967,0.1
1628,1628,26,0,0.0,0.9999337196350098,0.2681014233122213,13.057828379535803,3.2,0.451065753680604,3,0.37360139249595603,JITTER,30.143505085442094,29.957369852775837,0.748934246319396,0,0.0,80.0,1,1,1,26,0.9999337196350098,1,26,1,0.3748209774494171,0.18966886401176453,0.304904580116272,0.13060560822486877,1,1,1,0,0.16115795541435715,0.1,0.11244343708159887,0.0
1629,1629,26,0,0.0,0.9985561966896057,0.3016841181335595,13.841537739227014,0.20000000000000018,0.0,3,0.3963101089868809,JITTER,76.53165470049433,76.46587555095995,1.9116468887739988,0,0.0,80.0,1,1,1,26,0.9985561966896057,1,26,1,0.40993013978004456,0.34568458795547485,0.09130585938692093,0.15307942032814026,1,1,0,1,0.16925424410527604,0.1270558648816049,0.0,0.1
1630,1630,26,1,6.2,0.9990693926811218,0.48871226960360337,18.358479550882613,0.0,0.0,3,0.5044121600839203,JITTER,27.931689918144826,27.542815793188925,0.6885703948297232,0,0.0,80.0,1,1,1,26,0.9990693926811218,1,26,1,0.7836495637893677,0.07619867473840714,0.08490799367427826,0.05524374917149544,1,1,1,0,0.30441216008392036,0.1,0.1,0.0
1631,1631,26,0,0.0,0.9999650716781616,0.5405168968351414,20.185145733966763,3.2,0.5270402770749686,3,0.5304733417263792,JITTER,27.177709306076874,26.918388917001252,0.6729597229250314,0,0.0,80.0,1,1,1,26,0.9999650716781616,1,26,1,0.042522627860307693,0.05743277445435524,0.877247154712677,0.0227973572909832,1,1,1,0,0.1,0.1,0.3304733417263791,0.0
1632,1632,26,0,0.0,0.9998099207878113,0.39851803104978756,16.904719562082484,0.20000000000000018,0.0,3,0.4554942662398256,JITTER,53.86956334207504,53.623832579796414,1.3405958144949104,0,0.0,80.0,1,1,1,26,0.9998099207878113,1,26,1,0.6220533847808838,0.2618514895439148,0.10587268322706223,0.010222431272268295,1,1,1,0,0.25549426623982563,0.1,0.1,0.0
1633,1633,26,1,6.2,0.8520872592926025,0.4997172481374678,19.341161448173402,0.0,0.0,3,0.5100598000774761,JITTER,38.87788978636654,38.284293383578486,0.9571073345894622,0,0.0,80.0,1,1,1,26,0.8520872592926025,1,26,1,0.05801831930875778,0.0047119418159127235,0.8034899234771729,0.13377979397773743,1,0,1,1,0.1,0.0,0.31005980007747613,0.1
1634,1634,26,0,0.0,0.9884423613548279,0.3118707848986594,15.131441909930798,3.2,0.0,3,0.40294546574513845,JITTER,115.15421931502826,114.83137353948412,2.8707843384871032,0,0.0,80.0,1,1,1,26,0.9884423613548279,1,26,1,0.278443843126297,0.22537702322006226,0.027233082801103592,0.46894603967666626,1,1,0,1,0.1,0.1,0.0,0.20294546574513841
1635,1635,26,0,0.0,0.9995818734169006,0.3004686904629965,13.514305253189828,0.20000000000000018,0.0,3,0.39551097443046734,JITTER,115.9681219174127,114.58865210711457,2.8647163026778646,0,0.0,80.0,1,1,1,26,0.9995818734169006,1,26,1,0.4489978849887848,0.14165854454040527,0.27633947134017944,0.1330040693283081,1,1,1,0,0.19551097443046736,0.1,0.1,0.0
1636,1636,26,1,6.2,0.9996540546417236,0.5260822883963533,19.985760157364204,0.0,0.0,3,0.5233422133362252,JITTER,84.16604053632571,82.9710066899146,2.074275167247865,0,0.0,80.0,1,1,1,26,0.9996540546417236,1,26,1,0.056894753128290176,0.008654410019516945,0.8511174321174622,0.08333340287208557,1,0,1,1,0.1,0.0,0.32334221333622526,0.1
1637,1637,26,0,0.0,0.9998711347579956,0.607372824473258,22.447588139212122,3.2,0.0,3,0.5623239807309585,JITTER,90.4118890354581,88.9294756165917,2.2232368904147926,0,0.0,80.0,1,1,1,26,0.9998711347579956,1,26,1,0.9987232685089111,0.0009604123188182712,0.0001535907795187086,0.00016276362293865532,1,1,0,1,0.3623239807309585,0.1,0.0,0.1
1638,1638,26,0,0.0,0.9997485280036926,0.5645301854119729,21.03352492820806,0.20000000000000018,0.0,3,0.5421288392710862,JITTER,68.34686513476974,67.61779738578298,1.6904449346445745,0,0.0,80.0,1,1,1,26,0.9997485280036926,1,26,1,0.9207961559295654,0.009899471886456013,0.009009038098156452,0.060295358300209045,1,1,0,1,0.3421288392710863,0.1,0.0,0.1
1639,1639,26,1,6.2,0.9999017715454102,0.3148378676816684,14.393110157628648,0.0,0.0,3,0.4048577038302752,JITTER,52.38270024634159,52.27242670666575,1.3068106676666438,0,0.0,80.0,1,1,1,26,0.9999017715454102,1,26,1,0.3525090217590332,0.14906367659568787,0.06573037058115005,0.4326968491077423,1,1,0,1,0.1266499804799821,0.1,0.0,0.17820772335029308
1640,1640,26,0,0.0,0.9999679327011108,0.48349380284605026,18.310586613208145,3.2,0.0,3,0.5017118772885449,JITTER,86.46401909262191,86.40589803227347,2.160147450806837,0,0.0,80.0,1,1,1,26,0.9999679327011108,1,26,1,0.7742499709129333,0.07767531275749207,0.04913046583533287,0.098944291472435,1,1,0,1,0.301711877288545,0.1,0.0,0.1
1641,1641,26,0,0.0,0.9997941851615906,0.453785002183483,17.837896986740738,0.20000000000000018,0.0,3,0.4860534113357479,JITTER,47.56350510833683,47.47386705555803,1.186846676388951,0,0.0,80.0,1,1,1,26,0.9997941851615906,1,26,1,0.17678260803222656,0.030853888019919395,0.0715157613158226,0.7208477258682251,1,0,1,1,0.1,0.0,0.1,0.2860534113357479
1642,1642,26,1,6.2,0.9994407296180725,0.36483044793330854,16.059614012328456,0.0,0.0,3,0.4358172988758383,JITTER,39.0727157322718,38.573576704490726,0.9643394176122682,0,0.0,80.0,1,1,1,26,0.9994407296180725,1,26,1,0.32527562975883484,0.5622373223304749,0.02411532774567604,0.08837173134088516,1,1,0,1,0.1,0.23581729887583827,0.0,0.1
1643,1643,26,0,0.0,0.9999163150787354,0.5735579114516416,21.19254422278606,3.2,0.0,3,0.5464463932437559,JITTER,82.84766302049181,82.14999470959198,2.0537498677397994,0,0.0,80.0,1,1,1,26,0.9999163150787354,1,26,1,0.030415358021855354,0.014807915315032005,0.937192976474762,0.017583724111318588,1,0,1,1,0.1,0.0,0.3464463932437559,0.1
1644,1644,26,0,0.0,0.9999748468399048,0.35606843987764525,15.05293119836168,0.20000000000000018,0.0,3,0.43055205588011936,JITTER,29.017197648949114,28.76569171715308,0.719142292928827,0,0.0,80.0,1,1,1,26,0.9999748468399048,1,26,1,0.2670285999774933,0.0852188691496849,0.5467360019683838,0.10101651400327682,1,0,1,1,0.1,0.0,0.23055205588011937,0.1
1645,1645,26,1,6.2,0.9968294501304626,0.35765834998090995,15.100493279663578,0.0,0.0,3,0.4315122317067158,JITTER,55.27448718582934,54.47802698158034,1.3619506745395087,0,0.0,80.0,1,1,1,26,0.9968294501304626,1,26,1,0.07291043549776077,0.04600314795970917,0.46114382147789,0.41994261741638184,1,0,1,1,0.1,0.0,0.17818335508496966,0.15332887662174613
1646,1646,26,0,0.0,0.9999344348907471,0.47099654611273467,17.987918357998616,3.2,0.0,3,0.4951853500247993,JITTER,77.90266081990518,77.13677519503457,1.9284193798758644,0,0.0,80.0,1,1,1,26,0.9999344348907471,1,26,1,0.09570562839508057,0.10256914794445038,0.04996252432465553,0.7517626881599426,1,1,0,1,0.1,0.1,0.0,0.2951853500247993
1647,1647,26,0,0.0,0.9982600808143616,0.30660900026369786,13.571190910258064,0.20000000000000018,0.0,3,0.39953182218519,JITTER,68.69820823049952,67.37055093502951,1.684263773375738,0,0.0,80.0,1,1,1,26,0.9982600808143616,1,26,1,0.35296082496643066,0.4137413203716278,0.11604349315166473,0.11725441366434097,1,1,0,1,0.12996565892968406,0.16956616325550591,0.0,0.1
1648,1648,26,1,6.2,0.7297758460044861,0.5628512850618591,20.861905418679065,0.0,0.0,3,0.5413220993980182,JITTER,95.62942217034505,94.67890480639957,2.366972620159989,0,0.0,80.0,1,1,0,26,0.7297758460044861,1,26,1,0.9177482724189758,0.019562168046832085,0.03463888540863991,0.028050627559423447,1,0,1,1,0.3413220993980183,0.0,0.1,0.1
1649,1649,26,0,0.0,0.9999808073043823,0.48264680282240474,18.668998979406048,3.2,0.0,3,0.5012722271390669,JITTER,67.92226128889776,67.88629088014713,1.6971572720036783,0,0.0,80.0,1,1,1,26,0.9999808073043823,1,26,1,0.7727248668670654,0.0945650115609169,0.021789712831377983,0.11092042922973633,1,1,0,1,0.301272227139067,0.1,0.0,0.1
1650,1650,26,0,0.0,0.9999549388885498,0.6048992442598282,22.368656408768757,0.20000000000000018,0.0,3,0.5611777551319822,JITTER,114.25092633198066,113.52160789327117,2.8380401973317793,0,0.0,80.0,1,1,1,26,0.9999549388885498,1,26,1,0.9942164421081543,0.0010151667520403862,0.0004516314947977662,0.004316719714552164,1,1,0,1,0.36117775513198225,0.1,0.0,0.1
1651,1651,26,1,6.2,0.9997709393501282,0.46854186300790407,17.99193981078579,0.0,0.0,3,0.49389329067509874,JITTER,45.59390818807438,44.68256901234503,1.1170642253086258,0,0.0,80.0,1,1,1,26,0.9997709393501282,1,26,1,0.13382655382156372,0.07332976162433624,0.04549398273229599,0.7473496794700623,1,1,0,1,0.1,0.1,0.0,0.29389329067509873
1652,1652,26,0,0.0,0.9999938011169434,0.3632288977671258,14.747201525787816,3.2,0.0,3,0.4348596609272378,JITTER,91.86896715045245,91.78194193178538,2.294548548294635,0,0.0,80.0,1,1,1,26,0.9999938011169434,1,26,1,0.1428261697292328,0.5594021081924438,0.11665654182434082,0.18111522495746613,1,1,0,1,0.1,0.23485966092723784,0.0,0.1
1653,1653,26,0,0.0,0.9999216794967651,0.3571174064072408,15.338199192660845,0.20000000000000018,0.0,3,0.4311857859568966,JITTER,26.188547702557646,26.17519072407242,0.6543797681018105,0,0.0,80.0,1,1,1,26,0.9999216794967651,1,26,1,0.5485904812812805,0.12707336246967316,0.06601064652204514,0.2583254873752594,1,1,0,1,0.23118578595689657,0.1,0.0,0.1
1654,1654,26,1,6.2,0.9878195524215698,0.3498049422601901,14.570660855239165,0.0,0.0,3,0.42674839563848854,JITTER,79.9618899512869,79.84744129771946,1.9961860324429865,0,0.0,80.0,1,1,1,26,0.9878195524215698,1,26,1,0.1550758183002472,0.5356702208518982,0.19707679748535156,0.11217710375785828,1,1,1,0,0.1,0.22674839563848856,0.1,0.0
1655,1655,26,0,0.0,0.9595425724983215,0.3718423213882567,16.32827027927209,3.2,0.0,3,0.4399854706507066,JITTER,113.33883568449306,111.2150777566659,2.780376943916648,0,0.0,80.0,1,1,1,26,0.9595425724983215,1,26,1,0.5746598243713379,0.3188268840312958,0.00822511687874794,0.09828825294971466,1,1,0,1,0.2399854706507066,0.1,0.0,0.1
1656,1656,26,0,0.0,0.999749481678009,0.41385349914426034,17.312757478383336,0.20000000000000018,0.0,3,0.46417553028973035,JITTER,74.60540667480798,73.6853147098417,1.8421328677460427,0,0.0,80.0,1,1,1,26,0.999749481678009,1,26,1,0.6493893265724182,0.3082926571369171,0.004002614878118038,0.038315411657094955,1,1,0,1,0.2641755302897304,0.1,0.0,0.1
1657,1657,26,1,6.2,0.9982831478118896,0.34194635332431644,15.012823347729503,0.0,0.0,3,0.42192758006784253,JITTER,49.18944015252498,49.12650468160105,1.2281626170400264,0,0.0,80.0,1,1,1,26,0.9982831478118896,1,26,1,0.03901469707489014,0.11500489711761475,0.39867866039276123,0.4473017454147339,0,1,1,1,0.0,0.1,0.14596478478111763,0.1759627952867249
1658,1658,26,0,0.0,0.9999819993972778,0.25132314684693724,13.09415130356024,3.2,0.0,3,0.36172220614504547,JITTER,93.74604451918155,93.55520384252767,2.338880096063192,0,0.0,80.0,1,1,1,26,0.9999819993972778,1,26,1,0.23909734189510345,0.2871553301811218,0.35445016622543335,0.11929717659950256,1,1,1,0,0.1,0.10664722060535939,0.1550749855396861,0.0
1659,1659,26,0,0.0,0.9999591112136841,0.3135868565633508,14.586682647955378,0.20000000000000018,0.0,3,0.4040525503367697,JITTER,28.555764101839316,28.37801982804978,0.7094504957012445,0,0.0,80.0,1,1,1,26,0.9999591112136841,1,26,1,0.20396146178245544,0.06903845071792603,0.2550472021102905,0.471952885389328,1,0,1,1,0.1,0.0,0.1,0.2040525503367697
1660,1660,26,1,6.2,0.9998899698257446,0.3507898274413001,15.803863948856169,0.0,0.0,3,0.4273487341353751,JITTER,21.246565983788205,21.06213065679859,0.5265532664199648,0,0.0,80.0,1,1,1,26,0.9998899698257446,1,26,1,0.12224173545837402,0.31589460372924805,0.5374093651771545,0.024454277008771896,1,1,1,0,0.1,0.1,0.22734873413537507,0.0
1661,1661,26,0,0.0,0.9999792575836182,0.541939488553295,20.174225685042543,3.2,0.0,3,0.5311709620031103,JITTER,90.76809100800767,89.31335275327814,2.2328338188319536,0,0.0,80.0,1,1,1,26,0.9999792575836182,1,26,1,0.05605403706431389,0.8798243403434753,0.03769749030470848,0.026424137875437737,1,1,1,0,0.1,0.33117096200311036,0.1,0.0
1662,1662,26,0,0.0,0.9992629885673523,0.42004167168629913,16.556775559424295,0.20000000000000018,0.0,3,0.4676329619391606,JITTER,80.43073037989213,79.06843616596531,1.9767109041491329,0,0.0,80.0,1,1,1,26,0.9992629885673523,1,26,1,0.6604374647140503,0.20117411017417908,0.07053788006305695,0.06785057485103607,1,1,1,0,0.26763296193916064,0.1,0.1,0.0
1663,1663,26,1,6.2,0.9998795986175537,0.37372444949723743,15.524668108615485,0.0,0.0,3,0.44109758689281,JITTER,60.65022037671103,59.620656096540664,1.4905164024135167,0,0.0,80.0,1,1,1,26,0.9998795986175537,1,26,1,0.22117434442043304,0.5779968500137329,0.126164048910141,0.07466482371091843,1,1,1,0,0.1,0.24109758689281,0.1,0.0
1664,1664,26,0,0.0,0.9999864101409912,0.4733319689531165,17.942411893663493,3.2,0.0,3,0.4964115130955121,JITTER,70.64733104983793,70.33219290642253,1.7583048226605635,0,0.0,80.0,1,1,1,26,0.9999864101409912,1,26,1,0.7559624910354614,0.057489074766635895,0.09470053762197495,0.09184785187244415,1,0,1,1,0.29641151309551217,0.0,0.1,0.1
1665,1665,26,0,0.0,0.9999884366989136,0.44413926461745246,18.028066477745632,0.20000000000000018,0.0,3,0.4808598438311687,JITTER,114.4145646660466,113.78535120952829,2.8446337802382073,0,0.0,80.0,1,1,1,26,0.9999884366989136,1,26,1,0.24194680154323578,0.053426872938871384,0.7035514116287231,0.0010749251814559102,1,1,1,0,0.1,0.1,0.2808598438311687,0.0
1666,1666,26,1,6.2,0.999757707118988,0.35341795984494895,15.310432850516683,0.0,0.0,3,0.4289466043969238,JITTER,22.620148418779312,22.510361961398754,0.5627590490349689,0,0.0,80.0,1,1,1,26,0.999757707118988,1,26,1,0.09044336527585983,0.06336411833763123,0.5420517921447754,0.30414071679115295,1,0,1,1,0.1,0.0,0.22894660439692374,0.1
1667,1667,26,0,0.0,0.9996880292892456,0.38123985231041535,15.749281933601951,3.2,0.0,3,0.4455106319648021,JITTER,56.668756125742775,56.270545135399246,1.4067636283849811,0,0.0,80.0,1,1,1,26,0.9996880292892456,1,26,1,0.48678404092788696,0.4468430280685425,0.02123953402042389,0.04513341933488846,1,1,0,1,0.18442391894484292,0.16108671301995917,0.0,0.1
1668,1668,26,0,0.0,0.9999847412109375,0.3363637216795969,14.40235673709096,0.20000000000000018,0.0,3,0.41846920218533734,JITTER,72.46675094435716,71.18680422810188,1.779670105702547,0,0.0,80.0,1,1,1,26,0.9999847412109375,1,26,1,0.10775355994701385,0.21998976171016693,0.5119683146476746,0.16028842329978943,0,1,1,1,0.0,0.1,0.2184692021853373,0.1
1669,1669,26,1,6.2,0.9989584684371948,0.2808749703648617,14.598773047138662,0.0,0.0,3,0.3823978539195112,JITTER,49.23382271096992,48.721032155263,1.2180258038815752,0,0.0,80.0,1,1,1,26,0.9989584684371948,1,26,1,0.029551541432738304,0.31057435274124146,0.3980775475502014,0.26179659366607666,0,1,1,1,0.0,0.11141607209858667,0.17098178182092452,0.1
1670,1670,26,0,0.0,0.999763548374176,0.4504383805904092,17.86323563230865,3.2,0.0,3,0.4842577955513722,JITTER,54.01389536884793,53.12615208792949,1.3281538021982373,0,0.0,80.0,1,1,1,26,0.999763548374176,1,26,1,0.219014972448349,0.043210841715335846,0.714844286441803,0.022929934784770012,1,1,1,0,0.1,0.1,0.2842577955513722,0.0
1671,1671,26,0,0.0,0.9984104633331299,0.4620871490794609,17.72287342074406,0.20000000000000018,0.0,3,0.4904795129074982,JITTER,35.76015132884784,35.68612047167069,0.8921530117917673,0,0.0,80.0,1,1,1,26,0.9984104633331299,1,26,1,0.05351274088025093,0.13284258544445038,0.07789304107427597,0.7357516884803772,0,1,1,1,0.0,0.1,0.1,0.2904795129074982
1672,1672,26,1,6.2,0.9989116191864014,0.4060565438040042,17.072951441368843,0.0,0.0,3,0.45978223108653216,JITTER,70.29952532376018,69.35485775675535,1.7338714439188838,0,0.0,80.0,1,1,1,26,0.9989116191864014,1,26,1,0.6354831457138062,0.3152361512184143,0.009503081440925598,0.039777591824531555,1,1,0,1,0.2597822310865322,0.1,0.0,0.1
1673,1673,26,0,0.0,0.9980733394622803,0.5403672498539548,20.269177337653268,3.2,0.0,3,0.5303999034768622,JITTER,99.55252010907665,98.3785473085633,2.4594636827140826,0,0.0,80.0,1,1,1,26,0.9980733394622803,1,26,1,0.8769760727882385,0.08999629318714142,0.026254262775182724,0.006773345172405243,1,1,1,0,0.3303999034768622,0.1,0.1,0.0
1674,1674,26,0,0.0,0.9995632767677307,0.6059754359222926,22.393734223791366,0.20000000000000018,0.0,3,0.5616767361165773,JITTER,97.38497613190006,96.62009493830581,2.4155023734576453,0,0.0,80.0,1,1,1,26,0.9995632767677307,1,26,1,0.9961771368980408,0.0003700706292875111,0.00037495940341614187,0.0030778346117585897,1,0,1,1,0.36167673611657736,0.0,0.1,0.1
1675,1675,26,1,6.2,0.9998605251312256,0.5686868658817846,21.15490767203901,0.0,0.0,3,0.5441210475918166,JITTER,23.2867670266469,23.23269547594573,0.5808173868986433,0,0.0,80.0,1,1,1,26,0.9998605251312256,1,26,1,0.928344190120697,0.033722974359989166,0.027359088882803917,0.01057372521609068,1,1,1,0,0.3441210475918166,0.1,0.1,0.0
1676,1676,26,0,0.0,0.9994390606880188,0.33361879450681553,14.726360798186755,3.2,0.607119811122485,3,0.4167582261308066,JITTER,23.87226012289962,23.715207555100598,0.5928801888775149,0,0.0,80.0,1,1,1,26,0.9994390606880188,1,26,1,0.23875059187412262,0.08116400241851807,0.5071357488632202,0.1729496419429779,1,0,1,1,0.1,0.0,0.21675822613080656,0.1
1677,1677,26,0,0.0,0.9997923970222473,0.4486763952363118,17.96627113713032,0.20000000000000018,0.0,3,0.48330972891413293,JITTER,69.54913412686824,69.05350267761615,1.726337566940404,0,0.0,80.0,1,1,1,26,0.9997923970222473,1,26,1,0.71168452501297,0.032997824251651764,0.012965618632733822,0.24235203862190247,1,1,0,1,0.283309728914133,0.1,0.0,0.1
1678,1678,26,1,6.2,0.6996381282806396,0.4808833535998015,18.47413610014614,0.0,0.0,3,0.5003556386189452,JITTER,76.05994750663922,75.32884537452777,1.8832211343631944,0,0.0,80.0,1,1,0,19,0.6996381282806396,0,37,0,0.11345379054546356,0.03268050774931908,0.769550085067749,0.08431562781333923,1,0,1,1,0.1,0.0,0.3003556386189452,0.1
1679,1679,26,0,0.0,0.9999628067016602,0.5567536104094633,20.904439191949763,3.2,0.0,3,0.5383818958795336,JITTER,87.79428018639403,86.62317092516184,2.165579273129046,0,0.0,80.0,1,1,1,26,0.9999628067016602,1,26,1,0.9066824316978455,0.003901025978848338,0.003571032779291272,0.08584551513195038,1,1,0,1,0.3383818958795336,0.1,0.0,0.1
1680,1680,26,0,0.0,0.9994224309921265,0.38681720009041903,16.143646918713426,0.20000000000000018,0.0,3,0.44875759823235517,JITTER,51.80641471086795,51.44769211780127,1.2861923029450317,0,0.0,80.0,1,1,1,26,0.9994224309921265,1,26,1,0.6012396812438965,0.27408233284950256,0.04692251980304718,0.07775542885065079,1,1,0,1,0.2487575982323552,0.1,0.0,0.1
1681,1681,26,1,6.2,0.9920578598976135,0.5486482170121525,20.372208681584535,0.0,0.0,3,0.5344485616035273,JITTER,78.51478216413034,77.57820685828906,1.9394551714572268,0,0.0,80.0,1,1,1,26,0.9920578598976135,1,26,1,0.8919826745986938,0.05428426340222359,0.027976375073194504,0.025756733492016792,1,1,1,0,0.3344485616035273,0.1,0.1,0.0
1682,1682,26,0,0.0,0.99915611743927,0.3305178254023816,14.57351039309054,3.2,0.0,3,0.4148168314395581,JITTER,51.46999136371331,51.12996218915049,1.2782490547287624,0,0.0,80.0,1,1,1,26,0.99915611743927,1,26,1,0.10907190293073654,0.4680120646953583,0.07053641229867935,0.35237962007522583,1,1,0,1,0.1,0.19368957864233702,0.0,0.12112725279722109
1683,1683,26,0,0.0,0.9986124038696289,0.23853264276113506,12.496385368491154,0.20000000000000018,0.0,3,0.3523975143235013,JITTER,89.4045013186147,88.24687248326453,2.2061718120816134,0,0.0,80.0,1,1,1,26,0.9986124038696289,1,26,1,0.15032535791397095,0.314360111951828,0.2980822026729584,0.23723237216472626,0,1,1,1,0.0,0.13221082190670191,0.12018669241679936,0.1
1684,1684,26,1,6.2,0.9993155002593994,0.40945572474557584,16.426160062247355,0.0,0.0,3,0.46170268507024115,JITTER,33.50508046797747,33.20953759461203,0.8302384398653008,0,0.0,80.0,1,1,1,26,0.9993155002593994,1,26,1,0.20604485273361206,0.6415437459945679,0.09109476208686829,0.06131664291024208,1,1,1,0,0.1,0.2617026850702412,0.1,0.0
1685,1685,26,0,0.0,0.9991143345832825,0.37232879617220516,16.342659039941616,3.2,0.0,3,0.44027318921235203,JITTER,109.27060787105903,109.19126500511692,2.729781625127923,0,0.0,80.0,1,1,1,26,0.9991143345832825,1,26,1,0.013215006329119205,0.24833960831165314,0.16292311251163483,0.575522243976593,0,1,1,1,0.0,0.1,0.1,0.240273189212352
1686,1686,26,0,0.0,0.9947081804275513,0.3634011630872092,15.732090020974425,0.20000000000000018,0.0,3,0.4349627672045415,JITTER,105.51639464842137,105.17203523204573,2.6293008808011433,0,0.0,80.0,1,1,1,26,0.9947081804275513,1,26,1,0.07011378556489944,0.3471852242946625,0.5467123985290527,0.03598852828145027,1,1,1,0,0.1,0.10777677843520783,0.22718598876933369,0.0
1687,1687,26,1,6.2,0.9988499879837036,0.33967959886679344,14.581995279478733,0.0,0.0,3,0.42052678066238014,JITTER,70.7248632461716,70.12464052805262,1.7531160132013157,0,0.0,80.0,1,1,1,19,0.9988499879837036,0,26,1,0.09029723703861237,0.3926449716091156,0.06879403442144394,0.4482637941837311,1,1,0,1,0.1,0.14304922404068868,0.0,0.17747755662169148
1688,1688,26,0,0.0,0.9999352693557739,0.3528149869771962,15.570807797585315,3.2,0.6842942442361051,3,0.42858053135206364,JITTER,21.012933734145882,20.628230230555793,0.5157057557638949,0,0.0,80.0,1,1,1,26,0.9999352693557739,1,26,1,0.517780601978302,0.10082193464040756,0.3524928689002991,0.02890467643737793,1,1,1,0,0.21448591147007454,0.1,0.11409461988198907,0.0
1689,1689,26,0,0.0,0.9998905658721924,0.4096849270137105,16.57934071070167,0.20000000000000018,0.0,3,0.46183189134470914,JITTER,65.49252273343056,64.24257399723983,1.606064349930996,0,0.0,80.0,1,1,1,26,0.9998905658721924,1,26,1,0.6419525146484375,0.06841365993022919,0.23971468210220337,0.04991913214325905,1,1,1,0,0.2618318913447092,0.1,0.1,0.0
1690,1690,26,1,6.2,0.9461398124694824,0.515709716555009,19.469469338067828,0.0,0.0,3,0.5181572552294551,JITTER,48.67439009792179,47.83108119936923,1.1957770299842307,0,0.0,80.0,1,1,1,26,0.9461398124694824,1,26,1,0.025775307789444923,0.09312591701745987,0.04873472824692726,0.8323641419410706,0,1,1,1,0.0,0.1,0.1,0.31815725522945504
1691,1691,26,0,0.0,0.9994240999221802,0.3322278517739825,14.708870791092314,3.2,0.0,3,0.4158885324649514,JITTER,112.23895739956305,110.98899160236834,2.7747247900592087,0,0.0,80.0,1,1,1,26,0.9994240999221802,1,26,1,0.23961161077022552,0.0808064267039299,0.5046879649162292,0.17489399015903473,1,0,1,1,0.1,0.0,0.2158885324649514,0.1
1692,1692,26,0,0.0,0.9999270439147949,0.4536737489568038,17.647124054261106,0.20000000000000018,0.0,3,0.4859938254912938,JITTER,40.26777878677175,39.71591094656702,0.9928977736641755,0,0.0,80.0,1,1,1,26,0.9999270439147949,1,26,1,0.07610734552145004,0.044560227543115616,0.7206481099128723,0.15868425369262695,1,0,1,1,0.1,0.0,0.2859938254912938,0.1
1693,1693,26,1,6.2,0.9929749965667725,0.3201724654871851,14.134715549332867,0.0,0.0,3,0.4082732412344874,JITTER,74.89780665294602,73.48294264712598,1.8370735661781497,0,0.0,80.0,1,1,1,26,0.9929749965667725,1,26,1,0.41595983505249023,0.08362677693367004,0.3812273442745209,0.11918601393699646,1,0,1,1,0.16520904885095453,0.0,0.14306419238353282,0.1
1694,1694,26,0,0.0,0.9999725818634033,0.3126608256302851,14.892129027978214,3.2,0.0,3,0.40345551989517303,JITTER,63.927206181049186,63.583899634747254,1.5895974908686814,0,0.0,80.0,1,1,1,26,0.9999725818634033,1,26,1,0.4703301787376404,0.046056028455495834,0.17737977206707,0.3062340021133423,1,0,1,1,0.203455519895173,0.0,0.1,0.1
1695,1695,26,0,0.0,0.9990857839584351,0.48871226960360337,18.3408509370232,0.20000000000000018,0.0,3,0.5044121600839203,JITTER,33.82870014941071,33.35602283922242,0.8339005709805605,0,0.0,80.0,1,1,1,26,0.9990857839584351,1,26,1,0.7836495637893677,0.07619867473840714,0.08490799367427826,0.05524374917149544,1,1,1,0,0.30441216008392036,0.1,0.1,0.0
1696,1696,26,1,6.2,0.9999213218688965,0.2456587740189059,12.386848332318687,0.0,0.0,3,0.3576226907968436,JITTER,117.41096189805822,117.34440451072611,2.933610112768153,0,0.0,80.0,1,1,1,26,0.9999213218688965,1,26,1,0.3539332151412964,0.26880475878715515,0.1698836088180542,0.20737841725349426,1,1,0,1,0.15762269079684363,0.1,0.0,0.1
1697,1697,26,0,0.0,0.9998800754547119,0.540430524335361,20.13004570714842,3.2,0.0,3,0.5304309562437021,JITTER,94.04453547781267,92.30108077046859,2.3075270192617148,0,0.0,80.0,1,1,1,26,0.9998800754547119,1,26,1,0.8770906925201416,0.026066245511174202,0.06586649268865585,0.030976545065641403,1,0,1,1,0.3304309562437021,0.0,0.1,0.1
1698,1698,26,0,0.0,0.999401330947876,0.4131405032644658,15.996611560118321,0.20000000000000018,0.0,3,0.463775512036363,JITTER,27.478153422734934,27.417608034694613,0.6854402008673653,0,0.0,80.0,1,1,1,26,0.999401330947876,1,26,1,0.6481170058250427,0.11619061976671219,0.09752801805734634,0.13816435635089874,1,1,0,1,0.26377551203636307,0.1,0.0,0.1
1699,1699,26,1,6.2,0.9998769760131836,0.5343252020631704,20.030689208977613,0.0,0.0,3,0.5274262681924458,JITTER,89.19570984497086,88.0397987796395,2.2009949694909876,0,0.0,80.0,1,1,1,26,0.9998769760131836,1,26,1,0.8660343289375305,0.05445001274347305,0.021654531359672546,0.05786110833287239,1,1,0,1,0.3274262681924458,0.1,0.0,0.1
1700,1700,26,0,0.0,0.9999580383300781,0.25909486426544953,12.792257712127263,3.2,0.5391472472964789,3,0.36727243027359413,JITTER,26.882741531624568,26.434110108140842,0.6608527527035211,0,0.0,80.0,1,1,1,26,0.9999580383300781,1,26,1,0.37709835171699524,0.1980038285255432,0.27521583437919617,0.14968203008174896,1,1,1,0,0.1672724302735941,0.1,0.1,0.0
1701,1701,26,0,0.0,0.9999827146530151,0.4128239301163436,16.817981465928355,0.20000000000000018,0.0,3,0.46359779161334125,JITTER,72.34238478448924,71.02980835534134,1.7757452088835337,0,0.0,80.0,1,1,1,26,0.9999827146530151,1,26,1,0.03818241506814957,0.6475521326065063,0.06251693516969681,0.25174853205680847,0,1,1,1,0.0,0.2635977916133413,0.1,0.1
1702,1702,26,1,6.2,0.9991636276245117,0.3099718938431936,13.817265070288416,0.0,0.0,3,0.4017168835394065,JITTER,107.79908809927043,106.04733616772683,2.651183404193171,0,0.0,80.0,1,1,1,26,0.9991636276245117,1,26,1,0.09792525321245193,0.3944355249404907,0.37983182072639465,0.1278073787689209,0,1,1,1,0.0,0.15558996312820558,0.14612692041120087,0.1
1703,1703,26,0,0.0,0.9999791383743286,0.502028823893234,18.8845775877615,3.2,0.0,3,0.5112381479565957,JITTER,71.58988962444212,71.22949088323934,1.7807372720809835,0,0.0,80.0,1,1,1,26,0.9999791383743286,1,26,1,0.8076604008674622,0.04194287583231926,0.07326122373342514,0.07713546603918076,1,0,1,1,0.31123814795659577,0.0,0.1,0.1
1704,1704,26,0,0.0,0.9995114803314209,0.39714214143029297,16.714187397776943,0.20000000000000018,0.0,3,0.45470728591406423,JITTER,70.59755039111326,70.45520966462608,1.761380241615652,0,0.0,80.0,1,1,1,26,0.9995114803314209,1,26,1,0.29426252841949463,0.06790295243263245,0.6196039319038391,0.01823061890900135,1,1,1,0,0.1,0.1,0.2547072859140642,0.0
1705,1705,26,1,6.2,0.973517656326294,0.43369914697460255,17.43841123513253,0.0,0.0,3,0.4751745919595455,JITTER,85.88461484734262,85.65448320990659,2.141362080247665,0,0.0,80.0,1,1,1,26,0.973517656326294,1,26,1,0.6848552227020264,0.14100202918052673,0.02647656947374344,0.14766615629196167,1,1,0,1,0.2751745919595455,0.1,0.0,0.1
1706,1706,26,0,0.0,0.996776282787323,0.4440463666587454,17.675468461197042,3.2,0.0,3,0.4808095519096864,JITTER,71.11729625007231,71.03994627072261,1.7759986567680652,0,0.0,80.0,1,1,1,26,0.996776282787323,1,26,1,0.025687547400593758,0.14367961883544922,0.12724792957305908,0.7033849358558655,0,1,1,1,0.0,0.1,0.1,0.2808095519096864
1707,1707,26,0,0.0,0.9995452761650085,0.42889563181090556,17.473304870276646,0.20000000000000018,0.0,3,0.47253582300692953,JITTER,49.951249027464584,49.71939484975808,1.2429848712439522,0,0.0,80.0,1,1,1,26,0.9995452761650085,1,26,1,0.17606528103351593,0.6762619018554688,0.1315850466489792,0.016087843105196953,1,1,1,0,0.1,0.2725358230069296,0.1,0.0
1708,1708,26,1,6.2,0.9999499320983887,0.5116081473384432,19.31545148986425,0.0,0.0,3,0.516092624348312,JITTER,82.00315427116705,80.71277442867733,2.0178193607169335,0,0.0,80.0,1,1,1,26,0.9999499320983887,1,26,1,0.8249541521072388,0.04189606383442879,0.10412268340587616,0.029027137905359268,1,1,1,0,0.3160926243483121,0.1,0.1,0.0
1709,1709,26,0,0.0,0.9950211048126221,0.4004884814488849,15.943977994438931,3.2,0.5676816388680889,3,0.45661896083045184,JITTER,25.730295454052616,25.29273444527644,0.6323183611319111,0,0.0,80.0,1,1,1,37,0.9950211048126221,0,37,0,0.5008061528205872,0.47558555006980896,0.01499483548104763,0.008613393642008305,1,1,1,0,0.1854983297536106,0.17112063107684125,0.1,0.0
1710,1710,26,0,0.0,0.9999005794525146,0.2884154686889872,14.238534340324641,0.20000000000000018,0.0,3,0.38749687204941086,JITTER,106.07676949546045,105.35063354148696,2.6337658385371743,0,0.0,80.0,1,1,1,26,0.9999005794525146,1,26,1,0.4106864631175995,0.06152196601033211,0.31500527262687683,0.21278627216815948,1,0,1,1,0.17588624246557624,0.0,0.11161062958383461,0.1
1711,1711,26,1,6.2,0.8721572160720825,0.36359224280894376,15.857801435979262,0.0,0.0,3,0.4350771059168166,JITTER,85.90040659703222,85.20871413454041,2.1302178533635105,0,0.0,80.0,1,1,1,24,0.8721572160720825,0,26,1,0.3917381763458252,0.5025855302810669,0.005413351114839315,0.10026292502880096,1,1,0,1,0.13437836671784,0.2006987391989766,0.0,0.1
1712,1712,26,0,0.0,0.9950140118598938,0.3768176062491928,15.93621916101467,3.2,0.3238851649464898,3,0.44291921309184823,JITTER,35.419088218963154,35.04459340214041,0.8761148350535102,0,0.0,80.0,1,1,1,26,0.9950140118598938,1,26,1,0.5280734300613403,0.01581687107682228,0.3957136273384094,0.060396142303943634,1,0,1,1,0.21035421941352447,0.0,0.13256499367832378,0.1
1713,1713,26,0,0.0,0.9985663294792175,0.3825797670537665,16.241587584781726,0.20000000000000018,0.0,3,0.4462928464549236,JITTER,28.635967450159665,28.132849449203842,0.7033212362300961,0,0.0,80.0,1,1,1,26,0.9985663294792175,1,26,1,0.2722085118293762,0.5937116742134094,0.09905917197465897,0.03502063825726509,1,1,1,0,0.1,0.24629284645492358,0.1,0.0
1714,1714,26,1,6.2,0.8515034914016724,0.2684189128268178,13.481004520571446,0.0,0.0,3,0.373822539082604,JITTER,112.42897594096085,110.58151346868421,2.764537836717105,0,0.0,80.0,1,1,1,26,0.8515034914016724,1,26,1,0.2148120105266571,0.10474254935979843,0.2926352322101593,0.38781026005744934,1,0,1,1,0.1,0.0,0.10377410141812418,0.17004843766447983
1715,1715,26,0,0.0,0.99991774559021,0.4211129777120137,17.13176585535514,3.2,0.0,3,0.46822892540821137,JITTER,76.25281207559786,75.40244286394372,1.8850610715985932,0,0.0,80.0,1,1,1,26,0.99991774559021,1,26,1,0.662351131439209,0.028375471010804176,0.06085021048784256,0.24842317402362823,1,0,1,1,0.2682289254082114,0.0,0.1,0.1
1716,1716,26,0,0.0,0.9998177886009216,0.520015975918931,19.823203244943464,0.20000000000000018,0.0,3,0.5203161062630688,JITTER,118.46073766009297,117.87340531920127,2.946835132980032,0,0.0,80.0,1,1,1,26,0.9998177886009216,1,26,1,0.8401473164558411,0.11622531712055206,0.007489410694688559,0.036137957125902176,1,1,0,1,0.32031610626306883,0.1,0.0,0.1
1717,1717,26,1,6.2,0.9985111355781555,0.433380758122047,17.140637515714147,0.0,0.0,3,0.4750001414553193,JITTER,27.59483659052075,27.284703231314733,0.6821175807828683,0,0.0,80.0,1,1,1,26,0.9985111355781555,1,26,1,0.6842854619026184,0.19069638848304749,0.04743954911828041,0.07757862657308578,1,1,0,1,0.27500014145531937,0.1,0.0,0.1
1718,1718,26,0,0.0,0.9999740123748779,0.2601646071022492,12.756763683314198,3.2,0.0,3,0.3680298407931172,JITTER,52.87855978101033,52.53766357965698,1.3134415894914246,0,0.0,80.0,1,1,1,26,0.9999740123748779,1,26,1,0.1960597038269043,0.2719583213329315,0.37894687056541443,0.15303508937358856,1,1,1,0,0.1,0.1,0.1680298407931172,0.0
1719,1719,26,0,0.0,0.9999181032180786,0.35025356068630265,14.353684531675315,0.20000000000000018,0.0,3,0.4270219564547121,JITTER,20.708535416994806,20.46159051840218,0.5115397629600545,0,0.0,80.0,1,1,1,26,0.9999181032180786,1,26,1,0.5364623665809631,0.20089413225650787,0.13428808748722076,0.12835544347763062,1,1,1,0,0.22702195645471204,0.1,0.1,0.0
1720,1720,26,1,6.2,0.9997765421867371,0.2326314041479802,12.404689220620394,0.0,0.0,3,0.3480111010313548,JITTER,46.40337022756141,46.229024832317464,1.1557256208079367,0,0.0,80.0,1,1,1,26,0.9997765421867371,1,26,1,0.3315708637237549,0.24432088434696198,0.2630734443664551,0.16103479266166687,1,1,1,0,0.1480111010313548,0.1,0.1,0.0
1721,1721,26,0,0.0,0.9990857839584351,0.48871226960360337,18.3408509370232,3.2,0.6033003793953622,3,0.5044121600839203,JITTER,24.04319313930037,23.86798482418551,0.5966996206046378,0,0.0,80.0,1,1,1,26,0.9990857839584351,1,26,1,0.7836495637893677,0.07619867473840714,0.08490799367427826,0.05524374917149544,1,1,1,0,0.30441216008392036,0.1,0.1,0.0
1722,1722,26,0,0.0,0.9973293542861938,0.4588485833784792,18.031399146496327,0.20000000000000018,0.0,3,0.4887577131194304,JITTER,107.89688723864573,107.17037259536818,2.6792593148842045,0,0.0,80.0,1,1,1,26,0.9973293542861938,1,26,1,0.7299360036849976,0.025452006608247757,0.19338184595108032,0.051230140030384064,1,0,1,1,0.28875771311943044,0.0,0.1,0.1
1723,1723,26,1,6.2,0.9999146461486816,0.2876839082164326,14.668887946161874,0.0,0.0,3,0.3870051207171335,JITTER,87.90742101195937,86.57729916341756,2.164432479085439,0,0.0,80.0,1,1,1,26,0.9999146461486816,1,26,1,0.4197884202003479,0.2416601926088333,0.034300047904253006,0.3042512834072113,1,1,0,1,0.18235897732776044,0.1,0.0,0.10464614338937306
1724,1724,26,0,0.0,0.9996809959411621,0.4866186225304584,18.897981546477588,3.2,0.0,3,0.5033305476700736,JITTER,52.81008091901996,51.94226264497298,1.2985565661243246,0,0.0,80.0,1,1,1,26,0.9996809959411621,1,26,1,0.01241159625351429,0.17571982741355896,0.031990788877010345,0.779877781867981,0,1,1,1,0.0,0.1,0.1,0.3033305476700736
1725,1725,26,0,0.0,0.9999836683273315,0.3160265871786873,11.719702575671448,0.20000000000000018,0.0,4,0.40562128547150333,JITTER,89.1879659666949,88.19041242948452,2.204760310737113,0,0.0,80.0,1,1,1,26,0.9999836683273315,1,26,1,0.3204062283039093,0.2187814563512802,0.24016833305358887,0.22064398229122162,1,1,1,1,0.10562128547150337,0.1,0.1,0.1
1726,1726,26,1,6.2,0.9999451637268066,0.4933527671164635,18.571280798913552,0.0,0.0,3,0.5068012888652645,JITTER,20.099246405062893,20.085140446046395,0.5021285111511599,0,0.0,80.0,1,1,1,26,0.9999451637268066,1,26,1,0.7920127511024475,0.08729151636362076,0.0722711831331253,0.04842456057667732,1,1,1,0,0.3068012888652646,0.1,0.1,0.0
1727,1727,26,0,0.0,0.999941349029541,0.4237365335499193,17.406016487505184,3.2,0.0,3,0.46968520607982256,JITTER,119.08658441060633,117.223394000819,2.930584850020475,0,0.0,80.0,1,1,1,26,0.999941349029541,1,26,1,0.27695611119270325,0.6670387983322144,0.043607063591480255,0.012398023158311844,1,1,1,0,0.1,0.2696852060798226,0.1,0.0
1728,1728,27,0,0.0,0.9324169754981995,0.4005868222292509,16.869763018106052,0.20000000000000018,0.0,3,0.4566750192575632,JITTER,113.7565258772947,111.70366831970624,2.7925917079926563,0,0.0,80.0,1,1,1,27,0.9324169754981995,1,27,1,0.009710237383842468,0.23014600574970245,0.13440635800361633,0.6257373690605164,0,1,1,1,0.0,0.1,0.1,0.2566750192575632
1729,1729,27,1,6.2,0.8748392462730408,0.3220027122955429,14.25158852319582,0.0,0.0,3,0.40943851312569823,JITTER,22.044298314275082,21.69518395676499,0.5423795989191248,0,0.0,80.0,1,1,1,27,0.8748392462730408,1,27,1,0.2343178391456604,0.10241425782442093,0.48671552538871765,0.17655237019062042,1,0,1,1,0.1,0.0,0.2094385131256982,0.1
1730,1730,27,0,0.0,0.9874167442321777,0.44821934800070384,15.893248285724322,3.2,0.0,3,0.48306350283594,JITTER,65.11457440111546,64.08633947274723,1.6021584868186807,0,0.0,80.0,1,1,1,19,0.9874167442321777,0,19,0,0.13458645343780518,0.7108650207519531,0.07305936515331268,0.08148911595344543,1,1,0,1,0.1,0.28306350283594006,0.0,0.1
1731,1731,27,0,0.0,0.7306187748908997,0.2987388168693558,14.882794268674768,0.20000000000000018,0.0,3,0.39437080307137107,JITTER,20.671578416338512,20.552427727252482,0.5138106931813121,0,0.0,80.0,1,1,0,27,0.7306187748908997,1,27,1,0.013861359097063541,0.23715947568416595,0.35123300552368164,0.39774611592292786,0,1,1,1,0.0,0.1,0.13183469075952284,0.16253611231184825
1732,1732,27,1,6.2,0.9456701874732971,0.4677252764500048,18.58862884836608,0.0,0.0,3,0.49346271815790627,JITTER,95.13237757913022,93.6235385173433,2.340588462933583,0,0.0,80.0,1,1,1,27,0.9456701874732971,1,27,1,0.0010180083336308599,0.2395985871553421,0.013501537963747978,0.7458819150924683,0,1,1,1,0.0,0.1,0.1,0.29346271815790625
1733,1733,27,0,0.0,0.9516227841377258,0.32294093274159164,11.711417241149864,3.2,0.0,4,0.41003457048257874,JITTER,81.9714601214624,81.47757192707164,2.036939298176791,0,0.0,80.0,1,1,1,27,0.9516227841377258,1,27,1,0.23071756958961487,0.2152865082025528,0.33084410429000854,0.2231517732143402,1,1,1,1,0.1,0.1,0.11003457048257873,0.1
1734,1734,27,1,6.2,0.2996985614299774,0.30409246941912876,13.11876865695993,0.20000000000000018,0.0,3,0.39788884086525234,JITTER,51.03625912878629,50.04945880549015,1.2512364701372538,0,0.0,80.0,1,1,0,27,0.2996985614299774,1,27,1,0.06568120419979095,0.3260982036590576,0.4349397122859955,0.17328095436096191,0,1,1,1,0.0,0.11334108751523969,0.1845477533500127,0.1
1735,1735,27,0,0.0,0.5348569750785828,0.4866640871987007,18.824867823543094,3.4000000000000004,0.0,3,0.503354060150716,JITTER,63.92121792342045,63.349601728695134,1.5837400432173785,0,0.0,80.0,1,1,0,34,0.5348569750785828,0,27,1,0.017669077962636948,0.02743678167462349,0.7799596786499023,0.17493444681167603,0,1,1,1,0.0,0.1,0.3033540601507161,0.1
1736,1736,27,0,0.0,0.9893165826797485,0.5425091551401126,20.162013782540996,0.40000000000000036,0.0,3,0.5314500622340149,JITTER,75.23327502406994,74.61711098542358,1.8654277746355896,0,0.0,80.0,1,1,1,33,0.9893165826797485,0,33,0,0.0009759447420947254,0.880856454372406,0.09212175011634827,0.02604586072266102,0,1,1,1,0.0,0.33145006223401496,0.1,0.1
1737,1737,27,1,6.2,0.9406726956367493,0.4332391957354172,17.170395813833306,0.0,0.0,3,0.4749225565090369,JITTER,75.26715645974141,74.61634330157072,1.8654085825392681,0,0.0,80.0,1,1,1,27,0.9406726956367493,1,27,1,0.684032142162323,0.15774618089199066,0.04506320506334305,0.1131584569811821,1,1,0,1,0.27492255650903696,0.1,0.0,0.1
1738,1738,27,0,0.0,0.45608991384506226,0.3058841545301617,13.953404481650812,3.2,0.0,3,0.39905928175541105,JITTER,102.67149196021867,100.80481947080571,2.5201204867701428,0,0.0,80.0,1,1,0,29,0.45608991384506226,0,27,1,0.2957957684993744,0.45846569538116455,0.041439130902290344,0.2042994648218155,1,1,0,1,0.1,0.19905928175541107,0.0,0.1
1739,1739,27,0,0.0,0.9968551397323608,0.5488187549925729,19.7479051763949,0.20000000000000018,0.0,3,0.5345316172792638,JITTER,113.21102598153617,111.9333349331475,2.798333373328688,0,0.0,80.0,1,1,1,25,0.9968551397323608,0,25,0,0.8922918438911438,0.0539172887802124,0.023673297837376595,0.030117569491267204,1,1,0,1,0.33453161727926384,0.1,0.0,0.1
1740,1740,27,1,6.2,0.889485776424408,0.6025049827119406,22.294669356894907,0.0,0.0,3,0.5600660505723567,JITTER,64.21485574644953,63.30911797361082,1.5827279493402706,0,0.0,80.0,1,1,1,27,0.889485776424408,1,27,1,0.0007359413430094719,0.004577030427753925,0.004832053557038307,0.9898549914360046,0,1,1,1,0.0,0.1,0.1,0.36006605057235663
1741,1741,27,0,0.0,0.3499465584754944,0.4083600381698618,16.331579407944655,3.2,0.0,3,0.4610845226091676,JITTER,103.83235912959066,102.6632436427543,2.5665810910688576,0,0.0,80.0,1,1,0,27,0.3499465584754944,1,27,1,0.20333793759346008,0.09123264253139496,0.06583952158689499,0.6395898461341858,1,1,0,1,0.1,0.1,0.0,0.2610845226091676
1742,1742,27,0,0.0,0.49781927466392517,0.4014299888417718,16.2394377263755,0.20000000000000018,0.0,3,0.4571553779499856,JITTER,89.99810218222613,88.64861780792164,2.216215445198041,0,0.0,80.0,1,1,0,27,0.49781927466392517,1,27,1,0.05765606462955475,0.17353734374046326,0.6272391676902771,0.1415674388408661,0,1,1,1,0.0,0.1,0.25715537794998566,0.1
1743,1743,27,1,6.2,0.6075482964515686,0.3265980926665078,14.74482192414401,0.0,0.0,3,0.4123497622905996,JITTER,87.63937767172867,86.33156406204645,2.1582891015511616,0,0.0,80.0,1,1,0,27,0.6075482964515686,1,27,1,0.14012500643730164,0.369546115398407,0.04827055707573891,0.44205835461616516,1,1,0,1,0.1,0.1332871138282282,0.0,0.17906264846237138
1744,1744,27,0,0.0,0.9974676370620728,0.5834748387550274,21.688522752056656,3.2,0.18856959023526243,3,0.551150229772551,JITTER,40.86453325559984,40.4572163905895,1.0114304097647375,0,0.0,80.0,1,1,1,27,0.9974676370620728,1,27,1,0.0032126910518854856,0.026885394006967545,0.014682113192975521,0.9552198052406311,0,1,1,1,0.0,0.1,0.1,0.35115022977255095
1745,1745,27,1,6.2,0.9988798499107361,0.36700452402848377,15.136099419163976,0.20000000000000018,0.0,3,0.43711391843636993,JITTER,78.82685546050871,78.82294891055855,1.970573722763964,0,0.0,80.0,1,1,1,27,0.9988798499107361,1,27,1,0.5660873651504517,0.13494493067264557,0.29479268193244934,0.004174999892711639,1,1,1,0,0.23711391843636995,0.1,0.1,0.0
1746,1746,27,0,0.0,0.9956620335578918,0.5135677454781304,17.683797236000753,3.4000000000000004,0.0,3,0.5170800671607059,JITTER,105.59625088136819,104.30792486061755,2.6076981215154387,0,0.0,80.0,1,1,1,36,0.9956620335578918,0,27,1,0.8284940123558044,0.025616435334086418,0.12429873645305634,0.021590840071439743,1,1,1,0,0.3170800671607059,0.1,0.1,0.0
1747,1747,27,0,0.0,0.9978041052818298,0.5217221574962331,19.907756995526317,0.40000000000000036,0.0,3,0.5211689904091119,JITTER,32.91363316982033,32.376247625373345,0.8094061906343337,0,0.0,80.0,1,1,1,27,0.9978041052818298,1,27,1,0.00806453637778759,0.14300398528575897,0.0056994943879544735,0.8432320356369019,1,1,0,1,0.1,0.1,0.0,0.32116899040911195
1748,1748,28,1,6.2,0.9925903081893921,0.5455641526814494,20.47106149433031,0.0,0.0,3,0.5329443221393265,JITTER,91.70569664405446,90.31488888609043,2.257872222152261,0,0.0,80.0,1,1,1,28,0.9925903081893921,1,28,1,0.041910745203495026,0.8863924145698547,0.059313442558050156,0.012383379973471165,1,1,1,0,0.1,0.33294432213932657,0.1,0.0
1749,1749,28,0,0.0,0.8059310913085938,0.31501139221429614,14.227538490236672,3.2,0.0,3,0.404969258178836,JITTER,59.20424618618562,58.19279787620108,1.454819946905027,0,0.0,80.0,1,1,1,28,0.8059310913085938,1,36,0,0.47068214416503906,0.31491363048553467,0.1577291637659073,0.056675076484680176,1,1,1,0,0.2025474688719676,0.1024217893068684,0.1,0.0
1750,1750,28,0,0.0,0.9914751052856445,0.4622711592848663,17.593710624853202,0.20000000000000018,0.0,3,0.49057716142772767,JITTER,61.402758213236226,60.7021415017011,1.5175535375425275,0,0.0,80.0,1,1,1,28,0.9914751052856445,1,28,1,0.06260371208190918,0.7360821962356567,0.06875688582658768,0.13255728781223297,0,1,1,1,0.0,0.2905771614277277,0.1,0.1
1751,1751,28,1,6.2,0.9549863934516907,0.27720196447568507,14.835884476486383,0.0,0.0,3,0.3798893148575557,JITTER,20.06423036998737,19.80545271534121,0.4951363178835303,0,0.0,80.0,1,1,1,28,0.9549863934516907,1,28,1,0.3107650876045227,0.2908272445201874,0.38957712054252625,0.008830591104924679,1,1,1,0,0.11294282029174754,0.1,0.1669464945658082,0.0
1752,1752,28,0,0.0,0.9299443960189819,0.35350770114499014,14.60662337163232,3.2,0.0,3,0.4290010608577698,JITTER,91.81757921279367,90.77616703103199,2.2694041757758,0,0.0,80.0,1,1,1,28,0.9299443960189819,1,28,1,0.4310392439365387,0.44078120589256287,0.049490347504615784,0.07868916541337967,1,1,0,1,0.16154492861283262,0.1674561322449372,0.0,0.1
1753,1753,28,0,0.0,0.9511793851852417,0.4077009558406078,16.780012997460076,0.20000000000000018,0.0,3,0.4607122832242329,JITTER,69.6558817043616,68.52754492034339,1.7131886230085849,0,0.0,80.0,1,1,1,28,0.9511793851852417,1,28,1,0.3178209662437439,0.04301619529724121,0.0007481696084141731,0.6384146809577942,1,1,0,1,0.1,0.1,0.0,0.2607122832242329
1754,1754,28,1,6.2,0.840442955493927,0.4647002363220902,18.50288318595147,0.0,0.0,3,0.4918643803741078,JITTER,88.13727171652418,87.64709797260188,2.191177449315047,0,0.0,80.0,1,1,1,28,0.840442955493927,1,28,1,0.0019123299280181527,0.2504715919494629,0.00717024365440011,0.7404458522796631,0,1,1,1,0.0,0.1,0.1,0.2918643803741078
1755,1755,28,0,0.0,0.9860526323318481,0.4621821911185678,18.333553256306377,3.2,0.0,3,0.4905299512029407,JITTER,115.90733380799858,114.26778471261765,2.8566946178154415,0,0.0,80.0,1,1,1,28,0.9860526323318481,1,28,1,0.22121359407901764,0.0008470218162983656,0.04201701283454895,0.7359223961830139,1,0,1,1,0.1,0.0,0.1,0.2905299512029407
1756,1756,28,0,0.0,0.9996815919876099,0.5676374608883699,21.092875340413553,0.20000000000000018,0.0,3,0.543618779083548,JITTER,118.79389289124246,116.48629463575745,2.912157365893936,0,0.0,80.0,1,1,1,28,0.9996815919876099,1,28,1,0.01711137779057026,0.012784590013325214,0.04366571456193924,0.9264383316040039,1,0,1,1,0.1,0.0,0.1,0.3436187790835481
1757,1757,28,1,6.2,0.9706912636756897,0.5044642264701039,19.34280500932021,0.0,0.0,3,0.5124766867596506,JITTER,111.89097228100898,110.2005871573869,2.755014678934673,0,0.0,80.0,1,1,1,28,0.9706912636756897,1,28,1,0.013502275571227074,0.13926437497138977,0.035178009420633316,0.8120554089546204,0,1,1,1,0.0,0.1,0.1,0.31247668675965057
1758,1758,28,0,0.0,0.9606714248657227,0.3764061540251726,15.684398750092864,3.2,0.0,3,0.4426773323157811,JITTER,80.94293684969674,80.66421686653959,2.0166054216634897,0,0.0,80.0,1,1,1,28,0.9606714248657227,1,28,1,0.021832475438714027,0.4388722777366638,0.055296219885349274,0.48399895429611206,0,1,1,1,0.0,0.1580707130559085,0.1,0.18460661925987257
1759,1759,28,0,0.0,0.9997116923332214,0.4124323104634888,16.499598118344764,0.20000000000000018,0.0,3,0.46337784665549037,JITTER,74.33514174237577,73.19725429680639,1.8299313574201599,0,0.0,80.0,1,1,1,28,0.9997116923332214,1,28,1,0.06054872274398804,0.14131008088588715,0.15128780901432037,0.6468533873558044,0,1,1,1,0.0,0.1,0.1,0.26337784665549036
1760,1760,28,1,6.2,0.9905701875686646,0.29420781521808204,14.723866556203813,0.0,0.0,3,0.39136864527264015,JITTER,72.08571587055678,70.83396308819778,1.7708490772049446,0,0.0,80.0,1,1,1,28,0.9905701875686646,1,28,1,0.36486175656318665,0.3739020526409149,0.02133357524871826,0.23990261554718018,1,1,0,1,0.14267786916551284,0.14869077610712733,0.0,0.1
1761,1761,28,0,0.0,0.9989892840385437,0.40297994088282435,16.52296104565665,3.2,0.43175827332142425,3,0.45803708371224106,JITTER,30.965589919169826,30.72966906714303,0.7682417266785757,0,0.0,80.0,1,1,1,28,0.9989892840385437,1,28,1,0.0060770874843001366,0.012003517709672451,0.40530258417129517,0.5766168236732483,0,1,1,1,0.0,0.1,0.1303385290942251,0.22769855461801594
1762,1762,28,1,6.2,0.7032533884048462,0.4352852244495914,16.557557805844432,0.20000000000000018,0.0,3,0.4760426775034568,JITTER,70.59644185936573,69.98602930708259,1.7496507326770647,0,0.0,80.0,1,1,0,21,0.7032533884048462,0,21,0,0.2320418357849121,0.07711362093687057,0.0031506516970694065,0.6876938939094543,1,1,0,1,0.1,0.1,0.0,0.2760426775034568
1763,1763,28,0,0.0,0.9715004563331604,0.4547151628587436,17.490368767825935,3.4000000000000004,0.4309024687587255,3,0.4865513082732758,JITTER,30.85865478215531,30.763901249650978,0.7690975312412744,0,0.0,80.0,1,1,1,28,0.9715004563331604,1,28,1,0.1288786232471466,0.11194197833538055,0.036662645637989044,0.7225167751312256,1,1,0,1,0.1,0.1,0.0,0.2865513082732758
1764,1764,28,0,0.0,0.8963188529014587,0.44786204192174284,17.512830086718893,0.40000000000000036,0.0,3,0.4828709230882403,JITTER,103.76172928554871,102.75651831807987,2.568912957951997,0,0.0,80.0,1,1,1,28,0.8963188529014587,1,28,1,0.20599360764026642,0.023027857765555382,0.7102243900299072,0.060754138976335526,1,0,1,1,0.1,0.0,0.28287092308824036,0.1
1765,1765,28,1,6.2,0.9966465830802917,0.5441923787389569,20.464469158528452,0.0,0.0,3,0.5322738791970807,JITTER,24.872242675272766,24.864039183366508,0.6216009795841627,0,0.0,80.0,1,1,1,28,0.9966465830802917,1,28,1,0.06477203965187073,0.041229669004678726,0.010091859847307205,0.8839064240455627,1,1,0,1,0.1,0.1,0.0,0.33227387919708073
1766,1766,28,0,0.0,0.9928232431411743,0.481569156202456,18.402210393626138,3.2,0.0,3,0.500712297818436,JITTER,67.34754019943266,67.1261301423901,1.6781532535597525,0,0.0,80.0,1,1,1,28,0.9928232431411743,1,28,1,0.03899519890546799,0.12946370244026184,0.06075641140341759,0.7707846760749817,0,1,1,1,0.0,0.1,0.1,0.3007122978184359
1767,1767,28,0,0.0,0.9498401284217834,0.3327445184729688,13.782647804827198,0.20000000000000018,0.0,3,0.4162117929585315,JITTER,90.51259459992218,89.07285879713056,2.226821469928264,0,0.0,80.0,1,1,1,28,0.9498401284217834,1,28,1,0.10329722613096237,0.28253379464149475,0.10857182741165161,0.5055971145629883,0,1,1,1,0.0,0.1,0.1,0.21621179295853152
1768,1768,28,1,6.2,0.9330861568450928,0.23812374854738,11.880480627624305,0.0,0.0,3,0.35209534371220697,JITTER,42.82967084571056,42.32241597307646,1.0580603993269115,0,0.0,80.0,1,1,1,28,0.9330861568450928,1,28,1,0.20188263058662415,0.24972495436668396,0.20740586519241333,0.34098654985427856,0,1,1,1,0.0,0.1,0.1,0.15209534371220693
1769,1769,28,0,0.0,0.9998792409896851,0.4032474673811032,16.832966594964624,3.2,0.3192685535221709,3,0.45818909714296185,JITTER,35.4444643485386,35.22925785911316,0.8807314464778291,0,0.0,80.0,1,1,1,28,0.9998792409896851,1,28,1,0.022553421556949615,0.6304770112037659,0.047876499593257904,0.299093097448349,0,1,1,1,0.0,0.2581890971429619,0.1,0.1
1770,1770,28,0,0.0,0.7090976238250732,0.281614595107837,12.62313326583348,0.20000000000000018,0.0,3,0.38290100477872413,JITTER,108.87954941814333,107.69472631734601,2.6923681579336503,0,0.0,80.0,1,1,0,37,0.7090976238250732,0,28,1,0.41613394021987915,0.17413802444934845,0.20289599895477295,0.20683203637599945,1,0,1,1,0.1829010047787241,0.0,0.1,0.1
1771,1771,28,1,6.2,0.5289774537086487,0.5389075520707097,20.327177150524065,0.0,0.0,3,0.5296830325665679,JITTER,108.58886951442001,108.09968142609085,2.7024920356522717,0,0.0,80.0,1,1,0,28,0.5289774537086487,1,21,0,0.874332070350647,0.02423582598567009,0.009390709921717644,0.09204143285751343,1,1,0,1,0.32968303256656795,0.1,0.0,0.1
1772,1772,28,0,0.0,0.8426863551139832,0.4103008737374394,15.614664409540534,3.2,0.0,3,0.46217893486720596,JITTER,53.002434324866606,52.50320212909235,1.3125800532273089,0,0.0,80.0,1,1,1,28,0.8426863551139832,1,21,0,0.6430510878562927,0.22922781109809875,0.03602959215641022,0.09169144928455353,1,1,0,1,0.262178934867206,0.1,0.0,0.1
1773,1773,28,0,0.0,0.9807388782501221,0.35183439269697664,14.371723887823155,0.20000000000000018,0.0,3,0.42798453053860497,JITTER,68.00800751945428,66.65104651037433,1.6662761627593583,0,0.0,80.0,1,1,1,28,0.9807388782501221,1,28,1,0.14092423021793365,0.19084259867668152,0.1289789378643036,0.5392542481422424,1,1,0,1,0.1,0.1,0.0,0.22798453053860498
1774,1774,28,1,6.2,0.9632695913314819,0.33427180867676554,14.87891277020864,0.0,0.0,3,0.4171659009799621,JITTER,31.44453189711301,30.908739062369023,0.7727184765592257,0,0.0,80.0,1,1,1,28,0.9632695913314819,1,28,1,0.14051777124404907,0.280066579580307,0.07113052904605865,0.5082851648330688,1,1,0,1,0.1,0.1,0.0,0.2171659009799621
1775,1775,28,0,0.0,0.9821289777755737,0.2657061175900059,12.678734376277795,3.2,0.0,3,0.3719287095793684,JITTER,106.36820394218702,105.19134904498802,2.6297837261247006,0,0.0,80.0,1,1,1,28,0.9821289777755737,1,28,1,0.21390986442565918,0.2347848117351532,0.3885321021080017,0.16277317702770233,1,1,1,0,0.1,0.1,0.17192870957936843,0.0
1776,1776,28,0,0.0,0.9993507266044617,0.542812760658443,19.970598645173368,0.20000000000000018,0.0,3,0.5315987496820285,JITTER,54.403716825915374,53.8387602269889,1.3459690056747227,0,0.0,80.0,1,1,1,34,0.9993507266044617,0,34,0,0.03619542345404625,0.032792702317237854,0.0496053546667099,0.8814065456390381,1,0,1,1,0.1,0.0,0.1,0.3315987496820284
1777,1777,28,1,6.2,0.7926255464553833,0.35666383322389916,14.762735415124961,0.0,0.0,3,0.43091187540953246,JITTER,49.24677048065638,48.45970125860229,1.2114925314650573,0,0.0,80.0,1,1,0,28,0.7926255464553833,1,28,1,0.15760371088981628,0.18759272992610931,0.1070149689912796,0.5477885603904724,1,1,0,1,0.1,0.1,0.0,0.23091187540953242
1778,1778,28,0,0.0,0.9930099248886108,0.4108771012546322,17.0273442977954,3.2,0.0,3,0.46250336359450495,JITTER,69.82791587103301,68.53492327550285,1.7133730818875712,0,0.0,80.0,1,1,1,28,0.9930099248886108,1,28,1,0.24790214002132416,0.6440789103507996,0.019781840965151787,0.08823707699775696,1,1,0,1,0.1,0.262503363594505,0.0,0.1
1779,1779,28,0,0.0,0.946799099445343,0.47141932423315097,18.011505937108318,0.20000000000000018,0.0,3,0.49540754546775767,JITTER,82.26913443560437,81.42288230842753,2.0355720577106884,0,0.0,80.0,1,1,1,28,0.946799099445343,1,28,1,0.14135879278182983,0.752522885799408,0.0485236681997776,0.05759464204311371,1,1,0,1,0.1,0.2954075454677577,0.0,0.1
1780,1780,28,1,6.2,0.9771592020988464,0.4558337558521312,17.917118338350633,0.0,0.0,3,0.48714939541244817,JITTER,91.10693539776523,90.18869963706224,2.254717490926556,0,0.0,80.0,1,1,1,28,0.9771592020988464,1,28,1,0.724524199962616,0.02885514870285988,0.0693170502781868,0.17730358242988586,1,0,1,1,0.2871493954124482,0.0,0.1,0.1
1781,1781,28,0,0.0,0.9951356053352356,0.38178206908326656,15.625240548648943,3.2,0.0,3,0.445827332207558,JITTER,110.45063504194472,110.04319157172725,2.7510797892931813,0,0.0,80.0,1,1,1,28,0.9951356053352356,1,28,1,0.15106061100959778,0.07846470922231674,0.17817948758602142,0.5922951102256775,1,0,1,1,0.1,0.0,0.1,0.24582733220755795
1782,1782,28,0,0.0,0.9040115475654602,0.3714263193004868,15.402426415858894,0.20000000000000018,0.0,3,0.43973928283735075,JITTER,117.33486837459057,115.42890294465965,2.8857225736164915,0,0.0,80.0,1,1,1,28,0.9040115475654602,1,28,1,0.15175560116767883,0.1940058320760727,0.08031615614891052,0.5739223957061768,1,1,0,1,0.1,0.1,0.0,0.23973928283735071
1783,1783,28,1,6.2,0.9851153492927551,0.2916448710123396,13.47623975093252,0.0,0.0,3,0.3896602439196939,JITTER,106.07333618648696,105.04886328948326,2.626221582237082,0,0.0,80.0,1,1,1,28,0.9851153492927551,1,28,1,0.1273772418498993,0.4335978627204895,0.2422347366809845,0.19679012894630432,0,1,1,1,0.0,0.1896602439196939,0.1,0.1
1784,1784,28,0,0.0,0.9985969662666321,0.4417951829643551,17.468103453110597,3.2,0.0,3,0.47958922218368694,JITTER,103.72015493375974,103.08378182419395,2.577094545604849,0,0.0,80.0,1,1,1,28,0.9985969662666321,1,28,1,0.10983344167470932,0.6993513703346252,0.03752865269780159,0.15328653156757355,1,1,0,1,0.1,0.279589222183687,0.0,0.1
1785,1785,28,0,0.0,0.9719020128250122,0.5516960201446287,20.280982808083703,0.20000000000000018,0.0,3,0.5359309669395635,JITTER,96.19481785641752,95.92460630833477,2.3981151577083692,0,0.0,80.0,1,1,1,28,0.9719020128250122,1,28,1,0.0015000185230746865,0.028286676853895187,0.07270441204309464,0.8975088000297546,0,1,1,1,0.0,0.1,0.1,0.3359309669395635
1786,1786,28,1,6.2,0.990253746509552,0.4371565097478664,17.47194392593976,0.0,0.0,3,0.4770648306450754,JITTER,50.70519159625087,50.25317239432362,1.2563293098580905,0,0.0,80.0,1,1,1,28,0.990253746509552,1,28,1,0.029696723446249962,0.2389635443687439,0.040295958518981934,0.6910437941551208,0,1,1,1,0.0,0.1,0.1,0.27706483064507537
1787,1787,28,0,0.0,0.9925383925437927,0.5899338795142394,21.868405440871523,3.2,0.0,3,0.5541924380477754,JITTER,52.23197181434219,51.82767847284318,1.2956919618210796,0,0.0,80.0,1,1,1,28,0.9925383925437927,1,28,1,0.02130766585469246,0.9669691920280457,0.003935304004698992,0.0077878194861114025,1,1,0,1,0.1,0.35419243804777545,0.0,0.1
1788,1788,28,0,0.0,0.9805929660797119,0.3172309651588124,14.30921628057674,0.20000000000000018,0.0,3,0.4063934622599691,JITTER,102.0104744783698,101.48680188747818,2.5371700471869545,0,0.0,80.0,1,1,1,28,0.9805929660797119,1,28,1,0.09201503545045853,0.29572027921676636,0.13392290472984314,0.47834181785583496,0,1,1,1,0.0,0.1,0.1,0.20639346225996905
1789,1789,28,1,6.2,0.43878769874572754,0.3492960229919255,14.058463843962432,0.0,0.0,3,0.4264378518115942,JITTER,94.52811721545723,94.38875995327362,2.3597189988318408,0,0.0,80.0,1,1,0,28,0.43878769874572754,1,21,0,0.14848865568637848,0.5347716808319092,0.1613529622554779,0.15538670122623444,0,1,1,1,0.0,0.22643785181159423,0.1,0.1
1790,1790,28,0,0.0,0.42344892024993896,0.2911791668897936,12.229749172555328,3.2,0.0,3,0.3893490111496789,JITTER,96.57391075150608,95.04413511218286,2.3761033778045717,0,0.0,80.0,1,1,0,34,0.42344892024993896,0,30,0,0.4327860176563263,0.29283782839775085,0.06277278065681458,0.21160341799259186,1,1,0,1,0.18934901114967886,0.1,0.0,0.1
1791,1791,28,0,0.0,0.9960414171218872,0.5767149476828658,21.402462639797974,0.20000000000000018,0.0,3,0.5479482325525928,JITTER,60.1698775502482,59.30044950719307,1.4825112376798268,0,0.0,80.0,1,1,1,28,0.9960414171218872,1,28,1,0.03873404487967491,0.009231681935489178,0.009104209952056408,0.9429301023483276,1,1,0,1,0.1,0.1,0.0,0.3479482325525928
1792,1792,28,1,6.2,0.9956529140472412,0.2626626708024449,12.47036006796344,0.0,0.0,3,0.36979250488527726,JITTER,111.51384037450991,109.72802880013474,2.743200720003369,0,0.0,80.0,1,1,1,28,0.9956529140472412,1,28,1,0.23309995234012604,0.1755639612674713,0.20807018876075745,0.3832658529281616,1,0,1,1,0.1,0.0,0.1,0.16979250488527728
1793,1793,28,0,0.0,0.9720073342323303,0.34755077172709337,14.841445976970427,3.2,0.0,3,0.42537117322397433,JITTER,59.044651039695985,58.47284668010856,1.4618211670027141,0,0.0,80.0,1,1,1,28,0.9720073342323303,1,28,1,0.06667438894510269,0.36845746636390686,0.07481345534324646,0.4900546669960022,0,1,1,1,0.0,0.1254795521982293,0.1,0.199891621025745
1794,1794,28,0,0.0,0.6549885272979736,0.3256388375332842,14.16526619321965,0.20000000000000018,0.0,3,0.4117437582982222,JITTER,97.93575447858055,97.36264504031605,2.4340661260079015,0,0.0,80.0,1,1,0,28,0.6549885272979736,1,28,1,0.49310219287872314,0.2417932003736496,0.1077374815940857,0.15736709535121918,1,1,0,1,0.2117437582982222,0.1,0.0,0.1
1795,1795,28,1,6.2,0.9886454343795776,0.6070542819929079,22.442600842722676,0.0,0.0,3,0.5621765032999986,JITTER,100.38827403088735,99.72958411566665,2.4932396028916664,0,0.0,80.0,1,1,1,28,0.9886454343795776,1,28,1,0.9981428384780884,0.0010795515263453126,0.0007246104069054127,5.2992294513387606e-05,1,1,1,0,0.3621765032999986,0.1,0.1,0.0
1796,1796,28,0,0.0,0.9999629259109497,0.42111374511254235,17.45129075140042,3.2,0.0,3,0.4682293520383323,JITTER,100.59905823855381,100.42441738143837,2.5106104345359594,0,0.0,80.0,1,1,1,28,0.9999629259109497,1,28,1,0.005362196359783411,0.32617485523223877,0.006110386457294226,0.6623525023460388,0,1,1,1,0.0,0.1,0.1,0.2682293520383323
1797,1797,28,1,6.2,0.895550012588501,0.3097333935751251,13.481587814539452,0.20000000000000018,0.0,3,0.4015623082004932,JITTER,24.439729691059014,23.952071325996517,0.598801783149913,0,0.0,80.0,1,1,1,25,0.895550012588501,0,28,1,0.4028688073158264,0.19299542903900146,0.0332736074924469,0.3708621561527252,1,1,0,1,0.16115512812551228,0.1,0.0,0.14040718007498096
1798,1798,28,0,0.0,0.9996312856674194,0.37902566435999924,16.031235329628796,3.4000000000000004,0.0,3,0.44421501619400994,JITTER,106.94571232346891,105.05737722084513,2.6264344305211282,0,0.0,80.0,1,1,1,28,0.9996312856674194,1,28,1,0.04532492905855179,0.5874016880989075,0.23781397938728333,0.1294594258069992,0,1,1,1,0.0,0.2442150161940099,0.1,0.1
1799,1799,28,0,0.0,0.30289196968078613,0.435656908593884,17.253012931447774,0.40000000000000036,0.0,3,0.47624587732541296,JITTER,115.12799476066175,114.11874520518607,2.852968630129652,0,0.0,80.0,1,1,0,28,0.30289196968078613,1,28,1,0.08986753225326538,0.21417628228664398,0.6883592009544373,0.0075969691388309,1,1,1,0,0.1,0.1,0.27624587732541295,0.0
1800,1800,28,1,6.2,0.9232842326164246,0.4695902592395349,18.627421850316903,0.0,0.0,3,0.4944455428619694,JITTER,48.68355546801522,48.556953886871575,1.2139238471717895,0,0.0,80.0,1,1,1,28,0.9232842326164246,1,28,1,0.7492343187332153,0.24149112403392792,0.0014983166474848986,0.007776176556944847,1,1,0,1,0.29444554286196944,0.1,0.0,0.1
1801,1801,28,0,0.0,0.9704171419143677,0.3454500263777801,14.988117907518054,3.2,0.0,3,0.42408366215667326,JITTER,70.12091335384645,69.81231356957045,1.7453078392392614,0,0.0,80.0,1,1,1,28,0.9704171419143677,1,28,1,0.10371647030115128,0.042467501014471054,0.5122650861740112,0.34155094623565674,1,0,1,1,0.1,0.0,0.2144351384447483,0.10964852371192499
1802,1802,28,0,0.0,0.9960327744483948,0.5310069631490243,19.674075982023137,0.20000000000000018,0.0,3,0.5257860199253792,JITTER,113.55508567393197,113.54599408484884,2.8386498521212213,0,0.0,80.0,1,1,1,28,0.9960327744483948,1,28,1,0.02455216273665428,0.02153555117547512,0.8600279688835144,0.09388428181409836,1,0,1,1,0.1,0.0,0.32578601992537926,0.1
1803,1803,28,1,6.2,0.9071658253669739,0.3966179425322098,16.352605847178765,0.0,0.0,3,0.4544070964619479,JITTER,34.31967377431216,34.15049435689079,0.8537623589222698,0,0.0,80.0,1,1,1,28,0.9071658253669739,1,28,1,0.006797786336392164,0.025401271879673004,0.5529586672782898,0.41484224796295166,0,1,1,1,0.0,0.1,0.2167637107605012,0.13764338570144666
1804,1804,28,0,0.0,0.9971906542778015,0.45383097797813426,17.98818720099792,3.2,0.207112012147337,3,0.48607803326654053,JITTER,39.895671159319505,39.71551951410652,0.992887987852663,0,0.0,80.0,1,1,1,28,0.9971906542778015,1,28,1,0.019677134230732918,0.7209302186965942,0.03436298295855522,0.22502963244915009,0,1,1,1,0.0,0.2860780332665406,0.1,0.1
1805,1805,28,0,0.0,0.9940339922904968,0.5341357916029394,20.077399821562217,0.20000000000000018,0.0,3,0.5273327774618416,JITTER,85.60476050611784,85.04402864558068,2.126100716139517,0,0.0,80.0,1,1,1,28,0.9940339922904968,1,28,1,0.017603285610675812,0.02123614400625229,0.8656914234161377,0.0954691469669342,0,1,1,1,0.0,0.1,0.32733277746184164,0.1
1806,1806,28,1,6.2,0.999847412109375,0.3343291007309803,15.28907298077499,0.0,0.0,3,0.4172016492345165,JITTER,81.50243819033733,80.05127434612804,2.001281858653201,0,0.0,80.0,1,1,1,28,0.999847412109375,1,28,1,0.26495060324668884,0.5083860158920288,0.18505260348320007,0.041610777378082275,1,1,1,0,0.1,0.21720164923451654,0.1,0.0
1807,1807,28,0,0.0,0.9948416352272034,0.49134206225580296,18.42260880482948,3.2,0.0,3,0.5057674766626556,JITTER,80.25567655257021,79.14087257151753,1.9785218142879384,0,0.0,80.0,1,1,1,28,0.9948416352272034,1,28,1,0.05541028082370758,0.08394435793161392,0.0722569078207016,0.7883884906768799,0,1,1,1,0.0,0.1,0.1,0.3057674766626557
1808,1808,28,0,0.0,0.9778698086738586,0.2439811663391523,12.824610855309228,0.20000000000000018,0.0,3,0.3563994933854978,JITTER,56.55032982213573,56.369664561548795,1.40924161403872,0,0.0,80.0,1,1,1,28,0.9778698086738586,1,28,1,0.35104790329933167,0.2615319788455963,0.25033193826675415,0.13708823919296265,1,1,1,0,0.15639949338549783,0.1,0.1,0.0
1809,1809,28,1,6.2,0.8930065631866455,0.3380523161997348,15.162042429741746,0.0,0.0,3,0.419518275161362,JITTER,52.058406244990614,51.05442588776594,1.2763606471941484,0,0.0,80.0,1,1,1,28,0.8930065631866455,1,28,1,0.3576739430427551,0.47959282994270325,0.035770002752542496,0.12696319818496704,1,1,0,1,0.1219342221083968,0.19758405305296514,0.0,0.1
1810,1810,28,0,0.0,0.9331863522529602,0.5962826821370026,22.058313566856707,3.2,0.0,3,0.5571665363403611,JITTER,82.1811384453137,81.72501485078729,2.0431253712696824,0,0.0,80.0,1,1,1,28,0.9331863522529602,1,28,1,0.0013988298596814275,0.9785242676734924,0.008415035903453827,0.0116618936881423,0,1,1,1,0.0,0.3571665363403611,0.1,0.1
1811,1811,28,0,0.0,0.9098747968673706,0.5456145695653268,20.314959242777384,0.20000000000000018,0.0,3,0.5329689468980583,JITTER,65.09152671621038,64.00383033225674,1.6000957583064186,0,0.0,80.0,1,1,1,28,0.9098747968673706,1,28,1,0.07307440042495728,0.8864837884902954,0.024514632299542427,0.015927139669656754,1,1,1,0,0.1,0.33296894689805834,0.1,0.0
1812,1812,28,1,6.2,0.9323650002479553,0.5896911746940868,21.87557513739292,0.0,0.0,3,0.55407842610701,JITTER,86.84435707057736,85.87056636071901,2.1467641590179753,0,0.0,80.0,1,1,1,28,0.9323650002479553,1,28,1,0.014898708090186119,0.0031509201508015394,0.015422843396663666,0.9665275812149048,1,0,1,1,0.1,0.0,0.1,0.35407842610701
1813,1813,28,0,0.0,0.9999183416366577,0.3047710482453426,14.872567070871725,3.2,0.0,3,0.3983325356500316,JITTER,108.5162876633841,107.05687474228571,2.676421868557143,0,0.0,80.0,1,1,1,28,0.9999183416366577,1,28,1,0.020220808684825897,0.21721366047859192,0.40654459595680237,0.3560209274291992,0,1,1,1,0.0,0.1,0.16567474288425185,0.13265779276577977
1814,1814,28,0,0.0,0.9892029166221619,0.5180549814013674,19.704246453435644,0.20000000000000018,0.0,3,0.5193341164523397,JITTER,84.27297307910955,83.95312657674083,2.0988281644185207,0,0.0,80.0,1,1,1,28,0.9892029166221619,1,28,1,0.058935049921274185,0.09159374237060547,0.01286859717220068,0.8366025686264038,1,1,0,1,0.1,0.1,0.0,0.3193341164523398
1815,1815,28,1,6.2,0.8172392845153809,0.4187499541230638,17.391511288459142,0.0,0.0,3,0.46691337283452006,JITTER,30.638868301240777,30.04745105691073,0.7511862764227684,0,0.0,80.0,1,1,1,28,0.8172392845153809,1,28,1,0.6581304669380188,0.3259231150150299,0.0060315667651593685,0.009914848022162914,1,1,0,1,0.2669133728345201,0.1,0.0,0.1
1816,1816,28,0,0.0,0.999846339225769,0.3813414197777588,16.046048982757164,3.2,0.0,3,0.44556997305011603,JITTER,79.88583701003526,79.22169266861832,1.980542316715458,0,0.0,80.0,1,1,1,28,0.999846339225769,1,28,1,0.01769581064581871,0.5444888472557068,0.3893641531467438,0.04845113679766655,0,1,1,1,0.0,0.21809799357646867,0.1274719794736474,0.1
1817,1817,28,0,0.0,0.9999139308929443,0.311530279671442,13.987790740865515,0.20000000000000018,0.0,3,0.40272543470166433,JITTER,78.90208209102175,78.804540242488,1.9701135060622001,0,0.0,80.0,1,1,1,28,0.9999139308929443,1,28,1,0.11433515697717667,0.3132534623146057,0.46451810002326965,0.10789331793785095,1,1,1,0,0.1,0.10247652477874955,0.20024890992291475,0.0
1818,1818,28,1,6.2,0.9975263476371765,0.3149056693500891,14.65459227756648,0.0,0.0,3,0.4049012953942188,JITTER,102.21272739041068,101.76984876907093,2.5442462192267734,0,0.0,80.0,1,1,1,28,0.9975263476371765,1,28,1,0.04986387863755226,0.4417269229888916,0.3436312973499298,0.1647779792547226,0,1,1,1,0.0,0.18398314278976305,0.12091815260445576,0.1
1819,1819,28,0,0.0,0.9999645948410034,0.3607394979977596,15.357828759250776,3.2,0.0,3,0.43336693728432396,JITTER,100.4546006317947,99.38098516970898,2.4845246292427245,0,0.0,80.0,1,1,1,28,0.9999645948410034,1,28,1,0.02952658198773861,0.45849132537841797,0.42946991324424744,0.08251223713159561,0,1,1,1,0.0,0.17539953699762226,0.15796740028670167,0.1
1820,1820,28,0,0.0,0.5580098032951355,0.5164386633465216,19.707431222730797,0.20000000000000018,0.0,3,0.5185233290879749,JITTER,47.65720136569028,47.62840693395789,1.1907101733489474,0,0.0,80.0,1,1,0,28,0.5580098032951355,1,28,1,0.8336814045906067,0.1464284211397171,0.009671780280768871,0.010218324139714241,1,1,0,1,0.318523329087975,0.1,0.0,0.1
1821,1821,28,1,6.2,0.8501895666122437,0.37503377194146803,15.989044669464088,0.0,0.0,3,0.44186959152320515,JITTER,101.58333553266057,101.22482733748022,2.5306206834370055,0,0.0,80.0,1,1,1,34,0.8501895666122437,0,34,0,0.000860213884152472,0.0793236494064331,0.4245898127555847,0.49522635340690613,0,1,1,1,0.0,0.1,0.15012857662923404,0.19174101489397113
1822,1822,28,0,0.0,0.7438669204711914,0.5966534619657655,21.92446959225006,3.2,0.580003904871327,3,0.5573397377549912,JITTER,25.180511563987345,24.799843805146914,0.6199960951286729,0,0.0,80.0,1,1,0,28,0.7438669204711914,1,28,1,0.005809255875647068,0.9791992902755737,0.0005474144709296525,0.014444023370742798,1,1,0,1,0.1,0.3573397377549913,0.0,0.1
1823,1823,28,0,0.0,0.9965177774429321,0.38949204580705327,16.319723787042083,0.20000000000000018,0.0,3,0.4503065073315209,JITTER,55.00432223729788,54.576021175267854,1.3644005293816965,0,0.0,80.0,1,1,1,28,0.9965177774429321,1,28,1,0.02269260212779045,0.6059943437576294,0.03288990631699562,0.33842313289642334,0,1,1,1,0.0,0.25030650733152093,0.1,0.1
1824,1824,28,1,6.2,0.9663758277893066,0.3397212035158041,15.361649189963202,0.0,0.0,3,0.42055253336208276,JITTER,44.7067587280719,43.93853702904281,1.0984634257260704,0,0.0,80.0,1,1,1,28,0.9663758277893066,1,28,1,0.3464570939540863,0.13015617430210114,0.028841974213719368,0.49454477429389954,1,1,0,1,0.11444556161899663,0.1,0.0,0.2061069717430861
1825,1825,28,0,0.0,0.9850607514381409,0.5610372215320852,20.736028602300152,3.2,0.0,3,0.5404490577793664,JITTER,49.73295261065321,49.523882668442425,1.2380970667110607,0,0.0,80.0,1,1,1,28,0.9850607514381409,1,28,1,0.02627173438668251,0.9144555330276489,0.024823790416121483,0.03444894030690193,1,1,0,1,0.1,0.3404490577793664,0.0,0.1
1826,1826,28,0,0.0,0.9908285140991211,0.3664650629596229,16.156377809728312,0.20000000000000018,0.0,3,0.43679254275443447,JITTER,50.92497263361561,50.718064902497,1.267951622562425,0,0.0,80.0,1,1,1,28,0.9908285140991211,1,28,1,0.018843241035938263,0.5651319026947021,0.13905052840709686,0.27697429060935974,0,1,1,1,0.0,0.23679254275443443,0.1,0.1
1827,1827,28,1,6.2,0.945492684841156,0.34498265309973375,14.623075298523748,0.0,0.0,3,0.42379668510991064,JITTER,51.765522080520746,51.6796573429976,1.29199143357494,0,0.0,80.0,1,1,1,28,0.945492684841156,1,28,1,0.17154185473918915,0.527159571647644,0.10242471843957901,0.198873832821846,1,1,0,1,0.1,0.2237966851099106,0.0,0.1
1828,1828,28,0,0.0,0.9990776777267456,0.47280790497426634,18.040754667750992,3.2,0.3111512263227728,3,0.49613662838636086,JITTER,35.853002911945836,35.553950947089085,0.8888487736772271,0,0.0,80.0,1,1,1,28,0.9990776777267456,1,28,1,0.04931454733014107,0.7550199627876282,0.08110490441322327,0.1145605817437172,0,1,1,1,0.0,0.2961366283863609,0.1,0.1
1829,1829,28,0,0.0,0.7816421985626221,0.5526613017143371,19.922738384910094,0.20000000000000018,0.0,3,0.5363996110644296,JITTER,107.94668555898764,107.82299863455023,2.695574965863756,0,0.0,80.0,1,1,0,28,0.7816421985626221,1,37,0,0.029775479808449745,0.8992593288421631,0.04544222727417946,0.02552303485572338,1,1,1,0,0.1,0.3363996110644296,0.1,0.0
1830,1830,28,1,6.2,0.9156257510185242,0.2692983443348561,12.775853241106761,0.0,0.0,3,0.3744344230977844,JITTER,41.267470676003065,40.517768105421325,1.012944202635533,0,0.0,80.0,1,1,1,28,0.9156257510185242,1,28,1,0.32932576537132263,0.14706142246723175,0.17049920558929443,0.35311365127563477,1,0,1,1,0.12894849812874795,0.0,0.1,0.14548592496903648
1831,1831,28,0,0.0,0.938733696937561,0.3819099239899959,15.531737141550327,3.2,0.0,3,0.44590197746346527,JITTER,109.00146741599217,107.52024465866664,2.688006116466666,0,0.0,80.0,1,1,1,28,0.938733696937561,1,28,1,0.007935398258268833,0.28354114294052124,0.11600129306316376,0.592522144317627,0,1,1,1,0.0,0.1,0.1,0.2459019774634653
1832,1832,28,0,0.0,0.9995220899581909,0.3138584096146627,14.435705298046006,0.20000000000000018,0.0,3,0.4042274587510106,JITTER,44.047355409523796,43.67752450977388,1.091938112744347,0,0.0,80.0,1,1,1,28,0.9995220899581909,1,28,1,0.0802401602268219,0.20685546100139618,0.4724287986755371,0.24047553539276123,0,1,1,1,0.0,0.1,0.20422745875101064,0.1
1833,1833,28,1,6.2,0.9750610589981079,0.504294314603739,18.839392518263992,0.0,0.0,3,0.5123903741936364,JITTER,41.1220994437965,41.01634285460498,1.0254085713651244,0,0.0,80.0,1,1,1,28,0.9750610589981079,1,28,1,0.07460321485996246,0.811748743057251,0.06415250897407532,0.04949561133980751,1,1,1,0,0.1,0.31239037419363647,0.1,0.0
1834,1834,28,0,0.0,0.9962700605392456,0.47399816236950265,18.13995382680058,3.2,0.0,3,0.4967607286797806,JITTER,57.99983945138915,57.331888238454724,1.4332972059613682,0,0.0,80.0,1,1,1,28,0.9962700605392456,1,28,1,0.7571607232093811,0.03695869818329811,0.060889337211847305,0.14499127864837646,1,0,1,1,0.29676072867978065,0.0,0.1,0.1
1835,1835,28,0,0.0,0.9374604821205139,0.45915818700124184,18.01726626604659,0.20000000000000018,0.0,3,0.4889225775726545,JITTER,55.993267546480524,55.30922629691653,1.3827306574229132,0,0.0,80.0,1,1,1,28,0.9374604821205139,1,28,1,0.0021426540333777666,0.26516470313072205,0.002200779737904668,0.7304918766021729,0,1,1,1,0.0,0.1,0.1,0.2889225775726545
1836,1836,28,1,6.2,0.9911276698112488,0.35724766601632824,15.963589629074711,0.0,0.0,3,0.43126441691993955,JITTER,49.625473537930546,49.2822136136611,1.2320553403415275,0,0.0,80.0,1,1,1,28,0.9911276698112488,1,28,1,0.24728648364543915,0.5488207936286926,0.021142344921827316,0.1827503889799118,1,1,0,1,0.1,0.23126441691993957,0.0,0.1
1837,1837,28,0,0.0,0.9660505056381226,0.4163912723738655,17.02281496052916,3.2,0.0,3,0.465596530600809,JITTER,99.06735916446095,97.32711274636297,2.4331778186590745,0,0.0,80.0,1,1,1,28,0.9660505056381226,1,28,1,0.02850833348929882,0.10884401947259903,0.20872873067855835,0.653918981552124,0,1,1,1,0.0,0.1,0.1,0.265596530600809
1838,1838,28,0,0.0,0.9557378888130188,0.4284022802586672,17.209489749144023,0.20000000000000018,0.0,3,0.4722639697361278,JITTER,52.20340815310521,51.60670670023368,1.290167667505842,0,0.0,80.0,1,1,1,28,0.9557378888130188,1,28,1,0.2610914409160614,0.061641354113817215,0.0018875651294365525,0.6753796339035034,1,1,0,1,0.1,0.1,0.0,0.27226396973612776
1839,1839,28,1,6.2,0.9055800437927246,0.5281967219847449,20.006832834343218,0.0,0.0,3,0.5243928690240456,JITTER,47.81622838922681,47.76522316104801,1.1941305790262005,0,0.0,80.0,1,1,1,28,0.9055800437927246,1,28,1,0.011279494501650333,0.01742575690150261,0.1163521334528923,0.8549426794052124,0,1,1,1,0.0,0.1,0.1,0.3243928690240456
1840,1840,28,0,0.0,0.4405190050601959,0.3477335099303467,14.913314594622857,3.2,0.0,3,0.4254829861666113,JITTER,93.7857181360408,93.46496444645946,2.3366241111614867,0,0.0,80.0,1,1,0,37,0.4405190050601959,0,28,1,0.532013475894928,0.13517925143241882,0.2728630006313324,0.05994431674480438,1,1,1,0,0.22548298616661125,0.1,0.1,0.0
1841,1841,28,0,0.0,0.9997435212135315,0.6012872065056729,22.23042026926783,0.20000000000000018,0.0,3,0.5594997647249147,JITTER,62.57125237469172,61.96175144500805,1.5490437861252013,0,0.0,80.0,1,1,1,28,0.9997435212135315,1,28,1,0.0022786755580455065,0.9876369833946228,0.006726933177560568,0.003357403911650181,0,1,1,1,0.0,0.35949976472491474,0.1,0.1
1842,1842,28,1,6.2,0.9973948001861572,0.5927838256320683,21.962388461236834,0.0,0.0,3,0.5555294655600261,JITTER,38.44715841791059,38.37445072698626,0.9593612681746566,0,0.0,80.0,1,1,1,28,0.9973948001861572,1,28,1,0.007557348348200321,0.9721554517745972,0.0035590145271271467,0.01672818325459957,1,1,0,1,0.1,0.3555294655600262,0.0,0.1
1843,1843,28,0,0.0,0.9845678806304932,0.3974004694745109,16.199593711799302,3.2,0.0,3,0.45485514802217364,JITTER,54.80130146710706,53.757571325056205,1.3439392831264052,0,0.0,80.0,1,1,1,28,0.9845678806304932,1,28,1,0.015787743031978607,0.5455513596534729,0.014674145728349686,0.4239867329597473,1,1,0,1,0.1,0.2122125708318954,0.0,0.14264257719027823
1844,1844,28,1,6.2,0.8977382183074951,0.43086460457413317,16.455347021316342,0.20000000000000018,0.0,3,0.47361923900521546,JITTER,81.51355899884214,80.8917568957285,2.022293922393213,0,0.0,80.0,1,1,1,28,0.8977382183074951,1,28,1,0.28342679142951965,0.003355068154633045,0.03343456983566284,0.6797836422920227,1,0,1,1,0.1,0.0,0.1,0.27361923900521545
1845,1845,28,0,0.0,0.9848920106887817,0.32991496533918474,14.621019274593657,3.4000000000000004,0.6098935371817613,3,0.4144383486163217,JITTER,23.891082077421494,23.604258512729544,0.5901064628182386,0,0.0,80.0,1,1,1,28,0.9848920106887817,1,28,1,0.07800410687923431,0.32748058438301086,0.10295529663562775,0.4915599822998047,0,1,1,1,0.0,0.10569014269490487,0.1,0.20874820592141677
1846,1846,28,0,0.0,0.9598110914230347,0.37266519274878346,16.329578841198146,0.40000000000000036,0.0,3,0.44047203624883213,JITTER,29.225764093537258,28.908638792921614,0.7227159698230404,0,0.0,80.0,1,1,1,28,0.9598110914230347,1,28,1,0.2841464877128601,0.12489292025566101,0.01484190858900547,0.5761186480522156,1,1,0,1,0.1,0.1,0.0,0.24047203624883215
1847,1847,28,1,6.2,0.8973633050918579,0.5227741106513336,19.871499967348726,0.0,0.0,3,0.521694144723678,JITTER,95.1950508271743,94.38858625196293,2.3597146562990736,0,0.0,80.0,1,1,1,28,0.8973633050918579,1,28,1,0.8451341986656189,0.02315058745443821,0.1212746649980545,0.010440546087920666,1,1,1,0,0.3216941447236781,0.1,0.1,0.0
1848,1848,29,0,0.0,0.9999909400939941,0.5237575637776996,19.871810332617333,3.2,0.0,3,0.5221846248932019,JITTER,49.941149481652445,49.89382101956928,1.247345525489232,0,0.0,80.0,1,1,1,29,0.9999909400939941,1,29,1,0.06330804526805878,0.846912682056427,0.01231368351727724,0.07746554166078568,1,1,0,1,0.1,0.322184624893202,0.0,0.1
1849,1849,29,0,0.0,0.9987611770629883,0.5733116500061576,21.339065189350094,0.20000000000000018,0.0,3,0.5463290701944042,JITTER,22.47778751615968,22.28446659898378,0.5571116649745945,0,0.0,80.0,1,1,1,29,0.9987611770629883,1,29,1,0.013834374956786633,0.9367455244064331,0.04302641749382019,0.006393668707460165,1,1,1,0,0.1,0.3463290701944043,0.1,0.0
1850,1850,29,1,6.2,0.9764981269836426,0.5532212889703222,20.808763144037332,0.0,0.0,3,0.5366712972619576,JITTER,108.33452707029679,107.80571855597633,2.6951429638994084,0,0.0,80.0,1,1,1,29,0.9764981269836426,1,29,1,0.900274932384491,0.003577089635655284,0.03976399824023247,0.05638398230075836,1,0,1,1,0.33667129726195766,0.0,0.1,0.1
1851,1851,29,0,0.0,0.9961436986923218,0.5050171369170997,19.134912982426115,3.2,0.0,3,0.5127574560394232,JITTER,77.40555057818213,76.34616920345881,1.9086542300864704,0,0.0,80.0,1,1,1,29,0.9961436986923218,1,29,1,0.029282893985509872,0.8130533695220947,0.04323507845401764,0.11442870646715164,0,1,1,1,0.0,0.3127574560394233,0.1,0.1
1852,1852,29,0,0.0,0.8826116919517517,0.5476941138590351,20.53895195476222,0.20000000000000018,0.0,3,0.5339836544707119,JITTER,26.082986750136143,26.003120448665737,0.6500780112166434,0,0.0,80.0,1,1,1,29,0.8826116919517517,1,29,1,0.06325218081474304,0.8902530670166016,0.03609640151262283,0.010398360900580883,1,1,1,0,0.1,0.333983654470712,0.1,0.0
1853,1853,29,1,6.2,0.978318452835083,0.3005539775843448,13.73374241580414,0.0,0.0,3,0.3955671027396727,JITTER,53.12767934195671,52.41566943624872,1.310391735906218,0,0.0,80.0,1,1,1,36,0.978318452835083,0,36,0,0.10076145827770233,0.1461695432662964,0.3452621400356293,0.4078068733215332,0,1,1,1,0.0,0.1,0.12720435363605526,0.16836274910361745
1854,1854,29,0,0.0,0.9998980760574341,0.4114983188360504,16.752906984304,3.2,0.0,3,0.4628528679863522,JITTER,63.90351122280969,62.96515836717737,1.5741289591794343,0,0.0,80.0,1,1,1,29,0.9998980760574341,1,29,1,0.17314475774765015,0.14099057018756866,0.04067756608128548,0.6451870799064636,1,1,0,1,0.1,0.1,0.0,0.2628528679863522
1855,1855,29,0,0.0,0.9995891451835632,0.6075917563674896,22.458038495061878,0.20000000000000018,0.0,3,0.5624253184573783,JITTER,106.75978655731925,105.14051330970628,2.6285128327426572,0,0.0,80.0,1,1,1,29,0.9995891451835632,1,29,1,0.9991222023963928,0.0006564330542460084,9.229235001839697e-05,0.000129123407532461,1,1,0,1,0.36242531845737835,0.1,0.0,0.1
1856,1856,29,1,6.2,0.9937363862991333,0.34345777711285685,15.146848189302569,0.0,0.0,3,0.42285902479245496,JITTER,119.22472073132491,117.42595097632261,2.9356487744080653,0,0.0,80.0,1,1,1,29,0.9937363862991333,1,29,1,0.20847003161907196,0.5244700312614441,0.2042812705039978,0.06277864426374435,1,1,1,0,0.1,0.22285902479245498,0.1,0.0
1857,1857,29,0,0.0,0.9989238381385803,0.38386255669108904,16.24255313163362,3.2,0.0,3,0.4470404300870191,JITTER,105.21791950074505,103.46632237074307,2.586658059268577,0,0.0,80.0,1,1,1,29,0.9989238381385803,1,29,1,0.30190205574035645,0.5959900617599487,0.03581051900982857,0.06629740446805954,1,1,0,1,0.1,0.24704043008701912,0.0,0.1
1858,1858,29,0,0.0,0.9972825050354004,0.30397903698528866,13.800649951794576,0.20000000000000018,0.0,3,0.39781462378679605,JITTER,93.02657622800466,91.53479867166682,2.2883699667916706,0,0.0,80.0,1,1,1,29,0.9972825050354004,1,29,1,0.4199657142162323,0.1003613993525505,0.13885602355003357,0.34081682562828064,1,0,1,1,0.17480267103479405,0.0,0.1,0.123011952752002
1859,1859,29,1,6.2,0.999846339225769,0.6049610799664521,22.374530581146406,0.0,0.0,3,0.5612064375419732,JITTER,113.46832278674103,112.38990310239578,2.809747577559895,0,0.0,80.0,1,1,1,29,0.999846339225769,1,29,1,0.9943290948867798,0.0003602792858146131,0.0020915810018777847,0.003219011938199401,1,0,1,1,0.36120643754197324,0.0,0.1,0.1
1860,1860,29,0,0.0,0.9999799728393555,0.5466319985393773,20.587502175933906,3.2,0.0,3,0.5334656395470581,JITTER,83.82870239125435,82.96536781787117,2.074134195446779,0,0.0,80.0,1,1,1,29,0.9999799728393555,1,29,1,0.09058891981840134,0.8883278369903564,0.014982445165514946,0.006100828293710947,1,1,1,0,0.1,0.3334656395470581,0.1,0.0
1861,1861,29,0,0.0,0.9991876482963562,0.4719427122334974,18.676363430289147,0.20000000000000018,0.0,3,0.49568247950485045,JITTER,105.1036987192073,104.19694892441042,2.604923723110261,0,0.0,80.0,1,1,1,29,0.9991876482963562,1,29,1,0.7534640431404114,0.22474317252635956,0.00034721457632258534,0.021445604041218758,1,1,0,1,0.2956824795048505,0.1,0.0,0.1
1862,1862,29,1,6.2,0.9999632835388184,0.27718026362497905,13.022304969701713,0.0,0.0,3,0.3798744446839748,JITTER,101.97267711447329,100.34243059482772,2.508560764870693,0,0.0,80.0,1,1,1,29,0.9999632835388184,1,29,1,0.34545186161994934,0.16638754308223724,0.13331933319568634,0.3548412322998047,1,1,0,1,0.13672019858432924,0.1,0.0,0.14315424609964558
1863,1863,29,0,0.0,0.9880132675170898,0.5662066000372231,21.221219583121922,3.2,0.0,3,0.5429331886457102,JITTER,116.18861013685905,115.61017513523876,2.8902543783809693,0,0.0,80.0,1,1,1,29,0.9880132675170898,1,29,1,0.9238399863243103,0.07137184590101242,0.004407698754221201,0.00038046439294703305,1,1,1,0,0.3429331886457102,0.1,0.1,0.0
1864,1864,29,1,6.2,0.7759150862693787,0.37884159704728176,14.988487928302828,0.20000000000000018,0.0,3,0.44410714039376875,JITTER,90.96195098859123,89.58493350364483,2.2396233375911208,0,0.0,80.0,1,1,0,30,0.7759150862693787,0,30,0,0.05734269693493843,0.5870749950408936,0.030944358557462692,0.32463788986206055,1,1,0,1,0.1,0.24410714039376877,0.0,0.1
1865,1865,29,0,0.0,0.9999117851257324,0.41886877339836465,17.04664002730482,3.4000000000000004,0.0,3,0.4669796108999119,JITTER,113.62784928046656,111.56686185504847,2.789171546376212,0,0.0,80.0,1,1,1,29,0.9999117851257324,1,29,1,0.030843982473015785,0.6583426594734192,0.2431601881980896,0.06765319406986237,0,1,1,1,0.0,0.26697961089991196,0.1,0.1
1866,1866,29,0,0.0,0.9829809665679932,0.3655806799362133,15.559831901039933,0.40000000000000036,0.0,3,0.43626517290671163,JITTER,77.35258617084483,76.45660623653157,1.9114151559132893,0,0.0,80.0,1,1,1,29,0.9829809665679932,1,29,1,0.563565731048584,0.25790074467658997,0.12455663084983826,0.05397683382034302,1,1,1,0,0.23626517290671165,0.1,0.1,0.0
1867,1867,29,1,6.2,0.49672791361808777,0.34075505398954375,15.401410334731816,0.0,0.0,3,0.4211919667315657,JITTER,36.72912284042294,36.01293234317987,0.9003233085794968,0,0.0,80.0,1,1,0,29,0.49672791361808777,1,29,1,0.1330607831478119,0.023624032735824585,0.3541128635406494,0.4892023503780365,1,0,1,1,0.1,0.0,0.1188514765861835,0.20234049014538222
1868,1868,30,0,0.0,0.9352129697799683,0.37479935278352683,15.608226848754441,3.2,0.07894472500388194,3,0.44173147211001584,JITTER,45.501746270342686,44.84221099984472,1.121055274996118,0,0.0,80.0,1,1,1,23,0.9352129697799683,0,23,0,0.07323698699474335,0.007468740921467543,0.48793184757232666,0.43136242032051086,1,0,1,1,0.1,0.0,0.1875336519617342,0.15419782014828162
1869,1869,30,0,0.0,0.9993942975997925,0.387865821932622,16.209454195921385,0.20000000000000018,0.0,3,0.4493654545133928,JITTER,99.57950048053125,98.70078008946192,2.467519502236548,0,0.0,80.0,1,1,1,30,0.9993942975997925,1,30,1,0.37150809168815613,0.024919534102082253,0.026720590889453888,0.5768517851829529,1,0,1,1,0.11520702912804204,0.0,0.1,0.23415842538535078
1870,1870,30,1,6.2,0.6374121308326721,0.3700645855335836,15.94057583035581,0.0,0.0,3,0.4389324502989488,JITTER,41.119372002905806,40.963973356254975,1.0240993339063744,0,0.0,80.0,1,1,0,30,0.6374121308326721,1,30,1,0.49588775634765625,0.0011158535489812493,0.09013473987579346,0.412861704826355,1,0,1,1,0.19408546031645604,0.0,0.1,0.14484698998249276
1871,1871,30,0,0.0,0.9999922513961792,0.36257295386879884,15.805829814272608,3.2,0.0,3,0.4344668336528761,JITTER,105.64960009015917,104.57037571879046,2.6142593929697617,0,0.0,80.0,1,1,1,30,0.9999922513961792,1,30,1,0.5582411289215088,0.03943515196442604,0.0971810445189476,0.3051426410675049,1,0,1,1,0.2344668336528761,0.0,0.1,0.1
1872,1872,30,0,0.0,0.9999974966049194,0.3654037598019001,14.947118261913468,0.20000000000000018,0.0,3,0.43615959643938873,JITTER,29.01369820382667,28.597630472046486,0.7149407618011622,0,0.0,80.0,1,1,1,30,0.9999974966049194,1,30,1,0.2186671942472458,0.10512074828147888,0.5632524490356445,0.1129595935344696,1,0,1,1,0.1,0.0,0.2361595964393887,0.1
1873,1873,30,1,6.2,0.9999773502349854,0.5659186201408638,21.03440076343947,0.0,0.0,3,0.5427950997137434,JITTER,45.01710528050296,44.22805018526631,1.1057012546316578,0,0.0,80.0,1,1,1,30,0.9999773502349854,1,30,1,0.01349134836345911,0.019268179312348366,0.043923404067754745,0.9233170747756958,0,1,1,1,0.0,0.1,0.1,0.34279509971374345
1874,1874,30,0,0.0,0.999974250793457,0.43392493193175824,17.16085645105678,3.2,0.0,3,0.47529826445896933,JITTER,50.95717860299753,50.75307387384005,1.2688268468460013,0,0.0,80.0,1,1,1,30,0.999974250793457,1,30,1,0.046863358467817307,0.10019306093454361,0.16768430173397064,0.6852592825889587,0,1,1,1,0.0,0.1,0.1,0.2752982644589693
1875,1875,30,0,0.0,0.9934529066085815,0.35131567929737306,14.773743022609516,0.20000000000000018,0.0,3,0.4276689229678937,JITTER,28.485844355493434,28.19441642866846,0.7048604107167116,0,0.0,80.0,1,1,1,30,0.9934529066085815,1,30,1,0.5383380651473999,0.09939511120319366,0.22858098149299622,0.1336858868598938,1,0,1,1,0.22766892296789373,0.0,0.1,0.1
1876,1876,30,1,6.2,0.999962568283081,0.4494650036864758,18.03125541802408,0.0,0.0,3,0.4837342830140719,JITTER,65.07375878182873,64.09594467647347,1.6023986169118367,0,0.0,80.0,1,1,1,30,0.999962568283081,1,30,1,0.009807465597987175,0.20656034350395203,0.07053357362747192,0.7130986452102661,0,1,1,1,0.0,0.1,0.1,0.2837342830140719
1877,1877,30,0,0.0,0.9989680051803589,0.5766598194337719,21.39736212265469,3.2,0.0,3,0.547922042708985,JITTER,66.46025871930364,66.0032567543728,1.65008141885932,0,0.0,80.0,1,1,1,30,0.9989680051803589,1,30,1,0.031829833984375,0.0013947252882644534,0.02394549734890461,0.9428299069404602,1,0,1,1,0.1,0.0,0.1,0.3479220427089851
1878,1878,30,0,0.0,0.9999356269836426,0.28661207865371674,13.537663712227568,0.20000000000000018,0.0,3,0.38628351168849173,JITTER,46.16549156329441,45.90867593866737,1.1477168984666843,0,0.0,80.0,1,1,1,30,0.9999356269836426,1,30,1,0.39895471930503845,0.10768602043390274,0.17069511115550995,0.3226641118526459,1,0,1,1,0.16884706098524424,0.0,0.1,0.11743645070324751
1879,1879,30,1,6.2,0.9999861717224121,0.5339417352425577,20.16088599362873,0.0,0.0,3,0.5272369763777707,JITTER,112.78479018278139,112.41242307277857,2.8103105768194645,0,0.0,80.0,1,1,1,30,0.9999861717224121,1,30,1,0.09689883887767792,0.8653401136398315,0.011502465233206749,0.026258623227477074,1,1,0,1,0.1,0.3272369763777707,0.0,0.1
1880,1880,30,0,0.0,0.9999921321868896,0.5223647216245133,19.41008111482693,3.2,0.0,3,0.5214898330683,JITTER,118.81764245571502,118.04076647693807,2.951019161923452,0,0.0,80.0,1,1,1,30,0.9999921321868896,1,30,1,0.042919937521219254,0.06530122458934784,0.04738490283489227,0.8443939089775085,0,1,1,1,0.0,0.1,0.1,0.3214898330682999
1881,1881,30,0,0.0,0.9999591112136841,0.5100408787248525,19.38268846045428,0.20000000000000018,0.0,3,0.5153015147929243,JITTER,28.839023541749746,28.695583786826788,0.7173895946706698,0,0.0,80.0,1,1,1,30,0.9999591112136841,1,30,1,0.021182214841246605,0.8221235275268555,0.10021085292100906,0.05648336932063103,0,1,1,1,0.0,0.31530151479292434,0.1,0.1
1882,1882,30,1,6.2,0.9999988079071045,0.29926217588530996,14.115218137495118,0.0,0.0,3,0.39471610000998947,JITTER,25.84143795546187,25.433127850205526,0.6358281962551382,0,0.0,80.0,1,1,1,30,0.9999988079071045,1,30,1,0.18082502484321594,0.38552895188331604,0.06901642680168152,0.3646295368671417,1,1,0,1,0.1,0.15424944511972186,0.0,0.1404666548902676
1883,1883,30,0,0.0,0.9997848868370056,0.5098879002596287,19.142116412649564,3.2,0.0,3,0.5152242308437525,JITTER,71.25529125411055,70.7750496605887,1.7693762415147178,0,0.0,80.0,1,1,1,30,0.9997848868370056,1,30,1,0.03824722021818161,0.0838143527507782,0.05609114095568657,0.8218472599983215,0,1,1,1,0.0,0.1,0.1,0.3152242308437525
1884,1884,30,0,0.0,0.999997615814209,0.3424740753860927,14.85719357316217,0.20000000000000018,0.0,3,0.4222530326558891,JITTER,86.20496046315625,85.11766328644077,2.1279415821610193,0,0.0,80.0,1,1,1,30,0.999997615814209,1,30,1,0.40094101428985596,0.10243523120880127,0.44621986150741577,0.05040388181805611,1,1,1,0,0.14716989017221063,0.1,0.17508314248367843,0.0
1885,1885,30,1,6.2,0.9997145533561707,0.27357515510118163,14.599296835151797,0.0,0.0,3,0.37739596588630103,JITTER,113.98720892275902,111.79578085572308,2.7948945213930774,0,0.0,80.0,1,1,1,30,0.9997145533561707,1,30,1,0.022983355447649956,0.28488588333129883,0.3093697726726532,0.3827609717845917,0,1,1,1,0.0,0.1,0.11338725757212775,0.16400870831417327
1886,1886,30,0,0.0,0.9999972581863403,0.35847271472179026,15.399753262955095,3.2,0.0,3,0.4320032149882672,JITTER,88.06837756654053,86.62790312933113,2.1656975782332784,0,0.0,80.0,1,1,1,30,0.9999972581863403,1,30,1,0.44202595949172974,0.09333813935518265,0.4408778250217438,0.02375808358192444,1,1,1,0,0.16634751790928035,0.1,0.1656556970789869,0.0
1887,1887,30,0,0.0,0.9999881982803345,0.546581027476276,20.335470251184866,0.20000000000000018,0.0,3,0.533440767288623,JITTER,99.24251003351786,98.26734611804841,2.4566836529512104,0,0.0,80.0,1,1,1,30,0.9999881982803345,1,30,1,0.02421669289469719,0.0464889332652092,0.041058897972106934,0.8882354497909546,0,1,1,1,0.0,0.1,0.1,0.33344076728862293
1888,1888,30,1,6.2,0.9999980926513672,0.3170820813412021,14.679256520749142,0.0,0.0,3,0.40629808614985985,JITTER,90.4458288033417,90.30426478711635,2.257606619677909,0,0.0,80.0,1,1,1,30,0.9999980926513672,1,30,1,0.18671244382858276,0.26901593804359436,0.478080689907074,0.06619089096784592,1,1,1,0,0.1,0.1,0.20629808614985987,0.0
1889,1889,30,0,0.0,0.9999958276748657,0.543618626257031,20.58830819776525,3.2,0.0,3,0.5319932119099244,JITTER,95.8021083150307,93.95919571631039,2.3489798929077597,0,0.0,80.0,1,1,1,30,0.9999958276748657,1,30,1,0.0033994526602327824,0.11373384296894073,9.99999993922529e-09,0.8828667402267456,1,1,0,1,0.1,0.1,0.0,0.33199321190992437
1890,1890,30,0,0.0,0.9994757771492004,0.49248137912634704,19.16735030236024,0.20000000000000018,0.0,3,0.5063535202884547,JITTER,28.497475312573844,28.02093153397665,0.7005232883494164,0,0.0,80.0,1,1,1,30,0.9994757771492004,1,30,1,0.003790058195590973,0.7904419898986816,0.006695326883345842,0.1990726739168167,0,1,1,1,0.0,0.30635352028845475,0.1,0.1
1891,1891,30,1,6.2,0.9999595880508423,0.28173637888735226,13.15495968458402,0.0,0.0,3,0.38298378829217194,JITTER,113.29800266492713,112.7854676761357,2.8196366919033924,0,0.0,80.0,1,1,1,30,0.9999595880508423,1,30,1,0.32268425822257996,0.15865983068943024,0.13074038922786713,0.38791555166244507,1,1,0,1,0.11932353948111499,0.1,0.0,0.16366024881105692
1892,1892,30,0,0.0,0.9999864101409912,0.23469322851057406,12.40673369635288,3.2,0.0,3,0.34954991923673506,JITTER,72.48111876092037,71.13607471625878,1.7784018679064695,0,0.0,80.0,1,1,1,30,0.9999864101409912,1,30,1,0.15685001015663147,0.3075997531414032,0.29606980085372925,0.2394803911447525,0,1,1,1,0.0,0.12906811063569465,0.12048180860104038,0.1
1893,1893,30,0,0.0,0.9813605546951294,0.4416089294959704,17.90709658581999,0.20000000000000018,0.0,3,0.4794881181246571,JITTER,116.02260045229679,115.72585551660487,2.893146387915122,0,0.0,80.0,1,1,1,30,0.9813605546951294,1,30,1,0.04007544368505478,0.005625579506158829,0.6990177035331726,0.2552812397480011,1,0,1,1,0.1,0.0,0.2794881181246571,0.1
1894,1894,30,1,6.2,0.9999600648880005,0.5452029068424125,20.61717894740774,0.0,0.0,3,0.5327678481184475,JITTER,54.90042255554506,54.13385383946364,1.353346345986591,0,0.0,80.0,1,1,1,30,0.9999600648880005,1,30,1,0.08050792664289474,0.001114071230404079,0.03264036402106285,0.8857377171516418,1,0,1,1,0.1,0.0,0.1,0.3327678481184475
1895,1895,30,0,0.0,0.9999803304672241,0.3677478862036797,15.715161785483087,3.2,0.15294924247776298,3,0.43755637835329375,JITTER,42.15584993859303,41.882030300889475,1.047050757522237,0,0.0,80.0,1,1,1,30,0.9999803304672241,1,30,1,0.3790564239025116,0.5245310068130493,0.026635291054844856,0.06977732479572296,1,1,0,1,0.1255057911365831,0.2120505872167107,0.0,0.1
1896,1896,30,0,0.0,0.8882195353507996,0.3451124002958763,14.59100061334345,0.20000000000000018,0.0,3,0.4238763721058181,JITTER,22.329106000469327,22.260545962731666,0.5565136490682917,0,0.0,80.0,1,1,1,30,0.8882195353507996,1,30,1,0.1043311282992363,0.5273884534835815,0.2562124729156494,0.11206798255443573,0,1,1,1,0.0,0.22387637210581804,0.1,0.1
1897,1897,30,1,6.2,0.999980092048645,0.5130077126954885,19.75493730034154,0.0,0.0,3,0.5167980588181755,JITTER,76.23294944177438,75.23720980166453,1.8809302450416134,0,0.0,80.0,1,1,1,30,0.999980092048645,1,30,1,0.0890066921710968,9.99999993922529e-09,0.08351103961467743,0.827482283115387,1,0,1,1,0.1,0.0,0.1,0.31679805881817547
1898,1898,30,0,0.0,0.9999946355819702,0.4099021239044605,16.40378188000176,3.2,0.0,3,0.4619542965797803,JITTER,84.8911831095837,83.56966428458179,2.0892416071145448,0,0.0,80.0,1,1,1,30,0.9999946355819702,1,30,1,0.20098324120044708,0.09306750446557999,0.06360939890146255,0.6423398852348328,1,1,0,1,0.1,0.1,0.0,0.2619542965797803
1899,1899,30,0,0.0,0.9999961853027344,0.45546792791666807,17.934591595998985,0.20000000000000018,0.0,3,0.4869538760748679,JITTER,61.528141373879144,61.19159386481256,1.5297898466203141,0,0.0,80.0,1,1,1,30,0.9999961853027344,1,30,1,0.037402037531137466,0.02695811726152897,0.21177226305007935,0.723867654800415,1,0,1,1,0.1,0.0,0.1,0.2869538760748679
1900,1900,30,1,6.2,0.9999978542327881,0.39062846531961676,15.798307532539496,0.0,0.0,3,0.4509629576714741,JITTER,21.5580700042525,21.46897919915242,0.5367244799788106,0,0.0,80.0,1,1,1,30,0.9999978542327881,1,30,1,0.6080150008201599,0.09359713643789291,0.21971961855888367,0.0786682739853859,1,1,1,0,0.25096295767147414,0.1,0.1,0.0
1901,1901,30,0,0.0,0.9999971389770508,0.2520350635175398,13.645544249608774,3.2,0.0,3,0.36223416448422624,JITTER,51.23878122020373,51.05615917758087,1.2764039794395217,0,0.0,80.0,1,1,1,30,0.9999971389770508,1,30,1,0.2790162265300751,0.3503757417201996,0.2921457886695862,0.07846230268478394,1,1,1,0,0.10050624759127938,0.15178652185576744,0.10994139503717942,0.0
1902,1902,30,0,0.0,0.9985986351966858,0.34739815432686955,14.755908127354957,0.20000000000000018,0.0,3,0.42527776791993055,JITTER,22.014447149660224,21.94512470846422,0.5486281177116056,0,0.0,80.0,1,1,1,30,0.9985986351966858,1,30,1,0.37925437092781067,0.47891664505004883,0.07321523874998093,0.06861370801925659,1,1,1,0,0.1321377507813401,0.19314001713859044,0.1,0.0
1903,1903,30,1,6.2,0.9997316002845764,0.3804101017188979,16.50994878337756,0.0,0.0,3,0.4450255514233624,JITTER,86.60995535675724,85.51938806047811,2.137984701511953,0,0.0,80.0,1,1,1,30,0.9997316002845764,1,30,1,0.15189433097839355,0.2454201877117157,0.012826256453990936,0.5898591876029968,1,1,0,1,0.1,0.1,0.0,0.24502555142336238
1904,1904,30,0,0.0,0.9995680451393127,0.3352064914754107,14.744788321515347,3.2,0.0,3,0.417748728476082,JITTER,113.56836393980424,111.75543059975182,2.793885764993796,0,0.0,80.0,1,1,1,30,0.9995680451393127,1,30,1,0.35903647541999817,0.4718588590621948,0.06049177050590515,0.10861288756132126,1,1,0,1,0.12372333904255658,0.19402538943352546,0.0,0.1
1905,1905,30,0,0.0,0.9999967813491821,0.3073280000000001,11.716292962944394,0.20000000000000018,0.0,4,0.4,JITTER,76.77561168411913,76.56439222972264,1.914109805743066,0,0.0,80.0,1,1,1,30,0.9999967813491821,1,30,1,0.23226585984230042,0.21312326192855835,0.28544893860816956,0.2691618800163269,1,1,1,1,0.1,0.1,0.1,0.1
1906,1906,30,1,6.2,0.9999942779541016,0.3465439434068936,16.022596521394487,0.0,0.0,3,0.4247545922819005,JITTER,76.4071818925157,76.31305579205669,1.9078263948014174,0,0.0,80.0,1,1,1,30,0.9999942779541016,1,30,1,0.33132266998291016,0.14373838901519775,9.99999993922529e-09,0.5249389410018921,1,1,0,1,0.10304903357826534,0.1,0.0,0.22170555870363515
1907,1907,30,0,0.0,0.9997181296348572,0.37072649275845615,15.407609504012957,3.2,0.0,3,0.4393248179746875,JITTER,63.088489741085276,62.59607319091118,1.5649018297727795,0,0.0,80.0,1,1,1,30,0.9997181296348572,1,30,1,0.5726819634437561,0.1898670792579651,0.07902834564447403,0.15842261910438538,1,1,0,1,0.2393248179746875,0.1,0.0,0.1
1908,1908,30,0,0.0,0.9999946355819702,0.572939377350548,21.19648591540228,0.20000000000000018,0.0,3,0.5461516654611989,JITTER,62.78138093629417,62.43002378472234,1.5607505946180584,0,0.0,80.0,1,1,1,30,0.9999946355819702,1,30,1,0.03005344234406948,0.017395144328475,0.016482282429933548,0.936069130897522,1,1,0,1,0.1,0.1,0.0,0.3461516654611988
1909,1909,30,1,6.2,0.9999833106994629,0.3019717848870031,13.857381496193293,0.0,0.0,3,0.39649901200078475,JITTER,88.58304476238237,87.09317633459426,2.1773294083648564,0,0.0,80.0,1,1,1,30,0.9999833106994629,1,30,1,0.10620126128196716,0.3113238215446472,0.13753612339496613,0.4449388086795807,0,1,1,1,0.0,0.10438927382065166,0.1,0.19210973818013308
1910,1910,30,0,0.0,0.9999953508377075,0.3282239205005068,15.606807353486825,3.2,0.0,3,0.41337484092655064,JITTER,96.85169925989776,95.63572211607158,2.3908930529017893,0,0.0,80.0,1,1,1,30,0.9999953508377075,1,30,1,0.18475006520748138,0.337918221950531,9.99999993922529e-09,0.4773316979408264,1,1,0,1,0.1,0.11279206438088943,0.0,0.20058277654566117
1911,1911,30,0,0.0,0.9999966621398926,0.3079686049395688,13.522841452406375,0.20000000000000018,0.0,3,0.40041666978755663,JITTER,73.83447993330132,73.7885782480004,1.8447144562000102,0,0.0,80.0,1,1,1,30,0.9999966621398926,1,30,1,0.21701884269714355,0.4621131420135498,0.1808638721704483,0.14000417292118073,1,1,1,0,0.1,0.20041666978755665,0.1,0.0
1912,1912,30,1,6.2,0.9999563694000244,0.5712720707612536,21.316080294499173,0.0,0.0,3,0.5453564105385011,JITTER,92.29339986919211,91.28743330190399,2.2821858325476,0,0.0,80.0,1,1,1,30,0.9999563694000244,1,30,1,0.01385925430804491,0.004361695609986782,0.04873902350664139,0.9330400228500366,1,0,1,1,0.1,0.0,0.1,0.3453564105385011
1913,1913,30,0,0.0,0.9988062381744385,0.2673453837836167,13.948627941481828,3.2,0.030863808631365952,3,0.37307424715443205,JITTER,47.07410506638868,46.76544765474536,1.169136191368634,0,0.0,80.0,1,1,1,30,0.9988062381744385,1,30,1,0.06329993903636932,0.25868913531303406,0.3633756935596466,0.3146352767944336,0,1,1,1,0.0,0.1,0.1535411522547718,0.11953309489966027
1914,1914,30,0,0.0,0.9999966621398926,0.3545948640536364,15.810684684589374,0.20000000000000018,0.0,3,0.4296602204853165,JITTER,113.56067864697414,112.14261864143292,2.803565466035823,0,0.0,80.0,1,1,1,30,0.9999966621398926,1,30,1,0.29093170166015625,0.028734400868415833,0.13620246946811676,0.5441314578056335,1,0,1,1,0.1,0.0,0.1,0.2296602204853165
1915,1915,30,1,6.2,0.9999960660934448,0.5100590973551141,19.3609730293649,0.0,0.0,3,0.5153107179806773,JITTER,67.59124346575283,66.75186601611662,1.6687966504029157,0,0.0,80.0,1,1,1,30,0.9999960660934448,1,30,1,0.10268581658601761,0.052367471158504486,0.02279023826122284,0.8221564292907715,1,1,0,1,0.1,0.1,0.0,0.31531071798067734
1916,1916,30,0,0.0,0.999997615814209,0.5909302637829179,21.913534135778725,3.2,0.0,3,0.5546602495132558,JITTER,61.374232498565696,60.797090975520376,1.5199272743880095,0,0.0,80.0,1,1,1,30,0.999997615814209,1,30,1,0.0030796201899647713,0.007813499309122562,0.020324597135186195,0.9687822461128235,0,1,1,1,0.0,0.1,0.1,0.3546602495132558
1917,1917,30,0,0.0,0.9999918937683105,0.577632674495695,21.562364708808026,0.20000000000000018,0.0,3,0.5483840344102018,JITTER,49.03092567076704,48.599597381020025,1.2149899345255006,0,0.0,80.0,1,1,1,30,0.9999918937683105,1,30,1,0.05290629342198372,0.0024955763947218657,9.99999993922529e-09,0.9445981383323669,1,1,0,1,0.1,0.1,0.0,0.3483840344102018
1918,1918,30,1,6.2,0.9991350769996643,0.31275479983796667,14.597997654564377,0.0,0.0,3,0.40351614719674367,JITTER,88.55922324379105,88.48847872658067,2.212211968164517,0,0.0,80.0,1,1,1,30,0.9991350769996643,1,30,1,0.15371085703372955,0.06743746995925903,0.4704948365688324,0.3083568215370178,1,0,1,1,0.1,0.0,0.20351614719674369,0.1
1919,1919,30,0,0.0,0.9992642998695374,0.3976298452901376,14.793505579655433,3.2,0.0,3,0.454986398143842,JITTER,99.50274072961548,98.93959593189331,2.473489898297333,0,0.0,80.0,1,1,1,35,0.9992642998695374,0,30,1,0.4987300634384155,0.47131720185279846,0.0017149809282273054,0.02823774330317974,1,1,0,1,0.18533496403460561,0.16965143410923642,0.0,0.1
1920,1920,30,0,0.0,0.999992847442627,0.40154252106425065,16.31783105979336,0.20000000000000018,0.0,3,0.4572194502755228,JITTER,88.25597934324998,87.12149230133423,2.178037307533356,0,0.0,80.0,1,1,1,30,0.999992847442627,1,30,1,0.6274396181106567,0.21505890786647797,0.05719670280814171,0.10030482709407806,1,1,0,1,0.25721945027552284,0.1,0.0,0.1
1921,1921,30,1,6.2,0.9999922513961792,0.4470051117345672,17.874773459471033,0.0,0.0,3,0.4824087441647048,JITTER,85.26280491413054,84.22578937114334,2.1056447342785836,0,0.0,80.0,1,1,1,30,0.9999922513961792,1,30,1,0.7086880803108215,0.12728101015090942,0.016959814354777336,0.14707109332084656,1,1,0,1,0.28240874416470485,0.1,0.0,0.1
1922,1922,30,0,0.0,0.9999825954437256,0.524411035685364,19.66754085649985,3.2,0.0,3,0.5225102780552231,JITTER,115.91018380695348,114.7317385002492,2.86829346250623,0,0.0,80.0,1,1,1,30,0.9999825954437256,1,30,1,0.04295087978243828,0.08062202483415604,0.8480945229530334,0.028332609683275223,1,1,1,0,0.1,0.1,0.32251027805522303,0.0
1923,1923,30,0,0.0,0.9976480603218079,0.6071112329365249,22.43241971630536,0.20000000000000018,0.0,3,0.5622028730435444,JITTER,93.23191155153515,91.91650375846012,2.2979125939615033,0,0.0,80.0,1,1,1,30,0.9976480603218079,1,30,1,0.00021107993961777538,0.0005813907482661307,0.9982466101646423,0.0009609370026737452,0,1,1,1,0.0,0.1,0.3622028730435445,0.1
1924,1924,30,1,6.2,0.9998714923858643,0.28275361621439443,13.6609051512294,0.0,0.0,3,0.38367456592765203,JITTER,43.62675772783304,43.379563423651355,1.0844890855912839,0,0.0,80.0,1,1,1,30,0.9998714923858643,1,30,1,0.26558610796928406,0.10601469874382019,0.21028444170951843,0.4181148111820221,1,0,1,1,0.1,0.0,0.1,0.183674565927652
1925,1925,30,0,0.0,0.9999779462814331,0.2513231864898184,13.56321049779385,3.2,0.0,3,0.361722234673476,JITTER,62.40170981569678,62.05513330223309,1.5513783325558272,0,0.0,80.0,1,1,1,30,0.9999779462814331,1,30,1,0.33568236231803894,0.08047594875097275,0.2888641059398651,0.2949775457382202,1,0,1,1,0.14156898520597028,0.0,0.10787690021142712,0.11227634925607857
1926,1926,30,0,0.0,0.9999773502349854,0.2965175134825513,13.963434721705246,0.20000000000000018,0.0,3,0.39290187492652473,JITTER,56.67430989299597,56.2311614332014,1.405779035830035,0,0.0,80.0,1,1,1,30,0.9999773502349854,1,30,1,0.18522311747074127,0.27583935856819153,0.09683969616889954,0.44209784269332886,1,1,0,1,0.1,0.1,0.0,0.1929018749265247
1927,1927,30,1,6.2,0.999862551689148,0.5889532023552231,21.88445853471046,0.0,0.0,3,0.5537316152863305,JITTER,80.3864560938344,80.03293246851852,2.000823311712963,0,0.0,80.0,1,1,1,30,0.999862551689148,1,30,1,0.008552302606403828,0.9651848673820496,0.0009223834495060146,0.025340376421809196,1,1,0,1,0.1,0.35373161528633057,0.0,0.1
1928,1928,30,0,0.0,0.999990701675415,0.2773570696958189,12.866869822791331,3.2,0.0,3,0.379995581376672,JITTER,100.42918658766874,99.55035817940686,2.4887589544851716,0,0.0,80.0,1,1,1,30,0.999990701675415,1,30,1,0.21808888018131256,0.2145315557718277,0.4087350368499756,0.15864451229572296,1,1,1,0,0.1,0.1,0.17999558137667201,0.0
1929,1929,30,0,0.0,0.9999815225601196,0.3911138638485411,16.090626778320726,0.20000000000000018,0.0,3,0.45124305604770115,JITTER,90.62441116832468,90.47679763019396,2.261919940754849,0,0.0,80.0,1,1,1,30,0.9999815225601196,1,30,1,0.19401772320270538,0.1388394683599472,0.6088781952857971,0.058264631778001785,1,1,1,0,0.1,0.1,0.25124305604770114,0.0
1930,1930,30,1,6.2,0.9998660087585449,0.4856162225382962,18.914731376059834,0.0,0.0,3,0.5028118677325784,JITTER,66.99653941243669,66.95872719244231,1.673968179811058,0,0.0,80.0,1,1,1,30,0.9998660087585449,1,30,1,0.10468538105487823,0.009469007141888142,0.10777336359024048,0.7780722379684448,1,0,1,1,0.1,0.0,0.1,0.3028118677325784
1931,1931,30,0,0.0,0.9988632202148438,0.3400628093700225,15.072742976321907,3.2,0.0,3,0.42076392303840116,JITTER,87.59099918155648,86.98888100009762,2.1747220250024406,0,0.0,80.0,1,1,1,30,0.9988632202148438,1,30,1,0.2254648357629776,0.06401428580284119,0.19203594326972961,0.5184849500656128,1,0,1,1,0.1,0.0,0.1,0.22076392303840117
1932,1932,30,0,0.0,0.9999947547912598,0.5273459878176753,19.657346271726695,0.20000000000000018,0.0,3,0.5239703950754193,JITTER,114.92528141058287,114.18028007908183,2.854507001977046,0,0.0,80.0,1,1,1,30,0.9999947547912598,1,30,1,0.06318580359220505,0.04859621450304985,0.034814536571502686,0.8534035086631775,1,1,0,1,0.1,0.1,0.0,0.32397039507541936
1933,1933,30,1,6.2,0.999998927116394,0.4627436598759112,18.002687241317222,0.0,0.0,3,0.49082781387757435,JITTER,76.38058980177269,75.98740150498863,1.8996850376247156,0,0.0,80.0,1,1,1,30,0.999998927116394,1,30,1,0.7369309067726135,0.07084865123033524,0.15763065218925476,0.034589800983667374,1,1,1,0,0.2908278138775744,0.1,0.1,0.0
1934,1934,30,0,0.0,0.999998927116394,0.3591699487872272,16.238368685215175,3.2,0.0,3,0.43242313681873845,JITTER,82.01126289473403,81.24520823553901,2.0311302058884753,0,0.0,80.0,1,1,1,30,0.999998927116394,1,30,1,0.2567957043647766,0.0037999392952769995,0.18718405067920685,0.5522202253341675,1,0,1,1,0.1,0.0,0.1,0.2324231368187384
1935,1935,30,0,0.0,0.9999104738235474,0.36461074471027427,15.235856764864097,0.20000000000000018,0.0,3,0.43568605313485503,JITTER,57.06282615056329,56.83036435225762,1.4207591088064406,0,0.0,80.0,1,1,1,30,0.9999104738235474,1,30,1,0.4858725666999817,0.057574160397052765,0.04583119973540306,0.4107220768928528,1,1,0,1,0.19029300971399968,0.1,0.0,0.14539304342085535
1936,1936,30,1,6.2,0.9999567270278931,0.2676393374483174,13.87310194621275,0.0,0.0,3,0.3732792935476315,JITTER,31.15213439714553,31.077444579296895,0.7769361144824224,0,0.0,80.0,1,1,1,30,0.9999567270278931,1,30,1,0.25461485981941223,0.3307494819164276,0.06670747697353363,0.34792816638946533,1,1,0,1,0.1,0.13064982548548265,0.0,0.14262946806214885
1937,1937,30,0,0.0,0.9999552965164185,0.33654354576592993,14.597695985693136,3.2,0.0,3,0.4185810465702672,JITTER,119.90400175055531,118.91524762825806,2.9728811907064516,0,0.0,80.0,1,1,1,30,0.9999552965164185,1,30,1,0.4866841733455658,0.08685293048620224,0.3472050130367279,0.07925787568092346,1,1,1,0,0.20266034394529694,0.1,0.11592070262497026,0.0
1938,1938,30,0,0.0,0.9999204874038696,0.5242815509563243,20.010632639449707,0.20000000000000018,0.0,3,0.5224457663706216,JITTER,20.192970787333945,19.808121522703534,0.49520303806758836,0,0.0,80.0,1,1,1,30,0.9999204874038696,1,30,1,0.0032852510921657085,0.8478603363037109,0.0037971041165292263,0.14505727589130402,0,1,1,1,0.0,0.3224457663706216,0.1,0.1
1939,1939,30,1,6.2,0.999777615070343,0.5231569168688242,19.418581320317877,0.0,0.0,3,0.5218851174708665,JITTER,21.997992422981266,21.813831334614992,0.5453457833653749,0,0.0,80.0,1,1,1,30,0.999777615070343,1,30,1,0.0518861748278141,0.04385688528418541,0.05843043327331543,0.8458264470100403,1,0,1,1,0.1,0.0,0.1,0.32188511747086657
1940,1940,30,0,0.0,0.9999616146087646,0.33499468252048836,15.59931402665879,3.2,0.0,3,0.4176167249113737,JITTER,91.7477585970656,90.06950998335202,2.2517377495838007,0,0.0,80.0,1,1,1,30,0.9999616146087646,1,30,1,0.020008228719234467,0.24735890328884125,0.5095577239990234,0.22307515144348145,0,1,1,1,0.0,0.1,0.2176167249113737,0.1
1941,1941,30,0,0.0,0.9998101592063904,0.3640764123529356,15.324705802318439,0.20000000000000018,0.0,3,0.4353666899323999,JITTER,91.2886291432101,90.44215395120395,2.2610538487800986,0,0.0,80.0,1,1,1,30,0.9998101592063904,1,30,1,0.22286354005336761,0.07601660490036011,0.14021752774715424,0.5609023571014404,1,0,1,1,0.1,0.0,0.1,0.23536668993239993
1942,1942,30,1,6.2,0.9999561309814453,0.4772121105101859,18.4876354346385,0.0,0.0,3,0.49844202842541924,JITTER,117.44420389841034,117.35184722564796,2.933796180641199,0,0.0,80.0,1,1,1,30,0.9999561309814453,1,30,1,0.025113658979535103,0.11336113512516022,0.0985824316740036,0.7629427313804626,0,1,1,1,0.0,0.1,0.1,0.2984420284254192
1943,1943,30,0,0.0,0.9956585168838501,0.33203916481727325,14.592763531958843,3.2,0.0,3,0.4157704149045087,JITTER,118.6892202538008,116.67294783455199,2.9168236958638,0,0.0,80.0,1,1,1,30,0.9956585168838501,1,30,1,0.08915842324495316,0.10383688658475876,0.5043559670448303,0.30264872312545776,0,1,1,1,0.0,0.1,0.21577041490450874,0.1
1944,1944,30,0,0.0,0.9994433522224426,0.4586877016524204,17.73913787223934,0.20000000000000018,0.0,3,0.48867202136720245,JITTER,112.89300171263591,112.31776123843639,2.80794403096091,0,0.0,80.0,1,1,1,30,0.9994433522224426,1,30,1,0.16905443370342255,0.04658014699816704,0.729647159576416,0.054718323051929474,1,0,1,1,0.1,0.0,0.2886720213672025,0.1
1945,1945,30,1,6.2,0.9999873638153076,0.3742619544696446,16.395304429251066,0.0,0.0,3,0.44141467473528795,JITTER,34.245807228426976,33.79149188464562,0.8447872971161406,0,0.0,80.0,1,1,1,30,0.9999873638153076,1,30,1,0.012596333399415016,0.22226890921592712,0.18618464469909668,0.578950047492981,0,1,1,1,0.0,0.1,0.1,0.2414146747352879
1946,1946,30,0,0.0,0.9187067747116089,0.29047279320741465,14.089666194963568,3.2,0.0,3,0.38887646207081605,JITTER,71.58594379861199,70.83691435391036,1.770922858847759,0,0.0,80.0,1,1,1,30,0.9187067747116089,1,30,1,0.4100393056869507,0.0725020170211792,0.19716162979602814,0.3202970623970032,1,0,1,1,0.1744743023000699,0.0,0.1,0.11440215977074611
1947,1947,30,0,0.0,0.9878969192504883,0.5978816198077948,22.15777805929392,0.20000000000000018,0.0,3,0.5579130599002173,JITTER,112.46191784832176,111.06720808865471,2.776680202216368,0,0.0,80.0,1,1,1,30,0.9878969192504883,1,30,1,0.01367554347962141,0.9814353585243225,0.0005147529300302267,0.0043743266724050045,1,1,0,1,0.1,0.3579130599002174,0.0,0.1
1948,1948,30,1,6.2,0.9999655485153198,0.3848382356473358,15.372376329445508,0.0,0.0,3,0.44760819988884726,JITTER,51.10638351045899,50.697464413218974,1.2674366103304744,0,0.0,80.0,1,1,1,30,0.9999655485153198,1,30,1,0.10111390799283981,0.14720980823040009,0.5977233052253723,0.153952956199646,0,1,1,1,0.0,0.1,0.24760819988884722,0.1
1949,1949,30,0,0.0,0.9999814033508301,0.3855553415728673,15.958386607320321,3.2,0.3694672088434532,3,0.4480250413985267,JITTER,33.34958350918512,33.22131164626187,0.8305327911565468,0,0.0,80.0,1,1,1,30,0.9999814033508301,1,30,1,0.4676109850406647,0.009642724879086018,0.04713325947523117,0.475612998008728,1,0,1,1,0.1716878854233891,0.0,0.1,0.17633715597513763
1950,1950,30,0,0.0,0.999987006187439,0.2695865607795707,12.745154645160737,0.20000000000000018,0.0,3,0.3746347386605675,JITTER,34.33500702095385,33.778579843163655,0.8444644960790915,0,0.0,80.0,1,1,1,30,0.999987006187439,1,30,1,0.15204499661922455,0.31394773721694946,0.16486217081546783,0.36914506554603577,0,1,1,1,0.0,0.11814093429812636,0.1,0.15649380436244117
1951,1951,30,1,6.2,0.9999439716339111,0.39815445911605174,16.914561571759275,0.0,0.0,3,0.45528644287140907,JITTER,90.48734679721188,89.52755652659735,2.238188913164934,0,0.0,80.0,1,1,1,30,0.9999439716339111,1,30,1,0.3094765245914459,0.621406078338623,0.009130744263529778,0.05998670682311058,1,1,0,1,0.1,0.2552864428714091,0.0,0.1
1952,1952,30,0,0.0,0.9997480511665344,0.45945078236971904,18.157431605790734,3.2,0.0,3,0.4890783340228409,JITTER,57.436783362757076,56.66886012810508,1.416721503202627,0,0.0,80.0,1,1,1,30,0.9997480511665344,1,30,1,0.14102990925312042,0.1102263554930687,0.017726510763168335,0.7310172319412231,1,1,0,1,0.1,0.1,0.0,0.2890783340228409
1953,1953,30,0,0.0,0.9999966621398926,0.32224538064441716,14.55836906790751,0.20000000000000018,0.0,3,0.40959276501807573,JITTER,101.2905347695761,99.50532309613409,2.4876330774033524,0,0.0,80.0,1,1,1,30,0.9999966621398926,1,30,1,0.46220535039901733,0.1310063898563385,0.0671536922454834,0.33963456749916077,1,1,0,1,0.19374504468845047,0.1,0.0,0.11584772032962523
1954,1954,30,1,6.2,0.9999849796295166,0.47162639620013397,17.914561289332973,0.0,0.0,3,0.4955163379449919,JITTER,74.70162282063336,73.47668783810487,1.8369171959526218,0,0.0,80.0,1,1,1,30,0.9999849796295166,1,30,1,0.08592911809682846,0.1046610176563263,0.05651462823152542,0.7528952360153198,1,1,0,1,0.1,0.1,0.0,0.2955163379449919
1955,1955,30,0,0.0,0.9512434601783752,0.21981147132746215,11.911858970521841,3.2,0.0,3,0.33828606096288655,JITTER,71.1305953412695,70.4555231862439,1.7613880796560974,0,0.0,80.0,1,1,1,30,0.9512434601783752,1,30,1,0.27258801460266113,0.24244017899036407,0.18798093497753143,0.29699090123176575,1,1,0,1,0.10975412513447705,0.1,0.0,0.1285319358284095
1956,1956,30,0,0.0,0.9940040707588196,0.6063500445115771,22.41678590403769,0.20000000000000018,0.0,3,0.56185032105839,JITTER,106.54318556221003,105.71987536245308,2.6429968840613274,0,0.0,80.0,1,1,1,30,0.9940040707588196,1,30,1,0.002305988222360611,0.9968596696853638,0.0003429293865337968,0.00049141317140311,1,1,0,1,0.1,0.36185032105839,0.0,0.1
1957,1957,30,1,6.2,0.9999902248382568,0.3094431069633898,13.835986990652653,0.0,0.0,3,0.4013740890910682,JITTER,59.59126790407023,59.227866830792955,1.480696670769824,0,0.0,80.0,1,1,1,30,0.9999902248382568,1,30,1,0.10897749662399292,0.44541803002357483,0.32766005396842957,0.11794445663690567,0,1,1,1,0.0,0.18887257793498338,0.11250151115608487,0.1
1958,1958,30,0,0.0,0.9998623132705688,0.3848316933895384,16.431503281368,3.2,0.0,3,0.44760439519844697,JITTER,71.87017282946167,71.08700350771367,1.777175087692842,0,0.0,80.0,1,1,1,30,0.9998623132705688,1,30,1,0.31143733859062195,0.06614840030670166,0.02470257133245468,0.5977116823196411,1,1,0,1,0.1,0.1,0.0,0.24760439519844693
1959,1959,30,0,0.0,0.9999743700027466,0.3769970295851465,16.201339842329272,0.20000000000000018,0.0,3,0.443024649493576,JITTER,86.0461145310457,85.30525350941434,2.1326313377353587,0,0.0,80.0,1,1,1,30,0.9999743700027466,1,30,1,0.5345519781112671,0.3896344304084778,9.99999993922529e-09,0.07581362873315811,1,1,0,1,0.21408696110874145,0.12893768838483458,0.0,0.1
1960,1960,30,1,6.2,0.9999654293060303,0.42452058321493236,17.58099172448886,0.0,0.0,3,0.47011954004484036,JITTER,41.783729188359935,41.05933130866032,1.026483282716508,0,0.0,80.0,1,1,1,30,0.9999654293060303,1,30,1,0.31066933274269104,0.668440043926239,0.01943688839673996,0.0014536397065967321,1,1,1,0,0.1,0.2701195400448404,0.1,0.0
1961,1961,30,0,0.0,0.999993085861206,0.5276554139632673,19.748962715042822,3.2,0.0,3,0.524124095271832,JITTER,54.60008672380144,53.59223090851273,1.3398057727128183,0,0.0,80.0,1,1,1,30,0.999993085861206,1,30,1,0.028795422986149788,0.853963315486908,0.04771098867058754,0.06953030824661255,0,1,1,1,0.0,0.32412409527183206,0.1,0.1
1962,1962,30,0,0.0,0.999916672706604,0.2555184782202154,12.386610170658363,0.20000000000000018,0.0,3,0.3647288208738635,JITTER,40.73533330264557,40.279050743383145,1.0069762685845787,0,0.0,80.0,1,1,1,30,0.999916672706604,1,30,1,0.2963751554489136,0.1710716038942337,0.3547760248184204,0.17777717113494873,1,0,1,1,0.1115239604903028,0.0,0.15320486038356065,0.1
1963,1963,30,1,6.2,0.9976805448532104,0.2890723738946675,14.227013069141968,0.0,0.0,3,0.38793790930747774,JITTER,73.66150935294522,72.44072032893777,1.8110180082234444,0,0.0,80.0,1,1,1,30,0.9976805448532104,1,30,1,0.42911452054977417,0.23275767266750336,0.07084392011165619,0.2672838568687439,1,1,0,1,0.18793790930747775,0.1,0.0,0.1
1964,1964,30,0,0.0,0.9991557598114014,0.33265055851637554,14.955239275050962,3.2,0.368288206767886,3,0.4161530241419449,JITTER,33.88513867508298,33.268471729284556,0.831711793232114,0,0.0,80.0,1,1,1,30,0.9991557598114014,1,30,1,0.06372316926717758,0.5054317712783813,0.23547685146331787,0.19536824524402618,0,1,1,1,0.0,0.2161530241419449,0.1,0.1
1965,1965,30,0,0.0,0.9998067021369934,0.5354035862017388,20.284805721936404,0.20000000000000018,0.0,3,0.5279582302209598,JITTER,73.14281721720701,72.28542338646824,1.807135584661706,0,0.0,80.0,1,1,1,30,0.9998067021369934,1,30,1,0.01918818987905979,0.8679867386817932,0.0054596299305558205,0.10736549645662308,1,1,0,1,0.1,0.3279582302209598,0.0,0.1
1966,1966,30,1,6.2,0.9999715089797974,0.41224045105390805,16.20194218549819,0.0,0.0,3,0.46327005473489347,JITTER,71.0166293297767,70.96546198066808,1.774136549516702,0,0.0,80.0,1,1,1,30,0.9999715089797974,1,30,1,0.08175220340490341,0.1877104640007019,0.6465110778808594,0.08402630686759949,0,1,1,1,0.0,0.1,0.2632700547348935,0.1
1967,1967,30,0,0.0,0.9999905824661255,0.4895824038391602,18.65045250069277,3.2,0.0,3,0.5048610040420152,JITTER,69.70906618065982,69.34163016311099,1.733540754077775,0,0.0,80.0,1,1,1,30,0.9999905824661255,1,30,1,0.08854525536298752,0.09046386927366257,0.03577343747019768,0.7852174043655396,1,1,0,1,0.1,0.1,0.0,0.3048610040420151
1968,1968,31,0,0.0,0.9982776641845703,0.30535088878298783,14.102577214990726,0.20000000000000018,0.0,3,0.39871127831598396,JITTER,54.26881803778314,53.56429850629672,1.3391074626574182,0,0.0,80.0,1,1,1,31,0.9982776641845703,1,31,1,0.25491344928741455,0.1924949288368225,0.09505875408649445,0.4575328528881073,1,1,0,1,0.1,0.1,0.0,0.19871127831598392
1969,1969,31,1,6.2,0.8461768627166748,0.5007514152835827,19.339593708172956,0.0,0.0,3,0.5105873128484966,JITTER,69.7697129474106,69.63963678862501,1.7409909197156255,0,0.0,80.0,1,1,1,19,0.8461768627166748,0,31,1,0.8053556084632874,0.0067594218999147415,0.06756140291690826,0.12032366544008255,1,0,1,1,0.3105873128484966,0.0,0.1,0.1
1970,1970,31,0,0.0,0.9999923706054688,0.5130798054713396,19.42925638976668,3.2,0.5199314237896375,3,0.5168343702583763,JITTER,27.304127476175893,27.202743048414497,0.6800685762103624,0,0.0,80.0,1,1,1,31,0.9999923706054688,1,31,1,0.02362382598221302,0.8276125192642212,0.030631359666585922,0.11813237518072128,0,1,1,1,0.0,0.31683437025837635,0.1,0.1
1971,1971,31,0,0.0,0.9991057515144348,0.40086803488651807,16.67909119624987,0.20000000000000018,0.0,3,0.4568352844712421,JITTER,39.08851465722236,38.612963196124866,0.9653240799031217,0,0.0,80.0,1,1,1,31,0.9991057515144348,1,31,1,0.10048898309469223,0.626238226890564,0.24337781965732574,0.02989492379128933,1,1,1,0,0.1,0.25683528447124215,0.1,0.0
1972,1972,31,1,6.2,0.9988822340965271,0.6059991539441132,22.40912323404776,0.0,0.0,3,0.5616877280891401,JITTER,37.78144640455428,37.11519370186808,0.9278798425467021,0,0.0,80.0,1,1,1,31,0.9988822340965271,1,31,1,0.0025260718539357185,0.9962203502655029,0.00014615734107792377,0.0011074315989390016,1,1,0,1,0.1,0.3616877280891402,0.0,0.1
1973,1973,31,0,0.0,0.999923825263977,0.5932702836255626,21.971789453948425,3.2,0.1774654525304955,3,0.5557573617321807,JITTER,40.976066061341314,40.90138189878017,1.0225345474695045,0,0.0,80.0,1,1,1,31,0.999923825263977,1,31,1,0.003913039341568947,0.009747548028826714,0.013298566453158855,0.9730408191680908,0,1,1,1,0.0,0.1,0.1,0.35575736173218075
1974,1974,31,1,6.2,0.9701180458068848,0.3509125454997101,13.557442586702564,0.20000000000000018,0.0,3,0.4274234780660723,JITTER,107.57460163596468,106.9392067089933,2.6734801677248328,0,0.0,80.0,1,1,1,19,0.9701180458068848,0,35,0,0.17332418262958527,0.5376260876655579,0.19184339046478271,0.09720638394355774,1,1,1,0,0.1,0.22742347806607224,0.1,0.0
1975,1975,31,0,0.0,0.9999505281448364,0.5865446036982163,21.691312119822655,3.4000000000000004,0.0,3,0.5525981775052089,JITTER,62.54226298337358,61.342669377035584,1.5335667344258896,0,0.0,80.0,1,1,1,31,0.9999505281448364,1,31,1,0.9608030915260315,0.010870788246393204,0.018687361851334572,0.009638803079724312,1,1,1,0,0.35259817750520894,0.1,0.1,0.0
1976,1976,31,0,0.0,0.999981164932251,0.28724495437144837,14.660009662901556,0.40000000000000036,0.0,3,0.3867097579405343,JITTER,114.43692191577739,112.8006641511158,2.820016603777895,0,0.0,80.0,1,1,1,31,0.999981164932251,1,31,1,0.029978496953845024,0.2469732165336609,0.3149062991142273,0.4081420302391052,0,1,1,1,0.0,0.1,0.11197472201189126,0.17473503592864306
1977,1977,31,1,6.2,0.9998569488525391,0.5346874854579367,19.998224362915977,0.0,0.0,3,0.5276050407830972,JITTER,26.893895173255473,26.574750630557467,0.6643687657639368,0,0.0,80.0,1,1,1,31,0.9998569488525391,1,31,1,0.06775491684675217,0.8666902184486389,0.040839631110429764,0.02471521869301796,1,1,1,0,0.1,0.32760504078309727,0.1,0.0
1978,1978,31,0,0.0,0.9999241828918457,0.4592634216384102,18.090913466623523,3.2,0.0,3,0.48897860253724856,JITTER,118.90779350422578,116.65587911712099,2.916396977928025,0,0.0,80.0,1,1,1,31,0.9999241828918457,1,31,1,0.7306808233261108,0.13408613204956055,0.11329269409179688,0.021940305829048157,1,1,1,0,0.2889786025372486,0.1,0.1,0.0
1979,1979,31,0,0.0,0.9734904170036316,0.48564203514075,18.763241788369704,0.20000000000000018,0.0,3,0.502825230867686,JITTER,30.600249251994285,30.35791528859018,0.7589478822147546,0,0.0,80.0,1,1,1,31,0.9734904170036316,1,31,1,0.06502535939216614,0.7781187295913696,0.13861475884914398,0.01824115216732025,1,1,1,0,0.1,0.3028252308676861,0.1,0.0
1980,1980,31,1,6.2,0.3081938326358795,0.5406804926075229,20.447507848056226,0.0,0.0,3,0.5305536136207465,JITTER,51.55367459028393,51.41991537811215,1.2854978844528038,0,0.0,80.0,1,1,0,36,0.3081938326358795,0,31,1,0.8775435090065002,0.010392331518232822,0.0042584859766066074,0.10780572891235352,1,1,0,1,0.33055361362074653,0.1,0.0,0.1
1981,1981,31,0,0.0,0.9998998641967773,0.3849238882543966,16.024455051318107,3.2,0.0,3,0.4476580087081149,JITTER,89.47983112487609,88.98975301694054,2.2247438254235137,0,0.0,80.0,1,1,1,31,0.9998998641967773,1,31,1,0.054066482931375504,0.08939885348081589,0.25865909457206726,0.5978754758834839,0,1,1,1,0.0,0.1,0.1,0.2476580087081149
1982,1982,31,0,0.0,0.9998328685760498,0.45141475999841263,17.938632726268903,0.20000000000000018,0.0,3,0.4847823549741684,JITTER,54.48658031252978,54.388113388682946,1.3597028347170736,0,0.0,80.0,1,1,1,31,0.9998328685760498,1,31,1,0.1737387776374817,0.0901072770357132,0.7165955305099487,0.019558420404791832,1,1,1,0,0.1,0.1,0.2847823549741684,0.0
1983,1983,31,1,6.2,0.9984789490699768,0.3467841923694912,15.400897246180833,0.0,0.0,3,0.42490180185183524,JITTER,69.79675587786656,69.57596380252564,1.739399095063141,0,0.0,80.0,1,1,1,31,0.9984789490699768,1,31,1,0.14192338287830353,0.5303381085395813,0.2792045772075653,0.048533957451581955,1,1,1,0,0.1,0.22490180185183525,0.1,0.0
1984,1984,31,0,0.0,0.9999520778656006,0.37149872196278394,16.068118280278277,3.2,0.0,3,0.43978214025175566,JITTER,63.20904235794891,63.027831866176705,1.5756957966544176,0,0.0,80.0,1,1,1,31,0.9999520778656006,1,31,1,0.004633486736565828,0.5288308262825012,0.3831133246421814,0.08342231065034866,0,1,1,1,0.0,0.2130163562674667,0.12676578398428892,0.1
1985,1985,31,0,0.0,0.9863150119781494,0.35070546842949424,15.160290098026595,0.20000000000000018,0.0,3,0.4272973459796403,JITTER,115.38498899501458,115.05041283506615,2.876260320876654,0,0.0,80.0,1,1,1,31,0.9863150119781494,1,31,1,0.0343298614025116,0.10010866075754166,0.45089441537857056,0.4146670699119568,0,1,1,1,0.0,0.1,0.1746834656885856,0.1526138802910547
1986,1986,31,1,6.2,0.8365203738212585,0.46190967235713126,17.853295222848168,0.0,0.0,3,0.4903853130834663,JITTER,72.18871538506332,71.90432097413228,1.797608024353307,0,0.0,80.0,1,1,1,30,0.8365203738212585,0,30,0,0.04391954466700554,0.150572270154953,0.07007528841495514,0.7354329228401184,0,1,1,1,0.0,0.1,0.1,0.29038531308346627
1987,1987,31,0,0.0,0.9999915361404419,0.5916374567691333,21.95505274529431,3.2,0.5118910100565396,3,0.5549920437840952,JITTER,27.636180347260925,27.524359597738414,0.6881089899434604,0,0.0,80.0,1,1,1,31,0.9999915361404419,1,31,1,0.025007979944348335,0.0033363669645041227,0.0015865780878812075,0.970069169998169,1,1,0,1,0.1,0.1,0.0,0.3549920437840952
1988,1988,32,0,0.0,0.999131977558136,0.4017475034205803,15.962060374003782,0.20000000000000018,0.0,3,0.45733613774627735,JITTER,25.47741073904361,25.406381051329184,0.6351595262832297,0,0.0,80.0,1,1,1,32,0.999131977558136,1,32,1,0.08015403151512146,0.17571616172790527,0.6278047561645508,0.11632504314184189,0,1,1,1,0.0,0.1,0.2573361377462774,0.1
1989,1989,32,1,6.2,0.9997039437294006,0.5914688098987058,21.88119943905141,0.0,0.0,3,0.5549129376176376,JITTER,69.3484157763217,68.4443683010465,1.7111092075261625,0,0.0,80.0,1,1,1,32,0.9997039437294006,1,32,1,0.012168711051344872,0.9697622656822205,0.006575828418135643,0.011493134312331676,1,1,0,1,0.1,0.35491293761763765,0.0,0.1
1990,1990,32,0,0.0,0.6772811412811279,0.5884155907404823,21.250799383770698,3.2,0.4879865728123345,3,0.5534788273627637,JITTER,28.733981507178346,28.48053708750662,0.7120134271876655,0,0.0,80.0,1,1,0,32,0.6772811412811279,1,37,0,0.00772580411285162,0.9642067551612854,0.012899239547550678,0.01516823098063469,0,1,1,1,0.0,0.3534788273627637,0.1,0.1
1991,1991,32,0,0.0,0.9999556541442871,0.5199692563944699,19.37239853532357,0.20000000000000018,0.0,3,0.5202927324936101,JITTER,78.12470228533519,77.75872606090378,1.9439681515225946,0,0.0,80.0,1,1,1,32,0.9999556541442871,1,32,1,0.040982164442539215,0.8400628566741943,0.05672577768564224,0.062229230999946594,0,1,1,1,0.0,0.3202927324936101,0.1,0.1
1992,1992,32,1,6.2,0.7760918140411377,0.6044994967649742,22.362075114156927,0.0,0.0,3,0.5609922974064455,JITTER,57.20784115160254,57.12565079526521,1.4281412698816303,0,0.0,80.0,1,1,0,32,0.7760918140411377,1,32,1,0.0016981464577838778,0.9934881925582886,0.004568229429423809,0.0002454459317959845,1,1,1,0,0.1,0.36099229740644556,0.1,0.0
1993,1993,32,0,0.0,0.9938910007476807,0.4484546397669623,17.466272880464555,3.2,0.15947716996567673,3,0.48319027776512635,JITTER,42.01310802330949,41.62091320137293,1.0405228300343232,0,0.0,80.0,1,1,1,32,0.9938910007476807,1,32,1,0.13796913623809814,0.7112869024276733,0.10418570041656494,0.04655826836824417,1,1,1,0,0.1,0.2831902777651264,0.1,0.0
1994,1994,32,0,0.0,0.9996691942214966,0.6061173508029291,22.402185372788477,0.20000000000000018,0.0,3,0.5617425024957873,JITTER,119.04421789253223,116.67222598790735,2.916805649697684,0,0.0,80.0,1,1,1,32,0.9996691942214966,1,32,1,0.0008216301212087274,0.9964357018470764,0.0009654464083723724,0.0017772442661225796,0,1,1,1,0.0,0.3617425024957873,0.1,0.1
1995,1995,32,1,6.2,0.8845931887626648,0.38129076419982816,15.282564537985923,0.0,0.0,3,0.4455403783707612,JITTER,117.9621681124288,116.96400436389202,2.9241001090973007,0,0.0,80.0,1,1,1,32,0.8845931887626648,1,32,1,0.18770307302474976,0.5914227366447449,0.1182791069149971,0.10259509086608887,1,1,1,0,0.1,0.24554037837076118,0.1,0.0
1996,1996,32,0,0.0,0.8076936602592468,0.5102398625587046,19.544002647202067,3.2,0.5028400897039412,3,0.5154020230820562,JITTER,28.068037841466502,27.886396411842348,0.6971599102960587,0,0.0,80.0,1,1,1,32,0.8076936602592468,1,32,1,0.13311107456684113,0.8224828839302063,0.03728140518069267,0.0071245478466153145,1,1,1,0,0.1,0.3154020230820562,0.1,0.0
1997,1997,32,0,0.0,0.9999713897705078,0.5826960946134485,21.660203963771668,0.20000000000000018,0.0,3,0.5507823061783771,JITTER,43.771437537097725,43.759070727272125,1.0939767681818031,0,0.0,80.0,1,1,1,32,0.9999713897705078,1,32,1,0.0036655885633081198,0.9538036584854126,0.008190047927200794,0.034340761601924896,0,1,1,1,0.0,0.35078230617837713,0.1,0.1
1998,1998,32,1,6.2,0.9998216032981873,0.6066833911781869,22.425901958722072,0.0,0.0,3,0.5620047410994099,JITTER,29.52336102883754,29.25576604656132,0.7313941511640331,0,0.0,80.0,1,1,1,32,0.9998216032981873,1,32,1,0.0013830624520778656,0.997467041015625,0.000708809238858521,0.0004411204135976732,1,1,1,0,0.1,0.36200474109940994,0.1,0.0
1999,1999,32,0,0.0,0.968086302280426,0.3073280000000001,11.679738360264999,3.2,0.0,4,0.4,JITTER,53.9662463804297,53.77158611288262,1.3442896528220656,0,0.0,80.0,1,1,1,32,0.968086302280426,1,32,1,0.2676120698451996,0.2693253457546234,0.2530269920825958,0.21003563702106476,1,1,1,1,0.1,0.1,0.1,0.1
2000,2000,32,0,0.0,0.9978094696998596,0.5366162869723443,19.491875349210908,0.20000000000000018,0.0,3,0.528555810467956,JITTER,91.60999706587471,90.95568989202937,2.273892247300734,0,0.0,80.0,1,1,1,32,0.9978094696998596,1,32,1,0.015564464963972569,0.8701825737953186,0.10146057605743408,0.012792462483048439,1,1,1,0,0.1,0.328555810467956,0.1,0.0
2001,2001,32,1,6.2,0.822661280632019,0.471790803796981,18.630606552195882,0.0,0.0,3,0.4956026982001153,JITTER,105.18678557465444,104.67983331695473,2.6169958329238683,0,0.0,80.0,1,1,1,33,0.822661280632019,0,33,0,0.005153755657374859,0.22280655801296234,0.018848808482289314,0.7531908750534058,0,1,1,1,0.0,0.1,0.1,0.2956026982001153
2002,2002,32,0,0.0,0.9359323382377625,0.34126193885718575,15.19147001749442,3.2,0.0,3,0.42150511909013977,JITTER,73.83934900866248,73.56741461023728,1.839185365255932,0,0.0,80.0,1,1,1,32,0.9359323382377625,1,32,1,0.018656009808182716,0.5205984711647034,0.2706270217895508,0.1901184469461441,0,1,1,1,0.0,0.22150511909013973,0.1,0.1
2003,2003,32,0,0.0,0.999233603477478,0.4487935697219058,17.764659532313853,0.20000000000000018,0.0,3,0.4833728343867353,JITTER,69.5300616385842,69.31804152324246,1.7329510380810615,0,0.0,80.0,1,1,1,32,0.999233603477478,1,32,1,0.21119868755340576,0.7118946313858032,0.027882970869541168,0.04902374744415283,1,1,0,1,0.1,0.28337283438673533,0.0,0.1
2004,2004,32,1,6.2,0.9989579916000366,0.5183755152865923,19.810815683381016,0.0,0.0,3,0.5194947542679202,JITTER,36.15786243715219,35.71512866419431,0.8928782166048578,0,0.0,80.0,1,1,1,32,0.9989579916000366,1,32,1,0.006289679557085037,0.14677822589874268,0.009750118479132652,0.8371819257736206,0,1,1,1,0.0,0.1,0.1,0.3194947542679203
2005,2005,32,0,0.0,0.8861303329467773,0.6048507242799235,22.33751203580002,3.2,0.04453197025103539,3,0.561155248177568,JITTER,46.37860421757667,46.21872118995858,1.1554680297489646,0,0.0,80.0,1,1,1,32,0.8861303329467773,1,32,1,0.004682465456426144,0.9941280484199524,8.489997708238661e-05,0.0011045611463487148,1,1,0,1,0.1,0.36115524817756806,0.0,0.1
2006,2006,32,0,0.0,0.999265730381012,0.5199828403582517,19.908518401780867,0.20000000000000018,0.0,3,0.5202995286564486,JITTER,112.97682501350731,112.8796575988299,2.8219914399707475,0,0.0,80.0,1,1,1,32,0.999265730381012,1,32,1,0.11912092566490173,0.8400874137878418,0.0020422025118023157,0.03874943405389786,1,1,0,1,0.1,0.3202995286564486,0.0,0.1
2007,2007,32,1,6.2,0.9999364614486694,0.46069945522885464,18.262703151678302,0.0,0.0,3,0.4897424796681742,JITTER,76.51481126958872,75.67580518191248,1.8918951295478121,0,0.0,80.0,1,1,1,32,0.9999364614486694,1,32,1,0.22269940376281738,0.7332594394683838,0.012292379513382912,0.03174878656864166,1,1,0,1,0.1,0.28974247966817424,0.0,0.1
2008,2008,33,0,0.0,0.9437112808227539,0.5983634859981112,22.134253949291043,3.2,0.08367896231369021,3,0.5581378412661553,JITTER,45.060887440305976,44.652841507452386,1.1163210376863097,0,0.0,80.0,1,1,1,33,0.9437112808227539,1,33,1,0.0030217962339520454,0.006644243840128183,0.008021236397325993,0.9823127388954163,0,1,1,1,0.0,0.1,0.1,0.35813784126615533
2009,2009,33,0,0.0,0.999984860420227,0.3357289439062184,14.443729127883485,0.20000000000000018,0.0,3,0.4180741530544755,JITTER,28.773778308263545,28.358704962679887,0.7089676240669972,0,0.0,80.0,1,1,1,33,0.999984860420227,1,33,1,0.07754213362932205,0.45337823033332825,0.3786870241165161,0.0903925746679306,0,1,1,1,0.0,0.18228981012862897,0.13578434292584649,0.1
2010,2010,33,1,6.2,0.995341420173645,0.3946310649424776,16.818915396655672,0.0,0.0,3,0.4532674797924968,JITTER,42.16971483768232,42.00661472812895,1.050165368203224,0,0.0,80.0,1,1,1,33,0.995341420173645,1,33,1,0.010857130400836468,0.6151348948478699,0.14062054455280304,0.23338742554187775,0,1,1,1,0.0,0.25326747979249686,0.1,0.1
2011,2011,33,0,0.0,0.9990987777709961,0.45421435389037,17.696082779622042,3.2,0.0,3,0.48628329831006045,JITTER,51.4878478277503,50.558626124973344,1.2639656531243337,0,0.0,80.0,1,1,1,33,0.9990987777709961,1,33,1,0.04201142117381096,0.05100308358669281,0.721618115901947,0.18536736071109772,0,1,1,1,0.0,0.1,0.2862832983100605,0.1
2012,2012,33,0,0.0,0.9999676942825317,0.37419581094756466,15.827005640843211,0.20000000000000018,0.0,3,0.4413756672820346,JITTER,99.64666482835426,97.7595716530911,2.4439892913272776,0,0.0,80.0,1,1,1,33,0.9999676942825317,1,33,1,0.053419504314661026,0.578832745552063,0.28044837713241577,0.08729933947324753,0,1,1,1,0.0,0.2413756672820346,0.1,0.1
2013,2013,33,1,6.2,0.9703659415245056,0.29163538912067694,13.479101191088185,0.0,0.0,3,0.3896539095956302,JITTER,85.19623460330854,84.06666627175915,2.1016666567939786,0,0.0,80.0,1,1,1,33,0.9703659415245056,1,33,1,0.30825382471084595,0.12273982167243958,0.4247063994407654,0.14430001378059387,1,0,1,1,0.10592889688138199,0.0,0.1837250127142482,0.1
2014,2014,33,0,0.0,0.999984622001648,0.30610893382727417,14.583009180820383,3.2,0.0,3,0.39920587939785057,JITTER,68.0030999426217,66.77199042232932,1.6692997605582331,0,0.0,80.0,1,1,1,33,0.999984622001648,1,33,1,0.0616275891661644,0.2144014686346054,0.4588589370250702,0.2651119828224182,0,1,1,1,0.0,0.1,0.1992058793978506,0.1
2015,2015,33,0,0.0,0.995434582233429,0.44058069336914696,17.393786849021172,0.20000000000000018,0.0,3,0.47892957605677433,JITTER,71.08771492703289,70.58290674513991,1.7645726686284977,0,0.0,80.0,1,1,1,33,0.995434582233429,1,33,1,0.6971758008003235,0.08527451753616333,0.17746026813983917,0.040089402347803116,1,1,1,0,0.2789295760567744,0.1,0.1,0.0
2016,2016,33,1,6.2,0.9999209642410278,0.533398265576626,19.865756281623778,0.0,0.0,3,0.5269685854333683,JITTER,84.03750099176652,83.11957702739998,2.077989425685,0,0.0,80.0,1,1,1,33,0.9999209642410278,1,33,1,0.04957438260316849,0.05435469374060631,0.031714633107185364,0.864356279373169,1,1,0,1,0.1,0.1,0.0,0.3269685854333684
2017,2017,33,0,0.0,0.9999947547912598,0.2954594045066572,14.044102837472913,3.2,0.3963130025294317,3,0.39220022236676555,JITTER,32.401981530989545,32.14747989882273,0.8036869974705683,0,0.0,80.0,1,1,1,33,0.9999947547912598,1,33,1,0.08998878300189972,0.29820170998573303,0.17155835032463074,0.4402511715888977,0,1,1,1,0.0,0.1,0.1,0.19220022236676557
2018,2018,33,0,0.0,0.999984860420227,0.39328201380094735,16.536228543379913,0.20000000000000018,0.0,3,0.4524920663121752,JITTER,51.332541109448,50.463138518075446,1.2615784629518862,0,0.0,80.0,1,1,1,33,0.999984860420227,1,33,1,0.029261890798807144,0.6127346754074097,0.12021059542894363,0.23779284954071045,0,1,1,1,0.0,0.25249206631217525,0.1,0.1
2019,2019,33,1,6.2,0.9999889135360718,0.4713096373340998,18.340430592134133,0.0,0.0,3,0.49534990795073247,JITTER,57.88425569731088,56.93315343420021,1.4233288358550054,0,0.0,80.0,1,1,1,33,0.9999889135360718,1,33,1,0.02523449808359146,0.03161202371120453,0.19082781672477722,0.7523256540298462,0,1,1,1,0.0,0.1,0.1,0.29534990795073246
2020,2020,33,0,0.0,0.9433237314224243,0.45017659410731914,17.548395930642496,3.2,0.0,3,0.4841170542475306,JITTER,64.23895939009455,63.27087754818263,1.581771938704566,0,0.0,80.0,1,1,1,33,0.9433237314224243,1,33,1,0.1656678467988968,0.04575177654623985,0.7143747806549072,0.07420563697814941,1,0,1,1,0.1,0.0,0.28411705424753064,0.1
2021,2021,33,0,0.0,0.9281148314476013,0.4189347906504382,17.200881312990283,0.20000000000000018,0.0,3,0.4670164094129824,JITTER,33.52819285111899,32.90815583342822,0.8227038958357055,0,0.0,80.0,1,1,1,33,0.9281148314476013,1,33,1,0.04871389642357826,0.020035473629832268,0.6584605574607849,0.2727901041507721,1,0,1,1,0.1,0.0,0.26701640941298244,0.1
2022,2022,33,1,6.2,0.9995470643043518,0.38734391106577853,16.31519661392195,0.0,0.0,3,0.4490630204640338,JITTER,68.05598907989182,67.70237254854544,1.692559313713636,0,0.0,80.0,1,1,1,33,0.9995470643043518,1,33,1,0.03666790947318077,0.602175772190094,0.05513669550418854,0.3060196042060852,0,1,1,1,0.0,0.2490630204640338,0.1,0.1
2023,2023,33,0,0.0,0.9999771118164062,0.27099574399214527,14.421958319793863,3.2,0.10212742747744352,3,0.3756126080367829,JITTER,44.14896063648069,43.914902900902256,1.0978725725225564,0,0.0,80.0,1,1,1,33,0.9999771118164062,1,33,1,0.02512248605489731,0.30889102816581726,0.33742108941078186,0.328565388917923,0,1,1,1,0.0,0.11406861041310098,0.13384060120861124,0.1277033964150707
2024,2024,33,0,0.0,0.8163828253746033,0.3899876942626175,15.798908315495531,0.20000000000000018,0.0,3,0.4505929352137984,JITTER,56.67241729179677,55.85914596438062,1.3964786491095156,0,0.0,80.0,1,1,1,33,0.8163828253746033,1,33,1,0.012234347872436047,0.03469054400920868,0.5888269543647766,0.36424821615219116,0,1,1,1,0.0,0.1,0.24016620216939313,0.11042673304440528
2025,2025,33,1,6.2,0.9968090653419495,0.32065021226740004,15.265122288647856,0.0,0.0,3,0.4085777310642821,JITTER,114.96030429007935,113.42204935911005,2.8355512339777516,0,0.0,80.0,1,1,1,33,0.9968090653419495,1,33,1,0.026178056374192238,0.3165743947029114,0.1755622923374176,0.48168525099754333,0,1,1,1,0.0,0.10169212891850363,0.1,0.20688560214577842
2026,2026,33,0,0.0,0.7758984565734863,0.372135475320621,15.058180129414218,3.2,0.0,3,0.44015887487533256,JITTER,74.71662709441007,74.04627279167035,1.8511568197917587,0,0.0,80.0,1,1,0,36,0.7758984565734863,0,36,0,0.03260648623108864,0.23911798000335693,0.15309593081474304,0.5751795172691345,0,1,1,1,0.0,0.1,0.1,0.24015887487533258
2027,2027,33,0,0.0,0.9098052382469177,0.2379885255143613,12.355851929421283,0.20000000000000018,0.0,3,0.35199535754586414,JITTER,102.81944670376164,101.07222103489423,2.526805525872356,0,0.0,80.0,1,1,1,33,0.9098052382469177,1,33,1,0.2316349744796753,0.15716539323329926,0.3112790286540985,0.29992055892944336,1,0,1,1,0.1,0.0,0.13019759618834398,0.12179776135752016
2028,2028,33,1,6.2,0.9999914169311523,0.3686975209180255,15.885910945351181,0.0,0.0,3,0.43812096463566164,JITTER,49.303767443281856,48.363623238975364,1.2090905809743842,0,0.0,80.0,1,1,1,33,0.9999914169311523,1,33,1,0.04180022329092026,0.2507392168045044,0.13837413489818573,0.569086492061615,0,1,1,1,0.0,0.1,0.1,0.23812096463566165
2029,2029,33,0,0.0,0.9961144924163818,0.3491198174973822,14.745324305206701,3.2,0.0,3,0.42633027805414647,JITTER,59.51153632063821,58.55925881915745,1.4639814704789362,0,0.0,80.0,1,1,1,33,0.9961144924163818,1,33,1,0.07855652272701263,0.059424806386232376,0.42076218128204346,0.44125649333000183,1,0,1,1,0.1,0.0,0.1569084433913406,0.16942183466280583
2030,2030,33,0,0.0,0.9988112449645996,0.5270063064796632,20.005104063768215,0.20000000000000018,0.0,3,0.5238016143892736,JITTER,116.68198780822334,115.03990328931951,2.875997582232988,0,0.0,80.0,1,1,1,33,0.9988112449645996,1,33,1,0.04802689328789711,0.00895313173532486,0.09023096412420273,0.8527889847755432,1,0,1,1,0.1,0.0,0.1,0.3238016143892736
2031,2031,33,1,6.2,0.999991774559021,0.5160941521309211,19.529615945157868,0.0,0.0,3,0.5183503492969448,JITTER,36.155072645119375,35.731236161233326,0.8932809040308332,0,0.0,80.0,1,1,1,33,0.999991774559021,1,33,1,0.022175967693328857,0.04106995463371277,0.10369524359703064,0.8330588340759277,0,1,1,1,0.0,0.1,0.1,0.3183503492969447
2032,2032,33,0,0.0,0.9999892711639404,0.34040801229721407,15.011985901622056,3.2,0.4156352137202135,3,0.4209774307956219,JITTER,31.877712309557843,31.374591451191456,0.7843647862797865,0,0.0,80.0,1,1,1,33,0.9999892711639404,1,33,1,0.04451298713684082,0.37070217728614807,0.11294832080602646,0.47183653712272644,0,1,1,1,0.0,0.1292208828034435,0.1,0.19175654799217842
2033,2033,33,0,0.0,0.9333339929580688,0.5978915388492964,21.89972226115089,0.20000000000000018,0.0,3,0.557917687856371,JITTER,48.13151738738829,47.462282500506625,1.1865570625126656,0,0.0,80.0,1,1,1,33,0.9333339929580688,1,33,1,0.0031538670882582664,0.006733488757163286,0.00865924172103405,0.9814534187316895,0,1,1,1,0.0,0.1,0.1,0.3579176878563709
2034,2034,33,1,6.2,0.5095895528793335,0.24403515232282277,13.053041133613746,0.0,0.0,3,0.3564389216604146,JITTER,111.00896741301989,110.60709308073028,2.7651773270182574,0,0.0,80.0,1,1,0,33,0.5095895528793335,1,33,1,0.11414302885532379,0.3053421080112457,0.3196577727794647,0.26085713505744934,0,1,1,1,0.0,0.12299207856143693,0.1334468430989776,0.1
2035,2035,33,0,0.0,0.9977587461471558,0.36908549670531793,15.506690565584144,3.2,0.0,3,0.4383514186298062,JITTER,59.28578386011667,58.51848496808567,1.462962124202142,0,0.0,80.0,1,1,1,33,0.9977587461471558,1,33,1,0.22915884852409363,0.04594505578279495,0.15512223541736603,0.5697739124298096,1,0,1,1,0.1,0.0,0.1,0.23835141862980622
2036,2036,33,0,0.0,0.9999867677688599,0.3687304152397652,15.721941060530074,0.20000000000000018,0.0,3,0.4381405082584473,JITTER,61.96585928095011,61.74920316222288,1.543730079055572,0,0.0,80.0,1,1,1,33,0.9999867677688599,1,33,1,0.020614398643374443,0.5102010369300842,0.3955758512020111,0.07360873371362686,0,1,1,1,0.0,0.20312083353522434,0.13501967472322302,0.1
2037,2037,33,1,6.2,0.9999793767929077,0.4550017095665958,17.991934690549186,0.0,0.0,3,0.48670458853469484,JITTER,22.9071614168797,22.720881230688008,0.5680220307672003,0,0.0,80.0,1,1,1,33,0.9999793767929077,1,33,1,0.022036712616682053,0.1926698386669159,0.06226250156760216,0.7230309844017029,0,1,1,1,0.0,0.1,0.1,0.2867045885346948
2038,2038,33,0,0.0,0.998790442943573,0.5522056722801745,20.797838827467356,3.2,0.0,3,0.5361784540522354,JITTER,84.92090265819203,83.94603751683489,2.098650937920872,0,0.0,80.0,1,1,1,33,0.998790442943573,1,33,1,0.002223123097792268,0.038975220173597336,0.06036863848567009,0.8984330296516418,0,1,1,1,0.0,0.1,0.1,0.33617845405223534
2039,2039,33,0,0.0,0.999414324760437,0.4155750925864024,16.491964567853525,0.20000000000000018,0.0,3,0.46513999260092215,JITTER,35.62412397606424,35.303012793673616,0.8825753198418405,0,0.0,80.0,1,1,1,33,0.999414324760437,1,33,1,0.06920459121465683,0.06590298563241959,0.2124304175376892,0.6524620056152344,1,0,1,1,0.1,0.0,0.1,0.26513999260092214
2040,2040,33,1,6.2,0.9999058246612549,0.5358622172679048,20.190462442530354,0.0,0.0,3,0.5281843084730478,JITTER,56.94710461812528,56.63480396032641,1.4158700990081603,0,0.0,80.0,1,1,1,33,0.9999058246612549,1,33,1,0.01406849268823862,0.10393238067626953,0.013182003051042557,0.868817150592804,1,1,0,1,0.1,0.1,0.0,0.3281843084730477
2041,2041,33,0,0.0,0.999958872795105,0.31116297002898435,15.208309901662274,3.2,0.0,3,0.40248794805346977,JITTER,92.92712438603893,92.35162293182441,2.30879057329561,0,0.0,80.0,1,1,1,33,0.999958872795105,1,33,1,0.011205252259969711,0.4475768506526947,0.32936885952949524,0.21184904873371124,0,1,1,1,0.0,0.18946935459360273,0.113018593459867,0.1
2042,2042,33,0,0.0,0.9999001026153564,0.4690353574453789,18.338760404418185,0.20000000000000018,0.0,3,0.4941533202116387,JITTER,74.01419523330293,72.64756229363441,1.8161890573408603,0,0.0,80.0,1,1,1,33,0.9999001026153564,1,33,1,0.0209653340280056,0.7482367753982544,0.19492614269256592,0.03587169572710991,0,1,1,1,0.0,0.29415332021163876,0.1,0.1
2043,2043,33,1,6.2,0.9999523162841797,0.3817669303999222,16.157475385741307,0.0,0.0,3,0.44581849299500353,JITTER,73.92759822535824,73.01529778939442,1.8253824447348608,0,0.0,80.0,1,1,1,33,0.9999523162841797,1,33,1,0.040151119232177734,0.5922682285308838,0.08560504764318466,0.281975656747818,0,1,1,1,0.0,0.2458184929950035,0.1,0.1
2044,2044,33,0,0.0,0.9908638596534729,0.35357209092957587,14.328301164787614,3.2,0.5193187565699626,3,0.42904012935338887,JITTER,27.32459861675514,27.227249737201493,0.6806812434300373,0,0.0,80.0,1,1,1,33,0.9908638596534729,1,33,1,0.15918567776679993,0.5423241257667542,0.25613343715667725,0.042356763035058975,1,1,1,0,0.1,0.22904012935338888,0.1,0.0
2045,2045,33,0,0.0,0.9999755620956421,0.4496868300971107,18.00773941166878,0.20000000000000018,0.0,3,0.48385363802770787,JITTER,30.095119929811347,29.634777181718512,0.7408694295429629,0,0.0,80.0,1,1,1,33,0.9999755620956421,1,33,1,0.011784869246184826,0.7134964466094971,0.1516575962305069,0.12306108325719833,0,1,1,1,0.0,0.2838536380277079,0.1,0.1
2046,2046,33,1,6.2,0.9999138116836548,0.4488251151187522,18.09397329996565,0.0,0.0,3,0.4833898220632279,JITTER,103.59210809168424,103.20580215394665,2.5801450538486663,0,0.0,80.0,1,1,1,33,0.9999138116836548,1,33,1,0.004205360077321529,0.7119511961936951,0.10832509398460388,0.17551839351654053,0,1,1,1,0.0,0.28338982206322794,0.1,0.1
2047,2047,33,0,0.0,0.9999728202819824,0.3145571714433194,13.229979697056143,3.2,0.15859620700110977,3,0.404677186511497,JITTER,41.9271750923091,41.65615171995561,1.0414037929988902,0,0.0,80.0,1,1,1,33,0.9999728202819824,1,33,1,0.18642593920230865,0.17192715406417847,0.16799336671829224,0.47365355491638184,1,1,0,1,0.1,0.1,0.0,0.204677186511497
2048,2048,33,0,0.0,0.9999864101409912,0.3224052744181192,14.441638346389446,0.20000000000000018,0.0,3,0.4096943695946668,JITTER,79.10776169538354,78.12398359293898,1.9530995898234746,0,0.0,80.0,1,1,1,33,0.9999864101409912,1,33,1,0.06283318251371384,0.4152776300907135,0.13496799767017365,0.38692110776901245,0,1,1,1,0.0,0.16385565058426402,0.1,0.1458387190104028
2049,2049,33,1,6.2,0.9999164342880249,0.3329045392864164,15.522356417837766,0.0,0.0,3,0.41631186154030075,JITTER,88.67539585414576,87.07002933451508,2.1767507333628773,0,0.0,80.0,1,1,1,33,0.9999164342880249,1,33,1,0.0099590253084898,0.48311901092529297,0.3426204323768616,0.1643015742301941,0,1,1,1,0.0,0.2020808535908485,0.1142310079494522,0.1
2050,2050,33,0,0.0,0.883914053440094,0.29280749940082507,13.114229615620596,3.2,0.0,3,0.39043615241052443,JITTER,49.50401404965382,48.851789764513256,1.2212947441128315,0,0.0,80.0,1,1,1,33,0.883914053440094,1,33,1,0.2597546875476837,0.1501358151435852,0.15448446571826935,0.4356250464916229,1,0,1,1,0.1,0.0,0.1,0.1904361524105244
2051,2051,33,0,0.0,0.9460785388946533,0.34823623245683005,15.723798453160494,0.20000000000000018,0.0,3,0.42579043802572025,JITTER,75.97228457776922,75.50758150050716,1.887689537512679,0,0.0,80.0,1,1,1,33,0.9460785388946533,1,33,1,0.23890207707881927,0.5329008102416992,0.026801330968737602,0.20139583945274353,1,1,0,1,0.1,0.22579043802572027,0.0,0.1
2052,2052,33,1,6.2,0.999910831451416,0.5654244775011612,20.961674632323856,0.0,0.0,3,0.542558072012782,JITTER,110.74151865936734,110.53003909842451,2.763250977460613,0,0.0,80.0,1,1,1,33,0.999910831451416,1,33,1,0.036517683416604996,0.9224198460578918,0.023353498429059982,0.01770898513495922,1,1,1,0,0.1,0.342558072012782,0.1,0.0
2053,2053,33,0,0.0,0.9101506471633911,0.44306679490584905,17.470874918589793,3.2,0.0,3,0.4802789232086188,JITTER,91.20010268320515,89.8724595358438,2.2468114883960952,0,0.0,80.0,1,1,1,33,0.9101506471633911,1,33,1,0.06304266303777695,0.19669994711875916,0.701629638671875,0.038627736270427704,1,1,1,0,0.1,0.1,0.2802789232086188,0.0
2054,2054,33,0,0.0,0.9995842576026917,0.34250520493756725,14.839103083446638,0.20000000000000018,0.0,3,0.4222722227928609,JITTER,111.53265276899616,110.37587938620688,2.7593969846551722,0,0.0,80.0,1,1,1,33,0.9995842576026917,1,33,1,0.08370453119277954,0.17688749730587006,0.5227903127670288,0.2166176438331604,0,1,1,1,0.0,0.1,0.22227222279286088,0.1
2055,2055,33,1,6.2,0.9985894560813904,0.25792390317959324,13.205657197517784,0.0,0.0,3,0.3664415594368408,JITTER,52.16223382192459,51.29869777462149,1.2824674443655373,0,0.0,80.0,1,1,1,33,0.9985894560813904,1,33,1,0.23145410418510437,0.11192587018013,0.3044257164001465,0.35219427943229675,1,0,1,1,0.1,0.0,0.116254160384413,0.1501873990524278
2056,2056,33,0,0.0,0.999955415725708,0.25982159870857235,13.978716825880715,3.2,0.0,3,0.3677871502863441,JITTER,97.08102818323927,96.10960509795984,2.4027401274489963,0,0.0,80.0,1,1,1,33,0.999955415725708,1,33,1,0.0564894862473011,0.3089751601219177,0.35187554359436035,0.2826598286628723,0,1,1,1,0.0,0.11868292362015581,0.14904646895654375,0.10005775770964453
2057,2057,33,0,0.0,0.9998809099197388,0.27899502309536345,13.755338892174102,0.20000000000000018,0.0,3,0.38111597615966375,JITTER,96.7857375633811,96.26720680893546,2.4066801702233867,0,0.0,80.0,1,1,1,33,0.9998809099197388,1,33,1,0.41158053278923035,0.0958956629037857,0.23363271355628967,0.25889113545417786,1,0,1,1,0.1811159761596637,0.0,0.1,0.1
2058,2058,33,1,6.2,0.9996386766433716,0.3211330433172495,15.003584931022607,0.0,0.0,3,0.40888523095040197,JITTER,78.95063304034679,77.58449741131605,1.9396124352829014,0,0.0,80.0,1,1,1,33,0.9996386766433716,1,33,1,0.03209252655506134,0.45598748326301575,0.1685640513896942,0.3433559536933899,0,1,1,1,0.0,0.1902948657642479,0.1,0.1185903651861541
2059,2059,33,0,0.0,0.9981185793876648,0.265653649920225,12.923472997550508,3.2,0.0,3,0.37189198630718123,JITTER,51.79845046165125,51.29750766543783,1.2824376916359457,0,0.0,80.0,1,1,1,33,0.9981185793876648,1,33,1,0.13718420267105103,0.3076207637786865,0.36655256152153015,0.1886424720287323,0,1,1,1,0.0,0.1153211463598231,0.15657083994735818,0.1
2060,2060,33,0,0.0,0.9838659167289734,0.3583154146235107,15.708210278381134,0.20000000000000018,0.0,3,0.43190842171433386,JITTER,115.10448541728894,113.26693015080608,2.831673253770152,0,0.0,80.0,1,1,1,33,0.9838659167289734,1,33,1,0.03848158195614815,0.10366177558898926,0.307147741317749,0.5507088899612427,0,1,1,1,0.0,0.1,0.1,0.23190842171433387
2061,2061,33,1,6.2,0.999850869178772,0.38469373399623835,15.48433214861069,0.0,0.0,3,0.4475241565289245,JITTER,108.70390203305527,107.86634485774411,2.696658621443603,0,0.0,80.0,1,1,1,33,0.999850869178772,1,33,1,0.195898175239563,0.5974665880203247,0.09283334016799927,0.11380188912153244,1,1,0,1,0.1,0.24752415652892454,0.0,0.1
2062,2062,33,0,0.0,0.9999929666519165,0.36740632082523617,15.462092087238826,3.2,0.0,3,0.43735312928639664,JITTER,119.65052596345588,119.28543486656886,2.9821358716642217,0,0.0,80.0,1,1,1,33,0.9999929666519165,1,33,1,0.06523580849170685,0.03193794563412666,0.4146271049976349,0.4881991147994995,1,0,1,1,0.1,0.0,0.1467819027315157,0.19057122655488093
2063,2063,33,0,0.0,0.9999192953109741,0.33095512745086614,15.110649194543125,0.20000000000000018,0.0,3,0.4150911589856471,JITTER,71.8770583216309,71.18808310460464,1.7797020776151162,0,0.0,80.0,1,1,1,33,0.9999192953109741,1,33,1,0.02136770635843277,0.42440053820610046,0.15726058185100555,0.3969711363315582,0,1,1,1,0.0,0.16614621842391034,0.1,0.14894494056173677
2064,2064,33,1,6.2,0.9954000115394592,0.43759740970837196,17.440182866899633,0.0,0.0,3,0.4773053450286793,JITTER,99.84321908001345,98.02883261358924,2.4507208153397313,0,0.0,80.0,1,1,1,33,0.9954000115394592,1,33,1,0.03271034359931946,0.06400293111801147,0.6918331980705261,0.21145357191562653,0,1,1,1,0.0,0.1,0.2773053450286793,0.1
2065,2065,33,0,0.0,0.9908359050750732,0.5596675193413206,20.24720652758818,3.2,0.0,3,0.5397889352492452,JITTER,93.11393769080597,91.94663113171352,2.298665778292838,0,0.0,80.0,1,1,1,23,0.9908359050750732,0,23,0,0.024290846660733223,0.03252112865447998,0.9119697213172913,0.03121832385659218,0,1,1,1,0.0,0.1,0.33978893524924525,0.1
2066,2066,33,0,0.0,0.9947769641876221,0.3608827289655203,15.254094702901329,0.20000000000000018,0.0,3,0.4334529625269702,JITTER,62.74291908485037,62.102532330410675,1.552563308260267,0,0.0,80.0,1,1,1,33,0.9947769641876221,1,33,1,0.23785875737667084,0.053627900779247284,0.1532631814479828,0.5552501678466797,1,0,1,1,0.1,0.0,0.1,0.2334529625269702
2067,2067,33,1,6.2,0.9993220567703247,0.6029838198820384,22.29853015274953,0.0,0.0,3,0.5602885609149151,JITTER,70.9300313224822,70.9011365929537,1.7725284148238427,0,0.0,80.0,1,1,1,33,0.9993220567703247,1,33,1,0.004330044146627188,0.0034367989283055067,0.0015059023862704635,0.9907271862030029,1,1,0,1,0.1,0.1,0.0,0.3602885609149151
2068,2068,33,0,0.0,0.9997895359992981,0.3474904630320372,15.61777481557311,3.2,0.0,3,0.4253342653885749,JITTER,70.30458048276776,69.10100712253293,1.7275251780633234,0,0.0,80.0,1,1,1,33,0.9997895359992981,1,33,1,0.01594998687505722,0.35661619901657104,0.5017611384391785,0.12567271292209625,0,1,1,1,0.0,0.11825216109656897,0.20708210429200594,0.1
2069,2069,33,0,0.0,0.9999271631240845,0.3915951700526384,16.705814863298862,0.20000000000000018,0.0,3,0.4515206213887406,JITTER,90.92740111422482,89.48036677314468,2.237009169328617,0,0.0,80.0,1,1,1,33,0.9999271631240845,1,33,1,0.013640598393976688,0.02971283346414566,0.6086317300796509,0.348014771938324,0,1,1,1,0.0,0.1,0.2508850440181991,0.10063557737054149
2070,2070,33,1,6.2,0.9995678067207336,0.478266221911691,18.18016075179009,0.0,0.0,3,0.4989922277894297,JITTER,59.048498976852095,58.42379746407935,1.460594936601984,0,0.0,80.0,1,1,1,33,0.9995678067207336,1,33,1,0.07334139198064804,0.11263763904571533,0.7648395895957947,0.049181338399648666,1,1,1,0,0.1,0.1,0.2989922277894297,0.0
2071,2071,33,0,0.0,0.9993517994880676,0.5526237359410868,20.685145248404375,3.2,0.6207622638300608,3,0.5363813805419324,JITTER,23.348356899710048,23.169509446797562,0.5792377361699391,0,0.0,80.0,1,1,1,33,0.9993517994880676,1,33,1,0.06717665493488312,0.8991912007331848,0.011149952188134193,0.02248220704495907,1,1,0,1,0.1,0.33638138054193245,0.0,0.1
2072,2072,33,0,0.0,0.9321992993354797,0.2805250322604239,12.768354146821281,0.20000000000000018,0.0,3,0.38215956767121906,JITTER,67.44160448926439,67.09737053588636,1.677434263397159,0,0.0,80.0,1,1,1,33,0.9321992993354797,1,33,1,0.1681821048259735,0.18304342031478882,0.2345348298549652,0.41423964500427246,0,1,1,1,0.0,0.1,0.1,0.18215956767121902
2073,2073,33,1,6.2,0.9997777342796326,0.4428164349254965,17.67770786494794,0.0,0.0,3,0.480143210474015,JITTER,23.12409789906498,22.804796605110727,0.5701199151277682,0,0.0,80.0,1,1,1,33,0.9997777342796326,1,33,1,0.024187348783016205,0.7011810541152954,0.1931646466255188,0.08146702498197556,0,1,1,1,0.0,0.280143210474015,0.1,0.1
2074,2074,33,0,0.0,0.9999783039093018,0.30225402814266994,14.045621855326011,3.2,0.0,3,0.3966842661211335,JITTER,63.50877508488432,62.9807908274032,1.57451977068508,0,0.0,80.0,1,1,1,33,0.9999783039093018,1,33,1,0.07849322259426117,0.40565046668052673,0.16460847854614258,0.3512478172779083,0,1,1,1,0.0,0.16619191589550095,0.1,0.13049235022563258
2075,2075,33,0,0.0,0.6428084969520569,0.22389188178382644,11.848848487282858,0.20000000000000018,0.0,3,0.341411463902734,JITTER,44.99867540285089,44.51464229192494,1.1128660572981237,0,0.0,80.0,1,1,0,23,0.6428084969520569,0,33,1,0.18703776597976685,0.2849327623844147,0.29400762915611267,0.2340218722820282,0,1,1,1,0.0,0.11724617870119697,0.12416528520153705,0.1
2076,2076,33,1,6.2,0.8315817713737488,0.36932541966806315,16.1632447477629,0.0,0.0,3,0.43849387002130785,JITTER,63.80267812707315,63.19784855167504,1.579946213791876,0,0.0,80.0,1,1,1,33,0.8315817713737488,1,33,1,0.01048445887863636,0.08241286873817444,0.5528466701507568,0.3542559742927551,0,1,1,1,0.0,0.1,0.22819278475426544,0.11030108526704241
2077,2077,33,0,0.0,0.9916218519210815,0.45901128777345906,17.881577027346175,3.2,0.0,3,0.48884436041721224,JITTER,78.0871348436382,78.07725737200124,1.9519314343000311,0,0.0,80.0,1,1,1,33,0.9916218519210815,1,33,1,0.048066724091768265,0.7302281260490417,0.188382089138031,0.033323049545288086,1,1,1,0,0.1,0.2888443604172123,0.1,0.0
2078,2078,33,0,0.0,0.9994988441467285,0.29477149553507026,13.639028873781584,0.20000000000000018,0.0,3,0.3917433824909663,JITTER,110.76959035384226,110.6121039170637,2.765302597926593,0,0.0,80.0,1,1,1,33,0.9994988441467285,1,33,1,0.22391515970230103,0.2187037467956543,0.4390508532524109,0.11833023279905319,1,1,1,0,0.1,0.1,0.19174338249096626,0.0
2079,2079,33,1,6.2,0.9999642372131348,0.40651734635722375,17.01540710108061,0.0,0.0,3,0.4600430429794658,JITTER,65.09247473159945,64.82250645876869,1.6205626614692172,0,0.0,80.0,1,1,1,33,0.9999642372131348,1,33,1,0.01435032021254301,0.09856083989143372,0.2507842779159546,0.6363045573234558,0,1,1,1,0.0,0.1,0.1,0.2600430429794658
2080,2080,33,0,0.0,0.9999605417251587,0.5676377234570178,21.208685492131032,3.2,0.0,3,0.5436189048127689,JITTER,72.37823693698753,71.9725857127596,1.79931464281899,0,0.0,80.0,1,1,1,33,0.9999605417251587,1,33,1,0.006738326977938414,0.062333978712558746,0.004488850012421608,0.9264388084411621,1,1,0,1,0.1,0.1,0.0,0.3436189048127689
2081,2081,33,0,0.0,0.999946117401123,0.3806760060715452,16.48476931831018,0.20000000000000018,0.0,3,0.44518105933327967,JITTER,106.00064980626038,105.16036180711802,2.6290090451779506,0,0.0,80.0,1,1,1,33,0.999946117401123,1,33,1,0.014948813244700432,0.5903312563896179,0.10676000267267227,0.2879599332809448,0,1,1,1,0.0,0.24518105933327963,0.1,0.1
2082,2082,33,1,6.2,0.9972594976425171,0.36289358470972227,15.4133537011033,0.0,0.0,3,0.43465889525194124,JITTER,83.87555557684374,83.4580570674394,2.086451426685985,0,0.0,80.0,1,1,1,33,0.9972594976425171,1,33,1,0.07456569373607635,0.032668586820364,0.4886561930179596,0.40410953760147095,1,0,1,1,0.1,0.0,0.19264606755876226,0.14201282769317894
2083,2083,33,0,0.0,0.9998749494552612,0.4641005492509615,18.336961493002914,3.2,0.6559183233081365,3,0.49154690696902253,JITTER,21.94061504940175,21.763267067674537,0.5440816766918635,0,0.0,80.0,1,1,1,33,0.9998749494552612,1,33,1,0.012814891524612904,0.12750454246997833,0.12031212449073792,0.7393684387207031,0,1,1,1,0.0,0.1,0.1,0.2915469069690225
2084,2084,33,0,0.0,0.9992467164993286,0.3869396133992473,15.95576081647975,0.20000000000000018,0.0,3,0.4488286001901276,JITTER,73.64864895582902,72.97174841939045,1.8242937104847614,0,0.0,80.0,1,1,1,33,0.9992467164993286,1,33,1,0.03637736663222313,0.4236867427825928,0.5226144790649414,0.017321407794952393,1,1,1,0,0.1,0.14572662128291106,0.2031019789072165,0.0
2085,2085,33,1,6.2,0.9987021684646606,0.22823328226533582,12.521258558353512,0.0,0.0,3,0.34470565997169555,JITTER,116.201436381886,114.55872183604811,2.8639680459012027,0,0.0,80.0,1,1,1,33,0.9987021684646606,1,33,1,0.2790149748325348,0.2695940136909485,0.3051239550113678,0.1462671160697937,1,1,1,0,0.11070117400717616,0.1035868333736685,0.13041765259085086,0.0
2086,2086,33,0,0.0,0.9995960593223572,0.5919813265558843,21.979912190414996,3.2,0.0,3,0.55515330577911,JITTER,119.56698006253953,118.8613911838231,2.9715347795955775,0,0.0,80.0,1,1,1,33,0.9995960593223572,1,33,1,0.002400796627625823,0.00035210774512961507,0.02655208855867386,0.9706949591636658,1,0,1,1,0.1,0.0,0.1,0.3551533057791101
2087,2087,33,0,0.0,0.9997907280921936,0.3921299554961759,16.908105790888335,0.20000000000000018,0.0,3,0.4518288277842815,JITTER,98.90532796071466,97.80637411203367,2.4451593528008417,0,0.0,80.0,1,1,1,33,0.9997907280921936,1,33,1,0.0007493968587368727,0.06909617781639099,0.3194690942764282,0.6106853485107422,0,1,1,1,0.0,0.1,0.1,0.2518288277842815
2088,2088,33,1,6.2,0.9999862909317017,0.49639510488011906,19.30035958338507,0.0,0.0,3,0.508361522304251,JITTER,81.17603544484994,79.57548235799945,1.9893870589499862,0,0.0,80.0,1,1,1,33,0.9999862909317017,1,33,1,0.0015380318509414792,0.19949740171432495,0.0014665510971099138,0.7974980473518372,1,1,0,1,0.1,0.1,0.0,0.30836152230425107
2089,2089,33,0,0.0,0.9672460556030273,0.329894425901161,13.991670486954463,3.2,0.0,3,0.41442544762036504,JITTER,85.3987199751117,83.86356373316009,2.0965890933290026,0,0.0,80.0,1,1,1,33,0.9672460556030273,1,33,1,0.23747700452804565,0.13686802983283997,0.12507179379463196,0.5005831718444824,1,1,0,1,0.1,0.1,0.0,0.21442544762036506
2090,2090,33,0,0.0,0.9995191097259521,0.3294526213091034,14.676088571750455,0.20000000000000018,0.0,3,0.4141478491007491,JITTER,92.57502347192471,92.33916800775138,2.308479200193785,0,0.0,80.0,1,1,1,33,0.9995191097259521,1,33,1,0.05085895583033562,0.1311367005109787,0.4059789180755615,0.4120253622531891,0,1,1,1,0.0,0.1,0.1551737106129942,0.1589741384877549
2091,2091,33,1,6.2,0.8920049667358398,0.2823829866154794,13.438201385377084,0.0,0.0,3,0.3834230257673743,JITTER,89.94237103223125,89.07116118474639,2.2267790296186596,0,0.0,80.0,1,1,1,33,0.8920049667358398,1,33,1,0.3260882496833801,0.3859735131263733,0.17791913449764252,0.11001911014318466,1,1,1,0,0.12138327960076697,0.16203974616660735,0.1,0.0
2092,2092,33,0,0.0,0.9993784427642822,0.5129984412281905,19.571282027471476,3.2,0.0,3,0.516793388812411,JITTER,111.87979929823425,110.07442977786285,2.7518607444465712,0,0.0,80.0,1,1,1,33,0.9993784427642822,1,33,1,0.018988212570548058,0.14043191075325012,0.01311436016112566,0.8274655342102051,1,1,0,1,0.1,0.1,0.0,0.3167933888124109
2093,2093,33,0,0.0,0.974298894405365,0.4271198153411836,16.924515044636188,0.20000000000000018,0.0,3,0.4715565552824539,JITTER,30.413468760722523,30.33201197582593,0.7583002993956484,0,0.0,80.0,1,1,1,33,0.974298894405365,1,33,1,0.05277369171380997,0.6730864644050598,0.18014438450336456,0.09399549663066864,0,1,1,1,0.0,0.2715565552824539,0.1,0.1
2094,2094,33,1,6.2,0.9999169111251831,0.47283743477134543,18.107381675027867,0.0,0.0,3,0.49615212155499666,JITTER,26.96110017986056,26.69513169023671,0.6673782922559178,0,0.0,80.0,1,1,1,33,0.9999169111251831,1,33,1,0.0733807310461998,0.755073070526123,0.1267956793308258,0.044750507920980453,1,1,1,0,0.1,0.2961521215549967,0.1,0.0
2095,2095,33,0,0.0,0.9999293088912964,0.44683354806251246,17.93293473866413,3.2,0.5082300239646338,3,0.48231615936392325,JITTER,28.0771759207353,27.670799041414643,0.6917699760353662,0,0.0,80.0,1,1,1,33,0.9999293088912964,1,33,1,0.01241675391793251,0.210062637925148,0.7083805203437805,0.06914007663726807,0,1,1,1,0.0,0.1,0.2823161593639233,0.1
2096,2096,33,0,0.0,0.9975797533988953,0.28155333897040824,13.718679257638907,0.20000000000000018,0.0,3,0.38285935865564047,JITTER,75.23585814504327,73.97808761291937,1.8494521903229844,0,0.0,80.0,1,1,1,33,0.9975797533988953,1,33,1,0.1006816029548645,0.2572479248046875,0.22604306042194366,0.4160274267196655,0,1,1,1,0.0,0.1,0.1,0.18285935865564049
2097,2097,33,1,6.2,0.999911904335022,0.33433350111255716,15.306581664878042,0.0,0.0,3,0.4172043947933183,JITTER,47.97957886713163,47.48141574319555,1.1870353935798887,0,0.0,80.0,1,1,1,33,0.999911904335022,1,33,1,0.009603415615856647,0.42251718044281006,0.16145631670951843,0.40642306208610535,0,1,1,1,0.0,0.1636230350381138,0.1,0.15358135975520446
2098,2098,33,0,0.0,0.9886027574539185,0.35696884606565926,15.942120093303064,3.2,0.4203430705133758,3,0.4310960902856686,JITTER,31.747968591054438,31.186277179464962,0.7796569294866241,0,0.0,80.0,1,1,1,33,0.9886027574539185,1,33,1,0.11277593672275543,0.00767647847533226,0.5421246290206909,0.3374229371547699,1,0,1,1,0.1,0.0,0.2273504265066891,0.10374566377897948
2099,2099,33,0,0.0,0.9778233766555786,0.3764652375841367,14.870857928674592,0.20000000000000018,0.0,3,0.4427120739448658,JITTER,37.500496228983835,37.42372352456871,0.9355930881142177,0,0.0,80.0,1,1,1,33,0.9778233766555786,1,33,1,0.10980597883462906,0.1630818396806717,0.5828582048416138,0.14425401389598846,0,1,1,1,0.0,0.1,0.2427120739448658,0.1
2100,2100,33,1,6.2,0.990136981010437,0.27263372572469863,12.919329055455453,0.0,0.0,3,0.37674605702669495,JITTER,40.505059852318325,39.85193075820737,0.9962982689551843,0,0.0,80.0,1,1,1,33,0.990136981010437,1,33,1,0.204701766371727,0.1509556621313095,0.2438058853149414,0.4005366861820221,1,0,1,1,0.1,0.0,0.1,0.17674605702669496
2101,2101,33,0,0.0,0.9998924732208252,0.31802850279908385,15.296442448639533,3.2,0.4448587234948137,3,0.4069039903350995,JITTER,30.58145276846828,30.205651060207448,0.7551412765051863,0,0.0,80.0,1,1,1,33,0.9998924732208252,1,33,1,0.022643037140369415,0.47974076867103577,0.23251265287399292,0.2651035785675049,0,1,1,1,0.0,0.20690399033509946,0.1,0.1
2102,2102,33,0,0.0,0.9999735355377197,0.2457888623239253,12.242532900953321,0.20000000000000018,0.0,3,0.35771736759499784,JITTER,94.61813006151257,93.19681216292618,2.3299203040731546,0,0.0,80.0,1,1,1,33,0.9999735355377197,1,33,1,0.17640085518360138,0.3423968553543091,0.19460071623325348,0.28660157322883606,0,1,1,1,0.0,0.1491595847999216,0.1,0.10855778279507622
2103,2103,33,1,6.2,0.9998980760574341,0.48041058074077214,18.808801475216647,0.0,0.0,3,0.5001096197727453,JITTER,39.00608866081311,38.958014437926096,0.9739503609481525,0,0.0,80.0,1,1,1,33,0.9998980760574341,1,33,1,0.017498154193162918,0.20611505210399628,0.007687753532081842,0.768699049949646,1,1,0,1,0.1,0.1,0.0,0.3001096197727453
2104,2104,33,0,0.0,0.9995531439781189,0.45722089342547645,18.26907801048506,3.2,0.0,3,0.48789004912386574,JITTER,64.88063837722176,64.61789080799178,1.6154472701997946,0,0.0,80.0,1,1,1,33,0.9995531439781189,1,33,1,0.005658699199557304,0.12887509167194366,0.13845226168632507,0.7270139455795288,0,1,1,1,0.0,0.1,0.1,0.28789004912386573
2105,2105,33,0,0.0,0.9927046895027161,0.5860496127618211,21.717302973749334,0.20000000000000018,0.0,3,0.5523649566888493,JITTER,89.92708090139381,89.28555405636266,2.2321388514090663,0,0.0,80.0,1,1,1,33,0.9927046895027161,1,33,1,0.015509926714003086,0.9599027037620544,0.020307933911681175,0.004279456567019224,1,1,1,0,0.1,0.3523649566888494,0.1,0.0
2106,2106,33,1,6.2,0.994062602519989,0.49376331828659714,19.134732741650506,0.0,0.0,3,0.5070121162967799,JITTER,64.9353941033132,64.78801032619825,1.6197002581549562,0,0.0,80.0,1,1,1,33,0.994062602519989,1,33,1,0.04647817835211754,0.7927528619766235,0.15223048627376556,0.008538495749235153,1,1,1,0,0.1,0.30701211629677994,0.1,0.0
2107,2107,33,0,0.0,0.9811738729476929,0.41602299503084306,16.827264192474583,3.2,0.0,3,0.46539058658224314,JITTER,76.75502865481917,76.47023036499199,1.9117557591247998,0,0.0,80.0,1,1,1,33,0.9811738729476929,1,33,1,0.068881556391716,0.2366381138563156,0.0412188321352005,0.6532615423202515,1,1,0,1,0.1,0.1,0.0,0.2653905865822431
2108,2108,34,0,0.0,0.999919056892395,0.5271269918701558,19.801660502328346,0.20000000000000018,0.0,3,0.5238615867111525,JITTER,87.8985660914937,87.7734533424461,2.1943363335611528,0,0.0,80.0,1,1,1,34,0.999919056892395,1,34,1,0.023975906893610954,0.07977545261383057,0.8530073165893555,0.04324132949113846,0,1,1,1,0.0,0.1,0.3238615867111525,0.1
2109,2109,34,1,6.2,0.9974778294563293,0.6052104481296465,22.377726185615835,0.0,0.0,3,0.561322091758734,JITTER,117.58945922813234,115.97959608335287,2.899489902083822,0,0.0,80.0,1,1,1,34,0.9974778294563293,1,34,1,0.0006775203510187566,0.0027947169728577137,0.0017443744000047445,0.9947834014892578,0,1,1,1,0.0,0.1,0.1,0.3613220917587341
2110,2110,34,0,0.0,0.9999188184738159,0.5960446567789048,22.045663162900198,3.2,0.2459450976162153,3,0.557055319793406,JITTER,38.17295678119262,38.16219609535138,0.9540549023837847,0,0.0,80.0,1,1,1,34,0.9999188184738159,1,34,1,0.004595022648572922,0.9780909419059753,0.004594824276864529,0.012719199992716312,1,1,0,1,0.1,0.357055319793406,0.0,0.1
2111,2111,34,0,0.0,0.9959360361099243,0.3480452357648798,15.331417740941905,0.20000000000000018,0.0,3,0.4256736556354907,JITTER,53.44628922052188,53.28294318237655,1.3320735795594139,0,0.0,80.0,1,1,1,34,0.9959360361099243,1,34,1,0.09621882438659668,0.3440153896808624,0.04416392743587494,0.5156018733978271,1,1,0,1,0.1,0.1103724939640407,0.0,0.21530116167145
2112,2112,34,1,6.2,0.9998400211334229,0.5836553659973044,21.691157397917536,0.0,0.0,3,0.5512354861790797,JITTER,41.84113331195459,41.110796113727744,1.0277699028431937,0,0.0,80.0,1,1,1,34,0.9998400211334229,1,34,1,0.03565147519111633,0.955548107624054,0.003515377175062895,0.005285053513944149,1,1,0,1,0.1,0.35123548617907974,0.0,0.1
2113,2113,34,0,0.0,0.999984860420227,0.6056237823006404,22.389437574212447,3.2,0.0,3,0.561513739144968,JITTER,80.32046600508495,80.03700278665606,2.0009250696664016,0,0.0,80.0,1,1,1,34,0.999984860420227,1,34,1,0.0024004820734262466,0.9955364465713501,0.0005474652862176299,0.0015156525187194347,1,1,0,1,0.1,0.3615137391449681,0.0,0.1
2114,2114,34,0,0.0,0.9718416929244995,0.31738724042916594,15.001260014811258,0.20000000000000018,0.0,3,0.4064935493188563,JITTER,75.66594006874487,75.27886239688888,1.8819715599222222,0,0.0,80.0,1,1,1,33,0.9718416929244995,0,33,0,0.42137810587882996,0.36955493688583374,0.009508231654763222,0.19955876469612122,1,1,0,1,0.16983989909665279,0.13665365022220352,0.0,0.1
2115,2115,34,1,6.2,0.9979960918426514,0.4134575627875626,16.519777501249255,0.0,0.0,3,0.46395343727060323,JITTER,117.62008643580891,117.54302827070865,2.9385757067677165,0,0.0,80.0,1,1,1,36,0.9979960918426514,0,36,0,0.6486827731132507,0.0606980137526989,0.09864690899848938,0.1919722706079483,1,0,1,1,0.2639534372706033,0.0,0.1,0.1
2116,2116,34,0,0.0,0.627220869064331,0.5170357650922675,19.807747807708115,3.2,0.0,3,0.5188229985030053,JITTER,93.2318422167815,91.79048348118309,2.2947620870295773,0,0.0,80.0,1,1,0,35,0.627220869064331,0,34,1,0.8347604870796204,0.003393643070012331,0.01435080822557211,0.1474950909614563,1,0,1,1,0.31882299850300533,0.0,0.1,0.1
2117,2117,34,0,0.0,0.9802844524383545,0.5828800427334085,21.531346439959698,0.20000000000000018,0.0,3,0.5508692360342695,JITTER,26.716276395770027,26.624442206994626,0.6656110551748657,0,0.0,80.0,1,1,1,34,0.9802844524383545,1,34,1,0.033835750073194504,0.0011332985013723373,0.01089281402528286,0.9541381597518921,1,0,1,1,0.1,0.0,0.1,0.35086923603426956
2118,2118,34,1,6.2,0.9997499585151672,0.39166295918563854,16.398812319082005,0.0,0.0,3,0.4515597011186034,JITTER,58.43066591039575,57.416128617847406,1.4354032154461853,0,0.0,80.0,1,1,1,34,0.9997499585151672,1,34,1,0.023333869874477386,0.5868995189666748,0.019868988543748856,0.3698975741863251,1,1,0,1,0.1,0.23832682559806576,0.0,0.11323287552053762
2119,2119,34,0,0.0,0.9950954914093018,0.49233144942534013,18.54923051954223,3.2,0.0,3,0.5062764379722264,JITTER,73.69999384184993,72.73407162564874,1.8183517906412185,0,0.0,80.0,1,1,1,34,0.9950954914093018,1,34,1,0.0273978840559721,0.015404528938233852,0.16702590882778168,0.79017174243927,1,0,1,1,0.1,0.0,0.1,0.30627643797222637
2120,2120,34,0,0.0,0.9985947012901306,0.5746783387773129,21.3823941377657,0.20000000000000018,0.0,3,0.5469798657545588,JITTER,98.30128354568427,96.67317288514408,2.4168293221286024,0,0.0,80.0,1,1,1,34,0.9985947012901306,1,34,1,0.006635560654103756,0.010409648530185223,0.0437258705496788,0.939228892326355,0,1,1,1,0.0,0.1,0.1,0.34697986575455875
2121,2121,34,1,6.2,0.9097094535827637,0.5682834268071784,21.230591840440923,0.0,0.0,3,0.5439280075798724,JITTER,67.6284543083681,66.94027643760903,1.6735069109402259,0,0.0,80.0,1,1,1,34,0.9097094535827637,1,34,1,0.05880488455295563,0.004271187353879213,0.9276114702224731,0.009312453679740429,1,0,1,1,0.1,0.0,0.3439280075798724,0.1
2122,2122,34,0,0.0,0.9951046705245972,0.4215140832403863,17.299901956813073,3.2,0.0,3,0.4684518638121449,JITTER,91.80058570877794,91.31708605330071,2.282927151332518,0,0.0,80.0,1,1,1,34,0.9951046705245972,1,34,1,0.046203289180994034,0.6630676984786987,0.2737555503845215,0.016973379999399185,1,1,1,0,0.1,0.2684518638121449,0.1,0.0
2123,2123,34,0,0.0,0.9998181462287903,0.5957939884191488,22.095167398087586,0.20000000000000018,0.0,3,0.5569381718365332,JITTER,105.44897363655244,105.40513465042962,2.6351283662607408,0,0.0,80.0,1,1,1,34,0.9998181462287903,1,34,1,0.0004738545685540885,0.020425209775567055,0.0014663259498775005,0.977634608745575,0,1,1,1,0.0,0.1,0.1,0.3569381718365331
2124,2124,34,1,6.2,0.9999344348907471,0.40253548203144346,16.963121135130553,0.0,0.0,3,0.4577844225004732,JITTER,39.577160220972466,38.94376739388509,0.9735941848471272,0,0.0,80.0,1,1,1,34,0.9999344348907471,1,34,1,0.35803329944610596,0.006968980189412832,0.012097508646547794,0.622900128364563,1,0,1,1,0.10358710540959418,0.0,0.1,0.254197317090879
2125,2125,34,0,0.0,0.9999872446060181,0.49011948007301875,19.082318221813882,3.2,0.0,3,0.5051378466349434,JITTER,54.025821189267226,53.86392435272091,1.3465981088180228,0,0.0,80.0,1,1,1,34,0.9999872446060181,1,34,1,0.005607075057923794,0.028579026460647583,0.17962874472141266,0.7861852049827576,0,1,1,1,0.0,0.1,0.1,0.3051378466349435
2126,2126,34,0,0.0,0.9982215762138367,0.5849623028688323,21.713989762900514,0.20000000000000018,0.0,3,0.551852311769204,JITTER,38.67547557114033,38.26493044599423,0.9566232611498559,0,0.0,80.0,1,1,1,34,0.9982215762138367,1,34,1,0.004653101321309805,0.032089605927467346,0.005332241766154766,0.957925021648407,0,1,1,1,0.0,0.1,0.1,0.35185231176920395
2127,2127,34,1,6.2,0.6571599245071411,0.39108668225554827,15.944587379472225,0.0,0.0,3,0.4512273755524052,JITTER,104.61815293449878,104.4703259867493,2.6117581496687325,0,0.0,80.0,1,1,0,34,0.6571599245071411,1,34,1,0.1864815056324005,0.6088298559188843,0.06877788156270981,0.13591070473194122,1,1,0,1,0.1,0.25122737555240526,0.0,0.1
2128,2128,35,0,0.0,0.9998724460601807,0.4545241370478928,17.89189555689994,3.2,0.6291583459305511,3,0.4864490974507059,JITTER,23.04809091246494,22.833666162777952,0.5708416540694489,0,0.0,80.0,1,1,1,35,0.9998724460601807,1,35,1,0.028390394523739815,0.07943212240934372,0.17000353336334229,0.7221739888191223,0,1,1,1,0.0,0.1,0.1,0.2864490974507059
2129,2129,35,0,0.0,0.769213080406189,0.33163158274491716,14.611490587663013,0.20000000000000018,0.0,3,0.4155151549518339,JITTER,115.61874150536347,114.97356625859547,2.874339156464887,0,0.0,80.0,1,1,0,35,0.769213080406189,1,35,1,0.18042926490306854,0.22877328097820282,0.08715859800577164,0.5036388635635376,1,1,0,1,0.1,0.1,0.0,0.2155151549518339
2130,2130,35,1,6.2,0.9899296164512634,0.3481668906210861,15.241401124430178,0.0,0.0,3,0.42574804358512175,JITTER,115.91705390670484,113.85910617072983,2.846477654268246,0,0.0,80.0,1,1,1,35,0.9899296164512634,1,35,1,0.3678216338157654,0.03891679272055626,0.49206751585006714,0.10119400918483734,1,0,1,1,0.12489120189744576,0.0,0.20085684168767595,0.1
2131,2131,35,0,0.0,0.9998078942298889,0.4422284923994431,16.992229351527076,3.2,0.011897122302673147,3,0.4798243533181641,JITTER,48.31350763875111,47.52411510789307,1.1881028776973268,0,0.0,80.0,1,1,1,35,0.9998078942298889,1,35,1,0.07264930009841919,0.7001276612281799,0.10419260710477829,0.12303042411804199,0,1,1,1,0.0,0.27982435331816413,0.1,0.1
2132,2132,35,0,0.0,0.9999545812606812,0.3212947065107777,14.215275252408208,0.20000000000000018,0.0,3,0.40898813748173646,JITTER,88.58673025688188,87.6799168187751,2.1919979204693774,0,0.0,80.0,1,1,1,35,0.9999545812606812,1,35,1,0.10424994677305222,0.48547253012657166,0.27535319328308105,0.13492435216903687,0,1,1,1,0.0,0.20898813748173642,0.1,0.1
2133,2133,35,1,6.2,0.9999876022338867,0.4788333693260006,18.70201458954548,0.0,0.0,3,0.49928800270479146,JITTER,62.29161430428747,61.27563464156363,1.5318908660390909,0,0.0,80.0,1,1,1,35,0.9999876022338867,1,35,1,0.7658602595329285,0.023011351004242897,0.1985733062028885,0.012555091641843319,1,1,1,0,0.2992880027047915,0.1,0.1,0.0
2134,2134,35,0,0.0,0.9999468326568604,0.5707256316309346,21.17331794448873,3.2,0.0,3,0.5450955231307824,JITTER,99.30794326950212,97.80454745533395,2.445113686383349,0,0.0,80.0,1,1,1,35,0.9999468326568604,1,35,1,0.04026072099804878,0.014218444935977459,0.9320473670959473,0.013473504222929478,1,1,1,0,0.1,0.1,0.3450955231307823,0.0
2135,2135,35,0,0.0,0.999944806098938,0.341419473681722,15.354513278074403,0.20000000000000018,0.0,3,0.4216023963807204,JITTER,119.82559512152959,118.67883431342221,2.9669708578355554,0,0.0,80.0,1,1,1,35,0.999944806098938,1,35,1,0.0327427014708519,0.5003049969673157,0.3444967269897461,0.1224556490778923,0,1,1,1,0.0,0.20890122254611374,0.11270117383460662,0.1
2136,2136,35,1,6.2,0.9998519420623779,0.24823508908556935,12.40933386275433,0.0,0.0,3,0.3594930609530177,JITTER,100.69229778199158,98.95539921081506,2.473884980270377,0,0.0,80.0,1,1,1,35,0.9998519420623779,1,35,1,0.2662450671195984,0.20548319816589355,0.35836732387542725,0.1699044108390808,1,1,1,0,0.1,0.1,0.1594930609530177,0.0
2137,2137,35,0,0.0,0.6502373814582825,0.5925274234763277,21.95791965189386,3.2,0.17185927917287058,3,0.5554093084704416,JITTER,41.160258145368395,41.12562883308517,1.0281407208271294,0,0.0,80.0,1,1,0,32,0.6502373814582825,0,35,1,0.002970293164253235,0.9716888070106506,0.020009469240903854,0.0053314282558858395,0,1,1,1,0.0,0.3554093084704416,0.1,0.1
2138,2138,35,0,0.0,0.9999840259552002,0.34864699929112564,15.410724506713912,0.20000000000000018,0.0,3,0.42604148749703075,JITTER,60.47484021885796,59.438619936839,1.485965498420975,0,0.0,80.0,1,1,1,35,0.9999840259552002,1,35,1,0.5336259007453918,0.05008619278669357,0.0939924344420433,0.32229548692703247,1,0,1,1,0.22604148749703076,0.0,0.1,0.1
2139,2139,35,1,6.2,0.9792181253433228,0.540564607050913,20.329050978413463,0.0,0.0,3,0.5304967530566036,JITTER,48.91032811945102,48.22557359300332,1.205639339825083,0,0.0,80.0,1,1,1,35,0.9792181253433228,1,35,1,0.01737215556204319,0.8773335814476013,0.012571115046739578,0.09272317588329315,1,1,0,1,0.1,0.33049675305660364,0.0,0.1
2140,2140,35,0,0.0,0.9998959302902222,0.501142869203221,19.026382173206777,3.2,0.6853138600259047,3,0.5107868453436367,JITTER,20.734813906426268,20.58744559896381,0.5146861399740953,0,0.0,80.0,1,1,1,35,0.9998959302902222,1,35,1,0.08021225035190582,0.806061863899231,0.03008146584033966,0.08364441245794296,1,1,0,1,0.1,0.31078684534363676,0.0,0.1
2141,2141,35,0,0.0,0.9998998641967773,0.44051227686987227,17.29220721217797,0.20000000000000018,0.0,3,0.4788923888199687,JITTER,81.55166947581512,81.34003116627733,2.0335007791569333,0,0.0,80.0,1,1,1,35,0.9998998641967773,1,35,1,0.09455166757106781,0.16027455031871796,0.6970532536506653,0.048120588064193726,1,1,1,0,0.1,0.1,0.2788923888199687,0.0
2142,2142,35,1,6.2,0.9979998469352722,0.26927538659508354,12.860335933071562,0.0,0.0,3,0.37441846245145616,JITTER,109.6606912147434,109.31794896775268,2.7329487241938173,0,0.0,80.0,1,1,1,35,0.9979998469352722,1,35,1,0.22780592739582062,0.22496160864830017,0.15251831710338593,0.3947141766548157,1,1,0,1,0.1,0.1,0.0,0.17441846245145612
2143,2143,35,0,0.0,0.9992173910140991,0.28884036170019467,14.080430641665265,3.2,0.0,3,0.3877821967575791,JITTER,110.97935450039947,110.49905958443098,2.7624764896107745,0,0.0,80.0,1,1,1,35,0.9992173910140991,1,35,1,0.06445731222629547,0.37241414189338684,0.35423699021339417,0.20889148116111755,0,1,1,1,0.0,0.14999202534738584,0.13779017141019329,0.1
2144,2144,35,0,0.0,0.9999556541442871,0.3240175642791079,14.222566229626995,0.20000000000000018,0.0,3,0.41071749541090097,JITTER,119.42786739158407,117.98339040885014,2.9495847602212537,0,0.0,80.0,1,1,1,35,0.9999556541442871,1,35,1,0.10674384981393814,0.49025389552116394,0.2721744179725647,0.130827859044075,0,1,1,1,0.0,0.21071749541090093,0.1,0.1
2145,2145,35,1,6.2,0.9922621250152588,0.5958473573796892,22.041670854865245,0.0,0.0,3,0.5569631154800581,JITTER,28.434489443831126,28.397366947137005,0.7099341736784252,0,0.0,80.0,1,1,1,35,0.9922621250152588,1,35,1,0.004474801942706108,0.005702097434550524,0.012091366574168205,0.9777317643165588,0,1,1,1,0.0,0.1,0.1,0.3569631154800581
2146,2146,35,0,0.0,0.99989914894104,0.4031273370078545,15.670525863731823,3.2,0.5208044750861474,3,0.45812084311571155,JITTER,27.492169625946875,27.167820996554102,0.6791955249138526,0,0.0,80.0,1,1,1,35,0.99989914894104,1,35,1,0.10625660419464111,0.6302629709243774,0.12414880096912384,0.13933159410953522,0,1,1,1,0.0,0.2581208431157116,0.1,0.1
2147,2147,35,0,0.0,0.999674916267395,0.31168240551467735,13.933700599352266,0.20000000000000018,0.0,3,0.40282375174012763,JITTER,100.95792023273852,100.14427462592987,2.503606865648247,0,0.0,80.0,1,1,1,35,0.999674916267395,1,35,1,0.11421901732683182,0.2663973271846771,0.15076762437820435,0.4686160385608673,0,1,1,1,0.0,0.1,0.1,0.2028237517401276
2148,2148,35,1,6.2,0.9998306035995483,0.2955927056767719,13.439738531130834,0.0,0.0,3,0.3922886860478537,JITTER,64.48357592818618,63.723588360530094,1.5930897090132525,0,0.0,80.0,1,1,1,35,0.9998306035995483,1,35,1,0.11970721185207367,0.4063820242881775,0.13840579986572266,0.33550500869750977,0,1,1,1,0.0,0.16966002083251594,0.1,0.12262866521533775
2149,2149,35,0,0.0,0.9999969005584717,0.5783497196105788,21.58342083993886,3.2,0.0,3,0.5487242974840879,JITTER,73.30406047863556,72.29530610070975,1.8073826525177439,0,0.0,80.0,1,1,1,35,0.9999969005584717,1,35,1,9.99999993922529e-09,0.9459015130996704,0.054098475724458694,9.99999993922529e-09,0,1,1,1,0.0,0.34872429748408795,0.1,0.1
2150,2150,35,0,0.0,0.9999970197677612,0.3953827363976765,16.98464551327637,0.20000000000000018,0.0,3,0.453698953857972,JITTER,67.17857201630265,66.21944918747899,1.6554862296869748,0,0.0,80.0,1,1,1,35,0.9999970197677612,1,35,1,9.99999993922529e-09,0.6164724826812744,0.3023452162742615,0.0811823159456253,0,1,1,1,0.0,0.25369895385797203,0.1,0.1
2151,2151,35,1,6.2,0.9999339580535889,0.4755228235413003,18.68735512799121,0.0,0.0,3,0.4975590268339365,JITTER,119.73107425466341,118.89224351543271,2.972306087885818,0,0.0,80.0,1,1,1,35,0.9999339580535889,1,35,1,0.007689504884183407,0.7599033713340759,0.1874978095293045,0.04490923509001732,0,1,1,1,0.0,0.29755902683393654,0.1,0.1
2152,2152,35,0,0.0,0.999996542930603,0.42140535126441914,16.994669638535413,3.2,0.6707943215713982,3,0.4683914399923538,JITTER,21.22154629153508,21.16822713714407,0.5292056784286018,0,0.0,80.0,1,1,1,35,0.999996542930603,1,35,1,0.03882098197937012,0.09329259395599365,0.6628734469413757,0.2050129622220993,0,1,1,1,0.0,0.1,0.2683914399923538,0.1
2153,2153,35,0,0.0,0.9999970197677612,0.42474531999140075,16.465972116955328,0.20000000000000018,0.0,3,0.4702439617748364,JITTER,75.35141849869538,74.83261224688395,1.870815306172099,0,0.0,80.0,1,1,1,35,0.9999970197677612,1,35,1,0.09683103859424591,0.6688417196273804,0.15208785235881805,0.08223940432071686,1,1,1,0,0.1,0.27024396177483645,0.1,0.0
2154,2154,35,1,6.2,0.9959999322891235,0.5974082134908115,22.09531594084026,0.0,0.0,3,0.5576921366758592,JITTER,113.99825937049926,112.56770412807792,2.814192603201948,0,0.0,80.0,1,1,1,35,0.9959999322891235,1,35,1,0.003995828330516815,0.9805734157562256,0.004298317711800337,0.011132431216537952,0,1,1,1,0.0,0.3576921366758592,0.1,0.1
2155,2155,35,0,0.0,0.9998953342437744,0.4984097444898659,18.93939195948103,3.2,0.0,3,0.5093920806218151,JITTER,72.0355185965468,70.8857748098536,1.7721443702463402,0,0.0,80.0,1,1,1,35,0.9998953342437744,1,35,1,0.08043264597654343,0.8011314272880554,0.03124888427555561,0.0871870294213295,1,1,0,1,0.1,0.3093920806218151,0.0,0.1
2156,2156,35,0,0.0,0.8654651045799255,0.361937344049642,15.162072835762572,0.20000000000000018,0.0,3,0.4340858447844784,JITTER,45.85898710490952,45.10713952194539,1.1276784880486348,0,0.0,80.0,1,1,1,37,0.8654651045799255,0,35,1,0.02685401402413845,0.47678592801094055,0.08251289278268814,0.4138471782207489,0,1,1,1,0.0,0.18591415854783125,0.1,0.14817168623664714
2157,2157,35,1,6.2,0.9940431714057922,0.38649685868534744,16.634199597567815,0.0,0.0,3,0.44857174117307463,JITTER,20.306110486409295,20.054445746780203,0.5013611436695051,0,0.0,80.0,1,1,1,35,0.9940431714057922,1,35,1,0.06587841361761093,0.3210024833679199,0.6006703972816467,0.01244876068085432,1,1,1,0,0.1,0.1,0.24857174117307465,0.0
2158,2158,35,0,0.0,0.9998811483383179,0.5884406536152705,21.852906345346057,3.2,0.0,3,0.5534906146293289,JITTER,113.4757151045779,111.68765567539187,2.792191391884797,0,0.0,80.0,1,1,1,35,0.9998811483383179,1,35,1,0.018233928829431534,0.9642523527145386,0.015435172244906425,0.0020786344539374113,1,1,1,0,0.1,0.35349061462932896,0.1,0.0
2159,2159,35,0,0.0,0.9999562501907349,0.32032075784731695,15.440383650197436,0.20000000000000018,0.0,3,0.4083677790230894,JITTER,105.36341921473594,104.52692913560368,2.6131732283900924,0,0.0,80.0,1,1,1,35,0.9999562501907349,1,35,1,0.4837629497051239,0.20528779923915863,0.2961432635784149,0.014805962331593037,1,1,1,0,0.20836777902308942,0.1,0.1,0.0
2160,2160,35,1,6.2,0.9999866485595703,0.3829114893519803,16.467764063243536,0.0,0.0,3,0.44648628743646135,JITTER,102.42389461001262,101.29552812187427,2.5323882030468567,0,0.0,80.0,1,1,1,35,0.9999866485595703,1,35,1,0.019377069547772408,0.5943008065223694,0.18390388786792755,0.2024182379245758,0,1,1,1,0.0,0.2464862874364613,0.1,0.1
2161,2161,35,0,0.0,0.9996834993362427,0.3685113654051484,15.530972249913798,3.2,0.0,3,0.4380103469536978,JITTER,81.85402365031989,81.7575744987327,2.0439393624683175,0,0.0,80.0,1,1,1,35,0.9996834993362427,1,35,1,0.025166310369968414,0.431178480386734,0.47411030530929565,0.06954490393400192,0,1,1,1,0.0,0.1562480475812795,0.1817622993724183,0.1
2162,2162,35,0,0.0,0.999985933303833,0.42517989997102845,17.41624985815567,0.20000000000000018,0.0,3,0.4704844663264359,JITTER,40.155169717439215,39.71268832517489,0.9928172081293722,0,0.0,80.0,1,1,1,35,0.999985933303833,1,35,1,0.014381124638020992,0.6696184873580933,0.2558908760547638,0.06010947376489639,0,1,1,1,0.0,0.27048446632643597,0.1,0.1
2163,2163,35,1,6.2,0.9999880790710449,0.29022300207546115,13.256648169325771,0.0,0.0,3,0.38870921958501314,JITTER,25.880105782349766,25.496331346620256,0.6374082836655064,0,0.0,80.0,1,1,1,35,0.9999880790710449,1,35,1,0.328620046377182,0.14056096971035004,0.40115249156951904,0.1296664923429489,1,1,1,0,0.12006808704647756,0.1,0.1686411325385356,0.0
2164,2164,35,0,0.0,0.991569459438324,0.3307281807895598,14.932445123726897,3.2,0.0,3,0.4149488138457751,JITTER,104.00570085219016,102.0912422037013,2.5522810550925326,0,0.0,80.0,1,1,1,35,0.991569459438324,1,35,1,0.4645062983036041,0.13543541729450226,0.35635679960250854,0.043701428920030594,1,1,1,0,0.191396906433588,0.1,0.12355190741218708,0.0
2165,2165,35,0,0.0,0.9997166991233826,0.4000974236919854,15.562073811952377,0.20000000000000018,0.0,3,0.45639597314661845,JITTER,30.176845917980593,29.60969005536878,0.7402422513842195,0,0.0,80.0,1,1,1,35,0.9997166991233826,1,35,1,0.12098218500614166,0.14459189772605896,0.6248657703399658,0.10956012457609177,1,1,1,0,0.1,0.1,0.25639597314661844,0.0
2166,2166,35,1,6.2,0.9994600415229797,0.4419075716460453,17.568299652675442,0.0,0.0,3,0.4796502198756098,JITTER,26.7620007629295,26.508266906682866,0.6627066726670717,0,0.0,80.0,1,1,1,35,0.9994600415229797,1,35,1,0.15762688219547272,0.11224819719791412,0.6995527148246765,0.03057217225432396,1,1,1,0,0.1,0.1,0.2796502198756098,0.0
2167,2167,35,0,0.0,0.9998674392700195,0.32136917572845913,14.949967761667175,3.2,0.0,3,0.4090355320721316,JITTER,104.02510206278117,103.87881959547482,2.596970489886871,0,0.0,80.0,1,1,1,35,0.9998674392700195,1,35,1,0.025482309982180595,0.17464429140090942,0.4151271879673004,0.384746253490448,0,1,1,1,0.0,0.1,0.1641849048262278,0.1448506272459038
2168,2168,35,0,0.0,0.9999860525131226,0.45704427265580544,17.564367904184127,0.20000000000000018,0.0,3,0.4877958060121885,JITTER,21.823107298898364,21.812218564054405,0.5453054641013602,0,0.0,80.0,1,1,1,35,0.9999860525131226,1,35,1,0.05636884272098541,0.7266969084739685,0.08282731473445892,0.13410690426826477,0,1,1,1,0.0,0.28779580601218857,0.1,0.1
2169,2169,35,1,6.2,0.9995481371879578,0.2812985342300077,12.981393682294453,0.0,0.0,3,0.38268607628322926,JITTER,71.12702394360335,69.9724947218938,1.749312368047345,0,0.0,80.0,1,1,1,35,0.9995481371879578,1,35,1,0.41558438539505005,0.15376140177249908,0.1915179342031479,0.2391362190246582,1,0,1,1,0.18268607628322928,0.0,0.1,0.1
2170,2170,35,0,0.0,0.9999960660934448,0.4202208013129293,17.49588740327279,3.2,0.3834733583522396,3,0.4677326639386036,JITTER,32.74266710725996,32.661065665910414,0.8165266416477603,0,0.0,80.0,1,1,1,35,0.9999960660934448,1,35,1,0.004639685153961182,0.6607574224472046,0.3337991237640381,0.0008037882507778704,1,1,1,0,0.1,0.2677326639386036,0.1,0.0
2171,2171,35,0,0.0,0.9999551773071289,0.3431824786308784,15.097080194958279,0.20000000000000018,0.0,3,0.4226895195543734,JITTER,76.85468550497916,76.49455121066715,1.9123637802666789,0,0.0,80.0,1,1,1,35,0.9999551773071289,1,35,1,0.09002462029457092,0.5239845514297485,0.3199591338634491,0.06603166460990906,1,1,1,0,0.1,0.2226895195543734,0.1,0.0
2172,2172,35,1,6.2,0.9999145269393921,0.3230844070490018,14.412335632939195,0.0,0.0,3,0.4101256442477834,JITTER,93.02137351448738,91.25464575156408,2.281366143789102,0,0.0,80.0,1,1,1,35,0.9999145269393921,1,35,1,0.488614946603775,0.28051847219467163,0.13884875178337097,0.09201779216527939,1,1,1,0,0.21012564424778338,0.1,0.1,0.0
2173,2173,35,0,0.0,0.9999328851699829,0.31875778703198565,14.38270190382826,3.2,0.0,3,0.4073702673118218,JITTER,96.60334066004131,94.90857924530333,2.3727144811325833,0,0.0,80.0,1,1,1,35,0.9999328851699829,1,35,1,0.08939262479543686,0.4810202121734619,0.27337926626205444,0.15620797872543335,0,1,1,1,0.0,0.20737026731182182,0.1,0.1
2174,2174,35,0,0.0,0.9998867511749268,0.3574145313072569,15.968547646828366,0.20000000000000018,0.0,3,0.43136512389156334,JITTER,71.95860575716702,70.76075502364164,1.769018875591041,0,0.0,80.0,1,1,1,35,0.9998867511749268,1,35,1,0.020991750061511993,0.15409208834171295,0.27580025792121887,0.5491158366203308,0,1,1,1,0.0,0.1,0.1,0.23136512389156336
2175,2175,35,1,6.2,0.9909879565238953,0.5787466050993252,21.504856089770115,0.0,0.0,3,0.5489125428951959,JITTER,38.290318398668234,38.23797714896572,0.955949428724143,0,0.0,80.0,1,1,1,35,0.9909879565238953,1,35,1,0.006510220468044281,0.039474982768297195,0.9466229677200317,0.007391760591417551,0,1,1,1,0.0,0.1,0.3489125428951959,0.1
2176,2176,35,0,0.0,0.999988317489624,0.34449207250250913,14.8035571226188,3.2,0.0,3,0.423495249088924,JITTER,85.5953110124686,85.50637319812765,2.137659329953191,0,0.0,80.0,1,1,1,35,0.999988317489624,1,35,1,0.07661670446395874,0.35372206568717957,0.49795201420783997,0.07170920073986053,1,1,1,0,0.1,0.11742098915113602,0.20607425993778797,0.0
2177,2177,35,0,0.0,0.9998290538787842,0.2873112733306067,13.806825531721486,0.20000000000000018,0.0,3,0.3867543970336308,JITTER,109.24814191396806,107.73712180188036,2.693428045047009,0,0.0,80.0,1,1,1,35,0.9998290538787842,1,35,1,0.3193836212158203,0.18679116666316986,0.40381449460983276,0.09001068025827408,1,1,1,0,0.1149637541434115,0.1,0.17179064289021925,0.0
2178,2178,35,1,6.2,0.9621881246566772,0.5944642393014833,22.047843497213968,0.0,0.0,3,0.5563163111369349,JITTER,115.2200725408912,114.49675167469063,2.862418791867266,0,0.0,80.0,1,1,1,35,0.9621881246566772,1,35,1,0.004124126862734556,0.019631152972579002,0.9752140045166016,0.0010306955082342029,1,1,1,0,0.1,0.1,0.35631631113693496,0.0
2179,2179,35,0,0.0,0.9999955892562866,0.3507462544212274,15.562492922507545,3.2,0.0,3,0.427322191955709,JITTER,68.61583092016208,67.5979969065011,1.6899499226625274,0,0.0,80.0,1,1,1,35,0.9999955892562866,1,35,1,0.15277686715126038,0.5373324155807495,0.2680816352367401,0.041809115558862686,1,1,1,0,0.1,0.227322191955709,0.1,0.0
2180,2180,35,0,0.0,0.9999788999557495,0.2939115124265153,13.899836466765159,0.20000000000000018,0.0,3,0.3911715178882197,JITTER,44.277898546082056,43.79806000439768,1.0949515001099421,0,0.0,80.0,1,1,1,35,0.9999788999557495,1,35,1,0.09894557297229767,0.4375505745410919,0.1791282743215561,0.2843755781650543,0,1,1,1,0.0,0.1911715178882197,0.1,0.1
2181,2181,35,1,6.2,0.9841917753219604,0.3029600721705701,13.594272103228558,0.0,0.0,3,0.3971473090618254,JITTER,85.94672750054781,84.26421948656906,2.106605487164227,0,0.0,80.0,1,1,1,35,0.9841917753219604,1,35,1,0.203053817152977,0.45335203409194946,0.21380873024463654,0.1297854632139206,1,1,1,0,0.1,0.19714730906182534,0.1,0.0
2182,2182,35,0,0.0,0.9990811347961426,0.4795602993601869,18.21851191337781,3.2,0.0,3,0.4996668503608529,JITTER,94.47032942423849,94.2471322174179,2.3561783054354475,0,0.0,80.0,1,1,1,35,0.9990811347961426,1,35,1,0.04872674494981766,0.7671685814857483,0.13465586304664612,0.049448754638433456,0,1,1,1,0.0,0.29966685036085294,0.1,0.1
2183,2183,35,0,0.0,0.9999886751174927,0.250799714444081,12.96647776109712,0.20000000000000018,0.0,3,0.3613453291798241,JITTER,67.53334513833103,66.73811192843102,1.6684527982107757,0,0.0,80.0,1,1,1,35,0.9999886751174927,1,35,1,0.3109225928783417,0.3294912576675415,0.2359970211982727,0.12358922511339188,1,1,1,0,0.12398435923681803,0.13736096994300612,0.1,0.0
2184,2184,35,1,6.2,0.9999779462814331,0.36400476411241417,15.562215309861692,0.0,0.0,3,0.4353238489365632,JITTER,34.662314286435276,34.36285542187227,0.8590713855468067,0,0.0,80.0,1,1,1,35,0.9999779462814331,1,35,1,0.061790816485881805,0.5607755184173584,0.31853002309799194,0.05890365689992905,1,1,1,0,0.1,0.2353238489365632,0.1,0.0
2185,2185,35,0,0.0,0.9999796152114868,0.4268829178859418,16.5755369564137,3.2,0.0,3,0.47142576523479096,JITTER,48.4005816335823,48.28555519039088,1.2071388797597722,0,0.0,80.0,1,1,1,35,0.9999796152114868,1,35,1,0.10543444752693176,0.6726629137992859,0.07773726433515549,0.1441653072834015,1,1,0,1,0.1,0.271425765234791,0.0,0.1
2186,2186,35,0,0.0,0.9065607786178589,0.2779324768907273,13.310785156145792,0.20000000000000018,0.0,3,0.38038954808695524,JITTER,71.20419334634545,70.96831794784637,1.7742079486961595,0,0.0,80.0,1,1,1,35,0.9065607786178589,1,35,1,0.11369951069355011,0.3654504716396332,0.336544930934906,0.1843051165342331,0,1,1,1,0.0,0.1500850949668248,0.13030445312013042,0.1
2187,2187,35,1,6.2,0.9999773502349854,0.5194358730708772,19.926429286708803,0.0,0.0,3,0.5200258064506758,JITTER,79.05374085857233,78.78543731245347,1.9696359328113369,0,0.0,80.0,1,1,1,35,0.9999773502349854,1,35,1,9.99999993922529e-09,0.8390986323356628,0.06351756304502487,0.09738378971815109,0,1,1,1,0.0,0.3200258064506758,0.1,0.1
2188,2188,35,0,0.0,0.709383487701416,0.3645659393099048,15.541807651965858,3.2,0.0,3,0.4356592825472061,JITTER,92.3594923602821,91.99884401646975,2.2999711004117436,0,0.0,80.0,1,1,0,35,0.709383487701416,1,35,1,0.5617690086364746,0.14757584035396576,0.05194307491183281,0.23871204257011414,1,1,0,1,0.2356592825472061,0.1,0.0,0.1
2189,2189,35,0,0.0,0.9996402263641357,0.3028634904350387,14.004805721021798,0.20000000000000018,0.0,3,0.3970840000033262,JITTER,109.62851007761495,109.57104422344418,2.7392761055861046,0,0.0,80.0,1,1,1,35,0.9996402263641357,1,35,1,0.08092020452022552,0.35711076855659485,0.40116000175476074,0.1608090102672577,0,1,1,1,0.0,0.1341037743093865,0.16298022569393975,0.1
2190,2190,35,1,6.2,0.9998437166213989,0.3593610852487575,14.822838855243962,0.0,0.0,3,0.43253818101359187,JITTER,72.1997387045736,71.73750909547165,1.7934377273867914,0,0.0,80.0,1,1,1,35,0.9998437166213989,1,35,1,0.10616135597229004,0.5525583028793335,0.165097177028656,0.17618320882320404,0,1,1,1,0.0,0.2325381810135919,0.1,0.1
2191,2191,35,0,0.0,0.9999139308929443,0.365518845284828,16.010236603634972,3.2,0.14733204910918096,3,0.4362282762007934,JITTER,42.50765257745908,42.10671803563276,1.052667950890819,0,0.0,80.0,1,1,1,35,0.9999139308929443,1,35,1,0.5449867248535156,0.3536324203014374,0.015900466591119766,0.08548039197921753,1,1,0,1,0.22520706196408155,0.11102121423671191,0.0,0.1
2192,2192,35,0,0.0,0.9999985694885254,0.3865303660153344,16.285206596734888,0.20000000000000018,0.0,3,0.4485911852064022,JITTER,104.20195363242607,102.29448017380398,2.5573620043450997,0,0.0,80.0,1,1,1,35,0.9999985694885254,1,35,1,0.037668824195861816,0.1852264404296875,0.6007299423217773,0.1763748824596405,0,1,1,1,0.0,0.1,0.2485911852064022,0.1
2193,2193,35,1,6.2,0.9999842643737793,0.41722555012701523,16.40170683283468,0.0,0.0,3,0.4660627296793376,JITTER,50.324861814784576,50.16961603542965,1.2542404008857413,0,0.0,80.0,1,1,1,35,0.9999842643737793,1,35,1,0.11682592332363129,0.6554084420204163,0.07505243271589279,0.15271317958831787,1,1,0,1,0.1,0.26606272967933764,0.0,0.1
2194,2194,35,0,0.0,0.9999678134918213,0.3181427844803383,13.893294466730863,3.2,0.0,3,0.4069770930522142,JITTER,92.01404475663072,90.94300362118254,2.2735750905295635,0,0.0,80.0,1,1,1,35,0.9999678134918213,1,35,1,0.12403061985969543,0.4799412488937378,0.2402002364397049,0.15582792460918427,0,1,1,1,0.0,0.2069770930522142,0.1,0.1
2195,2195,35,0,0.0,0.9968884587287903,0.30968624038382064,13.703201767774196,0.20000000000000018,0.0,3,0.4015317405164117,JITTER,40.10161486775599,39.49183309016681,0.9872958272541702,0,0.0,80.0,1,1,1,35,0.9968884587287903,1,35,1,0.23141132295131683,0.17470814287662506,0.4651200473308563,0.1287604719400406,1,1,1,0,0.1,0.1,0.20153174051641168,0.0
2196,2196,35,1,6.2,0.9996065497398376,0.39258431013958156,15.948338774432425,0.0,0.0,3,0.4520905153839848,JITTER,71.89304352421411,70.95355213388014,1.7738388033470036,0,0.0,80.0,1,1,1,35,0.9996065497398376,1,35,1,0.6114935278892517,0.22105035185813904,0.09678009152412415,0.07067602872848511,1,1,1,0,0.25209051538398486,0.1,0.1,0.0
2197,2197,35,0,0.0,0.9999971389770508,0.5144252509097648,19.792537752921973,3.2,0.0,3,0.5175115720968436,JITTER,55.93390339633887,55.442694584829766,1.3860673646207442,0,0.0,80.0,1,1,1,35,0.9999971389770508,1,35,1,0.013236883096396923,0.8300432562828064,9.99999993922529e-09,0.1567198634147644,1,1,0,1,0.1,0.31751157209684366,0.0,0.1
2198,2198,35,0,0.0,0.9999556541442871,0.3240175642791079,14.222566229626995,0.20000000000000018,0.0,3,0.41071749541090097,JITTER,38.03420983749422,37.45874017238588,0.936468504309647,0,0.0,80.0,1,1,1,35,0.9999556541442871,1,35,1,0.10674384981393814,0.49025389552116394,0.2721744179725647,0.130827859044075,0,1,1,1,0.0,0.21071749541090093,0.1,0.1
2199,2199,35,1,6.2,0.9999715089797974,0.28300607799415306,13.11973069008625,0.0,0.0,3,0.3838458131661321,JITTER,35.70113241517919,35.145406735293484,0.8786351683823371,0,0.0,80.0,1,1,1,35,0.9999715089797974,1,35,1,0.4185539484024048,0.27036064863204956,0.1658116579055786,0.14527378976345062,1,1,1,0,0.1838458131661321,0.1,0.1,0.0
2200,2200,35,0,0.0,0.9999077320098877,0.47154230179712026,18.29336129726726,3.2,0.0,3,0.4954721588991975,JITTER,99.8007854884586,98.31055823527576,2.4577639558818944,0,0.0,80.0,1,1,1,35,0.9999077320098877,1,35,1,0.15846548974514008,0.7527440190315247,0.05977821722626686,0.02901230938732624,1,1,1,0,0.1,0.29547215889919753,0.1,0.0
2201,2201,35,0,0.0,0.9996888637542725,0.23613627168041404,12.13378509114155,0.20000000000000018,0.0,3,0.3506228999833278,JITTER,21.942278805874043,21.82241550383085,0.5455603875957713,0,0.0,80.0,1,1,1,35,0.9996888637542725,1,35,1,0.30217334628105164,0.2160869985818863,0.17694512009620667,0.3047944903373718,1,1,0,1,0.12433845977317592,0.1,0.0,0.12628444021015187
2202,2202,35,1,6.2,0.99997878074646,0.42321394143232355,16.798325632344074,0.0,0.0,3,0.46939548653366664,JITTER,66.83377427918137,66.0377247075735,1.6509431176893377,0,0.0,80.0,1,1,1,35,0.99997878074646,1,35,1,0.08555665612220764,0.19249755144119263,0.6661049127578735,0.055840931832790375,1,1,1,0,0.1,0.1,0.26939548653366663,0.0
2203,2203,35,0,0.0,0.9644914865493774,0.2617989781675986,12.634845202493935,3.2,0.0,3,0.369184024722872,JITTER,111.92220993690502,111.08143692758215,2.777035923189554,0,0.0,80.0,1,1,1,35,0.9644914865493774,1,35,1,0.15278774499893188,0.3398110270500183,0.1817885786294937,0.3256126642227173,0,1,1,1,0.0,0.1395975788171833,0.1,0.12958644590568869
2204,2204,35,0,0.0,0.9999977350234985,0.4458912430895068,17.62254773665241,0.20000000000000018,0.0,3,0.48180732471762505,JITTER,107.5023318773954,107.15095128595996,2.6787737821489994,0,0.0,80.0,1,1,1,35,0.9999977350234985,1,35,1,0.04001615196466446,0.22000686824321747,0.7066913843154907,0.033285610377788544,1,1,1,0,0.1,0.1,0.28180732471762504,0.0
2205,2205,35,1,6.2,0.9999914169311523,0.34286847615082466,14.841126534188597,0.0,0.0,3,0.4224961006888277,JITTER,57.128048750862696,57.06831336560282,1.4267078341400705,0,0.0,80.0,1,1,1,35,0.9999914169311523,1,35,1,0.09464141726493835,0.4697837829589844,0.3782592713832855,0.05731556564569473,1,1,1,0,0.1,0.1894430813460188,0.1330530193428089,0.0
2206,2206,35,0,0.0,0.9999260902404785,0.2793057059044344,13.598860896323846,3.2,0.0,3,0.3813281183610613,JITTER,94.24892910556223,93.96495188446518,2.3491237971116297,0,0.0,80.0,1,1,1,35,0.9999260902404785,1,35,1,0.27908140420913696,0.41212040185928345,0.10750238597393036,0.20129577815532684,1,1,0,1,0.1,0.1813281183610613,0.0,0.1
2207,2207,35,0,0.0,0.9998538494110107,0.45215079420387605,17.64263045961432,0.20000000000000018,0.0,3,0.4851774141279255,JITTER,45.70200156484577,44.993407338748675,1.124835183468717,0,0.0,80.0,1,1,1,35,0.9998538494110107,1,35,1,0.11968749016523361,0.7179158329963684,0.1200464591383934,0.04235018417239189,1,1,1,0,0.1,0.2851774141279255,0.1,0.0
2208,2208,35,1,6.2,0.9999548196792603,0.34772689083875846,14.548406192686784,0.0,0.0,3,0.42547893662266956,JITTER,73.471671742271,73.45113976118179,1.836278494029545,0,0.0,80.0,1,1,1,35,0.9999548196792603,1,35,1,0.12221620976924896,0.532001793384552,0.23458711802959442,0.11119493097066879,1,1,1,0,0.1,0.22547893662266957,0.1,0.0
2209,2209,35,0,0.0,0.9999960660934448,0.39696256271417796,15.72484889173634,3.2,0.6995756660023247,3,0.45460447010216354,JITTER,20.223520474739715,20.01697335990701,0.5004243339976753,0,0.0,80.0,1,1,1,35,0.9999960660934448,1,35,1,0.187529519200325,0.6192842721939087,0.09999457746744156,0.09319156408309937,1,1,1,0,0.1,0.2546044701021636,0.1,0.0
2210,2210,35,0,0.0,0.999947190284729,0.5021111087543082,19.468604895860256,0.20000000000000018,0.0,3,0.5112800433960295,JITTER,50.495551374919486,50.313452857224775,1.2578363214306194,0,0.0,80.0,1,1,1,35,0.999947190284729,1,35,1,0.8078088760375977,0.0815819501876831,0.11060915142297745,9.99999993922529e-09,1,1,1,0,0.31128004339602955,0.1,0.1,0.0
2211,2211,35,1,6.2,0.9998694658279419,0.41455035708236687,17.272357525742155,0.0,0.0,3,0.4645661617010546,JITTER,81.3593937716111,80.98768471452598,2.02469211786315,0,0.0,80.0,1,1,1,35,0.9998694658279419,1,35,1,0.6506329774856567,0.21261264383792877,0.12865664064884186,0.008097758516669273,1,1,1,0,0.2645661617010546,0.1,0.1,0.0
2212,2212,35,0,0.0,0.9999159574508667,0.3920912170565678,15.963857353424885,3.2,0.0,3,0.4518065091934452,JITTER,79.22071496849479,78.61980057312178,1.9654950143280445,0,0.0,80.0,1,1,1,35,0.9999159574508667,1,35,1,0.6106164455413818,0.22040137648582458,0.10014825314283371,0.06883394718170166,1,1,1,0,0.25180650919344527,0.1,0.1,0.0
2213,2213,35,0,0.0,0.9998718500137329,0.4275579850938187,16.898988168544847,0.20000000000000018,0.0,3,0.4717983713339488,JITTER,38.67462176697897,38.56779879695294,0.9641949699238236,0,0.0,80.0,1,1,1,35,0.9998718500137329,1,35,1,0.0553949698805809,0.1006622314453125,0.17007288336753845,0.6738699078559875,0,1,1,1,0.0,0.1,0.1,0.2717983713339488
2214,2214,35,1,6.2,0.9995237588882446,0.39113894683677985,16.275101266559776,0.0,0.0,3,0.45125752541819564,JITTER,43.686060312728806,43.65999536733059,1.0914998841832648,0,0.0,80.0,1,1,1,35,0.9995237588882446,1,35,1,9.99999993922529e-09,0.5278061032295227,0.4278268814086914,0.044366903603076935,0,1,1,1,0.0,0.20446530314886383,0.1467922222693318,0.1
2215,2215,35,0,0.0,0.9998760223388672,0.2860345039802573,13.519672019848263,3.2,0.0,3,0.3858941001745017,JITTER,50.81269620362684,49.896081210393966,1.2474020302598492,0,0.0,80.0,1,1,1,35,0.9998760223388672,1,35,1,0.17685119807720184,0.10283473134040833,0.36377236247062683,0.3565417230129242,1,0,1,1,0.1,0.0,0.1453857952983959,0.1405083048761058
2216,2216,35,0,0.0,0.6894136071205139,0.252929030979969,12.589888118881348,0.20000000000000018,0.0,3,0.36287601746378817,JITTER,103.13621258830283,102.36887141756911,2.559221785439228,0,0.0,80.0,1,1,0,35,0.6894136071205139,1,35,1,0.1956075131893158,0.28102800250053406,0.36423251032829285,0.15913203358650208,1,1,1,0,0.1,0.10159473578039682,0.16128128168339137,0.0
2217,2217,35,1,6.2,0.7015600204467773,0.26947831315706816,13.521558354683592,0.0,0.0,3,0.3745595171967626,JITTER,77.58336185818038,76.70300706709943,1.917575176677486,0,0.0,80.0,1,1,0,35,0.7015600204467773,1,35,1,0.10173651576042175,0.2154160588979721,0.2954348027706146,0.3874126076698303,0,1,1,1,0.0,0.1,0.10531878018767335,0.1692407370090893
2218,2218,35,0,0.0,0.9999902248382568,0.39917535471063537,17.062037659236502,3.2,0.0,3,0.45586976217091163,JITTER,102.87375391937123,102.38759292423043,2.559689823105761,0,0.0,80.0,1,1,1,35,0.9999902248382568,1,35,1,0.06756429374217987,0.3092119097709656,0.6232237815856934,9.99999993922529e-09,1,1,1,0,0.1,0.1,0.2558697621709116,0.0
2219,2219,35,0,0.0,0.9982240796089172,0.3811483342382308,16.219087537865764,0.20000000000000018,0.0,3,0.44545715549702647,JITTER,49.63874887930123,49.33914385207864,1.233478596301966,0,0.0,80.0,1,1,1,35,0.9982240796089172,1,35,1,0.5329998731613159,0.4004236161708832,0.06657648086547852,9.99999993922529e-09,1,1,1,0,0.2114648367193371,0.13399231877768938,0.1,0.0
2220,2220,35,1,6.2,0.9999947547912598,0.3073280000000001,11.716383404624949,0.0,0.0,4,0.4,JITTER,24.086998977167433,23.935401252343958,0.598385031308599,0,0.0,80.0,1,1,1,35,0.9999947547912598,1,35,1,0.29254665970802307,0.24423182010650635,0.20203660428524017,0.2611849009990692,1,1,1,1,0.1,0.1,0.1,0.1
2221,2221,35,0,0.0,0.9999129772186279,0.42642260242494096,16.27396910249558,3.2,0.0,3,0.4711715232741821,JITTER,107.7913776588007,105.82528956000992,2.645632239000248,0,0.0,80.0,1,1,1,35,0.9999129772186279,1,35,1,0.09875617176294327,0.6718399524688721,0.10494954138994217,0.12445433437824249,0,1,1,1,0.0,0.27117152327418215,0.1,0.1
2222,2222,35,0,0.0,0.9995864033699036,0.44322843007453605,17.895943794297036,0.20000000000000018,0.0,3,0.48036652048165707,JITTER,30.96353457685504,30.679872347022517,0.766996808675563,0,0.0,80.0,1,1,1,35,0.9995864033699036,1,35,1,0.18344144523143768,0.7019192576408386,0.10552869737148285,0.009110670536756516,1,1,1,0,0.1,0.2803665204816571,0.1,0.0
2223,2223,35,1,6.2,0.999763548374176,0.3271903240577314,14.714348283400351,0.0,0.0,3,0.41272345685919165,JITTER,58.13489015876391,57.565913295886276,1.439147832397157,0,0.0,80.0,1,1,1,35,0.999763548374176,1,35,1,0.04904201626777649,0.378501832485199,0.43443065881729126,0.13802550733089447,0,1,1,1,0.0,0.13872433449967514,0.17399912235951656,0.1
2224,2224,35,0,0.0,0.9999947547912598,0.3219713667506141,14.308385446217141,3.2,0.0,3,0.40941858412328763,JITTER,75.47195240586771,75.44137304243048,1.8860343260607622,0,0.0,80.0,1,1,1,35,0.9999947547912598,1,35,1,0.11473212391138077,0.34148746728897095,0.45973750948905945,0.08404293656349182,1,1,1,0,0.1,0.11711762254559444,0.1923009615776932,0.0
2225,2225,35,0,0.0,0.9999971389770508,0.4158512034684942,16.510407070956454,0.20000000000000018,0.0,3,0.4652944880104807,JITTER,104.22422479211608,102.19463712742757,2.5548659281856896,0,0.0,80.0,1,1,1,35,0.9999971389770508,1,35,1,0.06507391482591629,0.15380722284317017,0.6529548764228821,0.12816397845745087,0,1,1,1,0.0,0.1,0.2652944880104807,0.1
2226,2226,35,1,6.2,0.9999940395355225,0.5044201058241934,19.52883289428443,0.0,0.0,3,0.5124542755601477,JITTER,85.34048120036424,84.2132149635066,2.105330374087665,0,0.0,80.0,1,1,1,35,0.9999940395355225,1,35,1,9.99999993922529e-09,0.8119757771492004,0.1287352293729782,0.05928901955485344,0,1,1,1,0.0,0.3124542755601477,0.1,0.1
2227,2227,35,0,0.0,0.9999980926513672,0.46063868240227485,18.24886224619902,3.2,0.0,3,0.48971017659503746,JITTER,72.79798578307084,72.311297161598,1.8077824290399502,0,0.0,80.0,1,1,1,35,0.9999980926513672,1,35,1,0.013183549046516418,0.7331503033638,0.14271095395088196,0.110955148935318,0,1,1,1,0.0,0.2897101765950375,0.1,0.1
2228,2228,36,0,0.0,0.9993461966514587,0.33138723360693884,15.247091480098277,0.20000000000000018,0.0,3,0.4153620490893305,JITTER,34.89778241795211,34.49013210891793,0.8622533027229484,0,0.0,80.0,1,1,1,36,0.9993461966514587,1,36,1,0.01360906008630991,0.4371672570705414,0.16405104100704193,0.38517269492149353,0,1,1,1,0.0,0.1739735712133059,0.1,0.14138847787602463
2229,2229,36,1,6.2,0.9830639958381653,0.33375570984193575,14.939645127095753,0.0,0.0,3,0.4168437350109959,JITTER,24.494140350920706,24.090230718665918,0.602255767966648,0,0.0,80.0,1,1,1,36,0.9830639958381653,1,21,0,0.06614592671394348,0.5073767304420471,0.2122458666563034,0.2142314910888672,0,1,1,1,0.0,0.21684373501099588,0.1,0.1
2230,2230,36,0,0.0,0.9999349117279053,0.4561114948901035,18.157315837859475,3.2,0.0,3,0.48729778262529827,JITTER,62.091169947061545,61.57611844668749,1.5394029611671873,0,0.0,80.0,1,1,1,36,0.9999349117279053,1,36,1,0.021184146404266357,0.011984927579760551,0.24180829524993896,0.7250226736068726,1,0,1,1,0.1,0.0,0.1,0.28729778262529826
2231,2231,36,0,0.0,0.9995532631874084,0.4780332116432699,17.256377387228973,0.20000000000000018,0.0,3,0.4988706590137963,JITTER,52.717085847590575,51.69505560424619,1.292376390106155,0,0.0,80.0,1,1,1,36,0.9995532631874084,1,36,1,0.04540626332163811,0.11472786962985992,0.07544559985399246,0.7644202709197998,0,1,1,1,0.0,0.1,0.1,0.2988706590137963
2232,2232,36,1,6.2,0.9988197684288025,0.32044688499001345,15.447603316855453,0.0,0.0,3,0.40844816905509995,JITTER,37.491695277071884,37.37823954235616,0.9344559885589041,0,0.0,80.0,1,1,1,36,0.9988197684288025,1,36,1,0.014426643960177898,0.20627634227275848,0.29531270265579224,0.4839843213558197,0,1,1,1,0.0,0.1,0.1,0.2084481690550999
2233,2233,36,0,0.0,0.999992847442627,0.40112878914129285,16.239052729267208,3.2,0.29820687311817984,3,0.4569838400664615,JITTER,36.553150154503015,36.0717250752728,0.9017931268818201,0,0.0,80.0,1,1,1,36,0.999992847442627,1,36,1,0.15441635251045227,0.15661653876304626,0.06226445734500885,0.6267026662826538,1,1,0,1,0.1,0.1,0.0,0.25698384006646147
2234,2234,36,0,0.0,0.9376401305198669,0.3058811221859705,14.520906318773893,0.20000000000000018,0.0,3,0.39905730373844606,JITTER,119.18953187295983,118.62820836640202,2.965705209160051,0,0.0,80.0,1,1,1,36,0.9376401305198669,1,36,1,0.2674751579761505,0.06035615876317024,0.45846039056777954,0.21370829641819,1,0,1,1,0.1,0.0,0.19905730373844607,0.1
2235,2235,36,1,6.2,0.7212801575660706,0.4042966526157802,16.834633035287442,0.0,0.0,3,0.458784777200384,JITTER,110.56173970674878,109.9456530768055,2.7486413269201377,0,0.0,80.0,1,1,0,4,0.7212801575660706,0,36,1,0.012008474208414555,0.0031515213195234537,0.6047115921974182,0.3801284730434418,1,0,1,1,0.1,0.0,0.24310508299018432,0.11567969421019966
2236,2236,36,0,0.0,0.9996833801269531,0.3310266775617371,15.222720469632984,3.2,0.0,3,0.41513602641771796,JITTER,84.78999201253002,84.7213138963111,2.1180328474077776,0,0.0,80.0,1,1,1,36,0.9996833801269531,1,36,1,0.012619812972843647,0.41269171237945557,0.16584812104701996,0.4088402986526489,0,1,1,1,0.0,0.15877551452145258,0.1,0.1563605118962654
2237,2237,36,0,0.0,0.4394620358943939,0.4428034942246282,17.756200349713197,0.20000000000000018,0.0,3,0.48013619466050206,JITTER,69.5653974576189,68.65468906025855,1.7163672265064638,0,0.0,80.0,1,1,0,36,0.4394620358943939,1,36,1,0.2565698027610779,0.7011578679084778,0.03350517153739929,0.00876716710627079,1,1,1,0,0.1,0.2801361946605021,0.1,0.0
2238,2238,36,1,6.2,0.9998650550842285,0.5351741971227063,19.940522522997707,0.0,0.0,3,0.5278451185141984,JITTER,73.63197772226286,73.28173192703922,1.8320432981759804,0,0.0,80.0,1,1,1,36,0.9998650550842285,1,36,1,0.03880997747182846,0.06377467513084412,0.029843883588910103,0.8675714135169983,1,1,0,1,0.1,0.1,0.0,0.3278451185141984
2239,2239,36,0,0.0,0.994457483291626,0.5239997699905979,19.959988756549055,3.2,0.0,3,0.5223053503496317,JITTER,102.84969482679155,100.85412994436793,2.5213532486091985,0,0.0,80.0,1,1,1,36,0.994457483291626,1,36,1,0.022646695375442505,0.8473507165908813,0.006056318990886211,0.12394628673791885,1,1,0,1,0.1,0.3223053503496317,0.0,0.1
2240,2240,36,0,0.0,0.9996376037597656,0.2357234291952519,12.663921859805143,0.20000000000000018,0.0,3,0.35031626485258793,JITTER,65.91960956920653,65.08121857563027,1.627030464390757,0,0.0,80.0,1,1,1,36,0.9996376037597656,1,36,1,0.2966633439064026,0.13383075594902039,0.3093610107898712,0.2601449489593506,1,0,1,1,0.12044052835725311,0.0,0.12987573649533482,0.1
2241,2241,36,1,6.2,0.9996002316474915,0.5796202691204695,21.60523296598345,0.0,0.0,3,0.549326700219237,JITTER,99.04132683455725,98.562978894957,2.464074472373925,0,0.0,80.0,1,1,1,36,0.9996002316474915,1,36,1,0.0011232213582843542,0.007281091529875994,0.04338447004556656,0.9482111930847168,0,1,1,1,0.0,0.1,0.1,0.34932670021923695
2242,2242,36,0,0.0,0.6368379592895508,0.30064248626493884,13.384172466801871,3.2,0.0,3,0.39562534276937866,JITTER,106.44503819287854,105.84851827153051,2.646212956788263,0,0.0,80.0,1,1,0,36,0.6368379592895508,1,33,0,0.03461947292089462,0.2319900393486023,0.28408896923065186,0.449301540851593,0,1,1,1,0.0,0.1,0.1,0.19562534276937862
2243,2243,36,0,0.0,0.9976379871368408,0.48711958127987065,19.0741195539932,0.20000000000000018,0.0,3,0.5035895626037616,JITTER,97.58308035152388,97.36430058341965,2.4341075145854916,0,0.0,80.0,1,1,1,36,0.9976379871368408,1,36,1,0.0006732912152074277,0.2173057347536087,0.0012407468166202307,0.7807801961898804,0,1,1,1,0.0,0.1,0.1,0.3035895626037616
2244,2244,36,1,6.2,0.9903171062469482,0.34278910374776606,15.003957415623647,0.0,0.0,3,0.42244719495073474,JITTER,48.83867034141697,48.317444580591015,1.2079361145147756,0,0.0,80.0,1,1,1,36,0.9903171062469482,1,36,1,0.46419885754585266,0.04388817399740219,0.10824628919363022,0.38366666436195374,1,0,1,1,0.18603520812883936,0.0,0.1,0.13641198682189537
2245,2245,36,0,0.0,0.9999275207519531,0.36495669445176765,15.422680593779603,3.2,0.0,3,0.4358926978152139,JITTER,72.49220957043151,71.25921685741119,1.7814804214352797,0,0.0,80.0,1,1,1,36,0.9999275207519531,1,36,1,0.37926679849624634,0.0434754379093647,0.059158649295568466,0.5180991291999817,1,0,1,1,0.12649211605312313,0.0,0.1,0.20940058176209078
2246,2246,36,0,0.0,0.999954104423523,0.5508351177580892,20.498987481331525,0.20000000000000018,0.0,3,0.5355126528991465,JITTER,119.61272576386072,119.35625013376512,2.983906253344128,0,0.0,80.0,1,1,1,36,0.999954104423523,1,36,1,0.042005326598882675,0.8959476947784424,0.041013140231370926,0.021033819764852524,1,1,1,0,0.1,0.33551265289914656,0.1,0.0
2247,2247,36,1,6.2,0.9986146688461304,0.35757849453002444,15.68256966757831,0.0,0.0,3,0.43146405650339525,JITTER,47.138813282503705,46.801678177266446,1.1700419544316611,0,0.0,80.0,1,1,1,36,0.9986146688461304,1,36,1,0.10052725672721863,0.01856454648077488,0.37068232893943787,0.5102258920669556,1,0,1,1,0.1,0.0,0.1236377519410728,0.20782630456232246
2248,2248,36,0,0.0,0.9967973828315735,0.5491455871563681,20.40429759050845,3.2,0.0,3,0.5346907555390472,JITTER,67.8918407810005,67.22119194815204,1.680529798703801,0,0.0,80.0,1,1,1,36,0.9967973828315735,1,36,1,0.01956821046769619,0.05135280638933182,0.892884373664856,0.03619459271430969,0,1,1,1,0.0,0.1,0.33469075553904726,0.1
2249,2249,36,0,0.0,0.9916348457336426,0.43429851609856823,17.50998348240884,0.20000000000000018,0.0,3,0.47550282254199283,JITTER,105.61950631484166,103.99178445191224,2.5997946112978063,0,0.0,80.0,1,1,1,36,0.9916348457336426,1,36,1,0.1358395367860794,0.6859278678894043,0.1588267832994461,0.019405802711844444,1,1,1,0,0.1,0.2755028225419929,0.1,0.0
2250,2250,36,1,6.2,0.43118950724601746,0.40311467778026433,16.84447938383409,0.0,0.0,3,0.4581136499771986,JITTER,21.88515790379533,21.685993442194814,0.5421498360548703,0,0.0,80.0,1,1,0,19,0.43118950724601746,0,36,1,0.37496963143348694,0.013871130533516407,0.00391061045229435,0.6072486639022827,1,1,0,1,0.11306431637827288,0.1,0.0,0.24504933359892575
2251,2251,36,0,0.0,0.9982998967170715,0.5855055116016661,21.79066564086718,3.2,0.0,3,0.5521084833484182,JITTER,81.80738382440887,81.05410865432121,2.0263527163580304,0,0.0,80.0,1,1,1,36,0.9982998967170715,1,36,1,0.0001939715730259195,0.03293658420443535,0.00795634277164936,0.9589130282402039,0,1,1,1,0.0,0.1,0.1,0.35210848334841816
2252,2252,36,0,0.0,0.6586381196975708,0.6035802378347214,22.310275095685846,0.20000000000000018,0.0,3,0.5605655862300059,JITTER,33.06452560257023,32.801679762239274,0.8200419940559819,0,0.0,80.0,1,1,0,25,0.6586381196975708,0,36,1,0.991813600063324,0.0014300852781161666,0.006039307452738285,0.000716938404366374,1,1,1,0,0.3605655862300059,0.1,0.1,0.0
2253,2253,36,1,6.2,0.9964854717254639,0.47226001071064333,18.38094019031558,0.0,0.0,3,0.4958490811548334,JITTER,61.16556951297361,60.935934486907755,1.5233983621726939,0,0.0,80.0,1,1,1,36,0.9964854717254639,1,36,1,0.023993991315364838,0.09902981668710709,0.7540346384048462,0.12294147908687592,0,1,1,1,0.0,0.1,0.29584908115483344,0.1
2254,2254,36,0,0.0,0.9999809265136719,0.5529647481586234,20.523088198462833,3.2,0.0,3,0.5365468497237413,JITTER,95.63071144709535,95.01599593306325,2.3753998983265814,0,0.0,80.0,1,1,1,36,0.9999809265136719,1,36,1,0.02365010231733322,0.03075769543647766,0.045782554894685745,0.8998096585273743,0,1,1,1,0.0,0.1,0.1,0.3365468497237414
2255,2255,36,0,0.0,0.9971516728401184,0.5156001388939992,19.741267605425424,0.20000000000000018,0.0,3,0.5181022034487504,JITTER,78.89872905686161,78.08491994058338,1.9521229985145845,0,0.0,80.0,1,1,1,36,0.9971516728401184,1,36,1,0.048484332859516144,0.005651756189763546,0.11369769275188446,0.8321661353111267,1,0,1,1,0.1,0.0,0.1,0.3181022034487503
2256,2256,36,1,6.2,0.39042356610298157,0.44074005216252354,17.06547861042455,0.0,0.0,3,0.47901618305105725,JITTER,107.74270792163887,107.47978353832333,2.6869945884580835,0,0.0,80.0,1,1,0,34,0.39042356610298157,0,34,0,0.0692431628704071,0.1683839112520218,0.6974612474441528,0.06491165608167648,1,1,1,0,0.1,0.1,0.27901618305105724,0.0
2257,2257,36,0,0.0,0.999800980091095,0.5930270898442714,22.01417054924626,3.2,0.41906144749916374,3,0.5556434418277656,JITTER,31.426300825346015,31.237542100033448,0.7809385525008362,0,0.0,80.0,1,1,1,36,0.999800980091095,1,36,1,0.00034354496165178716,0.015554716810584068,0.011503522284328938,0.9725981950759888,0,1,1,1,0.0,0.1,0.1,0.3556434418277655
2258,2258,36,0,0.0,0.9999916553497314,0.358766794838748,14.413669034134763,0.20000000000000018,0.0,3,0.43218037981251733,JITTER,63.1214968125835,62.744608140522914,1.568615203513073,0,0.0,80.0,1,1,1,36,0.9999916553497314,1,36,1,0.15453211963176727,0.159064382314682,0.13489629328250885,0.5515071749687195,1,1,0,1,0.1,0.1,0.0,0.23218037981251735
2259,2259,36,1,6.2,0.9990664124488831,0.5183295793398291,19.824007044379613,0.0,0.0,3,0.5194717361937999,JITTER,96.31870823952438,95.84623445585308,2.396155861396327,0,0.0,80.0,1,1,1,36,0.9990664124488831,1,36,1,0.005249449051916599,0.059188514947891235,0.8370988965034485,0.09846314042806625,0,1,1,1,0.0,0.1,0.3194717361938,0.1
2260,2260,36,0,0.0,0.9999828338623047,0.3066932046834914,14.791195865784555,3.2,0.4939551297903362,3,0.39958668038529876,JITTER,28.477474277224474,28.24179480838655,0.7060448702096638,0,0.0,80.0,1,1,1,36,0.9999828338623047,1,36,1,0.365592360496521,0.02627740055322647,0.2068309634923935,0.40129926800727844,1,0,1,1,0.13816282114204545,0.0,0.1,0.16142385924325328
2261,2261,36,0,0.0,0.999657392501831,0.39925947366548326,16.85879550792515,0.20000000000000018,0.0,3,0.4559177927763239,JITTER,97.33792881384841,95.68209005551611,2.392052251387903,0,0.0,80.0,1,1,1,36,0.999657392501831,1,36,1,0.014595813117921352,0.3290340304374695,0.0329965241253376,0.6233735680580139,0,1,1,1,0.0,0.1,0.1,0.25591779277632387
2262,2262,36,1,6.2,0.9634742736816406,0.5228804764999957,19.864105569404494,0.0,0.0,3,0.5217472150814308,JITTER,93.33448483633508,92.29308352163854,2.3073270880409633,0,0.0,80.0,1,1,1,36,0.9634742736816406,1,36,1,0.01118097361177206,0.8453265428543091,0.0326007604598999,0.11089173704385757,0,1,1,1,0.0,0.3217472150814309,0.1,0.1
2263,2263,36,0,0.0,0.9999500513076782,0.3608748070496766,15.520802203528268,3.2,0.0,3,0.43344820503033765,JITTER,92.41917017491767,91.15970106654456,2.278992526663614,0,0.0,80.0,1,1,1,36,0.9999500513076782,1,36,1,0.05931301787495613,0.052423927932977676,0.3405279815196991,0.5477350950241089,1,0,1,1,0.1,0.0,0.10450477488166596,0.22894343014867166
2264,2264,36,0,0.0,0.9999722242355347,0.4356311357193093,17.70605375205387,0.20000000000000018,0.0,3,0.47623179008547956,JITTER,43.43666324950608,42.95820067886006,1.0739550169715015,0,0.0,80.0,1,1,1,36,0.9999722242355347,1,36,1,0.010309120640158653,0.6883130669593811,0.08838962763547897,0.21298812329769135,0,1,1,1,0.0,0.2762317900854796,0.1,0.1
2265,2265,36,1,6.2,0.9707169532775879,0.3821102100320901,15.827342630881107,0.0,0.0,3,0.44601888492081,JITTER,97.0609332638432,96.44533271586623,2.411133317896656,0,0.0,80.0,1,1,1,36,0.9707169532775879,1,36,1,0.08483080565929413,0.2578444480895996,0.5928778052330017,0.06444694846868515,1,1,1,0,0.1,0.1,0.24601888492080995,0.0
2266,2266,36,0,0.0,0.999955415725708,0.6052383553272844,22.37998102253535,3.2,0.0,3,0.561335033328086,JITTER,85.39731467169314,84.57497196015146,2.1143742990037864,0,0.0,80.0,1,1,1,36,0.999955415725708,1,36,1,0.0012540719471871853,0.0034501540940254927,0.0004615004872903228,0.9948342442512512,1,1,0,1,0.1,0.1,0.0,0.3613350333280859
2267,2267,36,0,0.0,0.9999622106552124,0.5623846542946064,20.934092799107447,0.20000000000000018,0.0,3,0.5410976618521974,JITTER,70.315885094502,70.18923910072456,1.7547309775181141,0,0.0,80.0,1,1,1,36,0.9999622106552124,1,36,1,0.034144606441259384,0.0355803407728672,0.013373847119510174,0.9169012308120728,1,1,0,1,0.1,0.1,0.0,0.3410976618521975
2268,2268,36,1,6.2,0.9804239273071289,0.4825168672555352,18.701468488753342,0.0,0.0,3,0.5012047476956176,JITTER,86.62171653053798,85.12197059092516,2.128049264773129,0,0.0,80.0,1,1,1,36,0.9804239273071289,1,36,1,0.17284539341926575,0.019231077283620834,0.03543265536427498,0.772490918636322,1,0,1,1,0.1,0.0,0.1,0.30120474769561756
2269,2269,36,0,0.0,0.9897496104240417,0.33883125663829344,14.929378478939764,3.2,0.35267177632554914,3,0.42000132424667125,JITTER,34.143128802586276,33.89312894697803,0.8473282236744508,0,0.0,80.0,1,1,1,36,0.9897496104240417,1,36,1,0.066314697265625,0.18050549924373627,0.23686493933200836,0.5163148045539856,0,1,1,1,0.0,0.1,0.1,0.2200013242466712
2270,2270,36,0,0.0,0.8834853768348694,0.5778990098090656,21.26271608211468,0.20000000000000018,0.0,3,0.5485104445046304,JITTER,24.866745484083502,24.852008512747737,0.6213002128186935,0,0.0,80.0,1,1,1,33,0.8834853768348694,0,36,1,0.021025175228714943,0.9450822472572327,0.0010226932354271412,0.03286987915635109,1,1,0,1,0.1,0.3485104445046304,0.0,0.1
2271,2271,36,1,6.2,0.9907804131507874,0.44689336303872845,18.03091046636306,0.0,0.0,3,0.4823484406958697,JITTER,118.96584966717438,117.79172452173016,2.944793113043254,0,0.0,80.0,1,1,1,36,0.9907804131507874,1,36,1,0.024598849937319756,0.7084877490997314,0.005509600974619389,0.26140379905700684,1,1,0,1,0.1,0.28234844069586973,0.0,0.1
2272,2272,36,0,0.0,0.9999892711639404,0.2955494743250969,14.19012626237528,3.2,0.0,3,0.39225999827926683,JITTER,55.551901863524634,55.24650297582052,1.3811625743955132,0,0.0,80.0,1,1,1,36,0.9999892711639404,1,36,1,0.06116704270243645,0.19704340398311615,0.3824080526828766,0.3593814969062805,0,1,1,1,0.0,0.1,0.15377034154755934,0.1384896567317075
2273,2273,36,0,0.0,0.9309720993041992,0.3769516243599568,16.040979447665617,0.20000000000000018,0.0,3,0.44299796992038254,JITTER,118.00126449449591,117.40594626127015,2.9351486565317537,0,0.0,80.0,1,1,1,36,0.9309720993041992,1,36,1,0.03616964444518089,0.0397450253367424,0.34751996397972107,0.5765653848648071,0,1,1,1,0.0,0.1,0.1042047687302324,0.23879320119015016
2274,2274,36,1,6.2,0.849901020526886,0.312972455145791,15.21423386457453,0.0,0.0,3,0.40365653218230446,JITTER,92.57083957377432,92.0454850704821,2.3011371267620526,0,0.0,80.0,1,1,1,36,0.849901020526886,1,36,1,0.2997606694698334,0.023215055465698242,0.47087621688842773,0.20614804327487946,1,0,1,1,0.1,0.0,0.20365653218230448,0.1
2275,2275,36,0,0.0,0.9999881982803345,0.5016979593590087,19.30821386798721,3.2,0.5330171942818476,3,0.5110696531982132,JITTER,27.04895053569191,26.679312228726094,0.6669828057181524,0,0.0,80.0,1,1,1,36,0.9999881982803345,1,36,1,0.010699664242565632,0.8070634007453918,0.0709686130285263,0.11126842349767685,0,1,1,1,0.0,0.3110696531982132,0.1,0.1
2276,2276,36,0,0.0,0.999983549118042,0.5988886067472335,22.157583450661555,0.20000000000000018,0.03575266246571429,3,0.55838269702094,JITTER,20.163084762986486,19.89058127264533,0.4972645318161333,0,0.0,80.0,1,1,1,36,0.999983549118042,1,36,1,0.0032710155937820673,0.0026992112398147583,0.010760877281427383,0.9832689166069031,1,0,1,1,0.1,0.0,0.1,0.35838269702094006
2277,2277,36,1,6.2,0.9612730741500854,0.27050242951653264,14.129805178664219,0.0,0.0,3,0.37527057399293073,JITTER,45.03765989898231,44.365604125917756,1.109140103147944,0,0.0,80.0,1,1,1,36,0.9612730741500854,1,36,1,0.2651454210281372,0.049685753881931305,0.3497154712677002,0.3354533314704895,1,0,1,1,0.1,0.0,0.14258178729004178,0.13268878670288892
2278,2278,36,0,0.0,0.4531072676181793,0.52016114461969,19.13064539077483,3.2,0.0,3,0.5203887274380277,JITTER,96.97501673506494,95.57061050301868,2.389265262575467,0,0.0,80.0,1,1,0,22,0.4531072676181793,0,36,1,0.06558219343423843,0.06937765330076218,0.02463044412434101,0.8404097557067871,1,1,0,1,0.1,0.1,0.0,0.3203887274380277
2279,2279,36,0,0.0,0.9996359348297119,0.29889177742545375,14.80673676608082,0.20000000000000018,0.0,3,0.3944717532228631,JITTER,22.448344146761038,22.132389710232207,0.5533097427558052,0,0.0,80.0,1,1,1,36,0.9996359348297119,1,36,1,0.038250431418418884,0.2896037697792053,0.4462432861328125,0.2259025126695633,0,1,1,1,0.0,0.1,0.19447175322286306,0.1
2280,2280,36,1,6.2,0.9895465970039368,0.4566752790659981,17.8816775465975,0.0,0.0,3,0.48759885586935614,JITTER,119.01456140557632,118.43704236915745,2.9609260592289366,0,0.0,80.0,1,1,1,36,0.9895465970039368,1,36,1,0.7260345816612244,0.0328521803021431,0.14626966416835785,0.09484358131885529,1,0,1,1,0.2875988558693562,0.0,0.1,0.1
2281,2281,36,0,0.0,0.5750888586044312,0.3727294037564251,16.405754662966498,3.2,0.03369385290367766,3,0.4405099817500876,JITTER,47.423857222533854,46.65224588385289,1.1663061470963223,0,0.0,80.0,1,1,0,23,0.5750888586044312,0,36,1,0.5762324929237366,0.3205834925174713,0.007844715379178524,0.095339335501194,1,1,0,1,0.24050998175008756,0.1,0.0,0.1
2282,2282,36,0,0.0,0.9999316930770874,0.5661789611172763,21.15919460489115,0.20000000000000018,0.0,3,0.5429199370604509,JITTER,36.03968050560806,35.56353601335998,0.8890884003339995,0,0.0,80.0,1,1,1,36,0.9999316930770874,1,36,1,0.005013459827750921,0.026410484686493874,0.044786252081394196,0.9237897992134094,0,1,1,1,0.0,0.1,0.1,0.3429199370604509
2283,2283,36,1,6.2,0.9964878559112549,0.4349379316891999,17.69298691769009,0.0,0.0,3,0.4758527340413056,JITTER,95.50263775005784,95.43165892557211,2.3857914731393026,0,0.0,80.0,1,1,1,36,0.9964878559112549,1,36,1,0.058888569474220276,0.010127898305654526,0.24391131103038788,0.6870722770690918,1,0,1,1,0.1,0.0,0.1,0.2758527340413056
2284,2284,36,0,0.0,0.6808909177780151,0.6068922925871556,22.433322921958002,3.2,0.0,3,0.5621014912982888,JITTER,75.37620942652262,74.50806052965517,1.8627015132413793,0,0.0,80.0,1,1,0,36,0.6808909177780151,1,36,1,7.283869490493089e-05,0.9978476762771606,0.0005269304965622723,0.001552604604512453,0,1,1,1,0.0,0.36210149129828884,0.1,0.1
2285,2285,36,0,0.0,0.9999724626541138,0.42684671249370343,17.14627540636178,0.20000000000000018,0.0,3,0.4714057731995702,JITTER,50.344289739179416,49.46191074022874,1.2365477685057185,0,0.0,80.0,1,1,1,36,0.9999724626541138,1,36,1,0.09729070216417313,0.6725981831550598,0.036478668451309204,0.19363246858119965,1,1,0,1,0.1,0.27140577319957027,0.0,0.1
2286,2286,36,1,6.2,0.9991900324821472,0.5991185568081676,22.134574551855497,0.0,0.0,3,0.5584898854120302,JITTER,36.27497192998564,36.01074887269815,0.9002687218174539,0,0.0,80.0,1,1,1,36,0.9991900324821472,1,36,1,0.00488735968247056,0.004934974946081638,0.006489987950772047,0.9836876392364502,0,1,1,1,0.0,0.1,0.1,0.3584898854120301
2287,2287,36,0,0.0,0.9997907280921936,0.600612782907778,22.22830063740645,3.2,0.0,3,0.5591858999787054,JITTER,104.86686871473293,104.46702653616462,2.6116756634041156,0,0.0,80.0,1,1,1,36,0.9997907280921936,1,36,1,0.0020680346060544252,0.010265609249472618,0.001257756375707686,0.9864087104797363,1,1,0,1,0.1,0.1,0.0,0.3591858999787054
2288,2288,36,0,0.0,0.9999754428863525,0.48828196759301945,19.07407499486378,0.20000000000000018,0.0,3,0.5041900484466487,JITTER,102.1374136327675,101.97589520727882,2.5493973801819707,0,0.0,80.0,1,1,1,36,0.9999754428863525,1,36,1,0.002806088188663125,0.07445938885211945,0.7828742861747742,0.13986024260520935,0,1,1,1,0.0,0.1,0.30419004844664876,0.1
2289,2289,36,1,6.2,0.9569464325904846,0.5315127872785707,20.246379272061404,0.0,0.0,3,0.5260363857104382,JITTER,68.922906718999,68.81906655458249,1.7204766638645623,0,0.0,80.0,1,1,1,36,0.9569464325904846,1,36,1,0.0005297833704389632,0.13763870298862457,0.0008880774257704616,0.8609434366226196,0,1,1,1,0.0,0.1,0.1,0.32603638571043814
2290,2290,36,0,0.0,0.9999083280563354,0.4443734502796859,17.920300500137593,3.2,0.0,3,0.4809866009651842,JITTER,87.79035850615142,86.40221474295765,2.1600553685739414,0,0.0,80.0,1,1,1,36,0.9999083280563354,1,36,1,0.7039710879325867,0.21372902393341064,0.009150082245469093,0.07314984500408173,1,1,0,1,0.28098660096518424,0.1,0.0,0.1
2291,2291,36,0,0.0,0.9999455213546753,0.28018529202745035,14.485502019946992,0.20000000000000018,0.0,3,0.3819280833118819,JITTER,104.98585482468029,102.92548170064934,2.5731370425162337,0,0.0,80.0,1,1,1,36,0.9999455213546753,1,36,1,0.03813435882329941,0.39952588081359863,0.2547735869884491,0.30756619572639465,0,1,1,1,0.0,0.17230221969981116,0.1,0.10962586361207069
2292,2292,36,1,6.2,0.9992789626121521,0.36994667884346316,16.01585326869757,0.0,0.0,3,0.438862520349749,JITTER,87.20157222995869,85.86030406937807,2.1465076017344518,0,0.0,80.0,1,1,1,36,0.9992789626121521,1,36,1,0.00016489681729581207,0.39800310134887695,0.09134837239980698,0.5104836821556091,0,1,1,1,0.0,0.1360727290633319,0.1,0.20278979128641708
2293,2293,36,0,0.0,0.9999814033508301,0.5812089648119596,21.55148921461261,3.2,0.0,3,0.5500790167066638,JITTER,70.57582783213294,69.28748458425707,1.732187114606427,0,0.0,80.0,1,1,1,36,0.9999814033508301,1,36,1,0.008796576410531998,0.008364717476069927,0.03173909708857536,0.9510995745658875,1,0,1,1,0.1,0.0,0.1,0.35007901670666386
2294,2294,36,0,0.0,0.9973691701889038,0.5901386465948109,21.856378614652865,0.20000000000000018,0.0,3,0.5542886102849993,JITTER,84.37583821994626,82.88483040968887,2.072120760242222,0,0.0,80.0,1,1,1,36,0.9973691701889038,1,36,1,0.005296872928738594,0.005425949115306139,0.021935410797595978,0.9673417806625366,0,1,1,1,0.0,0.1,0.1,0.35428861028499925
2295,2295,36,1,6.2,0.8512207865715027,0.3089918920942688,13.795168076824089,0.0,0.0,3,0.40108135026258873,JITTER,43.54520170138808,43.11259076430672,1.077814769107668,0,0.0,80.0,1,1,1,36,0.8512207865715027,1,36,1,0.3284836411476135,0.4435795545578003,0.11691159009933472,0.1110251396894455,1,1,1,0,0.1131911317117375,0.18789021855085128,0.1,0.0
2296,2296,36,0,0.0,0.999842643737793,0.5569619978550672,20.829020764115285,3.2,0.0,3,0.5384826419993729,JITTER,92.9818921063804,92.60490306017313,2.3151225765043284,0,0.0,80.0,1,1,1,36,0.999842643737793,1,36,1,0.008867975324392319,0.0196699071675539,0.06440158188343048,0.9070605039596558,0,1,1,1,0.0,0.1,0.1,0.33848264199937284
2297,2297,36,0,0.0,0.8878210186958313,0.5193573320024264,19.49884579067395,0.20000000000000018,0.0,3,0.5199864898298749,JITTER,41.13397932619783,40.329363528918165,1.0082340882229541,0,0.0,80.0,1,1,1,36,0.8878210186958313,1,36,1,0.011073959060013294,0.004965233150869608,0.14500418305397034,0.8389566540718079,1,0,1,1,0.1,0.0,0.1,0.319986489829875
2298,2298,36,1,6.2,0.9959271550178528,0.5561998842389527,20.921926401882665,0.0,0.0,3,0.538114102100959,JITTER,63.46103607372061,63.2302721333855,1.5807568033346375,0,0.0,80.0,1,1,1,36,0.9959271550178528,1,36,1,0.010213849134743214,0.08259469270706177,0.0015136399306356907,0.905677855014801,1,1,0,1,0.1,0.1,0.0,0.33811410210095894
2299,2299,36,0,0.0,0.9998441934585571,0.5569287836013191,20.947322604512877,3.2,0.0,3,0.5384665856384063,JITTER,53.1463881981506,52.724006057422066,1.3181001514355517,0,0.0,80.0,1,1,1,36,0.9998441934585571,1,36,1,0.0010358764557167888,0.06732601672410965,0.9070002436637878,0.024637794122099876,0,1,1,1,0.0,0.1,0.33846658563840637,0.1
2300,2300,36,0,0.0,0.9999864101409912,0.5203888998504367,19.874568761831597,0.20000000000000018,0.0,3,0.5205026424093553,JITTER,82.30852574702212,80.78908623043989,2.0197271557609975,0,0.0,80.0,1,1,1,36,0.9999864101409912,1,36,1,0.00558251840993762,0.008638055063784122,0.14495797455310822,0.8408215045928955,0,1,1,1,0.0,0.1,0.1,0.3205026424093552
2301,2301,36,1,6.2,0.9983453750610352,0.2978471705738905,13.380949060888776,0.0,0.0,3,0.39378182363077074,JITTER,118.65900759220911,117.11240903257976,2.9278102258144942,0,0.0,80.0,1,1,1,33,0.9983453750610352,0,33,0,0.44441911578178406,0.1401442289352417,0.14525096118450165,0.270185649394989,1,0,1,1,0.19378182363077076,0.0,0.1,0.1
2302,2302,36,0,0.0,0.9440492391586304,0.36436754126185655,14.912323087445252,3.2,0.0,3,0.43554072276889844,JITTER,89.99223607977247,89.41299354743862,2.2353248386859654,0,0.0,80.0,1,1,1,36,0.9440492391586304,1,36,1,0.13406264781951904,0.01586385816335678,0.5614177584648132,0.28865566849708557,1,0,1,1,0.1,0.0,0.23554072276889845,0.1
2303,2303,36,0,0.0,0.9998301267623901,0.3956926775335485,16.539134813436554,0.20000000000000018,0.0,3,0.45387674667604894,JITTER,105.7158595448749,105.25536478056974,2.6313841195142436,0,0.0,80.0,1,1,1,36,0.9998301267623901,1,36,1,0.03257152810692787,0.6170240640640259,0.05628089979290962,0.29412350058555603,0,1,1,1,0.0,0.253876746676049,0.1,0.1
2304,2304,36,1,6.2,0.6682824492454529,0.5590486422893257,20.899366561841823,0.0,0.0,3,0.5394904049828677,JITTER,30.638064931096757,30.041691326712943,0.7510422831678236,0,0.0,80.0,1,1,0,36,0.6682824492454529,1,36,1,0.0624077245593071,0.017745474353432655,0.009000102058053017,0.9108466506004333,1,1,0,1,0.1,0.1,0.0,0.33949040498286764
2305,2305,36,0,0.0,0.9982807636260986,0.482334987310205,18.253447631725127,3.2,0.0,3,0.501110276714088,JITTER,106.41386768205322,105.76762661867242,2.6441906654668106,0,0.0,80.0,1,1,1,36,0.9982807636260986,1,36,1,0.05119802802801132,0.772163450717926,0.08523780107498169,0.09140077233314514,0,1,1,1,0.0,0.3011102767140881,0.1,0.1
2306,2306,36,0,0.0,0.962416410446167,0.2796166027178986,12.847313712109024,0.20000000000000018,0.0,3,0.38154028861398204,JITTER,87.51707163810492,86.6996300572641,2.1674907514316026,0,0.0,80.0,1,1,1,36,0.962416410446167,1,36,1,0.2747880220413208,0.41266068816185,0.1399327665567398,0.1726185828447342,1,1,0,1,0.1,0.181540288613982,0.0,0.1
2307,2307,36,1,6.2,0.7065545320510864,0.3696610707989885,15.996651038901962,0.0,0.0,3,0.43869308124587636,JITTER,52.312820614547086,52.012781257659455,1.3003195314414864,0,0.0,80.0,1,1,0,36,0.7065545320510864,1,36,1,0.2881220579147339,0.03510742634534836,0.10597674548625946,0.5707938075065613,1,0,1,1,0.1,0.0,0.1,0.23869308124587638
2308,2308,36,0,0.0,0.940621554851532,0.5922282752324576,21.868870383314043,3.2,0.36916068453777373,3,0.5552690865255185,JITTER,33.602744522090646,33.23357261848905,0.8308393154622262,0,0.0,80.0,1,1,1,36,0.940621554851532,1,36,1,0.005057097412645817,0.9711443781852722,0.0049100653268396854,0.01888847164809704,1,1,0,1,0.1,0.3552690865255186,0.0,0.1
2309,2309,36,0,0.0,0.999018669128418,0.4857644123201288,18.88810429660825,0.20000000000000018,0.0,3,0.502888580467796,JITTER,64.65966901175078,63.99731292357262,1.5999328230893157,0,0.0,80.0,1,1,1,36,0.999018669128418,1,36,1,0.005942715331912041,0.022956162691116333,0.778339147567749,0.19276195764541626,0,1,1,1,0.0,0.1,0.3028885804677961,0.1
2310,2310,36,1,6.2,0.9780488014221191,0.3934951996468951,16.9040385772,0.0,0.0,3,0.45261469057599724,JITTER,41.53571674794045,40.75599940878381,1.0188999852195952,0,0.0,80.0,1,1,1,36,0.9780488014221191,1,36,1,0.003060715738683939,0.045072246342897415,0.6131139397621155,0.3387530446052551,0,1,1,1,0.0,0.1,0.2526146905759973,0.1
2311,2311,36,0,0.0,0.997843861579895,0.49655832053760574,19.25820409759795,3.2,0.0,3,0.508445090554648,JITTER,83.85911963305415,82.35032525006449,2.0587581312516123,0,0.0,80.0,1,1,1,36,0.997843861579895,1,36,1,0.1784854531288147,0.021777763962745667,0.0019443739438429475,0.797792375087738,1,1,0,1,0.1,0.1,0.0,0.30844509055464797
2312,2312,36,0,0.0,0.9950160384178162,0.355388709932128,14.293284417024044,0.20000000000000018,0.0,3,0.43014090047182085,JITTER,30.927116603275543,30.54185691432561,0.7635464228581403,0,0.0,80.0,1,1,1,36,0.9950160384178162,1,36,1,0.5455344915390015,0.05856991559267044,0.13282783329486847,0.26306775212287903,1,0,1,1,0.23014090047182087,0.0,0.1,0.1
2313,2313,36,1,6.2,0.9959601759910583,0.40958630214533653,17.177702803554862,0.0,0.0,3,0.4617762988051017,JITTER,104.94618186441612,104.25160441759365,2.6062901104398417,0,0.0,80.0,1,1,1,36,0.9959601759910583,1,36,1,0.0073033650405704975,0.24695558845996857,0.10396440327167511,0.6417766213417053,0,1,1,1,0.0,0.1,0.1,0.26177629880510167
2314,2314,36,0,0.0,0.9745026230812073,0.5072173263527061,19.409746789412296,3.2,0.21737814509326348,3,0.5138731978308761,JITTER,39.51431691359864,39.30487419626946,0.9826218549067365,0,0.0,80.0,1,1,1,36,0.9745026230812073,1,36,1,0.011679399758577347,0.017527727410197258,0.15376776456832886,0.8170251250267029,0,1,1,1,0.0,0.1,0.1,0.3138731978308761
2315,2315,36,0,0.0,0.6523807644844055,0.27141646835679106,12.81224028489152,0.20000000000000018,0.0,3,0.3759040666505797,JITTER,47.2933726749799,46.87038172882002,1.1717595432205006,0,0.0,80.0,1,1,0,36,0.6523807644844055,1,36,1,0.3192216753959656,0.13592097163200378,0.17683878540992737,0.36801856756210327,1,0,1,1,0.12105645738970566,0.0,0.1,0.15484760926087401
2316,2316,36,1,6.2,0.9985478520393372,0.6076971157652532,22.46229554915038,0.0,0.0,3,0.5624740800012822,JITTER,52.59636027793316,52.310999700688924,1.3077749925172233,0,0.0,80.0,1,1,1,36,0.9985478520393372,1,36,1,4.8355432227253914e-05,0.0003070599923375994,0.00033036890090443194,0.9993141889572144,0,1,1,1,0.0,0.1,0.1,0.36247408000128223
2317,2317,36,0,0.0,0.42328646779060364,0.2533209259580059,11.03780760775113,3.2,0.0,3,0.36315703353628603,JITTER,84.8512298405138,84.76123260135942,2.1190308150339856,0,0.0,80.0,1,1,0,31,0.42328646779060364,0,36,1,0.29082199931144714,0.3553302586078644,0.1298072636127472,0.2240404337644577,1,1,0,1,0.1084590014773297,0.15469803205895635,0.0,0.1
2318,2318,36,0,0.0,0.9997658133506775,0.40246970894172673,16.71933856866914,0.20000000000000018,0.0,3,0.45774702067218315,JITTER,54.036377813973,53.29094385738319,1.3322735964345798,0,0.0,80.0,1,1,1,36,0.9997658133506775,1,36,1,0.02956661768257618,0.2876502275466919,0.053691890090703964,0.6290913224220276,0,1,1,1,0.0,0.1,0.1,0.25774702067218314
2319,2319,36,1,6.2,0.9951329827308655,0.43980794355446806,17.9244889678546,0.0,0.0,3,0.47850938610199406,JITTER,37.58497492810059,37.41890356485677,0.9354725891214193,0,0.0,80.0,1,1,1,36,0.9951329827308655,1,36,1,0.0014090804615989327,0.14087414741516113,0.1619250774383545,0.6957917213439941,0,1,1,1,0.0,0.1,0.1,0.27850938610199405
2320,2320,36,0,0.0,0.9043741226196289,0.42077598070242167,14.674665622887693,3.2,0.19835198947064825,3,0.46804153706233326,JITTER,40.06666254129175,40.06592042117406,1.0016480105293517,0,0.0,80.0,1,1,1,36,0.9043741226196289,1,36,1,0.07686132937669754,0.0956762433052063,0.165713369846344,0.6617491245269775,0,1,1,1,0.0,0.1,0.1,0.26804153706233325
2321,2321,36,0,0.0,0.9981997013092041,0.5834366877611753,21.640216625967,0.20000000000000018,0.0,3,0.5511322107669675,JITTER,67.37677518315726,67.3242768312393,1.6831069207809826,0,0.0,80.0,1,1,1,36,0.9981997013092041,1,36,1,0.00647096149623394,0.014117417857050896,0.9551504254341125,0.024261273443698883,0,1,1,1,0.0,0.1,0.35113221076696755,0.1
2322,2322,36,1,6.2,0.9208617806434631,0.5384042987192208,20.323277326359197,0.0,0.0,3,0.5294356552366201,JITTER,47.29398117749001,46.353016888730906,1.1588254222182728,0,0.0,80.0,1,1,1,36,0.9208617806434631,1,36,1,0.008666698820888996,0.014312777668237686,0.8734205961227417,0.10359986871480942,0,1,1,1,0.0,0.1,0.3294356552366201,0.1
2323,2323,36,0,0.0,0.9970314502716064,0.6054915129407851,22.376245671146755,3.2,0.0,3,0.561452417974404,JITTER,111.83962113902999,111.35854120102249,2.7839635300255625,0,0.0,80.0,1,1,1,36,0.9970314502716064,1,36,1,0.000649036664981395,0.0040070051327347755,4.8434038035338745e-05,0.9952954649925232,1,1,0,1,0.1,0.1,0.0,0.3614524179744041
2324,2324,36,0,0.0,0.9999493360519409,0.32148633439778473,14.528772404667212,0.20000000000000018,0.0,3,0.40911008448012676,JITTER,51.000243191393274,50.52726226210008,1.2631815565525022,0,0.0,80.0,1,1,1,36,0.9999493360519409,1,36,1,0.11918993294239044,0.31319746375083923,0.08180363476276398,0.48580893874168396,1,1,0,1,0.1,0.1,0.0,0.20911008448012677
2325,2325,36,1,6.2,0.8097684383392334,0.3700641173275884,15.61154772807518,0.0,0.0,3,0.43893217263002593,JITTER,104.44135466592435,102.76476607720033,2.5691191519300087,0,0.0,80.0,1,1,1,36,0.8097684383392334,1,36,1,0.019446443766355515,0.44947710633277893,0.07180514931678772,0.45927131175994873,0,1,1,1,0.0,0.16656186535299597,0.1,0.17237030727702998
2326,2326,36,0,0.0,0.9846506118774414,0.3056061555063503,13.264842024876957,3.2,0.38642642713750375,3,0.3988779004926593,JITTER,32.62414365662822,32.54294291449985,0.8135735728624962,0,0.0,80.0,1,1,1,36,0.9846506118774414,1,36,1,0.138407364487648,0.3128066956996918,0.4516385495662689,0.0971473678946495,1,1,1,0,0.1,0.10413803156878254,0.19473986892387676,0.0
2327,2327,36,0,0.0,0.9924085140228271,0.3517197610899118,15.66018126725869,0.20000000000000018,0.0,3,0.42791480376895963,JITTER,61.673225389404465,60.599993607925825,1.5149998401981457,0,0.0,80.0,1,1,1,36,0.9924085140228271,1,36,1,0.22435122728347778,0.034846484661102295,0.5390517711639404,0.20175059139728546,1,0,1,1,0.1,0.0,0.2279148037689596,0.1
2328,2328,37,1,6.2,0.9997431635856628,0.3144982937297223,15.092271662354255,0.0,0.0,3,0.40463931170733913,JITTER,108.20849990955023,107.97614195882835,2.699403548970709,0,0.0,80.0,1,1,1,37,0.9997431635856628,1,37,1,0.033630020916461945,0.47355034947395325,0.31017187237739563,0.18264774978160858,0,1,1,1,0.0,0.2046393117073391,0.1,0.1
2329,2329,37,0,0.0,0.999648928642273,0.30848050021344103,14.708677295907426,3.2,0.0,3,0.4007493113199936,JITTER,77.42972879655517,77.18865103068022,1.9297162757670057,0,0.0,80.0,1,1,1,37,0.999648928642273,1,37,1,0.03451037406921387,0.19457679986953735,0.358808696269989,0.41210415959358215,0,1,1,1,0.0,0.1,0.13306552249871756,0.16768378882127602
2330,2330,37,0,0.0,0.9999271631240845,0.3313504588505932,14.492371757005465,0.20000000000000018,0.0,3,0.41533900163850057,JITTER,88.61293100027828,86.98877427697659,2.1747193569244145,0,0.0,80.0,1,1,1,37,0.9999271631240845,1,37,1,0.06849154829978943,0.382588654756546,0.10925088077783585,0.4396688938140869,0,1,1,1,0.0,0.13978235982532775,0.1,0.17555664181317285
2331,2331,37,1,6.2,0.9998677968978882,0.37478395891273186,15.90005681851548,0.0,0.0,3,0.4417224005534869,JITTER,65.47692924755935,65.36812914835531,1.6342032287088828,0,0.0,80.0,1,1,1,37,0.9998677968978882,1,37,1,0.5021745562553406,0.4170854389667511,0.008808517828583717,0.07193142920732498,1,1,0,1,0.19593282371196943,0.14578957684151742,0.0,0.1
2332,2332,37,0,0.0,0.9133490920066833,0.4562521374801689,17.414914136124867,3.2,0.0,3,0.4873729062964429,JITTER,77.92541958945455,77.28874293086209,1.9322185732715522,0,0.0,80.0,1,1,1,37,0.9133490920066833,1,37,1,0.7252750992774963,0.19378040730953217,0.0074814497493207455,0.07346303761005402,1,1,0,1,0.28737290629644296,0.1,0.0,0.1
2333,2333,37,0,0.0,0.9327943921089172,0.46113361420115145,18.349438394806086,0.20000000000000018,0.0,3,0.4899731897532601,JITTER,101.08987523339603,100.40176764550212,2.510044191137553,0,0.0,80.0,1,1,1,37,0.9327943921089172,1,37,1,0.26348793506622314,0.7340391278266907,0.0012827715836465359,0.0011901427060365677,1,1,1,0,0.1,0.28997318975326014,0.1,0.0
2334,2334,37,1,6.2,0.9997139573097229,0.5555432218406035,20.91436685903055,0.0,0.0,3,0.537796353334255,JITTER,107.48972004725893,106.90132044338925,2.6725330110847314,0,0.0,80.0,1,1,1,37,0.9997139573097229,1,37,1,0.08659045398235321,0.9044865965843201,0.008211095817387104,0.0007118918583728373,1,1,1,0,0.1,0.33779635333425506,0.1,0.0
2335,2335,37,0,0.0,0.9959052801132202,0.46290061201883603,18.12921558114781,3.2,0.31168451727554547,3,0.4909110456457497,JITTER,35.7517635888686,35.53261930897818,0.8883154827244545,0,0.0,80.0,1,1,1,37,0.9959052801132202,1,37,1,0.12480660527944565,0.7372128367424011,0.11250324547290802,0.025477316230535507,1,1,1,0,0.1,0.29091104564574977,0.1,0.0
2336,2336,37,1,6.2,0.6525740623474121,0.29800924891501135,12.78997091108253,0.20000000000000018,0.0,3,0.39388895042389915,JITTER,23.491579182274652,23.359440944264218,0.5839860236066055,0,0.0,80.0,1,1,0,30,0.6525740623474121,0,27,0,0.2117966115474701,0.2500169575214386,0.09348434954881668,0.4447021186351776,1,1,0,1,0.1,0.1,0.0,0.19388895042389917
2337,2337,37,0,0.0,0.9742060899734497,0.41304480131092364,15.926814539364663,3.4000000000000004,0.0,3,0.4637217932738592,JITTER,86.01176338820306,85.7670031904875,2.1441750797621877,0,0.0,80.0,1,1,1,37,0.9742060899734497,1,37,1,0.6479462385177612,0.032897159457206726,0.14288337528705597,0.17627321183681488,1,0,1,1,0.26372179327385925,0.0,0.1,0.1
2338,2338,37,0,0.0,0.999422550201416,0.5236101410366404,19.42710346192144,0.40000000000000036,0.0,3,0.5221111297192165,JITTER,31.136497278658798,31.054056993441286,0.7763514248360321,0,0.0,80.0,1,1,1,37,0.999422550201416,1,37,1,0.05993225425481796,0.8466460704803467,0.04937616363167763,0.04404556751251221,1,1,1,0,0.1,0.3221111297192165,0.1,0.0
2339,2339,37,1,6.2,0.9974285960197449,0.42911353305118355,16.796622687824065,0.0,0.0,3,0.47265584412577316,JITTER,27.755167426146635,27.269654380295886,0.6817413595073972,0,0.0,80.0,1,1,1,37,0.9974285960197449,1,37,1,0.08894453942775726,0.06536640226840973,0.16903753578662872,0.6766515970230103,1,0,1,1,0.1,0.0,0.1,0.27265584412577315
2340,2340,37,0,0.0,0.9999816417694092,0.5943924939685757,22.053625720604284,3.2,0.0,3,0.5562827394763986,JITTER,114.41151154965281,114.30496891467715,2.857624222866929,0,0.0,80.0,1,1,1,37,0.9999816417694092,1,37,1,0.9750834107398987,0.023817094042897224,0.0007213839562609792,0.0003781216510105878,1,1,1,0,0.35628273947639866,0.1,0.1,0.0
2341,2341,37,0,0.0,0.9999642372131348,0.3135933883216841,14.282639174532651,0.20000000000000018,0.0,3,0.40405675835731447,JITTER,96.00717815435402,94.59174097287661,2.3647935243219154,0,0.0,80.0,1,1,1,37,0.9999642372131348,1,37,1,0.35250768065452576,0.14576691389083862,0.071823850274086,0.4299015402793884,1,1,0,1,0.12709839563839145,0.1,0.0,0.17695836271892304
2342,2342,37,1,6.2,0.9282630085945129,0.5342782530921288,20.16456601862503,0.0,0.0,3,0.527403096288466,JITTER,119.69094246100404,118.8582031138855,2.9714550778471374,0,0.0,80.0,1,1,1,37,0.9282630085945129,1,37,1,0.0727948471903801,0.8659493327140808,0.049351565539836884,0.011904184706509113,1,1,1,0,0.1,0.3274030962884661,0.1,0.0
2343,2343,37,0,0.0,0.999798595905304,0.4389057084010399,17.17315461686505,3.2,0.0,3,0.47801831990134824,JITTER,48.55089916904162,48.11094828178695,1.202773707044674,0,0.0,80.0,1,1,1,37,0.999798595905304,1,37,1,0.6941758990287781,0.17689135670661926,0.05399903655052185,0.07493364810943604,1,1,0,1,0.2780183199013483,0.1,0.0,0.1
2344,2344,37,0,0.0,0.999591052532196,0.39028401568258664,15.878013091819945,0.20000000000000018,0.0,3,0.45076408803098567,JITTER,105.65751771491905,104.11788980105054,2.6029472450262636,0,0.0,80.0,1,1,1,37,0.999591052532196,1,37,1,0.022266637533903122,0.023999784141778946,0.5030275583267212,0.45070600509643555,0,1,1,1,0.0,0.1,0.19048942497302832,0.16027466305795732
2345,2345,37,1,6.2,0.9999649524688721,0.2784521683796009,13.353029251481106,0.0,0.0,3,0.38074501731599086,JITTER,67.16238139675028,66.83387293762549,1.6708468234406373,0,0.0,80.0,1,1,1,37,0.9999649524688721,1,37,1,0.34757351875305176,0.3555978238582611,0.11019769310951233,0.1866310089826584,1,1,0,1,0.13762947544334053,0.14311554187265038,0.0,0.1
2346,2346,37,0,0.0,0.9949259757995605,0.5195408243187191,19.80295732543157,3.2,0.0,3,0.5200783390187811,JITTER,92.70157412683712,91.11725441081337,2.2779313602703346,0,0.0,80.0,1,1,1,37,0.9949259757995605,1,37,1,0.8392883539199829,0.005015826318413019,0.0964638814330101,0.05923188105225563,1,0,1,1,0.32007833901878113,0.0,0.1,0.1
2347,2347,37,0,0.0,0.9943568110466003,0.38330557901061935,16.033288549798485,0.20000000000000018,0.0,3,0.44671598853413097,JITTER,59.995123106749084,59.19288578416087,1.4798221446040218,0,0.0,80.0,1,1,1,37,0.9943568110466003,1,37,1,0.1519358605146408,0.5950007438659668,0.04948987811803818,0.20357346534729004,1,1,0,1,0.1,0.246715988534131,0.0,0.1
2348,2348,37,1,6.2,0.9999593496322632,0.58853618691077,21.866983818490333,0.0,0.0,3,0.5535355423855584,JITTER,60.02120211765982,59.44680709040654,1.4861701772601634,0,0.0,80.0,1,1,1,37,0.9999593496322632,1,37,1,0.025498343631625175,0.9644261598587036,0.008788942359387875,0.0012865344760939479,1,1,1,0,0.1,0.3535355423855584,0.1,0.0
2349,2349,37,0,0.0,0.9998996257781982,0.5866338610725024,21.80987349533862,3.2,0.0,3,0.5526402216956616,JITTER,72.49103799549135,71.3663746063239,1.7841593651580976,0,0.0,80.0,1,1,1,37,0.9998996257781982,1,37,1,0.036132801324129105,0.9609654545783997,0.001602236763574183,0.0012995130382478237,1,1,1,0,0.1,0.35264022169566167,0.1,0.0
2350,2350,37,0,0.0,0.8283705711364746,0.40129279261090284,16.882401893642406,0.20000000000000018,0.0,3,0.45707725055994325,JITTER,117.75059841289311,116.70411078159125,2.9176027695397817,0,0.0,80.0,1,1,1,37,0.8283705711364746,1,37,1,0.3272143602371216,0.0343344621360302,0.626994788646698,0.011456342414021492,1,1,1,0,0.1,0.1,0.25707725055994324,0.0
2351,2351,37,1,6.2,0.9947943091392517,0.33037065538366134,14.576269806723875,0.0,0.0,3,0.41472446819397346,JITTER,54.23150062476059,53.82629260674234,1.3456573151685587,0,0.0,80.0,1,1,1,37,0.9947943091392517,1,37,1,0.4647979736328125,0.11055493354797363,0.355263888835907,0.0693831741809845,1,1,1,0,0.19173761242300377,0.1,0.12298685577096968,0.0
2352,2352,37,0,0.0,0.9999370574951172,0.5263394629177549,19.65845728963922,3.2,0.3702345565036158,3,0.5234701152269255,JITTER,33.388906937518165,33.19061773985536,0.8297654434963841,0,0.0,80.0,1,1,1,37,0.9999370574951172,1,37,1,0.8515826463699341,0.06766371428966522,0.04804869741201401,0.032704975455999374,1,1,1,0,0.3234701152269256,0.1,0.1,0.0
2353,2353,37,0,0.0,0.9985987544059753,0.4584273824971926,17.665982195398616,0.20000000000000018,0.0,3,0.4885333336048864,JITTER,28.644741326880624,28.39960291720011,0.7099900729300028,0,0.0,80.0,1,1,1,37,0.9985987544059753,1,37,1,0.10184314846992493,0.7291797995567322,0.051220521330833435,0.11775653064250946,1,1,0,1,0.1,0.2885333336048864,0.0,0.1
2354,2354,37,1,6.2,0.9999892711639404,0.39743324719492973,16.915078414686285,0.0,0.0,3,0.45487390593592003,JITTER,36.73572693110489,36.48121685856072,0.912030421464018,0,0.0,80.0,1,1,1,37,0.9999892711639404,1,37,1,0.6201221346855164,0.20512595772743225,0.16672179102897644,0.008030100725591183,1,1,1,0,0.2548739059359201,0.1,0.1,0.0
2355,2355,37,0,0.0,0.9998047947883606,0.33908510790044133,14.678821152064806,3.2,0.0,3,0.42015862659439407,JITTER,99.35777493916063,98.8690784559896,2.47172696139974,0,0.0,80.0,1,1,1,37,0.9998047947883606,1,37,1,0.16831578314304352,0.5167620778083801,0.09120822697877884,0.22371387481689453,1,1,0,1,0.1,0.22015862659439409,0.0,0.1
2356,2356,37,0,0.0,0.999954104423523,0.5140793481284551,19.526823648413988,0.20000000000000018,0.0,3,0.5173375538176126,JITTER,81.1894621342069,79.72613343992418,1.9931533359981046,0,0.0,80.0,1,1,1,37,0.999954104423523,1,37,1,0.8294183015823364,0.12178712338209152,0.03032178431749344,0.018472885712981224,1,1,1,0,0.31733755381761264,0.1,0.1,0.0
2357,2357,37,1,6.2,0.9728233218193054,0.34565157281963976,15.018600356934313,0.0,0.0,3,0.4242073560102302,JITTER,76.69291870295469,76.39566828102292,1.9098917070255732,0,0.0,80.0,1,1,1,37,0.9728233218193054,1,37,1,0.5150853395462036,0.3391813039779663,0.06610339879989624,0.07963000237941742,1,1,0,1,0.21607405721619702,0.10813329879403319,0.0,0.1
2358,2358,37,0,0.0,0.9798691868782043,0.4902455660797638,19.03572640367762,3.2,0.0,3,0.505202817239917,JITTER,54.47661939659543,53.83339302453071,1.3458348256132677,0,0.0,80.0,1,1,1,37,0.9798691868782043,1,37,1,0.7864124178886414,0.19087277352809906,0.013569359667599201,0.00914550106972456,1,1,1,0,0.30520281723991705,0.1,0.1,0.0
2359,2359,37,0,0.0,0.9998440742492676,0.4327988693464545,17.360936754098105,0.20000000000000018,0.0,3,0.4746811493384844,JITTER,70.66111397598536,70.45108111218026,1.7612770278045067,0,0.0,80.0,1,1,1,37,0.9998440742492676,1,37,1,0.21187403798103333,0.6832442283630371,0.07433497905731201,0.03054673597216606,1,1,1,0,0.1,0.2746811493384844,0.1,0.0
2360,2360,37,1,6.2,0.5854226350784302,0.40146401975382223,16.26664201072601,0.0,0.0,3,0.45717475503339977,JITTER,64.6796344690569,63.977127362674615,1.5994281840668654,0,0.0,80.0,1,1,0,5,0.5854226350784302,0,5,0,0.10098595917224884,0.060776542872190475,0.6272997856140137,0.21093769371509552,1,0,1,1,0.1,0.0,0.2571747550333998,0.1
2361,2361,37,0,0.0,0.999756395816803,0.4348230074689971,17.464111152801284,3.2,0.045979005113125915,3,0.47578986229181164,JITTER,46.73327144575725,46.16083979547496,1.154020994886874,0,0.0,80.0,1,1,1,37,0.999756395816803,1,37,1,0.6868665814399719,0.15957008302211761,0.0263544749468565,0.12720894813537598,1,1,0,1,0.2757898622918117,0.1,0.0,0.1
2362,2362,37,0,0.0,0.9979507327079773,0.4726554818527125,18.522516650717897,0.20000000000000018,0.0,3,0.4960566500393555,JITTER,27.016009948520985,26.834134369170023,0.6708533592292506,0,0.0,80.0,1,1,1,37,0.9979507327079773,1,37,1,0.17194268107414246,0.7547458410263062,0.05937296152114868,0.01393852662295103,1,1,1,0,0.1,0.29605665003935555,0.1,0.0
2363,2363,37,1,6.2,0.839846134185791,0.5952247594024708,21.994427452847578,0.0,0.0,3,0.5566720554164599,JITTER,100.42768327775744,99.90689584047063,2.4976723960117657,0,0.0,80.0,1,1,1,37,0.839846134185791,1,37,1,0.010199806652963161,0.9765983819961548,0.006532103754580021,0.0066697075963020325,1,1,0,1,0.1,0.35667205541645997,0.0,0.1
2364,2364,37,0,0.0,0.9999139308929443,0.4588207297563054,18.33797919988202,3.2,0.0,3,0.4887428782918055,JITTER,80.51768500030782,79.85739213372196,1.996434803343049,0,0.0,80.0,1,1,1,37,0.9999139308929443,1,37,1,0.729885995388031,0.2607613205909729,0.0058168675750494,0.003535865107551217,1,1,1,0,0.28874287829180556,0.1,0.1,0.0
2365,2365,37,0,0.0,0.6474671959877014,0.559373818222996,20.885419748697387,0.20000000000000018,0.0,3,0.5396472820238501,JITTER,51.64601424152468,50.69972323750642,1.2674930809376606,0,0.0,80.0,1,1,0,26,0.6474671959877014,0,26,0,0.9114367365837097,0.04289989545941353,0.04083141312003136,0.004831986501812935,1,1,1,0,0.3396472820238502,0.1,0.1,0.0
2366,2366,37,1,6.2,0.9999428987503052,0.2733283618716821,14.570608589809815,0.0,0.0,3,0.3772257022819917,JITTER,54.32617180803835,54.069017894298234,1.351725447357456,0,0.0,80.0,1,1,1,37,0.9999428987503052,1,37,1,0.31314003467559814,0.36200150847435,0.30626025795936584,0.018598202615976334,1,1,1,0,0.11608527685203224,0.14980260432227913,0.11133782110768034,0.0
2367,2367,37,0,0.0,0.5739496946334839,0.5282177398671041,19.477614995649958,3.2,0.0,3,0.5244033021804172,JITTER,110.93013156402705,109.27517745315899,2.731879436328975,0,0.0,80.0,1,1,0,37,0.5739496946334839,1,37,1,0.014878989197313786,0.8549807071685791,0.04422425106167793,0.08591613918542862,0,1,1,1,0.0,0.32440330218041724,0.1,0.1
2368,2368,37,0,0.0,0.9999034404754639,0.41448503278529847,16.730436825143933,0.20000000000000018,0.0,3,0.4645295573982736,JITTER,88.17997136981974,88.09261157435448,2.2023152893588622,0,0.0,80.0,1,1,1,37,0.9999034404754639,1,37,1,0.6505163908004761,0.08193284273147583,0.22059029340744019,0.04696054756641388,1,1,1,0,0.26452955739827366,0.1,0.1,0.0
2369,2369,37,1,6.2,0.9998917579650879,0.507491938267718,19.453139715637267,0.0,0.0,3,0.5140122867385765,JITTER,33.12049607157758,32.697653346303795,0.817441333657595,0,0.0,80.0,1,1,1,37,0.9998917579650879,1,37,1,0.04756031930446625,0.8175209164619446,0.011265669018030167,0.12365315854549408,1,1,0,1,0.1,0.3140122867385765,0.0,0.1
2370,2370,37,0,0.0,0.9999608993530273,0.6015175041521673,22.25291850640632,3.2,0.18103708870858481,3,0.5596069008340988,JITTER,40.94328365262602,40.758516451656604,1.0189629112914151,0,0.0,80.0,1,1,1,37,0.9999608993530273,1,37,1,0.9880564212799072,0.0017007988644763827,0.00869760662317276,0.0015452022198587656,1,1,1,0,0.35960690083409885,0.1,0.1,0.0
2371,2371,37,0,0.0,0.9946598410606384,0.31317355186009965,15.291971981662062,0.20000000000000018,0.0,3,0.40378619370017554,JITTER,97.91385153436107,97.35393127455328,2.433848281863832,0,0.0,80.0,1,1,1,37,0.9946598410606384,1,37,1,0.2697058916091919,0.24136295914649963,0.47122859954833984,0.017702605575323105,1,1,1,0,0.1,0.1,0.20378619370017556,0.0
2372,2372,37,1,6.2,0.9999696016311646,0.36875289477464585,16.07770620973046,0.0,0.0,3,0.4381538636046872,JITTER,27.1587302151916,27.138941306627547,0.6784735326656888,0,0.0,80.0,1,1,1,37,0.9999696016311646,1,37,1,0.16617697477340698,0.5691846013069153,0.23659904301166534,0.028039414435625076,1,1,1,0,0.1,0.23815386360468724,0.1,0.0
2373,2373,37,0,0.0,0.9989481568336487,0.5994230007403856,22.17622512420275,3.2,0.0,3,0.5586317665641007,JITTER,64.31779872452879,63.52395169159527,1.588098792289882,0,0.0,80.0,1,1,1,37,0.9989481568336487,1,37,1,0.010134500451385975,0.9842420220375061,0.0031498526223003864,0.0024736118502914906,1,1,1,0,0.1,0.3586317665641008,0.1,0.0
2374,2374,37,0,0.0,0.9720479846000671,0.34254208614839693,15.706092096793022,0.20000000000000018,0.0,3,0.4222949574716657,JITTER,106.8885233391803,106.6516489758897,2.6662912243972428,0,0.0,80.0,1,1,1,37,0.9720479846000671,1,37,1,0.0031916301231831312,0.5228553414344788,0.2001504749059677,0.27380257844924927,0,1,1,1,0.0,0.22229495747166564,0.1,0.1
2375,2375,37,1,6.2,0.9991171956062317,0.322743822750284,13.794516047294854,0.0,0.0,3,0.40990941718240237,JITTER,39.667282628829625,39.24696761743376,0.9811741904358441,0,0.0,80.0,1,1,1,37,0.9991171956062317,1,37,1,0.48801684379577637,0.23268428444862366,0.13620588183403015,0.14309298992156982,1,1,0,1,0.20990941718240233,0.1,0.0,0.1
2376,2376,37,0,0.0,0.9997519850730896,0.607830637323207,22.46302942153499,3.2,0.0,3,0.5625358692451758,JITTER,56.41083622419751,55.866429401512484,1.3966607350378122,0,0.0,80.0,1,1,1,37,0.9997519850730896,1,37,1,0.9995574951171875,0.00017004967958200723,8.209014777094126e-05,0.00019043605425395072,1,1,0,1,0.3625358692451759,0.1,0.0,0.1
2377,2377,37,0,0.0,0.9999569654464722,0.4484096297147373,17.768824854432314,0.20000000000000018,0.0,3,0.4831660289744555,JITTER,112.41246489842155,111.1874126201514,2.7796853155037855,0,0.0,80.0,1,1,1,37,0.9999569654464722,1,37,1,0.7112061977386475,0.22819001972675323,0.026902342215180397,0.03370145708322525,1,1,0,1,0.28316602897445553,0.1,0.0,0.1
2378,2378,37,1,6.2,0.9999369382858276,0.4029275594727265,16.930741378324978,0.0,0.0,3,0.4580073137341232,JITTER,61.512061061207596,60.29481130206139,1.507370282551535,0,0.0,80.0,1,1,1,37,0.9999369382858276,1,37,1,0.6207467913627625,0.3610564172267914,0.0076302518136799335,0.010566599667072296,1,1,0,1,0.2528010975386995,0.10520621619542372,0.0,0.1
2379,2379,37,0,0.0,0.7946262359619141,0.320443862597637,14.017072502708759,3.2,0.5493213798827655,3,0.4084462428489156,JITTER,26.52156698995363,26.027144804689375,0.6506786201172344,0,0.0,80.0,1,1,0,37,0.7946262359619141,1,37,1,0.11742791533470154,0.4839790165424347,0.20350530743598938,0.1950877457857132,0,1,1,1,0.0,0.20844624284891564,0.1,0.1
2380,2380,37,0,0.0,0.7357743978500366,0.35378608523372196,14.595011904263288,0.20000000000000018,0.0,3,0.42916994482596404,JITTER,70.16618420654831,69.4592510067286,1.7364812751682153,0,0.0,80.0,1,1,0,37,0.7357743978500366,1,37,1,0.4392995834350586,0.4331425130367279,0.05868561193346977,0.06887222826480865,1,1,0,1,0.166452223326338,0.16271772149962607,0.0,0.1
2381,2381,37,1,6.2,0.9974777102470398,0.5569583183383794,20.823129421006385,0.0,0.0,3,0.5384808632791482,JITTER,112.19643342032093,111.058034598342,2.77645086495855,0,0.0,80.0,1,1,1,37,0.9974777102470398,1,37,1,0.06141531094908714,0.9070538282394409,0.021333083510398865,0.010197730734944344,1,1,1,0,0.1,0.3384808632791483,0.1,0.0
2382,2382,37,0,0.0,0.966009795665741,0.33557994638079675,14.20395456521922,3.2,0.0,3,0.4179813714694215,JITTER,63.84070905301488,63.49279175442249,1.5873197938605623,0,0.0,80.0,1,1,1,37,0.966009795665741,1,37,1,0.5105881690979004,0.2645946741104126,0.14334867894649506,0.08146850764751434,1,1,1,0,0.21798137146942145,0.1,0.1,0.0
2383,2383,37,0,0.0,0.9550712704658508,0.5888697611263317,21.865004952677243,0.20000000000000018,0.0,3,0.553692388330011,JITTER,85.88167668174208,84.90323517120477,2.1225808792801195,0,0.0,80.0,1,1,1,37,0.9550712704658508,1,37,1,0.9650330543518066,0.028209874406456947,0.002093816874548793,0.0046632601879537106,1,1,0,1,0.35369238833001104,0.1,0.0,0.1
2384,2384,37,1,6.2,0.999982476234436,0.2553513577018279,13.468654188691108,0.0,0.0,3,0.36460952688012294,JITTER,41.434543694778306,40.846659686243335,1.0211664921560835,0,0.0,80.0,1,1,1,37,0.999982476234436,1,37,1,0.25928962230682373,0.31217774748802185,0.33859336376190186,0.08993927389383316,1,1,1,0,0.1,0.12287522149582716,0.1417343053842958,0.0
2385,2385,37,0,0.0,0.9997242093086243,0.309548939844168,14.77634854578846,3.2,0.0,3,0.40144272035760886,JITTER,84.40868573366404,83.73791711439752,2.093447927859938,0,0.0,80.0,1,1,1,37,0.9997242093086243,1,37,1,0.3795188367366791,0.19829343259334564,0.39379727840423584,0.02839045040309429,1,1,1,0,0.14609206273364359,0.1,0.1553506576239653,0.0
2386,2386,37,1,6.2,0.8107025027275085,0.41587694743241255,15.517985584697332,0.20000000000000018,0.0,3,0.4653088902041366,JITTER,20.440092190355056,20.257528992753535,0.5064382248188384,0,0.0,80.0,1,1,1,37,0.8107025027275085,1,37,1,0.05524729937314987,0.24449557065963745,0.047256313264369965,0.6530008316040039,1,1,0,1,0.1,0.1,0.0,0.2653088902041366
2387,2387,37,0,0.0,0.9980525970458984,0.43347761853592676,17.55074402280689,3.4000000000000004,0.6856274095489993,3,0.4750532196538636,JITTER,20.605811713025172,20.574903618040025,0.5143725904510007,0,0.0,80.0,1,1,1,37,0.9980525970458984,1,37,1,0.12050749361515045,0.6844587922096252,0.016706794500350952,0.17832693457603455,1,1,0,1,0.1,0.27505321965386365,0.0,0.1
2388,2388,37,0,0.0,0.9995514750480652,0.23847311088446868,12.591360639535768,0.40000000000000036,0.0,3,0.3523535367063624,JITTER,63.06099024808341,62.957671267728706,1.5739417816932177,0,0.0,80.0,1,1,1,37,0.9995514750480652,1,37,1,0.14662788808345795,0.2860680818557739,0.24106577038764954,0.3262382745742798,0,1,1,1,0.0,0.11133850270758514,0.1,0.1410150339987772
2389,2389,37,1,6.2,0.9659011363983154,0.3835758527691977,16.368216883694785,0.0,0.0,3,0.446873453413702,JITTER,47.566543378716624,46.942954206377934,1.1735738551594483,0,0.0,80.0,1,1,1,37,0.9659011363983154,1,37,1,0.5954807996749878,0.17114503681659698,0.027494268491864204,0.2058798372745514,1,1,0,1,0.24687345341370195,0.1,0.0,0.1
2390,2390,37,0,0.0,0.9965795874595642,0.4501873954241186,17.995875373095306,3.2,0.0,3,0.484122862046485,JITTER,50.8615342609419,49.84669549793607,1.2461673874484018,0,0.0,80.0,1,1,1,37,0.9965795874595642,1,37,1,0.24347032606601715,0.7143941521644592,0.013539325445890427,0.028596200048923492,1,1,0,1,0.1,0.28412286204648507,0.0,0.1
2391,2391,37,0,0.0,0.9997026324272156,0.5516086872797247,20.723423749812557,0.20000000000000018,0.0,3,0.5358885466234458,JITTER,111.63020339149811,110.3234381175793,2.7580859529394828,0,0.0,80.0,1,1,1,37,0.9997026324272156,1,37,1,0.058114372193813324,0.03890568017959595,0.005629505030810833,0.8973504304885864,1,1,0,1,0.1,0.1,0.0,0.3358885466234458
2392,2392,37,1,6.2,0.9999809265136719,0.47162918054910524,18.632677288589065,0.0,0.0,3,0.4955178006370513,JITTER,116.69471386349304,114.66885326744571,2.866721331686143,0,0.0,80.0,1,1,1,37,0.9999809265136719,1,37,1,0.752900242805481,0.18527574837207794,0.05710557475686073,0.00471849087625742,1,1,1,0,0.29551780063705135,0.1,0.1,0.0
2393,2393,37,0,0.0,0.9998985528945923,0.5994832928955918,22.198596297357923,3.2,0.0,3,0.5586598604695995,JITTER,51.8898518840487,51.11192312050837,1.2777980780127094,0,0.0,80.0,1,1,1,37,0.9998985528945923,1,37,1,0.9843518137931824,0.008304900489747524,0.0009301819372922182,0.006413096096366644,1,1,0,1,0.3586598604695995,0.1,0.0,0.1
2394,2394,37,0,0.0,0.9997617602348328,0.5731999170006284,21.393118474698277,0.20000000000000018,0.0,3,0.5462758304220353,JITTER,33.68317840039474,33.222021045362865,0.8305505261340717,0,0.0,80.0,1,1,1,37,0.9997617602348328,1,37,1,0.02554996870458126,0.9365425109863281,0.0028092369902879,0.03509826213121414,1,1,0,1,0.1,0.34627583042203536,0.0,0.1
2395,2395,37,1,6.2,0.9999734163284302,0.3366709611975009,14.914867947626998,0.0,0.0,3,0.4186602764920522,JITTER,69.10818264945804,69.08492644779538,1.7271231611948847,0,0.0,80.0,1,1,1,37,0.9999734163284302,1,37,1,0.494739830493927,0.3394346237182617,0.06056484580039978,0.10526064783334732,1,1,0,1,0.20761179029145796,0.11104848620059421,0.0,0.1
2396,2396,37,0,0.0,0.9992071986198425,0.5879297863989331,21.71979216081949,3.2,0.037078980987799826,3,0.5532503001595961,JITTER,47.422982239037076,46.516840760488,1.1629210190122001,0,0.0,80.0,1,1,1,37,0.9992071986198425,1,37,1,0.010201464407145977,0.9633229374885559,0.01123224850744009,0.015243321657180786,0,1,1,1,0.0,0.35325030015959613,0.1,0.1
2397,2397,37,0,0.0,0.9996073842048645,0.4037053209822808,16.291561357076823,0.20000000000000018,0.0,3,0.45844914095104927,JITTER,51.58314850884807,51.395948666539944,1.2848987166634986,0,0.0,80.0,1,1,1,37,0.9996073842048645,1,37,1,0.24193905293941498,0.6312928199768066,0.06504896283149719,0.06171917915344238,1,1,1,0,0.1,0.2584491409510493,0.1,0.0
2398,2398,37,1,6.2,0.9999043941497803,0.3174155933160346,15.003159670236954,0.0,0.0,3,0.40651170538621806,JITTER,38.75314465722083,38.38172423789426,0.9595431059473566,0,0.0,80.0,1,1,1,37,0.9999043941497803,1,37,1,0.2408268302679062,0.47866564989089966,0.23732125759124756,0.04318623244762421,1,1,1,0,0.1,0.20651170538621808,0.1,0.0
2399,2399,37,0,0.0,0.9990925788879395,0.3815009063270929,16.00890738920718,3.2,0.0,3,0.4456631375810788,JITTER,104.2649240670535,102.68426413736708,2.567106603434177,0,0.0,80.0,1,1,1,37,0.9990925788879395,1,37,1,0.20921282470226288,0.5917958617210388,0.050349555909633636,0.1486417055130005,1,1,0,1,0.1,0.24566313758107874,0.0,0.1
2400,2400,37,0,0.0,0.990481972694397,0.2914194367829233,14.287365523251157,0.20000000000000018,0.0,3,0.38950961596908495,JITTER,63.68520075377743,63.41934448428957,1.5854836121072393,0,0.0,80.0,1,1,1,37,0.990481972694397,1,37,1,0.43320485949516296,0.2367444634437561,0.26475486159324646,0.06529579311609268,1,1,1,0,0.18950961596908497,0.1,0.1,0.0
2401,2401,37,1,6.2,0.9990354776382446,0.48646416002979226,19.01836386087599,0.0,0.0,3,0.503250657729631,JITTER,24.60649001021911,24.378815843523586,0.6094703960880897,0,0.0,80.0,1,1,1,37,0.9990354776382446,1,37,1,0.0035374744329601526,0.20885781943798065,0.008005174808204174,0.7795995473861694,0,1,1,1,0.0,0.1,0.1,0.303250657729631
2402,2402,37,0,0.0,0.998751163482666,0.5885157436365717,21.761632996220364,3.2,0.0,3,0.5535259285526343,JITTER,101.47753485181917,99.99660825310494,2.4999152063276235,0,0.0,80.0,1,1,1,37,0.998751163482666,1,37,1,0.01347796805202961,0.9643889665603638,0.013303613290190697,0.008829442784190178,1,1,1,0,0.1,0.3535259285526343,0.1,0.0
2403,2403,37,1,6.2,0.9478036165237427,0.36379245639306323,14.530359185430338,0.20000000000000018,0.0,3,0.43519687794183004,JITTER,60.86007676272503,60.13620375744697,1.5034050939361743,0,0.0,80.0,1,1,1,37,0.9478036165237427,1,34,0,0.4901968538761139,0.09733805060386658,0.4045732915401459,0.007891805842518806,1,1,1,0,0.19320583293417085,0.1,0.14199104500765916,0.0
2404,2404,37,0,0.0,0.9999746084213257,0.5938045328693329,22.00819201845099,3.4000000000000004,0.0,3,0.5560075395556788,JITTER,63.624652094621766,62.887858123770144,1.5721964530942536,0,0.0,80.0,1,1,1,37,0.9999746084213257,1,37,1,0.9740132093429565,0.019264480099081993,0.004284683149307966,0.0024375799112021923,1,1,1,0,0.3560075395556789,0.1,0.1,0.0
2405,2405,37,0,0.0,0.9982469081878662,0.5448061930616814,20.346558857283856,0.40000000000000036,0.0,3,0.5325739801046492,JITTER,71.75052443935492,70.77333022566162,1.7693332556415406,0,0.0,80.0,1,1,1,37,0.9982469081878662,1,37,1,0.0690600723028183,0.007774523925036192,0.03814661502838135,0.8850187659263611,1,0,1,1,0.1,0.0,0.1,0.3325739801046491
2406,2406,37,1,6.2,0.999971866607666,0.43343255262141356,16.67259684839355,0.0,0.0,3,0.47502852487917235,JITTER,70.7708843533124,69.439526909857,1.735988172746425,0,0.0,80.0,1,1,1,37,0.999971866607666,1,37,1,0.08766694366931915,0.6843781471252441,0.08128561824560165,0.14666932821273804,1,1,0,1,0.1,0.2750285248791724,0.0,0.1
2407,2407,37,0,0.0,0.9999072551727295,0.44979165866388415,17.9783422664663,3.2,0.0,3,0.483910031415685,JITTER,62.80281815816862,62.78282638445756,1.569570659611439,0,0.0,80.0,1,1,1,37,0.9999072551727295,1,37,1,0.7136844396591187,0.22710451483726501,0.04506078362464905,0.014150249771773815,1,1,1,0,0.28391003141568505,0.1,0.1,0.0
2408,2408,37,0,0.0,0.9995965361595154,0.546281871706693,20.636582443152022,0.20000000000000018,0.0,3,0.5332947653997129,JITTER,43.63735354089845,43.20045037185448,1.080011259296362,0,0.0,80.0,1,1,1,37,0.9995965361595154,1,37,1,0.027080262079834938,0.8876932263374329,0.0018434313824400306,0.08338307589292526,1,1,0,1,0.1,0.3332947653997129,0.0,0.1
2409,2409,37,1,6.2,0.6049577593803406,0.4316627060218887,17.210212689498334,0.0,0.0,3,0.47405768453458214,JITTER,74.0571851888662,73.23902393611428,1.830975598402857,0,0.0,80.0,1,1,0,30,0.6049577593803406,0,37,1,0.03963850066065788,0.0990528091788292,0.180097296833992,0.6812114119529724,0,1,1,1,0.0,0.1,0.1,0.2740576845345821
2410,2410,37,0,0.0,0.9956626296043396,0.5510801718547332,20.745569335132295,3.2,0.0,3,0.5356317583929192,JITTER,91.45520982700822,90.95284975677454,2.2738212439193637,0,0.0,80.0,1,1,1,37,0.9956626296043396,1,37,1,0.06725650280714035,0.8963920474052429,0.03289534151554108,0.003456122474744916,1,1,1,0,0.1,0.33563175839291925,0.1,0.0
2411,2411,37,0,0.0,0.9996238946914673,0.5148214155543192,19.71926472256643,0.20000000000000018,0.0,3,0.5177108044739802,JITTER,86.49036790414772,85.27252769777823,2.1318131924444557,0,0.0,80.0,1,1,1,37,0.9996238946914673,1,37,1,0.14832763373851776,0.8307590484619141,0.006032352801412344,0.014880980364978313,1,1,0,1,0.1,0.31771080447398026,0.0,0.1
2412,2412,37,1,6.2,0.5822848081588745,0.42813165921736857,17.390117644133237,0.0,0.0,3,0.47211478197148316,JITTER,61.12807526208263,60.63639880286863,1.5159099700717158,0,0.0,80.0,1,1,0,30,0.5822848081588745,0,34,0,0.020979976281523705,0.1964125633239746,0.674895703792572,0.10771169513463974,0,1,1,1,0.0,0.1,0.2721147819714832,0.1
2413,2413,37,0,0.0,0.9853801131248474,0.3349805605103408,15.068864143441033,3.2,0.2605315397494776,3,0.4176079223092869,JITTER,37.89247856564498,37.57873841002089,0.9394684602505223,0,0.0,80.0,1,1,1,37,0.9853801131248474,1,37,1,0.1425892859697342,0.027021409943699837,0.41461503505706787,0.4157743453979492,1,0,1,1,0.1,0.0,0.15844264378295062,0.15916527852633625
2414,2414,37,0,0.0,0.9753923416137695,0.4483457375975425,17.874562203636415,0.20000000000000018,0.0,3,0.4831316055385676,JITTER,98.68162917070124,96.88765042950422,2.4221912607376055,0,0.0,80.0,1,1,1,37,0.9753923416137695,1,37,1,0.2346409410238266,0.7110916376113892,0.017238829284906387,0.03702859953045845,1,1,0,1,0.1,0.28313160553856764,0.0,0.1
2415,2415,37,1,6.2,0.9999710321426392,0.5743792911955736,21.341640628846367,0.0,0.0,3,0.5468375302249305,JITTER,79.36131913179653,78.88615062464581,1.9721537656161452,0,0.0,80.0,1,1,1,37,0.9999710321426392,1,37,1,0.9386854767799377,0.009051676839590073,0.02373255230486393,0.028530249372124672,1,0,1,1,0.3468375302249306,0.0,0.1,0.1
2416,2416,37,0,0.0,0.9999470710754395,0.38817686465254475,14.860921414332173,3.2,0.0,3,0.44954559908220415,JITTER,88.22897186597314,86.9229250854982,2.1730731271374553,0,0.0,80.0,1,1,1,37,0.9999470710754395,1,37,1,0.6036562919616699,0.12963218986988068,0.1060212180018425,0.16069023311138153,1,1,0,1,0.2495455990822041,0.1,0.0,0.1
2417,2417,37,0,0.0,0.9999322891235352,0.5267462826585457,20.095620440886385,0.20000000000000018,0.0,3,0.5236723771296219,JITTER,53.22127787806623,52.3414792097491,1.3085369802437277,0,0.0,80.0,1,1,1,37,0.9999322891235352,1,37,1,0.12562993168830872,0.8523185849189758,0.001982450718060136,0.02006901241838932,1,1,0,1,0.1,0.32367237712962194,0.0,0.1
2418,2418,37,1,6.2,0.9974293112754822,0.25924336159985883,13.021504067544956,0.0,0.0,3,0.3673776642478165,JITTER,27.36958321383401,27.363696718459767,0.6840924179614942,0,0.0,80.0,1,1,1,37,0.9974293112754822,1,37,1,0.3443998396396637,0.21608008444309235,0.12430134415626526,0.3152186870574951,1,1,0,1,0.14402709460586458,0.1,0.0,0.1233505696419519
2419,2419,37,0,0.0,0.9261046648025513,0.38229005152254075,15.493656959358987,3.2,0.39509237525161334,3,0.4461238327382875,JITTER,32.29707726320526,32.19630498993546,0.8049076247483866,0,0.0,80.0,1,1,1,19,0.9261046648025513,0,37,1,0.48893192410469055,0.03476349264383316,0.4470311105251312,0.02927340567111969,1,1,1,0,0.18528624150820852,0.1,0.16083759123007893,0.0
2420,2420,37,0,0.0,0.8606017231941223,0.5835458962881416,21.64212497268433,0.20000000000000018,0.0,3,0.5511837892174597,JITTER,107.89290329477213,106.97585310077595,2.674396327519399,0,0.0,80.0,1,1,1,5,0.8606017231941223,0,5,0,0.9553490281105042,0.035424333065748215,0.0015680079814046621,0.007658618036657572,1,1,0,1,0.35118378921745974,0.1,0.0,0.1
2421,2421,37,1,6.2,0.9624919295310974,0.5901098857297701,21.87095960374851,0.0,0.0,3,0.5542751032775823,JITTER,47.49316919703817,47.08560645540215,1.1771401613850538,0,0.0,80.0,1,1,1,37,0.9624919295310974,1,37,1,0.023625966161489487,0.9672894477844238,0.004385349806398153,0.004699296783655882,1,1,0,1,0.1,0.3542751032775824,0.0,0.1
2422,2422,37,0,0.0,0.9999449253082275,0.5669576828450069,21.156739046229255,3.2,0.0,3,0.5432931744167887,JITTER,59.48408927006323,59.1254458146612,1.47813614536653,0,0.0,80.0,1,1,1,37,0.9999449253082275,1,37,1,0.012790079228579998,0.9252038598060608,0.0067201824858784676,0.05528589338064194,1,1,0,1,0.1,0.34329317441678875,0.0,0.1
2423,2423,37,0,0.0,0.9999755620956421,0.37961395423364974,16.207493434289923,0.20000000000000018,0.0,3,0.44455961802012933,JITTER,33.78995824119653,33.34669111979948,0.8336672779949871,0,0.0,80.0,1,1,1,37,0.9999755620956421,1,37,1,0.3518613278865814,0.578148603439331,0.0442044697701931,0.025785576552152634,1,1,1,0,0.10602948834836118,0.2385301296717682,0.1,0.0
2424,2424,37,1,6.2,0.9964884519577026,0.344761196829563,14.545064608775471,0.0,0.0,3,0.4236606384145668,JITTER,33.660440277965535,33.13841770838028,0.828460442709507,0,0.0,80.0,1,1,1,37,0.9964884519577026,1,37,1,0.14050263166427612,0.5267689228057861,0.22494783997535706,0.1077805906534195,1,1,1,0,0.1,0.22366063841456676,0.1,0.0
2425,2425,37,0,0.0,0.9801384210586548,0.48805094499579565,18.751855111650038,3.2,0.21046912116550132,3,0.5040707597128382,JITTER,40.16880132804536,39.58123515337994,0.9895308788344986,0,0.0,80.0,1,1,1,37,0.9801384210586548,1,37,1,0.7824580669403076,0.02508903108537197,0.149760901927948,0.042692024260759354,1,0,1,1,0.30407075971283826,0.0,0.1,0.1
2426,2426,37,0,0.0,0.9999061822891235,0.36848025653603644,16.111615344587705,0.20000000000000018,0.0,3,0.43799185865806667,JITTER,100.5586105695467,100.30655838132381,2.5076639595330956,0,0.0,80.0,1,1,1,37,0.9999061822891235,1,37,1,0.3630357086658478,0.5421837568283081,0.08727402985095978,0.0075064972043037415,1,1,1,0,0.11576011465658079,0.2222317440014859,0.1,0.0
2427,2427,37,1,6.2,0.8075125813484192,0.5890428346824627,21.806367026535813,0.0,0.0,3,0.553773749674017,JITTER,28.674576828800404,28.1300048814675,0.7032501220366876,0,0.0,80.0,1,1,1,19,0.8075125813484192,0,37,1,0.018917594105005264,0.965347945690155,0.006748295854777098,0.008986151777207851,1,1,0,1,0.1,0.3537737496740171,0.0,0.1
2428,2428,38,0,0.0,0.9911333918571472,0.5179436824430608,19.518939786263836,3.2,0.0,3,0.5192783265718309,JITTER,66.30468067525807,65.46892941037012,1.6367232352592531,0,0.0,80.0,1,1,1,38,0.9911333918571472,1,38,1,0.15023472905158997,0.8364014029502869,0.0076838708482682705,0.00567997619509697,1,1,1,0,0.1,0.319278326571831,0.1,0.0
2429,2429,38,1,6.2,0.546922504901886,0.27643360657074867,13.007650674146028,0.20000000000000018,0.0,3,0.37936245440081606,JITTER,22.326044012176776,22.201594097021925,0.5550398524255481,0,0.0,80.0,1,1,0,25,0.546922504901886,0,38,1,0.04771668463945389,0.37764108180999756,0.25368019938468933,0.32096201181411743,0,1,1,1,0.0,0.15912704583072138,0.1,0.12023540857009465
2430,2430,38,0,0.0,0.9985474944114685,0.5835551717553107,21.72054484213159,3.4000000000000004,0.0,3,0.5511881697356485,JITTER,70.53976545593862,69.2894928165537,1.7322373204138426,0,0.0,80.0,1,1,1,38,0.9985474944114685,1,38,1,0.001103537972085178,0.9553658962249756,0.00307578407227993,0.04045473411679268,0,1,1,1,0.0,0.3511881697356486,0.1,0.1
2431,2431,38,1,6.2,0.4001707136631012,0.3487789848589521,12.895923237011154,0.40000000000000036,0.0,3,0.4261221220743576,JITTER,47.14394175643763,46.41303026776732,1.160325756694183,0,0.0,80.0,1,1,0,29,0.4001707136631012,0,38,1,0.05280955508351326,0.17098332941532135,0.24234825372695923,0.5338588953018188,0,1,1,1,0.0,0.1,0.1,0.22612212207435758
2432,2432,38,0,0.0,0.4473349153995514,0.3933650293232847,16.53844964169163,3.6000000000000005,0.0,3,0.45253982069941795,JITTER,86.22129282587018,86.02251693336534,2.1505629233341335,0,0.0,80.0,1,1,0,29,0.4473349153995514,0,38,1,0.006559653207659721,0.37499430775642395,0.03286254405975342,0.5855834484100342,0,1,1,1,0.0,0.11570277496112596,0.1,0.23683704573829198
2433,2433,38,0,0.0,0.9766877293586731,0.584880144293666,21.69439654662242,0.6000000000000005,0.0,3,0.5518135562874249,JITTER,49.33751727919966,49.102804859041846,1.2275701214760462,0,0.0,80.0,1,1,1,38,0.9766877293586731,1,38,1,0.005754758603870869,0.02277931198477745,0.01369033008813858,0.9577755928039551,0,1,1,1,0.0,0.1,0.1,0.35181355628742483
2434,2434,38,1,6.2,0.7419390678405762,0.5293940451758993,19.93433171701247,0.0,0.0,3,0.5249868828689475,JITTER,64.25275875732855,63.43631920035242,1.5859079800088107,0,0.0,80.0,1,1,0,38,0.7419390678405762,1,38,1,0.09474782645702362,0.8571091294288635,0.02928011119365692,0.018862947821617126,1,1,1,0,0.1,0.3249868828689475,0.1,0.0
2435,2435,38,0,0.0,0.9899466633796692,0.5424702374660058,19.998062124934933,3.2,0.0,3,0.5314309997250499,JITTER,63.34197555085066,63.032186954799464,1.5758046738699867,0,0.0,80.0,1,1,1,4,0.9899466633796692,0,4,0,0.056916069239377975,0.8807859420776367,0.038085028529167175,0.024212896823883057,1,1,1,0,0.1,0.33143099972504997,0.1,0.0
2436,2436,38,0,0.0,0.7523640394210815,0.4004147019153326,16.51097877052928,0.20000000000000018,0.0,3,0.45657689883962027,JITTER,89.58787682282754,88.54064633403722,2.2135161583509304,0,0.0,80.0,1,1,0,38,0.7523640394210815,1,38,1,0.09329252690076828,0.6254308223724365,0.031040219590067863,0.2502363920211792,1,1,0,1,0.1,0.2565768988396203,0.0,0.1
2437,2437,38,1,6.2,0.9873678088188171,0.580283161876419,21.584635413683614,0.0,0.0,3,0.5496407339530611,JITTER,71.9313907415692,71.13378728759581,1.7783446821898954,0,0.0,80.0,1,1,1,38,0.9873678088188171,1,38,1,0.004016966093331575,0.9494163393974304,0.00811524037271738,0.03845144063234329,0,1,1,1,0.0,0.34964073395306117,0.1,0.1
2438,2438,38,0,0.0,0.3463186025619507,0.5137156171820159,19.239344760584185,3.2,0.15960209948710613,3,0.5171545033068088,JITTER,42.190064629382356,41.615916020515755,1.0403979005128938,0,0.0,80.0,1,1,0,36,0.3463186025619507,0,38,1,0.13199950754642487,0.028373947367072105,0.010865377262234688,0.8287611603736877,1,1,0,1,0.1,0.1,0.0,0.31715450330680883
2439,2439,38,1,6.2,0.5317368507385254,0.35851940538549226,14.826763248994489,0.20000000000000018,0.0,3,0.43203134803612114,JITTER,58.75005355387683,58.322978476391846,1.4580744619097963,0,0.0,80.0,1,1,0,38,0.5317368507385254,1,38,1,0.10754867643117905,0.542670726776123,0.009443309158086777,0.34033724665641785,1,1,0,1,0.1,0.22697081679127043,0.0,0.10506053124485071
2440,2440,38,0,0.0,0.5006275177001953,0.31224261912828216,14.78342869940024,3.4000000000000004,0.336101200966226,3,0.40318560411582693,JITTER,34.97342082667706,34.55595196135096,0.863898799033774,0,0.0,80.0,1,1,0,38,0.5006275177001953,1,38,1,0.31758713722229004,0.007346656639128923,0.4617858827114105,0.21328029036521912,1,0,1,1,0.10504337642610248,0.0,0.19814222768972448,0.1
2441,2441,38,0,0.0,0.7473767995834351,0.29093221426073623,14.396840931397321,0.40000000000000036,0.0,3,0.38918387028767654,JITTER,80.26644105465066,79.72014662353627,1.9930036655884067,0,0.0,80.0,1,1,0,38,0.7473767995834351,1,38,1,0.04331139475107193,0.29500600695610046,0.22932705283164978,0.4323555529117584,0,1,1,1,0.0,0.1,0.1,0.18918387028767655
2442,2442,38,1,6.2,0.500827968120575,0.5694791960764728,21.32253990474517,0.0,0.0,3,0.5444999674322982,JITTER,105.98500568655341,104.19288848249148,2.6048222120622873,0,0.0,80.0,1,1,0,38,0.500827968120575,1,38,1,0.047570496797561646,0.929783284664154,0.02250736579298973,0.00013885121734347194,1,1,1,0,0.1,0.34449996743229827,0.1,0.0
2443,2443,38,0,0.0,0.999767005443573,0.600079030148437,22.21263803674632,3.2,0.43810446414008475,3,0.5589373759999327,JITTER,30.905430648243133,30.475821434396607,0.7618955358599152,0,0.0,80.0,1,1,1,38,0.999767005443573,1,38,1,0.0013148232828825712,0.9854366779327393,0.0022091714199632406,0.011039345525205135,0,1,1,1,0.0,0.3589373759999327,0.1,0.1
2444,2444,38,0,0.0,0.9337882399559021,0.5872676869714513,21.672176907301544,0.20000000000000018,0.0,3,0.5529386899103712,JITTER,59.38347561850223,58.196144768831275,1.454903619220782,0,0.0,80.0,1,1,1,38,0.9337882399559021,1,38,1,0.004247805569320917,0.9621184468269348,0.03298930451273918,0.0006445451872423291,1,1,1,0,0.1,0.35293868991037125,0.1,0.0
2445,2445,38,1,6.2,0.6412635445594788,0.4113395114667653,17.29738262405935,0.0,0.0,3,0.4627635461882666,JITTER,42.502362968465235,42.2639041364659,1.0565976034116475,0,0.0,80.0,1,1,0,39,0.6412635445594788,0,39,0,0.3443915843963623,0.009354145266115665,0.00135049840901047,0.6449037790298462,1,1,0,1,0.1,0.1,0.0,0.2627635461882666
2446,2446,38,0,0.0,0.9915061593055725,0.5605459153161012,21.028630872276935,3.2,0.0,3,0.5402123674781174,JITTER,64.21062945557276,63.86554207875209,1.5966385519688024,0,0.0,80.0,1,1,1,38,0.9915061593055725,1,38,1,0.003968591336160898,0.9135638475418091,0.002741423901170492,0.07972605526447296,1,1,0,1,0.1,0.34021236747811745,0.0,0.1
2447,2447,38,0,0.0,0.49048298597335815,0.5178646346757839,19.49879696010975,0.20000000000000018,0.0,3,0.5192386993305067,JITTER,89.19933663865142,88.34140294683672,2.208535073670918,0,0.0,80.0,1,1,0,38,0.49048298597335815,1,38,1,0.02820008061826229,0.8362585306167603,0.13024915754795074,0.005292275920510292,1,1,1,0,0.1,0.31923869933050675,0.1,0.0
2448,2448,39,1,6.2,0.9954323768615723,0.5971517787213342,22.096164589359574,0.0,0.0,3,0.557572430416932,JITTER,42.08788348495402,41.66163922822697,1.0415409807056741,0,0.0,80.0,1,1,1,39,0.9954323768615723,1,39,1,0.008418736979365349,0.0033770662266761065,0.00809765886515379,0.9801065325737,1,0,1,1,0.1,0.0,0.1,0.357572430416932
2449,2449,39,0,0.0,0.8352661728858948,0.5282995049400987,19.00525909195954,3.2,0.0,3,0.5244438879198401,JITTER,108.87877663650384,107.15327526368135,2.678831881592034,0,0.0,80.0,1,1,1,27,0.8352661728858948,0,27,0,0.13736969232559204,0.0004527862765826285,0.00704894820228219,0.8551286458969116,1,0,1,1,0.1,0.0,0.1,0.32444388791984013
2450,2450,39,1,6.2,0.49816545844078064,0.29223719234363554,11.78825492357931,0.20000000000000018,0.0,3,0.3900557369101497,JITTER,69.8828924426821,69.47967849156454,1.7369919622891137,0,0.0,80.0,1,1,0,30,0.49816545844078064,0,22,0,0.2237141728401184,0.16024534404277802,0.18140985071659088,0.4346305727958679,1,0,1,1,0.1,0.0,0.1,0.19005573691014974
2451,2451,39,0,0.0,0.9154760837554932,0.4156135263868659,16.34092247065334,3.4000000000000004,0.2669681265371687,3,0.46516150096928627,JITTER,37.988646470252775,37.32127493851325,0.9330318734628312,0,0.0,80.0,1,1,1,39,0.9154760837554932,1,39,1,0.17315955460071564,0.09751156717538834,0.6525306105613708,0.07679835706949234,1,1,1,0,0.1,0.1,0.26516150096928626,0.0
2452,2452,39,0,0.0,0.9775322675704956,0.564407465369035,19.866410422700255,0.40000000000000036,0.0,3,0.5420699108982594,JITTER,91.01669404986963,89.97516580368692,2.249379145092173,0,0.0,80.0,1,1,1,39,0.9775322675704956,1,39,1,0.005765537731349468,0.920573353767395,0.001210125396028161,0.07245096564292908,1,1,0,1,0.1,0.34206991089825944,0.0,0.1
2453,2453,39,1,6.2,0.7494040131568909,0.5897792290601419,21.856713335376092,0.0,0.0,3,0.5541197928473109,JITTER,107.94346459536683,107.68075117083154,2.692018779270789,0,0.0,80.0,1,1,0,39,0.7494040131568909,1,39,1,0.966687798500061,0.00470103370025754,0.01340437214821577,0.015206832438707352,1,0,1,1,0.354119792847311,0.0,0.1,0.1
2454,2454,39,0,0.0,0.999049961566925,0.4904872149237219,19.136455727177992,3.2,0.0,3,0.5053273126407574,JITTER,88.24892860020682,87.866436012508,2.1966609003127,0,0.0,80.0,1,1,1,39,0.999049961566925,1,39,1,0.001993859186768532,0.041247960180044174,0.7868478894233704,0.16991026699543,0,1,1,1,0.0,0.1,0.3053273126407574,0.1
2455,2455,39,0,0.0,0.7760420441627502,0.6069332481047475,22.387388467904863,0.20000000000000018,0.0,3,0.5621204574059653,JITTER,32.0577441015987,31.759216932292123,0.7939804233073031,0,0.0,80.0,1,1,0,39,0.7760420441627502,1,39,1,0.0010709684574976563,0.0008339736377820373,0.00017277665028814226,0.9979223012924194,1,1,0,1,0.1,0.1,0.0,0.3621204574059653
2456,2456,39,1,6.2,0.840939998626709,0.3926096088134756,16.581722673052713,0.0,0.0,3,0.45210508181719555,JITTER,58.739292976435365,57.63361552883854,1.4408403882209635,0,0.0,80.0,1,1,1,39,0.840939998626709,1,39,1,0.14441825449466705,0.6115385293960571,0.21901945769786835,0.025023767724633217,1,1,1,0,0.1,0.2521050818171956,0.1,0.0
2457,2457,39,0,0.0,0.9977704286575317,0.604961407138681,22.377573052548794,3.2,0.0,3,0.5612065892964763,JITTER,52.39795467518164,51.543970442491435,1.288599261062286,0,0.0,80.0,1,1,1,39,0.9977704286575317,1,39,1,0.9943296909332275,0.005418400280177593,8.427190914517269e-05,0.00016760318248998374,1,1,0,1,0.3612065892964763,0.1,0.0,0.1
2458,2458,39,0,0.0,0.992628812789917,0.4462456808423094,17.928507711279885,0.20000000000000018,0.0,3,0.4819987803531529,JITTER,94.88270004683447,93.61521164249677,2.3403802910624196,0,0.0,80.0,1,1,1,39,0.992628812789917,1,39,1,0.022455452010035515,0.7073267102241516,0.01176962535828352,0.2584482729434967,1,1,0,1,0.1,0.28199878035315296,0.0,0.1
2459,2459,39,1,6.2,0.5800539255142212,0.39571725197494195,16.4398551856854,0.0,0.0,3,0.45389084043488487,JITTER,112.04004729600595,111.12596947905216,2.7781492369763043,0,0.0,80.0,1,1,0,37,0.5800539255142212,0,37,0,0.015283394604921341,0.018915344029664993,0.5827254056930542,0.3830758035182953,0,1,1,1,0.0,0.1,0.2341953412603908,0.11969549917449407
2460,2460,39,0,0.0,0.4764060974121094,0.3209647131320672,12.019667671130417,3.2,0.0,3,0.40877805302228254,JITTER,58.96711859828657,58.77730648199818,1.4694326620499547,0,0.0,80.0,1,1,0,34,0.4764060974121094,0,27,0,0.3843308985233307,0.191168874502182,0.41463470458984375,0.009865517728030682,1,1,1,0,0.14474035616187383,0.1,0.16403769686040873,0.0
2461,2461,39,0,0.0,0.8555434942245483,0.2619141406745451,13.193414879287143,0.20000000000000018,0.0,3,0.3692652158022627,JITTER,47.57620754950692,46.73907900409249,1.1684769751023123,0,0.0,80.0,1,1,1,37,0.8555434942245483,0,39,1,0.25165948271751404,0.3638666868209839,0.08265537768602371,0.30181851983070374,1,1,0,1,0.1,0.15650258952449028,0.0,0.11276262627777237
2462,2462,39,1,6.2,0.2424199879169464,0.4039670663572746,15.948272506049852,0.0,0.0,3,0.4585977363400017,JITTER,67.4382132911368,66.9778081281461,1.6744452032036525,0,0.0,80.0,1,1,0,28,0.2424199879169464,0,39,1,0.13151094317436218,0.1492440551519394,0.08748572319746017,0.6317592263221741,1,1,0,1,0.1,0.1,0.0,0.2585977363400017
2463,2463,39,0,0.0,0.9973779916763306,0.40143986016684857,16.57625489367649,3.2,0.16980975261267384,3,0.4571609987328489,JITTER,41.61120550821711,41.20760989549304,1.0301902473873261,0,0.0,80.0,1,1,1,39,0.9973779916763306,1,39,1,0.6272567510604858,0.13049745559692383,0.03836986795067787,0.20387598872184753,1,1,0,1,0.2571609987328489,0.1,0.0,0.1
2464,2464,39,0,0.0,0.9773386120796204,0.374329894349209,15.53910567690043,0.20000000000000018,0.0,3,0.441454737983231,JITTER,91.66653704645289,91.14093574300321,2.2785233935750804,0,0.0,80.0,1,1,1,39,0.9773386120796204,1,39,1,0.4546060860157013,0.08038706332445145,0.0013639507815241814,0.463642954826355,1,1,0,1,0.16806302891804772,0.1,0.0,0.17339170906518322
2465,2465,39,1,6.2,0.9995212554931641,0.6072193114371096,22.447055773531787,0.0,0.0,3,0.562252912753122,JITTER,95.77165208126542,94.56533576834563,2.364133394208641,0,0.0,80.0,1,1,1,22,0.9995212554931641,0,22,0,0.9984435439109802,0.0003910361847374588,9.512664837529883e-05,0.0010703541338443756,1,1,0,1,0.362252912753122,0.1,0.0,0.1
2466,2466,39,0,0.0,0.5849724411964417,0.336971952430168,14.993702629137836,3.2,0.0,3,0.4188473804231593,JITTER,98.75625625397042,98.26067834185523,2.4565169585463806,0,0.0,80.0,1,1,0,39,0.5849724411964417,1,39,1,0.3947256803512573,0.03437095880508423,0.4401226341724396,0.1307806670665741,1,0,1,1,0.1453168817294006,0.0,0.17353049869375872,0.1
2467,2467,39,0,0.0,0.9931296706199646,0.373758652344818,15.847650066081368,0.20000000000000018,0.0,3,0.4411177708122552,JITTER,83.10281447330453,82.84729778511728,2.071182444627932,0,0.0,80.0,1,1,1,39,0.9931296706199646,1,39,1,0.07535747438669205,0.4991592764854431,0.0076654222793877125,0.4178178310394287,1,1,0,1,0.1,0.19455910377210253,0.0,0.1465586670401527
